record_id,survey_code,interview_date,department_code,municipality_code,urban_rural,respondent_age,respondent_sex,household_size,monthly_income_gtq
HOGAR-000001,ENHOGAR,2026-08-01,01,0101,U,25,F,4,1037.00
HOGAR-000002,ENHOGAR,2026-08-02,02,0202,U,32,M,7,1174.00
HOGAR-000003,ENHOGAR,2026-08-03,03,0303,R,39,X,2,1311.00
HOGAR-000004,ENHOGAR,2026-08-04,04,0404,U,46,NR,5,1448.00
HOGAR-000005,ENHOGAR,2026-08-05,05,0505,U,53,F,8,1585.00
HOGAR-000006,ENHOGAR,2026-08-06,06,0606,R,60,M,3,1722.00
HOGAR-000007,ENHOGAR,2026-08-07,07,0707,U,67,X,6,1859.00
HOGAR-000008,ENHOGAR,2026-08-08,08,0808,U,74,NR,1,1996.00
HOGAR-000009,ENHOGAR,2026-08-09,09,0909,R,81,F,4,2133.00
HOGAR-000010,ENHOGAR,2026-08-10,10,1010,U,88,M,7,2270.00
HOGAR-000011,ENHOGAR,2026-08-11,11,1111,U,22,X,2,2407.00
HOGAR-000012,ENHOGAR,2026-08-12,12,1212,R,29,NR,5,2544.00
HOGAR-000013,ENHOGAR,2026-08-13,13,1313,U,36,F,8,2681.00
HOGAR-000014,ENHOGAR,2026-08-14,14,1414,U,43,M,3,2818.00
HOGAR-000015,ENHOGAR,2026-08-15,15,1515,R,50,X,6,2955.00
HOGAR-000016,ENHOGAR,2026-08-16,16,1616,U,57,NR,1,3092.00
HOGAR-000017,ENHOGAR,2026-08-17,17,1717,U,64,F,4,3229.00
HOGAR-000018,ENHOGAR,2026-08-18,18,1818,R,71,M,7,3366.00
HOGAR-000019,ENHOGAR,2026-08-19,19,1919,U,78,X,2,3503.00
HOGAR-000020,ENHOGAR,2026-08-20,20,2020,U,85,NR,5,3640.00
HOGAR-000021,ENHOGAR,2026-08-21,21,2121,R,19,F,8,3777.00
HOGAR-000022,ENHOGAR,2026-08-22,22,2222,U,26,M,3,3914.00
HOGAR-000023,ENHOGAR,2026-08-23,01,0123,U,33,X,6,4051.00
HOGAR-000024,ENHOGAR,2026-08-24,02,0224,R,40,NR,1,4188.00
HOGAR-000025,ENHOGAR,2026-08-25,03,0325,U,47,F,4,4325.00
HOGAR-000026,ENHOGAR,2026-08-26,04,0426,U,54,M,7,4462.00
HOGAR-000027,ENHOGAR,2026-08-27,05,0527,R,61,X,2,4599.00
HOGAR-000028,ENHOGAR,2026-08-28,06,0628,U,68,NR,5,4736.00
HOGAR-000029,ENHOGAR,2026-08-01,07,0729,U,75,F,8,4873.00
HOGAR-000030,ENHOGAR,2026-08-02,08,0830,R,82,M,3,5010.00
HOGAR-000031,ENHOGAR,2026-08-03,09,0931,U,89,X,6,5147.00
HOGAR-000032,ENHOGAR,2026-08-04,10,1032,U,23,NR,1,5284.00
HOGAR-000033,ENHOGAR,2026-08-05,11,1133,R,30,F,4,5421.00
HOGAR-000034,ENHOGAR,2026-08-06,12,1234,U,37,M,7,5558.00
HOGAR-000035,ENHOGAR,2026-08-07,13,1335,U,44,X,2,5695.00
HOGAR-000036,ENHOGAR,2026-08-08,14,1436,R,51,NR,5,5832.00
HOGAR-000037,ENHOGAR,2026-08-09,15,1537,U,58,F,8,5969.00
HOGAR-000038,ENHOGAR,2026-08-10,16,1638,U,65,M,3,6106.00
HOGAR-000039,ENHOGAR,2026-08-11,17,1739,R,72,X,6,6243.00
HOGAR-000040,ENHOGAR,2026-08-12,18,1840,U,79,NR,1,6380.00
HOGAR-000041,ENHOGAR,2026-08-13,19,1941,U,86,F,4,6517.00
HOGAR-000042,ENHOGAR,2026-08-14,20,2042,R,20,M,7,6654.00
HOGAR-000043,ENHOGAR,2026-08-15,21,2143,U,27,X,2,6791.00
HOGAR-000044,ENHOGAR,2026-08-16,22,2244,U,34,NR,5,6928.00
HOGAR-000045,ENHOGAR,2026-08-17,01,0145,R,41,F,8,7065.00
HOGAR-000046,ENHOGAR,2026-08-18,02,0246,U,48,M,3,7202.00
HOGAR-000047,ENHOGAR,2026-08-19,03,0347,U,55,X,6,7339.00
HOGAR-000048,ENHOGAR,2026-08-20,04,0448,R,62,NR,1,7476.00
HOGAR-000049,ENHOGAR,2026-08-21,05,0549,U,69,F,4,7613.00
HOGAR-000050,ENHOGAR,2026-08-22,06,0650,U,76,M,7,7750.00
HOGAR-000051,ENHOGAR,2026-08-23,07,0751,R,83,X,2,7887.00
HOGAR-000052,ENHOGAR,2026-08-24,08,0852,U,90,NR,5,8024.00
HOGAR-000053,ENHOGAR,2026-08-25,09,0953,U,24,F,8,8161.00
HOGAR-000054,ENHOGAR,2026-08-26,10,1054,R,31,M,3,8298.00
HOGAR-000055,ENHOGAR,2026-08-27,11,1155,U,38,X,6,8435.00
HOGAR-000056,ENHOGAR,2026-08-28,12,1256,U,45,NR,1,972.00
HOGAR-000057,ENHOGAR,2026-08-01,13,1357,R,52,F,4,1109.00
HOGAR-000058,ENHOGAR,2026-08-02,14,1458,U,59,M,7,1246.00
HOGAR-000059,ENHOGAR,2026-08-03,15,1559,U,66,X,2,1383.00
HOGAR-000060,ENHOGAR,2026-08-04,16,1660,R,73,NR,5,1520.00
HOGAR-000061,ENHOGAR,2026-08-05,17,1761,U,80,F,8,1657.00
HOGAR-000062,ENHOGAR,2026-08-06,18,1862,U,87,M,3,1794.00
HOGAR-000063,ENHOGAR,2026-08-07,19,1963,R,21,X,6,1931.00
HOGAR-000064,ENHOGAR,2026-08-08,20,2064,U,28,NR,1,2068.00
HOGAR-000065,ENHOGAR,2026-08-09,21,2165,U,35,F,4,2205.00
HOGAR-000066,ENHOGAR,2026-08-10,22,2266,R,42,M,7,2342.00
HOGAR-000067,ENHOGAR,2026-08-11,01,0167,U,49,X,2,2479.00
HOGAR-000068,ENHOGAR,2026-08-12,02,0268,U,56,NR,5,2616.00
HOGAR-000069,ENHOGAR,2026-08-13,03,0369,R,63,F,8,2753.00
HOGAR-000070,ENHOGAR,2026-08-14,04,0470,U,70,M,3,2890.00
HOGAR-000071,ENHOGAR,2026-08-15,05,0571,U,77,X,6,3027.00
HOGAR-000072,ENHOGAR,2026-08-16,06,0672,R,84,NR,1,3164.00
HOGAR-000073,ENHOGAR,2026-08-17,07,0773,U,18,F,4,3301.00
HOGAR-000074,ENHOGAR,2026-08-18,08,0874,U,25,M,7,3438.00
HOGAR-000075,ENHOGAR,2026-08-19,09,0975,R,32,X,2,3575.00
HOGAR-000076,ENHOGAR,2026-08-20,10,1076,U,39,NR,5,3712.00
HOGAR-000077,ENHOGAR,2026-08-21,11,1177,U,46,F,8,3849.00
HOGAR-000078,ENHOGAR,2026-08-22,12,1278,R,53,M,3,3986.00
HOGAR-000079,ENHOGAR,2026-08-23,13,1379,U,60,X,6,4123.00
HOGAR-000080,ENHOGAR,2026-08-24,14,1480,U,67,NR,1,4260.00
HOGAR-000081,ENHOGAR,2026-08-25,15,1581,R,74,F,4,4397.00
HOGAR-000082,ENHOGAR,2026-08-26,16,1682,U,81,M,7,4534.00
HOGAR-000083,ENHOGAR,2026-08-27,17,1783,U,88,X,2,4671.00
HOGAR-000084,ENHOGAR,2026-08-28,18,1884,R,22,NR,5,4808.00
HOGAR-000085,ENHOGAR,2026-08-01,19,1985,U,29,F,8,4945.00
HOGAR-000086,ENHOGAR,2026-08-02,20,2086,U,36,M,3,5082.00
HOGAR-000087,ENHOGAR,2026-08-03,21,2187,R,43,X,6,5219.00
HOGAR-000088,ENHOGAR,2026-08-04,22,2288,U,50,NR,1,5356.00
HOGAR-000089,ENHOGAR,2026-08-05,01,0189,U,57,F,4,5493.00
HOGAR-000090,ENHOGAR,2026-08-06,02,0290,R,64,M,7,5630.00
HOGAR-000091,ENHOGAR,2026-08-07,03,0391,U,71,X,2,5767.00
HOGAR-000092,ENHOGAR,2026-08-08,04,0492,U,78,NR,5,5904.00
HOGAR-000093,ENHOGAR,2026-08-09,05,0593,R,85,F,8,6041.00
HOGAR-000094,ENHOGAR,2026-08-10,06,0694,U,19,M,3,6178.00
HOGAR-000095,ENHOGAR,2026-08-11,07,0795,U,26,X,6,6315.00
HOGAR-000096,ENHOGAR,2026-08-12,08,0896,R,33,NR,1,6452.00
HOGAR-000097,ENHOGAR,2026-08-13,09,0997,U,40,F,4,6589.00
HOGAR-000098,ENHOGAR,2026-08-14,10,1098,U,47,M,7,6726.00
HOGAR-000099,ENHOGAR,2026-08-15,11,1199,R,54,X,2,6863.00
HOGAR-000100,ENHOGAR,2026-08-16,12,1201,U,61,NR,5,7000.00
HOGAR-000101,ENHOGAR,2026-08-17,13,1302,U,68,F,8,7137.00
HOGAR-000102,ENHOGAR,2026-08-18,14,1403,R,75,M,3,7274.00
HOGAR-000103,ENHOGAR,2026-08-19,15,1504,U,82,X,6,7411.00
HOGAR-000104,ENHOGAR,2026-08-20,16,1605,U,89,NR,1,7548.00
HOGAR-000105,ENHOGAR,2026-08-21,17,1706,R,23,F,4,7685.00
HOGAR-000106,ENHOGAR,2026-08-22,18,1807,U,30,M,7,7822.00
HOGAR-000107,ENHOGAR,2026-08-23,19,1908,U,37,X,2,7959.00
HOGAR-000108,ENHOGAR,2026-08-24,20,2009,R,44,NR,5,8096.00
HOGAR-000109,ENHOGAR,2026-08-25,21,2110,U,51,F,8,8233.00
HOGAR-000110,ENHOGAR,2026-08-26,22,2211,U,58,M,3,8370.00
HOGAR-000111,ENHOGAR,2026-08-27,01,0112,R,65,X,6,907.00
HOGAR-000112,ENHOGAR,2026-08-28,02,0213,U,72,NR,1,1044.00
HOGAR-000113,ENHOGAR,2026-08-01,03,0314,U,79,F,4,1181.00
HOGAR-000114,ENHOGAR,2026-08-02,04,0415,R,86,M,7,1318.00
HOGAR-000115,ENHOGAR,2026-08-03,05,0516,U,20,X,2,1455.00
HOGAR-000116,ENHOGAR,2026-08-04,06,0617,U,27,NR,5,1592.00
HOGAR-000117,ENHOGAR,2026-08-05,07,0718,R,34,F,8,1729.00
HOGAR-000118,ENHOGAR,2026-08-06,08,0819,U,41,M,3,1866.00
HOGAR-000119,ENHOGAR,2026-08-07,09,0920,U,48,X,6,2003.00
HOGAR-000120,ENHOGAR,2026-08-08,10,1021,R,55,NR,1,2140.00
HOGAR-000121,ENHOGAR,2026-08-09,11,1122,U,62,F,4,2277.00
HOGAR-000122,ENHOGAR,2026-08-10,12,1223,U,69,M,7,2414.00
HOGAR-000123,ENHOGAR,2026-08-11,13,1324,R,76,X,2,2551.00
HOGAR-000124,ENHOGAR,2026-08-12,14,1425,U,83,NR,5,2688.00
HOGAR-000125,ENHOGAR,2026-08-13,15,1526,U,90,F,8,2825.00
HOGAR-000126,ENHOGAR,2026-08-14,16,1627,R,24,M,3,2962.00
HOGAR-000127,ENHOGAR,2026-08-15,17,1728,U,31,X,6,3099.00
HOGAR-000128,ENHOGAR,2026-08-16,18,1829,U,38,NR,1,3236.00
HOGAR-000129,ENHOGAR,2026-08-17,19,1930,R,45,F,4,3373.00
HOGAR-000130,ENHOGAR,2026-08-18,20,2031,U,52,M,7,3510.00
HOGAR-000131,ENHOGAR,2026-08-19,21,2132,U,59,X,2,3647.00
HOGAR-000132,ENHOGAR,2026-08-20,22,2233,R,66,NR,5,3784.00
HOGAR-000133,ENHOGAR,2026-08-21,01,0134,U,73,F,8,3921.00
HOGAR-000134,ENHOGAR,2026-08-22,02,0235,U,80,M,3,4058.00
HOGAR-000135,ENHOGAR,2026-08-23,03,0336,R,87,X,6,4195.00
HOGAR-000136,ENHOGAR,2026-08-24,04,0437,U,21,NR,1,4332.00
HOGAR-000137,ENHOGAR,2026-08-25,05,0538,U,28,F,4,4469.00
HOGAR-000138,ENHOGAR,2026-08-26,06,0639,R,35,M,7,4606.00
HOGAR-000139,ENHOGAR,2026-08-27,07,0740,U,42,X,2,4743.00
HOGAR-000140,ENHOGAR,2026-08-28,08,0841,U,49,NR,5,4880.00
HOGAR-000141,ENHOGAR,2026-08-01,09,0942,R,56,F,8,5017.00
HOGAR-000142,ENHOGAR,2026-08-02,10,1043,U,63,M,3,5154.00
HOGAR-000143,ENHOGAR,2026-08-03,11,1144,U,70,X,6,5291.00
HOGAR-000144,ENHOGAR,2026-08-04,12,1245,R,77,NR,1,5428.00
HOGAR-000145,ENHOGAR,2026-08-05,13,1346,U,84,F,4,5565.00
HOGAR-000146,ENHOGAR,2026-08-06,14,1447,U,18,M,7,5702.00
HOGAR-000147,ENHOGAR,2026-08-07,15,1548,R,25,X,2,5839.00
HOGAR-000148,ENHOGAR,2026-08-08,16,1649,U,32,NR,5,5976.00
HOGAR-000149,ENHOGAR,2026-08-09,17,1750,U,39,F,8,6113.00
HOGAR-000150,ENHOGAR,2026-08-10,18,1851,R,46,M,3,6250.00
HOGAR-000151,ENHOGAR,2026-08-11,19,1952,U,53,X,6,6387.00
HOGAR-000152,ENHOGAR,2026-08-12,20,2053,U,60,NR,1,6524.00
HOGAR-000153,ENHOGAR,2026-08-13,21,2154,R,67,F,4,6661.00
HOGAR-000154,ENHOGAR,2026-08-14,22,2255,U,74,M,7,6798.00
HOGAR-000155,ENHOGAR,2026-08-15,01,0156,U,81,X,2,6935.00
HOGAR-000156,ENHOGAR,2026-08-16,02,0257,R,88,NR,5,7072.00
HOGAR-000157,ENHOGAR,2026-08-17,03,0358,U,22,F,8, 7209.00 
HOGAR-000158,ENHOGAR,2026-08-18,04,0459,U,29,M,3,7346.00
HOGAR-000159,ENHOGAR,2026-08-19,05,0560,R,36,X,6,7483.00
HOGAR-000160,ENHOGAR,2026-08-20,06,0661,U,43,NR,1,7620.00
HOGAR-000161,ENHOGAR,2026-08-21,07,0762,U,50,F,4,7757.00
HOGAR-000162,ENHOGAR,2026-08-22,08,0863,R,57,M,7,7894.00
HOGAR-000163,ENHOGAR,2026-08-23,09,0964,U,64,X,2,8031.00
HOGAR-000164,ENHOGAR,2026-08-24,10,1065,U,71,NR,5,8168.00
HOGAR-000165,ENHOGAR,2026-08-25,11,1166,R,78,F,8,8305.00
HOGAR-000166,ENHOGAR,2026-08-26,12,1267,U,85,M,3,8442.00
HOGAR-000167,ENHOGAR,2026-08-27,13,1368,U,19,X,6,979.00
HOGAR-000168,ENHOGAR,2026-08-28,14,1469,R,26,NR,1,1116.00
HOGAR-000169,ENHOGAR,2026-08-01,15,1570,U,33,F,4,1253.00
HOGAR-000170,ENHOGAR,2026-08-02,16,1671,U,40,M,7,1390.00
HOGAR-000171,ENHOGAR,2026-08-03,17,1772,R,47,X,2,1527.00
HOGAR-000172,ENHOGAR,2026-08-04,18,1873,U,54,NR,5,1664.00
HOGAR-000173,ENHOGAR,2026-08-05,19,1974,U,61,F,8,1801.00
HOGAR-000174,ENHOGAR,2026-08-06,20,2075,R,68,M,3,1938.00
HOGAR-000175,ENHOGAR,2026-08-07,21,2176,U,75,X,6,2075.00
HOGAR-000176,ENHOGAR,2026-08-08,22,2277,U,82,NR,1,2212.00
HOGAR-000177,ENHOGAR,2026-08-09,01,0178,R,89,F,4,2349.00
HOGAR-000178,ENHOGAR,2026-08-10,02,0279,U,23,M,7,2486.00
HOGAR-000179,ENHOGAR,2026-08-11,03,0380,U,30,X,2,2623.00
HOGAR-000180,ENHOGAR,2026-08-12,04,0481,R,37,NR,5,2760.00
HOGAR-000181,ENHOGAR,2026-08-13,05,0582,U,44,F,8,2897.00
HOGAR-000182,ENHOGAR,2026-08-14,06,0683,U,51,M,3,3034.00
HOGAR-000183,ENHOGAR,2026-08-15,07,0784,R,58,X,6,3171.00
HOGAR-000184,ENHOGAR,2026-08-16,08,0885,U,65,NR,1,3308.00
HOGAR-000185,ENHOGAR,2026-08-17,09,0986,U,72,F,4,3445.00
HOGAR-000186,ENHOGAR,2026-08-18,10,1087,R,79,M,7,3582.00
HOGAR-000187,ENHOGAR,2026-08-19,11,1188,U,86,X,2,3719.00
HOGAR-000188,ENHOGAR,2026-08-20,12,1289,U,20,NR,5,3856.00
HOGAR-000189,ENHOGAR,2026-08-21,13,1390,R,27,F,8,3993.00
HOGAR-000190,ENHOGAR,2026-08-22,14,1491,U,34,M,3,4130.00
HOGAR-000191,ENHOGAR,2026-08-23,15,1592,U,41,X,6,4267.00
HOGAR-000192,ENHOGAR,2026-08-24,16,1693,R,48,NR,1,4404.00
HOGAR-000193,ENHOGAR,2026-08-25,17,1794,U,55,F,4,4541.00
HOGAR-000194,ENHOGAR,2026-08-26,18,1895,U,62,M,7,4678.00
HOGAR-000195,ENHOGAR,2026-08-27,19,1996,R,69,X,2,4815.00
HOGAR-000196,ENHOGAR,2026-08-28,20,2097,U,76,NR,5,4952.00
HOGAR-000197,ENHOGAR,2026-08-01,21,2198,U,83,F,8,5089.00
HOGAR-000198,ENHOGAR,2026-08-02,22,2299,R,90,M,3,5226.00
HOGAR-000199,ENHOGAR,2026-08-03,01,0101,U,24,X,6,5363.00
HOGAR-000200,ENHOGAR,2026-08-04,02,0202,U,31,NR,1,5500.00
HOGAR-000201,ENHOGAR,2026-08-05,03,0303,R,38,F,4,5637.00
HOGAR-000202,ENHOGAR,2026-08-06,04,0404,U,45,M,7,5774.00
HOGAR-000203,ENHOGAR,2026-08-07,05,0505,U,52,X,2,5911.00
HOGAR-000204,ENHOGAR,2026-08-08,06,0606,R,59,NR,5,6048.00
HOGAR-000205,ENHOGAR,2026-08-09,07,0707,U,66,F,8,6185.00
HOGAR-000206,ENHOGAR,2026-08-10,08,0808,U,73,M,3,6322.00
HOGAR-000207,ENHOGAR,2026-08-11,09,0909,R,80,X,6,6459.00
HOGAR-000208,ENHOGAR,2026-08-12,10,1010,U,87,NR,1,6596.00
HOGAR-000209,ENHOGAR,2026-08-13,11,1111,U,21,F,4,6733.00
HOGAR-000210,ENHOGAR,2026-08-14,12,1212,R,28,M,7,6870.00
HOGAR-000211,ENHOGAR,2026-08-15,13,1313,U,35,X,2,7007.00
HOGAR-000212,ENHOGAR,2026-08-16,14,1414,U,42,NR,5,7144.00
HOGAR-000213,ENHOGAR,2026-08-17,15,1515,R,49,F,8,7281.00
HOGAR-000214,ENHOGAR,2026-08-18,16,1616,U,56,M,3,7418.00
HOGAR-000215,ENHOGAR,2026-08-19,17,1717,U,63,X,6,7555.00
HOGAR-000216,ENHOGAR,2026-08-20,18,1818,R,70,NR,1,7692.00
HOGAR-000217,ENHOGAR,2026-08-21,19,1919,U,77,F,4,7829.00
HOGAR-000218,ENHOGAR,2026-08-22,20,2020,U,84,M,7,7966.00
HOGAR-000219,ENHOGAR,2026-08-23,21,2121,R,18,X,2,8103.00
HOGAR-000220,ENHOGAR,2026-08-24,22,2222,U,25,NR,5,8240.00
HOGAR-000221,ENHOGAR,2026-08-25,01,0123,U,32,F,8,8377.00
HOGAR-000222,ENHOGAR,2026-08-26,02,0224,R,39,M,3,914.00
HOGAR-000223,ENHOGAR,2026-08-27,03,0325,U,46,X,6,1051.00
HOGAR-000224,ENHOGAR,2026-08-28,04,0426,U,53,NR,1,1188.00
HOGAR-000225,ENHOGAR,2026-08-01,05,0527,R,60,F,4,1325.00
HOGAR-000226,ENHOGAR,2026-08-02,06,0628,U,67,M,7,1462.00
HOGAR-000227,ENHOGAR,2026-08-03,07,0729,U,74,X,2,1599.00
HOGAR-000228,ENHOGAR,2026-08-04,08,0830,R,81,NR,5,1736.00
HOGAR-000229,ENHOGAR,2026-08-05,09,0931,U,88,F,8,1873.00
HOGAR-000230,ENHOGAR,2026-08-06,10,1032,U,22,M,3,2010.00
HOGAR-000231,ENHOGAR,2026-08-07,11,1133,R,29,X,6,2147.00
HOGAR-000232,ENHOGAR,2026-08-08,12,1234,U,36,NR,1,2284.00
HOGAR-000233,ENHOGAR,2026-08-09,13,1335,U,43,F,4,2421.00
HOGAR-000234,ENHOGAR,2026-08-10,14,1436,R,50,M,7,2558.00
HOGAR-000235,ENHOGAR,2026-08-11,15,1537,U,57,X,2,2695.00
HOGAR-000236,ENHOGAR,2026-08-12,16,1638,U,64,NR,5,2832.00
HOGAR-000237,ENHOGAR,2026-08-13,17,1739,R,71,F,8,2969.00
HOGAR-000238,ENHOGAR,2026-08-14,18,1840,U,78,M,3,3106.00
HOGAR-000239,ENHOGAR,2026-08-15,19,1941,U,85,X,6,3243.00
HOGAR-000240,ENHOGAR,2026-08-16,20,2042,R,19,NR,1,3380.00
HOGAR-000241,ENHOGAR,2026-08-17,21,2143,U,26,F,4,3517.00
HOGAR-000242,ENHOGAR,2026-08-18,22,2244,U,33,M,7,3654.00
HOGAR-000243,ENHOGAR,2026-08-19,01,0145,R,40,X,2,3791.00
HOGAR-000244,ENHOGAR,2026-08-20,02,0246,U,47,NR,5,3928.00
HOGAR-000245,ENHOGAR,2026-08-21,03,0347,U,54,F,8,4065.00
HOGAR-000246,ENHOGAR,2026-08-22,04,0448,R,61,M,3,4202.00
HOGAR-000247,ENHOGAR,2026-08-23,05,0549,U,68,X,6,4339.00
HOGAR-000248,ENHOGAR,2026-08-24,06,0650,U,75,NR,1,4476.00
HOGAR-000249,ENHOGAR,2026-08-25,07,0751,R,82,F,4,4613.00
HOGAR-000250,ENHOGAR,2026-08-26,08,0852,U,89,M,7,4750.00
HOGAR-000251,ENHOGAR,2026-08-27,09,0953,U,23,X,2,4887.00
HOGAR-000252,ENHOGAR,2026-08-28,10,1054,R,30,NR,5,5024.00
HOGAR-000253,ENHOGAR,2026-08-01,11,1155,U,37,F,8,5161.00
HOGAR-000254,ENHOGAR,2026-08-02,12,1256,U,44,M,3,5298.00
HOGAR-000255,ENHOGAR,2026-08-03,13,1357,R,51,X,6,5435.00
HOGAR-000256,ENHOGAR,2026-08-04,14,1458,U,58,NR,1,5572.00
HOGAR-000257,ENHOGAR,2026-08-05,15,1559,U,65,F,4,5709.00
HOGAR-000258,ENHOGAR,2026-08-06,16,1660,R,72,M,7,5846.00
HOGAR-000259,ENHOGAR,2026-08-07,17,1761,U,79,X,2,5983.00
HOGAR-000260,ENHOGAR,2026-08-08,18,1862,U,86,NR,5,6120.00
HOGAR-000261,ENHOGAR,2026-08-09,19,1963,R,20,F,8,6257.00
HOGAR-000262,ENHOGAR,2026-08-10,20,2064,U,27,M,3,6394.00
HOGAR-000263,ENHOGAR,2026-08-11,21,2165,U,34,X,6,6531.00
HOGAR-000264,ENHOGAR,2026-08-12,22,2266,R,41,NR,1,6668.00
HOGAR-000265,ENHOGAR,2026-08-13,01,0167,U,48,F,4,6805.00
HOGAR-000266,ENHOGAR,2026-08-14,02,0268,U,55,M,7,6942.00
HOGAR-000267,ENHOGAR,2026-08-15,03,0369,R,62,X,2,7079.00
HOGAR-000268,ENHOGAR,2026-08-16,04,0470,U,69,NR,5,7216.00
HOGAR-000269,ENHOGAR,2026-08-17,05,0571,U,76,F,8,7353.00
HOGAR-000270,ENHOGAR,2026-08-18,06,0672,R,83,M,3,7490.00
HOGAR-000271,ENHOGAR,2026-08-19,07,0773,U,90,X,6,7627.00
HOGAR-000272,ENHOGAR,2026-08-20,08,0874,U,24,NR,1,7764.00
HOGAR-000273,ENHOGAR,2026-08-21,09,0975,R,31,F,4,7901.00
HOGAR-000274,ENHOGAR,2026-08-22,10,1076,U,38,M,7,8038.00
HOGAR-000275,ENHOGAR,2026-08-23,11,1177,U,45,X,2,8175.00
HOGAR-000276,ENHOGAR,2026-08-24,12,1278,R,52,NR,5,8312.00
HOGAR-000277,ENHOGAR,2026-08-25,13,1379,U,59,F,8,8449.00
HOGAR-000278,ENHOGAR,2026-08-26,14,1480,U,66,M,3,986.00
HOGAR-000279,ENHOGAR,2026-08-27,15,1581,R,73,X,6,1123.00
HOGAR-000280,ENHOGAR,2026-08-28,16,1682,U,80,NR,1,1260.00
HOGAR-000281,ENHOGAR,2026-08-01,17,1783,U,87,F,4,1397.00
HOGAR-000282,ENHOGAR,2026-08-02,18,1884,R,21,M,7,1534.00
HOGAR-000283,ENHOGAR,2026-08-03,19,1985,U,28,X,2,1671.00
HOGAR-000284,ENHOGAR,2026-08-04,20,2086,U,35,NR,5,1808.00
HOGAR-000285,ENHOGAR,2026-08-05,21,2187,R,42,F,8,1945.00
HOGAR-000286,ENHOGAR,2026-08-06,22,2288,U,49,M,3,2082.00
HOGAR-000287,ENHOGAR,2026-08-07,01,0189,U,56,X,6,2219.00
HOGAR-000288,ENHOGAR,2026-08-08,02,0290,R,63,NR,1,2356.00
HOGAR-000289,ENHOGAR,2026-08-09,03,0391,U,70,F,4,2493.00
HOGAR-000290,ENHOGAR,2026-08-10,04,0492,U,77,M,7,2630.00
HOGAR-000291,ENHOGAR,2026-08-11,05,0593,R,84,X,2,2767.00
HOGAR-000292,ENHOGAR,2026-08-12,06,0694,U,18,NR,5,2904.00
HOGAR-000293,,2026-08-13,07,0795,U,25,F,8,3041.00
HOGAR-000294,ENHOGAR,2026-08-14,08,0896,R,32,M,3,3178.00
HOGAR-000295,ENHOGAR,2026-08-15,09,0997,U,39,X,6,3315.00
HOGAR-000296,ENHOGAR,2026-08-16,10,1098,U,46,NR,1,3452.00
HOGAR-000297,ENHOGAR,2026-08-17,11,1199,R,53,F,4,3589.00
HOGAR-000298,ENHOGAR,2026-08-18,12,1201,U,60,M,7,3726.00
HOGAR-000299,ENHOGAR,2026-08-19,13,1302,U,67,X,2,3863.00
HOGAR-000300,ENHOGAR,2026-08-20,14,1403,R,74,NR,5,4000.00
HOGAR-000301,ENHOGAR,2026-08-21,15,1504,U,81,F,8,4137.00
HOGAR-000302,ENHOGAR,2026-08-22,16,1605,U,88,M,3,4274.00
HOGAR-000303,ENHOGAR,2026-08-23,17,1706,R,22,X,6,4411.00
HOGAR-000304,ENHOGAR,2026-08-24,18,1807,U,29,NR,1,4548.00
HOGAR-000305,ENHOGAR,2026-08-25,19,1908,U,36,F,4,4685.00
HOGAR-000306,ENHOGAR,2026-08-26,20,2009,R,43,M,7,4822.00
HOGAR-000307,ENHOGAR,2026-08-27,21,2110,U,50,X,2,4959.00
HOGAR-000308,ENHOGAR,2026-08-28,22,2211,U,57,NR,5,5096.00
HOGAR-000309,ENHOGAR,2026-08-01,01,0112,R,64,F,8,5233.00
HOGAR-000310,ENHOGAR,2026-08-02,02,0213,U,71,M,3,5370.00
HOGAR-000311,ENHOGAR,2026-08-03,03,0314,U,78,X,6,5507.00
HOGAR-000312,ENHOGAR,2026-08-04,04,0415,R,85,NR,1,5644.00
HOGAR-000313,ENHOGAR,2026-08-05,05,0516,U,19,F,4,5781.00
HOGAR-000314,ENHOGAR,2026-08-06,06,0617,U,26,M,7, 5918.00 
HOGAR-000315,ENHOGAR,2026-08-07,07,0718,R,33,X,2,6055.00
HOGAR-000316,ENHOGAR,2026-08-08,08,0819,U,40,NR,5,6192.00
HOGAR-000317,ENHOGAR,2026-08-09,09,0920,U,47,F,8,6329.00
HOGAR-000318,ENHOGAR,2026-08-10,10,1021,R,54,M,3,6466.00
HOGAR-000319,ENHOGAR,2026-08-11,11,1122,U,61,X,6,6603.00
HOGAR-000320,ENHOGAR,2026-08-12,12,1223,U,68,NR,1,6740.00
HOGAR-000321,ENHOGAR,2026-08-13,13,1324,R,75,F,4,6877.00
HOGAR-000322,ENHOGAR,2026-08-14,14,1425,U,82,M,7,7014.00
HOGAR-000323,ENHOGAR,2026-08-15,15,1526,U,89,X,2,7151.00
HOGAR-000324,ENHOGAR,2026-08-16,16,1627,R,23,NR,5,7288.00
HOGAR-000325,ENHOGAR,2026-08-17,17,1728,U,30,F,8,7425.00
HOGAR-000326,ENHOGAR,2026-08-18,18,1829,U,37,M,3,7562.00
HOGAR-000327,ENHOGAR,2026-08-19,19,1930,R,44,X,6,7699.00
HOGAR-000328,ENHOGAR,2026-08-20,20,2031,U,51,NR,1,7836.00
HOGAR-000329,ENHOGAR,2026-08-21,21,2132,U,58,F,4,7973.00
HOGAR-000330,ENHOGAR,2026-08-22,22,2233,R,65,M,7,8110.00
HOGAR-000331,ENHOGAR,2026-08-23,01,0134,U,72,X,2,8247.00
HOGAR-000332,ENHOGAR,2026-08-24,02,0235,U,79,NR,5,8384.00
HOGAR-000333,ENHOGAR,2026-08-25,03,0336,R,86,F,8,921.00
HOGAR-000334,ENHOGAR,2026-08-26,04,0437,U,20,M,3,1058.00
HOGAR-000335,ENHOGAR,2026-08-27,05,0538,U,27,X,6,1195.00
HOGAR-000336,ENHOGAR,2026-08-28,06,0639,R,34,NR,1,1332.00
HOGAR-000337,ENHOGAR,2026-08-01,07,0740,U,41,F,4,1469.00
HOGAR-000338,ENHOGAR,2026-08-02,08,0841,U,48,M,7,1606.00
HOGAR-000339,ENHOGAR,2026-08-03,09,0942,R,55,X,2,1743.00
HOGAR-000340,ENHOGAR,2026-08-04,10,1043,U,62,NR,5,1880.00
HOGAR-000341,ENHOGAR,2026-08-05,11,1144,U,69,F,8,2017.00
HOGAR-000342,ENHOGAR,2026-08-06,12,1245,R,76,M,3,2154.00
HOGAR-000343,ENHOGAR,2026-08-07,13,1346,U,83,X,6,2291.00
HOGAR-000344,ENHOGAR,2026-08-08,14,1447,U,90,NR,1,2428.00
HOGAR-000345,ENHOGAR,2026-08-09,15,1548,R,24,F,4,2565.00
HOGAR-000346,ENHOGAR,2026-08-10,16,1649,U,31,M,7,2702.00
HOGAR-000347,ENHOGAR,2026-08-11,17,1750,U,38,X,2,2839.00
HOGAR-000348,ENHOGAR,2026-08-12,18,1851,R,45,NR,5,2976.00
HOGAR-000349,ENHOGAR,2026-08-13,19,1952,U,52,F,8,3113.00
HOGAR-000350,ENHOGAR,2026-08-14,20,2053,U,59,M,3,3250.00
HOGAR-000351,ENHOGAR,2026-08-15,21,2154,R,66,X,6,3387.00
HOGAR-000352,ENHOGAR,2026-08-16,22,2255,U,73,NR,1,3524.00
HOGAR-000353,ENHOGAR,2026-08-17,01,0156,U,80,F,4,3661.00
HOGAR-000354,ENHOGAR,2026-08-18,02,0257,R,87,M,7,3798.00
HOGAR-000355,ENHOGAR,2026-08-19,03,0358,U,21,X,2,3935.00
HOGAR-000356,ENHOGAR,2026-08-20,04,0459,U,28,NR,5,4072.00
HOGAR-000357,ENHOGAR,2026-08-21,05,0560,R,35,F,8,4209.00
HOGAR-000358,ENHOGAR,2026-08-22,06,0661,U,42,M,3,4346.00
HOGAR-000359,ENHOGAR,2026-08-23,07,0762,U,49,X,6,4483.00
HOGAR-000360,ENHOGAR,2026-08-24,08,0863,R,56,NR,1,4620.00
HOGAR-000361,ENHOGAR,2026-08-25,09,0964,U,63,F,4,4757.00
HOGAR-000362,ENHOGAR,2026-08-26,10,1065,U,70,M,7,4894.00
HOGAR-000363,ENHOGAR,2026-08-27,11,1166,R,77,X,2,5031.00
HOGAR-000364,ENHOGAR,2026-08-28,12,1267,U,84,NR,5,5168.00
HOGAR-000365,ENHOGAR,2026-08-01,13,1368,U,18,F,8,5305.00
HOGAR-000366,ENHOGAR,2026-08-02,14,1469,R,25,M,3,5442.00
HOGAR/000367,ENHOGAR,2026-08-03,15,1570,U,32,X,6,5579.00
HOGAR-000368,ENHOGAR,2026-08-04,16,1671,U,39,NR,1,5716.00
HOGAR-000369,ENHOGAR,2026-08-05,17,1772,R,46,F,4,5853.00
HOGAR-000370,ENHOGAR,2026-08-06,18,1873,U,53,M,7,5990.00
HOGAR-000371,ENHOGAR,2026-08-07,19,1974,U,60,X,2,6127.00
HOGAR-000372,ENHOGAR,2026-08-08,20,2075,R,67,NR,5,6264.00
HOGAR-000373,ENHOGAR,2026-08-09,21,2176,U,74,F,8,6401.00
HOGAR-000374,ENHOGAR,2026-08-10,22,2277,U,81,M,3,6538.00
HOGAR-000375,ENHOGAR,2026-08-11,01,0178,R,88,X,6,6675.00
HOGAR-000376,ENHOGAR,2026-08-12,02,0279,U,22,NR,1,6812.00
HOGAR-000377,ENHOGAR,2026-08-13,03,0380,U,29,F,4,6949.00
HOGAR-000378,ENHOGAR,2026-08-14,04,0481,R,36,M,7,7086.00
HOGAR-000379,ENHOGAR,2026-08-15,05,0582,U,43,X,2,7223.00
HOGAR-000380,ENHOGAR,2026-08-16,06,0683,U,50,NR,5,7360.00
HOGAR-000381,ENHOGAR,2026-08-17,07,0784,R,57,F,8,7497.00
HOGAR-000382,ENHOGAR,2026-08-18,08,0885,U,64,M,3,7634.00
HOGAR-000383,ENHOGAR,2026-08-19,09,0986,U,71,X,6,7771.00
HOGAR-000384,ENHOGAR,2026-08-20,10,1087,R,78,NR,1,7908.00
HOGAR-000385,ENHOGAR,2026-08-21,11,1188,U,85,F,4,8045.00
HOGAR-000386,ENHOGAR,2026-08-22,12,1289,U,19,M,7,8182.00
HOGAR-000387,ENHOGAR,2026-08-23,13,1390,R,26,X,2,8319.00
HOGAR-000388,ENHOGAR,2026-08-24,14,1491,U,33,NR,5,8456.00
HOGAR-000389,ENHOGAR,2026-08-25,15,1592,U,40,F,8,993.00
HOGAR-000390,ENHOGAR,2026-08-26,16,1693,R,47,M,3,1130.00
HOGAR-000391,ENHOGAR,2026-08-27,17,1794,U,54,X,6,1267.00
HOGAR-000392,ENHOGAR,2026-08-28,18,1895,U,61,NR,1,1404.00
HOGAR-000393,ENHOGAR,2026-08-01,19,1996,R,68,F,4,1541.00
HOGAR-000394,ENHOGAR,2026-08-02,20,2097,U,75,M,7,1678.00
HOGAR-000395,ENHOGAR,2026-08-03,21,2198,U,82,X,2,1815.00
HOGAR-000396,ENHOGAR,2026-08-04,22,2299,R,89,NR,5,1952.00
HOGAR-000397,ENHOGAR,2026-08-05,01,0101,U,23,F,8,2089.00
HOGAR-000398,ENHOGAR,2026-08-06,02,0202,U,30,M,3,2226.00
HOGAR-000399,ENHOGAR,2026-08-07,03,0303,R,37,X,6,2363.00
HOGAR-000400,ENHOGAR,2026-08-08,04,0404,U,44,NR,1,2500.00
HOGAR-000401,ENHOGAR,2026-08-09,05,0505,U,51,F,4,2637.00
HOGAR-000402,ENHOGAR,2026-08-10,06,0606,R,58,M,7,2774.00
HOGAR-000403,ENHOGAR,2026-08-11,07,0707,U,65,X,2,2911.00
HOGAR-000404,ENHOGAR,2026-08-12,08,0808,U,72,NR,5,3048.00
HOGAR-000405,ENHOGAR,2026-08-13,09,0909,R,79,F,8,3185.00
HOGAR-000406,ENHOGAR,2026-08-14,10,1010,U,86,M,3,3322.00
HOGAR-000407,ENHOGAR,2026-08-15,11,1111,U,20,X,6,3459.00
HOGAR-000408,ENHOGAR,2026-08-16,12,1212,R,27,NR,1,3596.00
HOGAR-000409,ENHOGAR,2026-08-17,13,1313,U,34,F,4,3733.00
HOGAR-000410,ENHOGAR,2026-08-18,14,1414,U,41,M,7,3870.00
HOGAR-000411,ENHOGAR,2026-08-19,15,1515,R,48,X,2,4007.00
HOGAR-000412,ENHOGAR,2026-08-20,16,1616,U,55,NR,5,4144.00
HOGAR-000413,ENHOGAR,2026-08-21,17,1717,U,62,F,8,4281.00
HOGAR-000414,ENHOGAR,2026-08-22,18,1818,R,69,M,3,4418.00
HOGAR-000415,ENHOGAR,2026-08-23,19,1919,U,76,X,6,4555.00
HOGAR-000416,ENHOGAR,2026-08-24,20,2020,U,83,NR,1,4692.00
HOGAR-000417,ENHOGAR,2026-08-25,21,2121,R,90,F,4,4829.00
HOGAR-000418,ENHOGAR,2026-08-26,22,2222,U,24,M,7,4966.00
HOGAR-000419,ENHOGAR,2027-01-01,01,0123,U,31,X,2,5103.00
HOGAR-000420,ENHOGAR,2026-08-28,02,0224,R,38,NR,5,5240.00
HOGAR-000421,ENHOGAR,2026-08-01,03,0325,U,45,F,8,5377.00
HOGAR-000422,ENHOGAR,2026-08-02,04,0426,U,52,M,3,5514.00
HOGAR-000423,ENHOGAR,2026-08-03,05,0527,R,59,X,6,5651.00
HOGAR-000424,ENHOGAR,2026-08-04,06,0628,U,66,NR,1,5788.00
HOGAR-000425,ENHOGAR,2026-08-05,07,0729,U,73,F,4,5925.00
HOGAR-000426,ENHOGAR,2026-08-06,08,0830,R,80,M,7,6062.00
HOGAR-000427,ENHOGAR,2026-08-07,09,0931,U,87,X,2,6199.00
HOGAR-000428,ENHOGAR,2026-08-08,10,1032,U,21,NR,5,6336.00
HOGAR-000429,ENHOGAR,2026-08-09,11,1133,R,28,F,8,6473.00
HOGAR-000430,ENHOGAR,2026-08-10,12,1234,U,35,M,3,6610.00
HOGAR-000431,ENHOGAR,2026-08-11,13,1335,U,42,X,6,6747.00
HOGAR-000432,ENHOGAR,2026-08-12,14,1436,R,49,NR,1,6884.00
HOGAR-000433,ENHOGAR,2026-08-13,15,1537,U,56,F,4,7021.00
HOGAR-000434,ENHOGAR,2026-08-14,16,1638,U,63,M,7,7158.00
HOGAR-000435,ENHOGAR,2026-08-15,17,1739,R,70,X,2,7295.00
HOGAR-000436,ENHOGAR,2026-08-16,18,1840,U,77,NR,5,7432.00
HOGAR-000437,ENHOGAR,2026-08-17,19,1941,U,84,F,8,7569.00
HOGAR-000438,ENHOGAR,2026-08-18,20,2042,R,18,M,3,7706.00
HOGAR-000439,ENHOGAR,2026-08-19,21,2143,U,25,X,6,7843.00
HOGAR-000440,ENHOGAR,2026-08-20,22,2244,U,32,NR,1,7980.00
HOGAR-000441,ENHOGAR,2026-08-21,01,0145,R,39,F,4,8117.00
HOGAR-000442,ENHOGAR,2026-08-22,02,0246,U,46,M,7,8254.00
HOGAR-000443,ENHOGAR,2026-08-23,03,0347,U,53,X,2,8391.00
HOGAR-000444,ENHOGAR,2026-08-24,04,0448,R,60,NR,5,928.00
HOGAR-000445,ENHOGAR,2026-08-25,05,0549,U,67,F,8,1065.00
HOGAR-000446,ENHOGAR,2026-08-26,06,0650,U,74,M,3,1202.00
HOGAR-000447,ENHOGAR,2026-08-27,07,0751,R,81,X,6,1339.00
HOGAR-000448,ENHOGAR,2026-08-28,08,0852,U,88,NR,1,1476.00
HOGAR-000449,ENHOGAR,2026-08-01,09,0953,U,22,F,4,1613.00
HOGAR-000450,ENHOGAR,2026-08-02,10,1054,R,29,M,7,1750.00
HOGAR-000451,ENHOGAR,2026-08-03,11,1155,U,36,X,2,1887.00
HOGAR-000452,ENHOGAR,2026-08-04,12,1256,U,43,NR,5,2024.00
HOGAR-000453,ENHOGAR,2026-08-05,13,1357,R,50,F,8,2161.00
HOGAR-000454,ENHOGAR,2026-08-06,14,1458,U,57,M,3,2298.00
HOGAR-000455,ENHOGAR,2026-08-07,15,1559,U,64,X,6,2435.00
HOGAR-000456,ENHOGAR,2026-08-08,16,1660,R,71,NR,1,2572.00
HOGAR-000457,ENHOGAR,2026-08-09,17,1761,U,78,F,4,2709.00
HOGAR-000458,ENHOGAR,2026-08-10,18,1862,U,85,M,7,2846.00
HOGAR-000459,ENHOGAR,2026-08-11,19,1963,R,19,X,2,2983.00
HOGAR-000460,ENHOGAR,2026-08-12,20,2064,U,26,NR,5,3120.00
HOGAR-000461,ENHOGAR,2026-08-13,21,2165,U,33,F,8,3257.00
HOGAR-000462,ENHOGAR,2026-08-14,22,2266,R,40,M,3,3394.00
HOGAR-000463,ENHOGAR,2026-08-15,01,0167,U,47,X,6,3531.00
HOGAR-000464,ENHOGAR,2026-08-16,02,0268,U,54,NR,1,3668.00
HOGAR-000465,ENHOGAR,2026-08-17,03,0369,R,61,F,4,3805.00
HOGAR-000466,ENHOGAR,2026-08-18,04,0470,U,68,M,7,3942.00
HOGAR-000467,ENHOGAR,2026-08-19,05,0571,U,75,X,2,4079.00
HOGAR-000468,ENHOGAR,2026-08-20,06,0672,R,82,NR,5,4216.00
HOGAR-000469,ENHOGAR,2026-08-21,07,0773,U,89,F,8,4353.00
HOGAR-000470,ENHOGAR,2026-08-22,08,0874,U,23,M,3,4490.00
HOGAR-000471,ENHOGAR,2026-08-23,09,0975,R,30,X,6, 4627.00 
HOGAR-000472,ENHOGAR,2026-08-24,10,1076,U,37,NR,1,4764.00
HOGAR-000473,ENHOGAR,2026-08-25,11,1177,U,44,F,4,4901.00
HOGAR-000474,ENHOGAR,2026-08-26,12,1278,R,51,M,7,5038.00
HOGAR-000475,ENHOGAR,2026-08-27,13,1379,U,58,X,2,5175.00
HOGAR-000476,ENHOGAR,2026-08-28,14,1480,U,65,NR,5,5312.00
HOGAR-000477,ENHOGAR,2026-08-01,15,1581,R,72,F,8,5449.00
HOGAR-000478,ENHOGAR,2026-08-02,16,1682,U,79,M,3,5586.00
HOGAR-000479,ENHOGAR,2026-08-03,17,1783,U,86,X,6,5723.00
HOGAR-000480,ENHOGAR,2026-08-04,18,1884,R,20,NR,1,5860.00
HOGAR-000481,ENHOGAR,2026-08-05,19,1985,U,27,F,4,5997.00
HOGAR-000482,ENHOGAR,2026-08-06,20,2086,U,34,M,7,6134.00
HOGAR-000483,ENHOGAR,2026-08-07,21,2187,R,41,X,2,6271.00
HOGAR-000484,ENHOGAR,2026-08-08,22,2288,U,48,NR,5,6408.00
HOGAR-000485,ENHOGAR,2026-08-09,01,0189,U,55,F,8,6545.00
HOGAR-000486,ENHOGAR,2026-08-10,02,0290,R,62,M,3,6682.00
HOGAR-000487,ENHOGAR,2026-08-11,03,0391,U,69,X,6,6819.00
HOGAR-000488,ENHOGAR,2026-08-12,04,0492,U,76,NR,1,6956.00
HOGAR-000489,ENHOGAR,2026-08-13,05,0593,R,83,F,4,7093.00
HOGAR-000490,ENHOGAR,2026-08-14,06,0694,U,90,M,7,7230.00
HOGAR-000491,ENHOGAR,2026-08-15,07,0795,U,24,X,2,7367.00
HOGAR-000492,ENHOGAR,2026-08-16,08,0896,R,31,NR,5,7504.00
HOGAR-000493,ENHOGAR,2026-08-17,09,0997,U,38,F,8,7641.00
HOGAR-000494,ENHOGAR,2026-08-18,10,1098,U,45,M,3,7778.00
HOGAR-000495,ENHOGAR,2026-08-19,11,1199,R,52,X,6,7915.00
HOGAR-000496,ENHOGAR,2026-08-20,12,1201,U,59,NR,1,8052.00
HOGAR-000497,ENHOGAR,2026-08-21,13,1302,U,66,F,4,8189.00
HOGAR-000498,ENHOGAR,2026-08-22,14,1403,R,73,M,7,8326.00
HOGAR-000499,ENHOGAR,2026-08-23,15,1504,U,80,X,2,8463.00
HOGAR-000500,ENHOGAR,2026-08-24,16,1605,U,87,NR,5,1000.00
HOGAR-000501,ENHOGAR,2026-08-25,17,1706,R,21,F,8,1137.00
HOGAR-000502,ENHOGAR,2026-08-26,18,1807,U,28,M,3,1274.00
HOGAR-000503,ENHOGAR,2026-08-27,19,1908,U,35,X,6,-25.00
HOGAR-000504,ENHOGAR,2026-08-28,20,2009,R,42,NR,1,1548.00
HOGAR-000505,ENHOGAR,2026-08-01,21,2110,U,49,F,4,1685.00
HOGAR-000506,ENHOGAR,2026-08-02,22,2211,U,56,M,7,1822.00
HOGAR-000507,ENHOGAR,2026-08-03,01,0112,R,63,X,2,1959.00
HOGAR-000508,ENHOGAR,2026-08-04,02,0213,U,70,NR,5,2096.00
HOGAR-000509,ENHOGAR,2026-08-05,03,0314,U,77,F,8,2233.00
HOGAR-000510,ENHOGAR,2026-08-06,04,0415,R,84,M,3,2370.00
HOGAR-000511,ENHOGAR,2026-08-07,05,0516,U,18,X,6,2507.00
HOGAR-000512,ENHOGAR,2026-08-08,06,0617,U,25,NR,1,2644.00
HOGAR-000513,ENHOGAR,2026-08-09,07,0718,R,32,F,4,2781.00
HOGAR-000514,ENHOGAR,2026-08-10,08,0819,U,39,M,7,2918.00
HOGAR-000515,ENHOGAR,2026-08-11,09,0920,U,46,X,2,3055.00
HOGAR-000516,ENHOGAR,2026-08-12,10,1021,R,53,NR,5,3192.00
HOGAR-000517,ENHOGAR,2026-08-13,11,1122,U,60,F,8,3329.00
HOGAR-000518,ENHOGAR,2026-08-14,12,1223,U,67,M,3,3466.00
HOGAR-000519,ENHOGAR,2026-08-15,13,1324,R,74,X,6,3603.00
HOGAR-000520,ENHOGAR,2026-08-16,14,1425,U,81,NR,1,3740.00
HOGAR-000521,ENHOGAR,2026-08-17,15,1526,U,88,F,4,3877.00
HOGAR-000522,ENHOGAR,2026-08-18,16,1627,R,22,M,7,4014.00
HOGAR-000523,ENHOGAR,2026-08-19,17,1728,U,29,X,2,4151.00
HOGAR-000524,ENHOGAR,2026-08-20,18,1829,U,36,NR,5,4288.00
HOGAR-000525,ENHOGAR,2026-08-21,19,1930,R,43,F,8,4425.00
HOGAR-000526,ENHOGAR,2026-08-22,20,2031,U,50,M,3,4562.00
HOGAR-000527,ENHOGAR,2026-08-23,21,2132,U,57,X,6,4699.00
HOGAR-000528,ENHOGAR,2026-08-24,22,2233,R,64,NR,1,4836.00
HOGAR-000529,ENHOGAR,2026-08-25,01,0134,U,71,F,4,4973.00
HOGAR-000530,ENHOGAR,2026-08-26,02,0235,U,78,M,7,5110.00
HOGAR-000531,ENHOGAR,2026-08-27,03,0336,R,85,X,2,5247.00
HOGAR-000532,ENHOGAR,2026-08-28,04,0437,U,19,NR,5,5384.00
HOGAR-000533,ENHOGAR,2026-08-01,05,0538,U,26,F,8,5521.00
HOGAR-000534,ENHOGAR,2026-08-02,06,0639,R,33,M,3,5658.00
HOGAR-000535,ENHOGAR,2026-08-03,07,0740,U,40,X,6,5795.00
HOGAR-000536,ENHOGAR,2026-08-04,08,0841,U,47,NR,1,5932.00
HOGAR-000537,ENHOGAR,2026-08-05,09,0942,R,54,F,4,6069.00
HOGAR-000538,ENHOGAR,2026-08-06,10,1043,U,61,M,7,6206.00
HOGAR-000539,ENHOGAR,2026-08-07,11,1144,U,68,X,2,6343.00
HOGAR-000540,ENHOGAR,2026-08-08,12,1245,R,75,NR,5,6480.00
HOGAR-000541,ENHOGAR,2026-08-09,13,1346,U,82,F,8,6617.00
HOGAR-000542,ENHOGAR,2026-08-10,14,1447,U,89,M,3,6754.00
HOGAR-000543,ENHOGAR,2026-08-11,15,1548,R,23,X,6,6891.00
HOGAR-000544,ENHOGAR,2026-08-12,16,1649,U,30,NR,1,7028.00
HOGAR-000545,ENHOGAR,2026-08-13,17,1750,U,37,F,4,7165.00
HOGAR-000546,ENHOGAR,2026-08-14,18,1851,R,44,M,7,7302.00
HOGAR-000547,ENHOGAR,2026-08-15,19,1952,U,51,X,2,7439.00
HOGAR-000548,ENHOGAR,2026-08-16,20,2053,U,58,NR,5,7576.00
HOGAR-000549,ENHOGAR,2026-08-17,21,2154,R,65,F,8,7713.00
HOGAR-000550,ENHOGAR,2026-08-18,22,2255,U,72,M,3,7850.00
HOGAR-000551,ENHOGAR,2026-08-19,01,0156,U,79,X,6,7987.00
HOGAR-000552,ENHOGAR,2026-08-20,02,0257,R,86,NR,1,8124.00
HOGAR-000553,ENHOGAR,2026-08-21,03,0358,U,20,F,4,8261.00
HOGAR-000554,ENHOGAR,2026-08-22,04,0459,U,27,M,7,8398.00
HOGAR-000555,ENHOGAR,2026-08-23,05,0560,R,34,X,2,935.00
HOGAR-000556,ENHOGAR,2026-08-24,06,0661,U,41,NR,5,1072.00
HOGAR-000557,ENHOGAR,2026-08-25,07,0762,U,48,F,8,1209.00
HOGAR-000558,ENHOGAR,2026-08-26,08,0863,R,55,M,3,1346.00
HOGAR-000559,ENHOGAR,2026-08-27,09,0964,U,62,X,6,1483.00
HOGAR-000560,ENHOGAR,2026-08-28,10,1065,U,69,NR,1,1620.00
HOGAR-000561,ENHOGAR,2026-08-01,11,1166,R,76,F,4,1757.00
HOGAR-000562,ENHOGAR,2026-08-02,12,1267,U,83,M,7,1894.00
HOGAR-000563,ENHOGAR,2026-08-03,13,1368,U,90,X,2,2031.00
HOGAR-000564,ENHOGAR,2026-08-04,14,1469,R,24,NR,5,2168.00
HOGAR-000565,ENHOGAR,2026-08-05,15,1570,U,31,F,8,2305.00
HOGAR-000566,ENHOGAR,2026-08-06,16,1671,U,38,M,3,2442.00
HOGAR-000567,ENHOGAR,2026-08-07,17,1772,R,45,X,6,2579.00
HOGAR-000568,ENHOGAR,2026-08-08,18,1873,U,52,NR,1,2716.00
HOGAR-000569,ENHOGAR,2026-08-09,19,1974,U,59,F,4,2853.00
HOGAR-000570,ENHOGAR,2026-08-10,20,2075,R,66,M,7,2990.00
HOGAR-000571,ENHOGAR,2026-08-11,21,2176,U,73,X,2,3127.00
HOGAR-000572,ENHOGAR,2026-08-12,22,2277,U,80,NR,5,3264.00
HOGAR-000573,ENHOGAR,2026-08-13,01,0178,R,87,F,8,3401.00
HOGAR-000574,ENHOGAR,2026-08-14,02,0279,U,21,M,3,3538.00
HOGAR-000575,ENHOGAR,2026-08-15,03,0380,U,28,X,6,3675.00
HOGAR-000576,ENHOGAR,2026-08-16,04,0481,R,35,NR,1,3812.00
HOGAR-000577,ENHOGAR,2026-08-17,05,0582,U,42,F,4,3949.00
HOGAR-000578,ENHOGAR,2026-08-18,06,0683,U,49,M,7,4086.00
HOGAR-000579,ENHOGAR,2026-08-19,07,0784,R,56,X,2,4223.00
HOGAR-000580,ENHOGAR,2026-08-20,08,0885,U,63,NR,5,4360.00
HOGAR-000581,ENHOGAR,2026-08-21,09,0986,U,70,F,8,4497.00
HOGAR-000582,ENHOGAR,2026-08-22,10,1087,R,77,M,3,4634.00
HOGAR-000583,ENHOGAR,2026-08-23,11,1188,U,84,X,6,4771.00
HOGAR-000584,ENHOGAR,2026-08-24,12,1289,U,18,NR,1,4908.00
HOGAR-000585,ENHOGAR,2026-08-25,13,1390,R,25,F,4,5045.00
HOGAR-000586,,2026-08-26,14,1491,U,32,M,7,5182.00
HOGAR-000587,ENHOGAR,2026-08-27,15,1592,U,39,X,2,5319.00
HOGAR-000588,ENHOGAR,2026-08-28,16,1693,R,46,NR,5,5456.00
HOGAR-000589,ENHOGAR,2026-08-01,17,1794,U,53,F,8,5593.00
HOGAR-000590,ENHOGAR,2026-08-02,18,1895,U,60,M,3,5730.00
HOGAR-000591,ENHOGAR,2026-08-03,19,1996,R,67,X,6,5867.00
HOGAR-000592,ENHOGAR,2026-08-04,20,2097,U,74,NR,1,6004.00
HOGAR-000593,ENHOGAR,2026-08-05,21,2198,U,81,F,4,6141.00
HOGAR-000594,ENHOGAR,2026-08-06,22,2299,R,88,M,7,6278.00
HOGAR-000595,ENHOGAR,2026-08-07,01,0101,U,22,X,2,6415.00
HOGAR-000596,ENHOGAR,2026-08-08,02,0202,U,29,NR,5,6552.00
HOGAR-000597,ENHOGAR,2026-08-09,03,0303,R,36,F,8,6689.00
HOGAR-000598,ENHOGAR,2026-08-10,04,0404,U,43,M,3,6826.00
HOGAR-000599,ENHOGAR,2026-08-11,05,0505,U,50,X,6,6963.00
HOGAR-000600,ENHOGAR,2026-08-12,06,0606,R,57,NR,1,7100.00
HOGAR-000601,ENHOGAR,2026-08-13,07,0707,U,64,F,4,7237.00
HOGAR-000602,ENHOGAR,2026-08-14,08,0808,U,71,M,7,7374.00
HOGAR-000603,ENHOGAR,2026-08-15,09,0909,R,78,X,2,7511.00
HOGAR-000604,ENHOGAR,2026-08-16,10,1010,U,85,NR,5,7648.00
HOGAR-000605,ENHOGAR,2026-08-17,11,1111,U,19,F,8,7785.00
HOGAR-000606,ENHOGAR,2026-08-18,12,1212,R,26,M,3,7922.00
HOGAR-000607,ENHOGAR,2026-08-19,13,1313,U,33,X,6,8059.00
HOGAR-000608,ENHOGAR,2026-08-20,14,1414,U,40,NR,1,8196.00
HOGAR-000609,ENHOGAR,2026-08-21,15,1515,R,47,F,4,8333.00
HOGAR-000610,ENHOGAR,2026-08-22,16,1616,U,54,M,7,8470.00
HOGAR-000611,ENHOGAR,2026-08-23,17,1717,U,61,X,2,1007.00
HOGAR-000612,ENHOGAR,2026-08-24,18,1818,R,68,NR,5,1144.00
HOGAR-000613,ENHOGAR,2026-08-25,19,1919,U,75,F,8,1281.00
HOGAR-000614,ENHOGAR,2026-08-26,20,2020,U,82,M,3,1418.00
HOGAR-000615,ENHOGAR,2026-08-27,21,2121,R,89,X,6,1555.00
HOGAR-000616,ENHOGAR,2026-08-28,22,2222,U,23,NR,1,1692.00
HOGAR-000617,ENHOGAR,2026-08-01,01,0123,U,30,F,4,1829.00
HOGAR-000618,ENHOGAR,2026-08-02,02,0224,R,37,M,7,1966.00
HOGAR-000619,ENHOGAR,2026-08-03,03,0325,U,44,X,2,2103.00
HOGAR-000620,ENHOGAR,2026-08-04,04,0426,U,51,NR,5,2240.00
HOGAR-000621,ENHOGAR,2026-08-05,05,0527,R,58,F,8,2377.00
HOGAR-000622,ENHOGAR,2026-08-06,06,0628,U,65,M,3,2514.00
HOGAR-000623,ENHOGAR,2026-08-07,07,0729,U,72,X,6,2651.00
HOGAR-000624,ENHOGAR,2026-08-08,08,0830,R,79,NR,1,2788.00
HOGAR-000625,ENHOGAR,2026-08-09,09,0931,U,86,F,4,2925.00
HOGAR-000626,ENHOGAR,2026-08-10,10,1032,U,20,M,7,3062.00
HOGAR-000627,ENHOGAR,2026-08-11,11,1133,R,27,X,2,3199.00
HOGAR-000628,ENHOGAR,2026-08-12,12,1234,U,34,NR,5, 3336.00 
HOGAR-000629,ENHOGAR,2026-08-13,13,1335,U,41,F,8,3473.00
HOGAR-000630,ENHOGAR,2026-08-14,14,1436,R,48,M,3,3610.00
HOGAR-000631,ENHOGAR,2026-08-15,15,1537,U,55,X,6,3747.00
HOGAR-000632,ENHOGAR,2026-08-16,16,1638,U,62,NR,1,3884.00
HOGAR-000633,ENHOGAR,2026-08-17,17,1739,R,69,F,4,4021.00
HOGAR-000634,ENHOGAR,2026-08-18,18,1840,U,76,M,7,4158.00
HOGAR-000635,ENHOGAR,2026-08-19,19,1941,U,83,X,2,4295.00
HOGAR-000636,ENHOGAR,2026-08-20,20,2042,R,90,NR,5,4432.00
HOGAR-000637,ENHOGAR,2026-08-21,21,2143,U,24,F,8,4569.00
HOGAR-000638,ENHOGAR,2026-08-22,22,2244,U,31,M,3,4706.00
HOGAR-000639,ENHOGAR,2026-08-23,01,0145,R,38,X,6,4843.00
HOGAR-000640,ENHOGAR,2026-08-24,02,0246,U,45,NR,1,4980.00
HOGAR-000641,ENHOGAR,2026-08-25,03,0347,U,52,F,0,5117.00
HOGAR-000642,ENHOGAR,2026-08-26,04,0448,R,59,M,7,5254.00
HOGAR-000643,ENHOGAR,2026-08-27,05,0549,U,66,X,2,5391.00
HOGAR-000644,ENHOGAR,2026-08-28,06,0650,U,73,NR,5,5528.00
HOGAR-000645,ENHOGAR,2026-08-01,07,0751,R,80,F,8,5665.00
HOGAR-000646,ENHOGAR,2026-08-02,08,0852,U,87,M,3,5802.00
HOGAR-000647,ENHOGAR,2026-08-03,09,0953,U,21,X,6,5939.00
HOGAR-000648,ENHOGAR,2026-08-04,10,1054,R,28,NR,1,6076.00
HOGAR-000649,ENHOGAR,2026-08-05,11,1155,U,35,F,4,6213.00
HOGAR-000650,ENHOGAR,2026-08-06,12,1256,U,42,M,7,6350.00
HOGAR-000651,ENHOGAR,2026-08-07,13,1357,R,49,X,2,6487.00
HOGAR-000652,ENHOGAR,2026-08-08,14,1458,U,56,NR,5,6624.00
HOGAR-000653,ENHOGAR,2026-08-09,15,1559,U,63,F,8,6761.00
HOGAR-000654,ENHOGAR,2026-08-10,16,1660,R,70,M,3,6898.00
HOGAR-000655,ENHOGAR,2026-08-11,17,1761,U,77,X,6,7035.00
HOGAR-000656,ENHOGAR,2026-08-12,18,1862,U,84,NR,1,7172.00
HOGAR-000657,ENHOGAR,2026-08-13,19,1963,R,18,F,4,7309.00
HOGAR-000658,ENHOGAR,2026-08-14,20,2064,U,25,M,7,7446.00
HOGAR-000659,ENHOGAR,2026-08-15,21,2165,U,32,X,2,7583.00
HOGAR-000660,ENHOGAR,2026-08-16,22,2266,R,39,NR,5,7720.00
HOGAR-000661,ENHOGAR,2026-08-17,01,0167,U,46,F,8,7857.00
HOGAR-000662,ENHOGAR,2026-08-18,02,0268,U,53,M,3,7994.00
HOGAR-000663,ENHOGAR,2026-08-19,03,0369,R,60,X,6,8131.00
HOGAR-000664,ENHOGAR,2026-08-20,04,0470,U,67,NR,1,8268.00
HOGAR-000665,ENHOGAR,2026-08-21,05,0571,U,74,F,4,8405.00
HOGAR-000666,ENHOGAR,2026-08-22,06,0672,R,81,M,7,942.00
HOGAR-000667,ENHOGAR,2026-08-23,07,0773,U,88,X,2,1079.00
HOGAR-000668,ENHOGAR,2026-08-24,08,0874,U,22,NR,5,1216.00
HOGAR-000669,ENHOGAR,2026-08-25,09,0975,R,29,F,8,1353.00
HOGAR-000670,ENHOGAR,2026-08-26,10,1076,U,36,M,3,1490.00
HOGAR-000671,ENHOGAR,2026-08-27,11,1177,U,43,X,6,1627.00
HOGAR-000672,ENHOGAR,2026-08-28,12,1278,R,50,NR,1,1764.00
HOGAR-000673,ENHOGAR,2026-08-01,13,1379,U,57,F,4,1901.00
HOGAR-000674,ENHOGAR,2026-08-02,14,1480,U,64,M,7,2038.00
HOGAR-000675,ENHOGAR,2026-08-03,15,1581,R,71,X,2,2175.00
HOGAR-000676,ENHOGAR,2026-08-04,16,1682,U,78,NR,5,2312.00
HOGAR-000677,ENHOGAR,2026-08-05,17,1783,U,85,F,8,2449.00
HOGAR-000678,ENHOGAR,2026-08-06,18,1884,R,19,M,3,2586.00
HOGAR-000679,ENHOGAR,2026-08-07,19,1985,U,26,X,6,2723.00
HOGAR-000680,ENHOGAR,2026-08-08,20,2086,U,33,NR,1,2860.00
HOGAR-000681,ENHOGAR,2026-08-09,21,2187,R,40,F,4,2997.00
HOGAR-000682,ENHOGAR,2026-08-10,22,2288,U,47,M,7,3134.00
HOGAR-000683,ENHOGAR,2026-08-11,01,0189,U,54,X,2,3271.00
HOGAR-000684,ENHOGAR,2026-08-12,02,0290,R,61,NR,5,3408.00
HOGAR-000685,ENHOGAR,2026-08-13,03,0391,U,68,F,8,3545.00
HOGAR-000686,ENHOGAR,2026-08-14,04,0492,U,75,M,3,3682.00
HOGAR-000687,ENHOGAR,2026-08-15,05,0593,R,82,X,6,3819.00
HOGAR-000688,ENHOGAR,2026-08-16,06,0694,U,89,NR,1,3956.00
HOGAR-000689,ENHOGAR,2026-08-17,07,0795,U,23,F,4,4093.00
HOGAR-000690,ENHOGAR,2026-08-18,08,0896,R,30,M,7,4230.00
HOGAR-000691,ENHOGAR,2026-08-19,09,0997,U,37,X,2,4367.00
HOGAR-000692,ENHOGAR,2026-08-20,10,1098,U,44,NR,5,4504.00
HOGAR-000693,ENHOGAR,2026-08-21,11,1199,R,51,F,8,4641.00
HOGAR-000694,ENHOGAR,2026-08-22,12,1201,U,58,M,3,4778.00
HOGAR-000695,ENHOGAR,2026-08-23,13,1302,U,65,X,6,4915.00
HOGAR-000696,ENHOGAR,2026-08-24,14,1403,R,72,NR,1,5052.00
HOGAR-000697,ENHOGAR,2026-08-25,15,1504,U,79,F,4,5189.00
HOGAR-000698,ENHOGAR,2026-08-26,16,1605,U,86,M,7,5326.00
HOGAR-000699,ENHOGAR,2026-08-27,17,1706,R,20,X,2,5463.00
HOGAR-000700,ENHOGAR,2026-08-28,18,1807,U,27,NR,5,5600.00
HOGAR-000701,ENHOGAR,2026-08-01,19,1908,U,34,F,8,5737.00
HOGAR-000702,ENHOGAR,2026-08-02,20,2009,R,41,M,3,5874.00
HOGAR-000703,ENHOGAR,2026-08-03,21,2110,U,48,X,6,6011.00
HOGAR-000704,ENHOGAR,2026-08-04,22,2211,U,55,NR,1,6148.00
HOGAR-000705,ENHOGAR,2026-08-05,01,0112,R,62,F,4,6285.00
HOGAR-000706,ENHOGAR,2026-08-06,02,0213,U,69,M,7,6422.00
HOGAR-000707,ENHOGAR,2026-08-07,03,0314,U,76,X,2,6559.00
HOGAR-000708,ENHOGAR,2026-08-08,04,0415,R,83,NR,5,6696.00
HOGAR-000709,ENHOGAR,2026-08-09,05,0516,U,90,F,8,6833.00
HOGAR-000710,ENHOGAR,2026-08-10,06,0617,U,24,M,3,6970.00
HOGAR-000711,ENHOGAR,2026-08-11,07,0718,R,31,X,6,7107.00
HOGAR-000712,ENHOGAR,2026-08-12,08,0819,U,38,NR,1,7244.00
HOGAR-000713,ENHOGAR,2026-08-13,09,0920,U,45,F,4,7381.00
HOGAR-000714,ENHOGAR,2026-08-14,10,1021,R,52,M,7,7518.00
HOGAR-000715,ENHOGAR,2026-08-15,11,1122,U,59,X,2,7655.00
HOGAR-000716,ENHOGAR,2026-08-16,12,1223,U,66,NR,5,7792.00
HOGAR-000717,ENHOGAR,2026-08-17,13,1324,R,73,F,8,7929.00
HOGAR-000718,ENHOGAR,2026-08-18,14,1425,U,80,M,3,8066.00
HOGAR-000719,ENHOGAR,2026-08-19,15,1526,U,87,X,6,8203.00
HOGAR-000720,ENHOGAR,2026-08-20,16,1627,R,21,NR,1,8340.00
HOGAR-000721,ENHOGAR,2026-08-21,17,1728,U,28,F,4,8477.00
HOGAR-000722,ENHOGAR,2026-08-22,18,1829,U,35,M,7,1014.00
HOGAR-000723,ENHOGAR,2026-08-23,19,1930,R,42,X,2,1151.00
HOGAR-000724,ENHOGAR,2026-08-24,20,2031,U,49,NR,5,1288.00
HOGAR-000725,ENHOGAR,2026-08-25,21,2132,U,56,F,8,1425.00
HOGAR-000726,ENHOGAR,2026-08-26,22,2233,R,63,M,3,1562.00
HOGAR-000727,ENHOGAR,2026-08-27,01,0134,U,70,X,6,1699.00
HOGAR-000728,ENHOGAR,2026-08-28,02,0235,U,77,NR,1,1836.00
HOGAR-000729,ENHOGAR,2026-08-01,03,0336,R,84,F,4,1973.00
HOGAR-000730,ENHOGAR,2026-08-02,04,0437,U,18,M,7,2110.00
HOGAR-000731,ENHOGAR,2026-08-03,05,0538,U,25,X,2,2247.00
HOGAR-000732,ENHOGAR,2026-08-04,06,0639,R,32,NR,5,2384.00
HOGAR-000733,ENHOGAR,2026-08-05,07,0740,U,39,Z,8,2521.00
HOGAR/000734,ENHOGAR,2026-08-06,08,0841,U,46,M,3,2658.00
HOGAR-000735,ENHOGAR,2026-08-07,09,0942,R,53,X,6,2795.00
HOGAR-000736,ENHOGAR,2026-08-08,10,1043,U,60,NR,1,2932.00
HOGAR-000737,ENHOGAR,2026-08-09,11,1144,U,67,F,4,3069.00
HOGAR-000738,ENHOGAR,2026-08-10,12,1245,R,74,M,7,3206.00
HOGAR-000739,ENHOGAR,2026-08-11,13,1346,U,81,X,2,3343.00
HOGAR-000740,ENHOGAR,2026-08-12,14,1447,U,88,NR,5,3480.00
HOGAR-000741,ENHOGAR,2026-08-13,15,1548,R,22,F,8,3617.00
HOGAR-000742,ENHOGAR,2026-08-14,16,1649,U,29,M,3,3754.00
HOGAR-000743,ENHOGAR,2026-08-15,17,1750,U,36,X,6,3891.00
HOGAR-000744,ENHOGAR,2026-08-16,18,1851,R,43,NR,1,4028.00
HOGAR-000745,ENHOGAR,2026-08-17,19,1952,U,50,F,4,4165.00
HOGAR-000746,ENHOGAR,2026-08-18,20,2053,U,57,M,7,4302.00
HOGAR-000747,ENHOGAR,2026-08-19,21,2154,R,64,X,2,4439.00
HOGAR-000748,ENHOGAR,2026-08-20,22,2255,U,71,NR,5,4576.00
HOGAR-000749,ENHOGAR,2026-08-21,01,0156,U,78,F,8,4713.00
HOGAR-000750,ENHOGAR,2026-08-22,02,0257,R,85,M,3,4850.00
HOGAR-000751,ENHOGAR,2026-08-23,03,0358,U,19,X,6,4987.00
HOGAR-000752,ENHOGAR,2026-08-24,04,0459,U,26,NR,1,5124.00
HOGAR-000753,ENHOGAR,2026-08-25,05,0560,R,33,F,4,5261.00
HOGAR-000754,ENHOGAR,2026-08-26,06,0661,U,40,M,7,5398.00
HOGAR-000755,ENHOGAR,2026-08-27,07,0762,U,47,X,2,5535.00
HOGAR-000756,ENHOGAR,2026-08-28,08,0863,R,54,NR,5,5672.00
HOGAR-000757,ENHOGAR,2026-08-01,09,0964,U,61,F,8,5809.00
HOGAR-000758,ENHOGAR,2026-08-02,10,1065,U,68,M,3,5946.00
HOGAR-000759,ENHOGAR,2026-08-03,11,1166,R,75,X,6,6083.00
HOGAR-000760,ENHOGAR,2026-08-04,12,1267,U,82,NR,1,6220.00
HOGAR-000761,ENHOGAR,2026-08-05,13,1368,U,89,F,4,6357.00
HOGAR-000762,ENHOGAR,2026-08-06,14,1469,R,23,M,7,6494.00
HOGAR-000763,ENHOGAR,2026-08-07,15,1570,U,30,X,2,6631.00
HOGAR-000764,ENHOGAR,2026-08-08,16,1671,U,37,NR,5,6768.00
HOGAR-000765,ENHOGAR,2026-08-09,17,1772,R,44,F,8,6905.00
HOGAR-000766,ENHOGAR,2026-08-10,18,1873,U,51,M,3,7042.00
HOGAR-000767,ENHOGAR,2026-08-11,19,1974,U,58,X,6,7179.00
HOGAR-000768,ENHOGAR,2026-08-12,20,2075,R,65,NR,1,7316.00
HOGAR-000769,ENHOGAR,2026-08-13,21,2176,U,72,F,4,7453.00
HOGAR-000770,ENHOGAR,2026-08-14,22,2277,U,79,M,7,7590.00
HOGAR-000771,ENHOGAR,2026-08-15,01,0178,R,86,X,2,7727.00
HOGAR-000772,ENHOGAR,2026-08-16,02,0279,U,20,NR,5,7864.00
HOGAR-000773,ENHOGAR,2026-08-17,03,0380,U,27,F,8,8001.00
HOGAR-000774,ENHOGAR,2026-08-18,04,0481,R,34,M,3,8138.00
HOGAR-000775,ENHOGAR,2026-08-19,05,0582,U,41,X,6,8275.00
HOGAR-000776,ENHOGAR,2026-08-20,06,0683,U,48,NR,1,8412.00
HOGAR-000001,ENHOGAR,2026-08-21,07,0784,R,55,F,4,949.00
HOGAR-000778,ENHOGAR,2026-08-22,08,0885,U,62,M,7,1086.00
HOGAR-000779,ENHOGAR,2026-08-23,09,0986,U,69,X,2,1223.00
HOGAR-000780,ENHOGAR,2026-08-24,10,1087,R,76,NR,5,1360.00
HOGAR-000781,ENHOGAR,2026-08-25,11,1188,U,83,F,8,1497.00
HOGAR-000782,ENHOGAR,2026-08-26,12,1289,U,90,M,3,1634.00
HOGAR-000783,ENHOGAR,2026-08-27,13,1390,R,24,X,6,1771.00
HOGAR-000784,ENHOGAR,2026-08-28,14,1491,U,31,NR,1,1908.00
HOGAR-000785,ENHOGAR,2026-08-01,15,1592,U,38,F,4, 2045.00 
HOGAR-000786,ENHOGAR,2026-08-02,16,1693,R,45,M,7,2182.00
HOGAR-000787,ENHOGAR,2026-08-03,17,1794,U,52,X,2,2319.00
HOGAR-000788,ENHOGAR,2026-08-04,18,1895,U,59,NR,5,2456.00
HOGAR-000789,ENHOGAR,2026-08-05,19,1996,R,66,F,8,2593.00
HOGAR-000790,ENHOGAR,2026-08-06,20,2097,U,73,M,3,2730.00
HOGAR-000791,ENHOGAR,2026-08-07,21,2198,U,80,X,6,2867.00
HOGAR-000792,ENHOGAR,2026-08-08,22,2299,R,87,NR,1,3004.00
HOGAR-000793,ENHOGAR,2026-08-09,01,0101,U,21,F,4,3141.00
HOGAR-000794,ENHOGAR,2026-08-10,02,0202,U,28,M,7,3278.00
HOGAR-000795,ENHOGAR,2026-08-11,03,0303,R,35,X,2,3415.00
HOGAR-000796,ENHOGAR,2026-08-12,04,0404,U,42,NR,5,3552.00
HOGAR-000797,ENHOGAR,2026-08-13,05,0505,U,49,F,8,3689.00
HOGAR-000798,ENHOGAR,2026-08-14,06,0606,R,56,M,3,3826.00
HOGAR-000799,ENHOGAR,2026-08-15,07,0707,U,63,X,6,3963.00
HOGAR-000800,ENHOGAR,2026-08-16,08,0808,U,70,NR,1,4100.00
HOGAR-000801,ENHOGAR,2026-08-17,09,0909,R,77,F,4,4237.00
HOGAR-000802,ENHOGAR,2026-08-18,10,1010,U,84,M,7,4374.00
HOGAR-000803,ENHOGAR,2026-08-19,11,1111,U,18,X,2,4511.00
HOGAR-000804,ENHOGAR,2026-08-20,12,1212,R,25,NR,5,4648.00
HOGAR-000805,ENHOGAR,2026-08-21,13,1313,U,32,F,8,4785.00
HOGAR-000806,ENHOGAR,2026-08-22,14,1414,U,39,M,3,4922.00
HOGAR-000807,ENHOGAR,2026-08-23,15,1515,R,46,X,6,5059.00
HOGAR-000808,ENHOGAR,2026-08-24,16,1616,U,53,NR,1,5196.00
HOGAR-000809,ENHOGAR,2026-08-25,17,1717,U,60,F,4,5333.00
HOGAR-000810,ENHOGAR,2026-08-26,18,1818,R,67,M,7,5470.00
HOGAR-000811,ENHOGAR,2026-08-27,19,1919,U,74,X,2,5607.00
HOGAR-000812,ENHOGAR,2026-08-28,20,2020,U,81,NR,5,5744.00
HOGAR-000813,ENHOGAR,2026-08-01,21,2121,R,88,F,8,5881.00
HOGAR-000814,ENHOGAR,2026-08-02,22,2222,U,22,M,3,6018.00
HOGAR-000815,ENHOGAR,2026-08-03,01,0123,U,29,X,6,6155.00
HOGAR-000816,ENHOGAR,2026-08-04,02,0224,R,36,NR,1,6292.00
HOGAR-000817,ENHOGAR,2026-08-05,03,0325,U,43,F,4,6429.00
HOGAR-000818,ENHOGAR,2026-08-06,04,0426,U,50,M,7,6566.00
HOGAR-000819,ENHOGAR,2026-08-07,05,0527,R,57,X,2,6703.00
HOGAR-000820,ENHOGAR,2026-08-08,06,0628,U,64,NR,5,6840.00
HOGAR-000821,ENHOGAR,2026-08-09,07,0729,U,71,F,8,6977.00
HOGAR-000822,ENHOGAR,2026-08-10,08,0830,R,78,M,3,7114.00
HOGAR-000823,ENHOGAR,2026-08-11,09,0931,U,85,X,6,7251.00
HOGAR-000824,ENHOGAR,2026-08-12,10,1032,U,19,NR,1,7388.00
HOGAR-000825,ENHOGAR,2026-08-13,11,1133,R,26,F,4,7525.00
HOGAR-000826,ENHOGAR,2026-08-14,12,1234,U,33,M,7,7662.00
HOGAR-000827,ENHOGAR,2026-08-15,13,1335,U,40,X,2,7799.00
HOGAR-000828,ENHOGAR,2026-08-16,14,1436,R,47,NR,5,7936.00
HOGAR-000829,ENHOGAR,2026-08-17,15,1537,U,54,F,8,8073.00
HOGAR-000830,ENHOGAR,2026-08-18,16,1638,U,61,M,3,8210.00
HOGAR-000831,ENHOGAR,2026-08-19,17,1739,R,68,X,6,8347.00
HOGAR-000832,ENHOGAR,2026-08-20,18,1840,U,75,NR,1,8484.00
HOGAR-000833,ENHOGAR,2026-08-21,19,1941,U,82,F,4,1021.00
HOGAR-000834,ENHOGAR,2026-08-22,20,2042,R,89,M,7,1158.00
HOGAR-000835,ENHOGAR,2026-08-23,21,2143,U,23,X,2,1295.00
HOGAR-000836,ENHOGAR,2026-08-24,22,2244,U,30,NR,5,1432.00
HOGAR-000837,ENHOGAR,2026-08-25,01,0145,R,37,F,8,1569.00
HOGAR-000838,ENHOGAR,2027-01-01,02,0246,U,44,M,3,1706.00
HOGAR-000839,ENHOGAR,2026-08-27,03,0347,U,51,X,6,1843.00
HOGAR-000840,ENHOGAR,2026-08-28,04,0448,R,58,NR,1,1980.00
HOGAR-000841,ENHOGAR,2026-08-01,05,0549,U,65,F,4,2117.00
HOGAR-000842,ENHOGAR,2026-08-02,06,0650,U,72,M,7,2254.00
HOGAR-000843,ENHOGAR,2026-08-03,07,0751,R,79,X,2,2391.00
HOGAR-000844,ENHOGAR,2026-08-04,08,0852,U,86,NR,5,2528.00
HOGAR-000845,ENHOGAR,2026-08-05,09,0953,U,20,F,8,2665.00
HOGAR-000846,ENHOGAR,2026-08-06,10,1054,R,27,M,3,2802.00
HOGAR-000847,ENHOGAR,2026-08-07,11,1155,U,34,X,6,2939.00
HOGAR-000848,ENHOGAR,2026-08-08,12,1256,U,41,NR,1,3076.00
HOGAR-000849,ENHOGAR,2026-08-09,13,1357,R,48,F,4,3213.00
HOGAR-000850,ENHOGAR,2026-08-10,14,1458,U,55,M,7,3350.00
HOGAR-000851,ENHOGAR,2026-08-11,15,1559,U,62,X,2,3487.00
HOGAR-000852,ENHOGAR,2026-08-12,16,1660,R,69,NR,5,3624.00
HOGAR-000853,ENHOGAR,2026-08-13,17,1761,U,76,F,8,3761.00
HOGAR-000854,ENHOGAR,2026-08-14,18,1862,U,83,M,3,3898.00
HOGAR-000855,ENHOGAR,2026-08-15,19,1963,R,90,X,6,4035.00
HOGAR-000856,ENHOGAR,2026-08-16,20,2064,U,24,NR,1,4172.00
HOGAR-000857,ENHOGAR,2026-08-17,21,2165,U,31,F,4,4309.00
HOGAR-000858,ENHOGAR,2026-08-18,22,2266,R,38,M,7,4446.00
HOGAR-000859,ENHOGAR,2026-08-19,01,0167,U,45,X,2,4583.00
HOGAR-000860,ENHOGAR,2026-08-20,02,0268,U,52,NR,5,4720.00
HOGAR-000861,ENHOGAR,2026-08-21,03,0369,R,59,F,8,4857.00
HOGAR-000862,ENHOGAR,2026-08-22,04,0470,U,66,M,3,4994.00
HOGAR-000863,ENHOGAR,2026-08-23,05,0571,U,73,X,6,5131.00
HOGAR-000864,ENHOGAR,2026-08-24,06,0672,R,80,NR,1,5268.00
HOGAR-000865,ENHOGAR,2026-08-25,07,0773,U,87,F,4,5405.00
HOGAR-000866,ENHOGAR,2026-08-26,08,0874,U,21,M,7,5542.00
HOGAR-000867,ENHOGAR,2026-08-27,09,0975,R,28,X,2,5679.00
HOGAR-000868,ENHOGAR,2026-08-28,10,1076,U,35,NR,5,5816.00
HOGAR-000869,ENHOGAR,2026-08-01,11,1177,U,42,F,8,5953.00
HOGAR-000870,ENHOGAR,2026-08-02,12,1278,R,49,M,3,6090.00
HOGAR-000871,ENHOGAR,2026-08-03,13,1379,U,56,X,6,6227.00
HOGAR-000872,ENHOGAR,2026-08-04,14,1480,U,63,NR,1,6364.00
HOGAR-000873,ENHOGAR,2026-08-05,15,1581,R,70,F,4,6501.00
HOGAR-000874,ENHOGAR,2026-08-06,16,1682,U,77,M,7,6638.00
HOGAR-000875,ENHOGAR,2026-08-07,17,1783,U,84,X,2,6775.00
HOGAR-000876,ENHOGAR,2026-08-08,18,1884,R,18,NR,5,6912.00
HOGAR-000877,ENHOGAR,2026-08-09,19,1985,U,25,F,8,7049.00
HOGAR-000878,ENHOGAR,2026-08-10,20,2086,U,32,M,3,7186.00
HOGAR-000879,,2026-08-11,21,2187,R,39,X,6,7323.00
HOGAR-000880,ENHOGAR,2026-08-12,22,2288,U,46,NR,1,7460.00
HOGAR-000881,ENHOGAR,2026-08-13,01,0189,U,53,F,4,7597.00
HOGAR-000882,ENHOGAR,2026-08-14,02,0290,R,60,M,7,7734.00
HOGAR-000883,ENHOGAR,2026-08-15,03,0391,U,67,X,2,7871.00
HOGAR-000884,ENHOGAR,2026-08-16,04,0492,U,74,NR,5,8008.00
HOGAR-000885,ENHOGAR,2026-08-17,05,0593,R,81,F,8,8145.00
HOGAR-000886,ENHOGAR,2026-08-18,06,0694,U,88,M,3,8282.00
HOGAR-000887,ENHOGAR,2026-08-19,07,0795,U,135,X,6,8419.00
HOGAR-000888,ENHOGAR,2026-08-20,08,0896,R,29,NR,1,956.00
HOGAR-000889,ENHOGAR,2026-08-21,09,0997,U,36,F,4,1093.00
HOGAR-000890,ENHOGAR,2026-08-22,10,1098,U,43,M,7,1230.00
HOGAR-000891,ENHOGAR,2026-08-23,11,1199,R,50,X,2,1367.00
HOGAR-000892,ENHOGAR,2026-08-24,12,1201,U,57,NR,5,1504.00
HOGAR-000893,ENHOGAR,2026-08-25,13,1302,U,64,F,8,1641.00
HOGAR-000894,ENHOGAR,2026-08-26,14,1403,R,71,M,3,1778.00
HOGAR-000895,ENHOGAR,2026-08-27,15,1504,U,78,X,6,1915.00
HOGAR-000896,ENHOGAR,2026-08-28,16,1605,U,85,NR,1,2052.00
HOGAR-000897,ENHOGAR,2026-08-01,17,1706,R,19,F,4,2189.00
HOGAR-000898,ENHOGAR,2026-08-02,18,1807,U,26,M,7,2326.00
HOGAR-000899,ENHOGAR,2026-08-03,19,1908,U,33,X,2,2463.00
HOGAR-000900,ENHOGAR,2026-08-04,20,2009,R,40,NR,5,2600.00
HOGAR-000901,ENHOGAR,2026-08-05,21,2110,U,47,F,8,2737.00
HOGAR-000902,ENHOGAR,2026-08-06,22,2211,U,54,M,3,2874.00
HOGAR-000903,ENHOGAR,2026-08-07,01,0112,R,61,X,6,3011.00
HOGAR-000904,ENHOGAR,2026-08-08,02,0213,U,68,NR,1,3148.00
HOGAR-000905,ENHOGAR,2026-08-09,03,0314,U,75,F,4,3285.00
HOGAR-000906,ENHOGAR,2026-08-10,04,0415,R,82,M,7,3422.00
HOGAR-000907,ENHOGAR,2026-08-11,05,0516,U,89,X,2,3559.00
HOGAR-000908,ENHOGAR,2026-08-12,06,0617,U,23,NR,5,3696.00
HOGAR-000909,ENHOGAR,2026-08-13,07,0718,R,30,F,8,3833.00
HOGAR-000910,ENHOGAR,2026-08-14,08,0819,U,37,M,3,3970.00
HOGAR-000911,ENHOGAR,2026-08-15,09,0920,X,44,X,6,4107.00
HOGAR-000912,ENHOGAR,2026-08-16,10,1021,R,51,NR,1,4244.00
HOGAR-000913,ENHOGAR,2026-08-17,11,1122,U,58,F,4,4381.00
HOGAR-000914,ENHOGAR,2026-08-18,12,1223,U,65,M,7,4518.00
HOGAR-000915,ENHOGAR,2026-08-19,13,1324,R,72,X,2,4655.00
HOGAR-000916,ENHOGAR,2026-08-20,14,1425,U,79,NR,5,4792.00
HOGAR-000917,ENHOGAR,2026-08-21,15,1526,U,86,F,8,4929.00
HOGAR-000918,ENHOGAR,2026-08-22,16,1627,R,20,M,3,5066.00
HOGAR-000919,ENHOGAR,2026-08-23,17,1728,U,27,X,6,5203.00
HOGAR-000920,ENHOGAR,2026-08-24,18,1829,U,34,NR,1,5340.00
HOGAR-000921,ENHOGAR,2026-08-25,19,1930,R,41,F,4,5477.00
HOGAR-000922,ENHOGAR,2026-08-26,20,2031,U,48,M,7,5614.00
HOGAR-000923,ENHOGAR,2026-08-27,21,2132,U,55,X,2,5751.00
HOGAR-000924,ENHOGAR,2026-08-28,22,2233,R,62,NR,5,5888.00
HOGAR-000925,ENHOGAR,2026-08-01,01,0134,U,69,F,8,6025.00
HOGAR-000926,ENHOGAR,2026-08-02,02,0235,U,76,M,3,6162.00
HOGAR-000927,ENHOGAR,2026-08-03,03,0336,R,83,X,6,6299.00
HOGAR-000928,ENHOGAR,2026-08-04,04,0437,U,90,NR,1,6436.00
HOGAR-000929,ENHOGAR,2026-08-05,05,0538,U,24,F,4,6573.00
HOGAR-000930,ENHOGAR,2026-08-06,06,0639,R,31,M,7,6710.00
HOGAR-000931,ENHOGAR,2026-08-07,07,0740,U,38,X,2,6847.00
HOGAR-000932,ENHOGAR,2026-08-08,08,0841,U,45,NR,5,6984.00
HOGAR-000933,ENHOGAR,2026-08-09,09,0942,R,52,F,8,7121.00
HOGAR-000934,ENHOGAR,2026-08-10,10,1043,U,59,M,3,7258.00
HOGAR-000935,ENHOGAR,2026-08-11,11,1144,U,66,X,6,7395.00
HOGAR-000936,ENHOGAR,2026-08-12,12,1245,R,73,NR,1,7532.00
HOGAR-000937,ENHOGAR,2026-08-13,13,1346,U,80,F,4,7669.00
HOGAR-000938,ENHOGAR,2026-08-14,14,1447,U,87,M,7,7806.00
HOGAR-000939,ENHOGAR,2026-08-15,15,1548,R,21,X,2,7943.00
HOGAR-000940,ENHOGAR,2026-08-16,16,1649,U,28,NR,5,8080.00
HOGAR-000941,ENHOGAR,2026-08-17,17,1750,U,35,F,8,8217.00
HOGAR-000942,ENHOGAR,2026-08-18,18,1851,R,42,M,3, 8354.00 
HOGAR-000943,ENHOGAR,2026-08-19,19,1952,U,49,X,6,8491.00
HOGAR-000944,ENHOGAR,2026-08-20,20,2053,U,56,NR,1,1028.00
HOGAR-000945,ENHOGAR,2026-08-21,21,2154,R,63,F,4,1165.00
HOGAR-000946,ENHOGAR,2026-08-22,22,2255,U,70,M,7,1302.00
HOGAR-000947,ENHOGAR,2026-08-23,01,0156,U,77,X,2,1439.00
HOGAR-000948,ENHOGAR,2026-08-24,02,0257,R,84,NR,5,1576.00
HOGAR-000949,ENHOGAR,2026-08-25,03,0358,U,18,F,8,1713.00
HOGAR-000950,ENHOGAR,2026-08-26,04,0459,U,25,M,3,1850.00
HOGAR-000951,ENHOGAR,2026-08-27,05,0560,R,32,X,6,1987.00
HOGAR-000952,ENHOGAR,2026-08-28,06,0661,U,39,NR,1,2124.00
HOGAR-000953,ENHOGAR,2026-08-01,07,0762,U,46,F,4,2261.00
HOGAR-000954,ENHOGAR,2026-08-02,08,0863,R,53,M,7,2398.00
HOGAR-000955,ENHOGAR,2026-08-03,09,0964,U,60,X,2,2535.00
HOGAR-000956,ENHOGAR,2026-08-04,10,1065,U,67,NR,5,2672.00
HOGAR-000957,ENHOGAR,2026-08-05,11,1166,R,74,F,8,2809.00
HOGAR-000958,ENHOGAR,2026-08-06,12,1267,U,81,M,3,2946.00
HOGAR-000959,ENHOGAR,2026-08-07,13,1368,U,88,X,6,3083.00
HOGAR-000960,ENHOGAR,2026-08-08,14,1469,R,22,NR,1,3220.00
HOGAR-000961,ENHOGAR,2026-08-09,15,1570,U,29,F,4,3357.00
HOGAR-000962,ENHOGAR,2026-08-10,16,1671,U,36,M,7,3494.00
HOGAR-000963,ENHOGAR,2026-08-11,17,1772,R,43,X,2,3631.00
HOGAR-000964,ENHOGAR,2026-08-12,18,1873,U,50,NR,5,3768.00
HOGAR-000965,ENHOGAR,2026-08-13,19,1974,U,57,F,8,3905.00
HOGAR-000966,ENHOGAR,2026-08-14,20,2075,R,64,M,3,4042.00
HOGAR-000967,ENHOGAR,2026-08-15,21,2176,U,71,X,6,4179.00
HOGAR-000968,ENHOGAR,2026-08-16,22,2277,U,78,NR,1,4316.00
HOGAR-000969,ENHOGAR,2026-08-17,01,0178,R,85,F,4,4453.00
HOGAR-000970,ENHOGAR,2026-08-18,02,0279,U,19,M,7,4590.00
HOGAR-000971,ENHOGAR,2026-08-19,03,0380,U,26,X,2,4727.00
HOGAR-000972,ENHOGAR,2026-08-20,04,0481,R,33,NR,5,4864.00
HOGAR-000973,ENHOGAR,2026-08-21,05,0582,U,40,F,8,5001.00
HOGAR-000974,ENHOGAR,2026-08-22,06,0683,U,47,M,3,5138.00
HOGAR-000975,ENHOGAR,2026-08-23,07,0784,R,54,X,6,5275.00
HOGAR-000976,ENHOGAR,2026-08-24,08,0885,U,61,NR,1,5412.00
HOGAR-000977,ENHOGAR,2026-08-25,09,0986,U,68,F,4,5549.00
HOGAR-000978,ENHOGAR,2026-08-26,10,1087,R,75,M,7,5686.00
HOGAR-000979,ENHOGAR,2026-08-27,11,1188,U,82,X,2,5823.00
HOGAR-000980,ENHOGAR,2026-08-28,12,1289,U,89,NR,5,5960.00
HOGAR-000981,ENHOGAR,2026-08-01,13,1390,R,23,F,8,6097.00
HOGAR-000982,ENHOGAR,2026-08-02,14,1491,U,30,M,3,6234.00
HOGAR-000983,ENHOGAR,2026-08-03,15,1592,U,37,X,6,6371.00
HOGAR-000984,ENHOGAR,2026-08-04,16,1693,R,44,NR,1,6508.00
HOGAR-000985,ENHOGAR,2026-08-05,17,1794,U,51,F,4,6645.00
HOGAR-000986,ENHOGAR,2026-08-06,18,1895,U,58,M,7,6782.00
HOGAR-000987,ENHOGAR,2026-08-07,19,1996,R,65,X,2,6919.00
HOGAR-000988,ENHOGAR,2026-08-08,20,2097,U,72,NR,5,7056.00
HOGAR-000989,ENHOGAR,2026-08-09,21,2198,U,79,F,8,7193.00
HOGAR-000990,ENHOGAR,2026-08-10,22,2299,R,86,M,3,7330.00
HOGAR-000991,ENHOGAR,2026-08-11,01,0101,U,20,X,6,7467.00
HOGAR-000992,ENHOGAR,2026-08-12,02,0202,U,27,NR,1,7604.00
HOGAR-000993,ENHOGAR,2026-08-13,03,0303,R,34,F,4,7741.00
HOGAR-000994,ENHOGAR,2026-08-14,04,0404,U,41,M,7,7878.00
HOGAR-000995,ENHOGAR,2026-08-15,05,0505,U,48,X,2,8015.00
HOGAR-000996,ENHOGAR,2026-08-16,06,0606,R,55,NR,5,8152.00
HOGAR-000997,ENHOGAR,2026-08-17,07,0707,U,62,F,8,
HOGAR-000998,ENHOGAR,2026-08-18,08,0808,U,69,M,3,8426.00
HOGAR-000999,ENHOGAR,2026-08-19,09,0909,R,76,X,6,963.00
HOGAR-001000,ENHOGAR,2026-08-20,10,1010,U,83,NR,1,1100.00
HOGAR-001001,ENHOGAR,2026-08-21,11,1111,U,90,F,4,1237.00
HOGAR-001002,ENHOGAR,2026-08-22,12,1212,R,24,M,7,1374.00
HOGAR-001003,ENHOGAR,2026-08-23,13,1313,U,31,X,2,1511.00
HOGAR-001004,ENHOGAR,2026-08-24,14,1414,U,38,NR,5,1648.00
HOGAR-001005,ENHOGAR,2026-08-25,15,1515,R,45,F,8,1785.00
HOGAR-001006,ENHOGAR,2026-08-26,16,1616,U,52,M,3,-25.00
HOGAR-001007,ENHOGAR,2026-08-27,17,1717,U,59,X,6,2059.00
HOGAR-001008,ENHOGAR,2026-08-28,18,1818,R,66,NR,1,2196.00
HOGAR-001009,ENHOGAR,2026-08-01,19,1919,U,73,F,4,2333.00
HOGAR-001010,ENHOGAR,2026-08-02,20,2020,U,80,M,7,2470.00
HOGAR-001011,ENHOGAR,2026-08-03,21,2121,R,87,X,2,2607.00
HOGAR-001012,ENHOGAR,2026-08-04,22,2222,U,21,NR,5,2744.00
HOGAR-001013,ENHOGAR,2026-08-05,01,0123,U,28,F,8,2881.00
HOGAR-001014,ENHOGAR,2026-08-06,02,0224,R,35,M,3,3018.00
HOGAR-001015,ENHOGAR,2026-08-07,03,0325,U,42,X,6,3155.00
HOGAR-001016,ENHOGAR,2026-08-08,04,0426,U,49,NR,1,3292.00
HOGAR-001017,ENHOGAR,2026-08-09,05,0527,R,56,F,4,3429.00
HOGAR-001018,ENHOGAR,2026-08-10,06,0628,U,63,M,7,3566.00
HOGAR-001019,ENHOGAR,2026-08-11,07,0729,U,70,X,2,3703.00
HOGAR-001020,ENHOGAR,2026-08-12,08,0830,R,77,NR,5,3840.00
HOGAR-001021,ENHOGAR,2026-08-13,09,0931,U,84,F,8,3977.00
HOGAR-001022,ENHOGAR,2026-08-14,10,1032,U,18,M,3,4114.00
HOGAR-001023,ENHOGAR,2026-08-15,11,1133,R,25,X,6,4251.00
HOGAR-001024,ENHOGAR,2026-08-16,12,1234,U,32,NR,1,4388.00
HOGAR-001025,ENHOGAR,2026-08-17,13,1335,U,39,F,4,4525.00
HOGAR-001026,ENHOGAR,2026-08-18,14,1436,R,46,M,7,4662.00
HOGAR-001027,ENHOGAR,2026-08-19,15,1537,U,53,X,2,4799.00
HOGAR-001028,ENHOGAR,2026-08-20,16,1638,U,60,NR,5,4936.00
HOGAR-001029,ENHOGAR,2026-08-21,17,1739,R,67,F,8,5073.00
HOGAR-001030,ENHOGAR,2026-08-22,18,1840,U,74,M,3,5210.00
HOGAR-001031,ENHOGAR,2026-08-23,19,1941,U,81,X,6,5347.00
HOGAR-001032,ENHOGAR,2026-08-24,20,2042,R,88,NR,1,5484.00
HOGAR-001033,ENHOGAR,2026-08-25,21,2143,U,22,F,4,5621.00
HOGAR-001034,ENHOGAR,2026-08-26,22,2244,U,29,M,7,5758.00
HOGAR-001035,ENHOGAR,2026-08-27,01,0145,R,36,X,2,5895.00
HOGAR-001036,ENHOGAR,2026-08-28,02,0246,U,43,NR,5,6032.00
HOGAR-001037,ENHOGAR,2026-08-01,03,0347,U,50,F,8,6169.00
HOGAR-001038,ENHOGAR,2026-08-02,04,0448,R,57,M,3,6306.00
HOGAR-001039,ENHOGAR,2026-08-03,05,0549,U,64,X,6,6443.00
HOGAR-001040,ENHOGAR,2026-08-04,06,0650,U,71,NR,1,6580.00
HOGAR-001041,ENHOGAR,2026-08-05,07,0751,R,78,F,4,6717.00
HOGAR-001042,ENHOGAR,2026-08-06,08,0852,U,85,M,7,6854.00
HOGAR-001043,ENHOGAR,2026-08-07,09,0953,U,19,X,2,6991.00
HOGAR-001044,ENHOGAR,2026-08-08,10,1054,R,26,NR,5,7128.00
HOGAR-001045,ENHOGAR,2026-08-09,11,1155,U,33,F,8,7265.00
HOGAR-001046,ENHOGAR,2026-08-10,12,1256,U,40,M,3,7402.00
HOGAR-001047,ENHOGAR,2026-08-11,13,1357,R,47,X,6,7539.00
HOGAR-001048,ENHOGAR,2026-08-12,14,1458,U,54,NR,1,7676.00
HOGAR-001049,ENHOGAR,2026-08-13,15,1559,U,61,F,4,7813.00
HOGAR-001050,ENHOGAR,2026-08-14,16,1660,R,68,M,7,7950.00
HOGAR-001051,ENHOGAR,2026-08-15,17,1761,U,75,X,2,8087.00
HOGAR-001052,ENHOGAR,2026-08-16,18,1862,U,82,NR,5,8224.00
HOGAR-001053,ENHOGAR,2026-08-17,19,1963,R,89,F,8,8361.00
HOGAR-001054,ENHOGAR,2026-08-18,20,2064,U,23,M,3,8498.00
HOGAR-001055,ENHOGAR,2026-08-19,21,2165,U,30,X,6,1035.00
HOGAR-001056,ENHOGAR,2026-08-20,22,2266,R,37,NR,1,1172.00
HOGAR-001057,ENHOGAR,2026-08-21,01,0167,U,44,F,4,1309.00
HOGAR-001058,ENHOGAR,2026-08-22,02,0268,U,51,M,7,1446.00
HOGAR-001059,ENHOGAR,2026-08-23,03,0369,R,58,X,2,1583.00
HOGAR-001060,ENHOGAR,2026-08-24,04,0470,U,65,NR,5,1720.00
HOGAR-001061,ENHOGAR,2026-08-25,05,0571,U,72,F,8,1857.00
HOGAR-001062,ENHOGAR,2026-08-26,06,0672,R,79,M,3,1994.00
HOGAR-001063,ENHOGAR,2026-08-27,07,0773,U,86,X,6,2131.00
HOGAR-001064,ENHOGAR,2026-08-28,08,0874,U,20,NR,1,2268.00
HOGAR-001065,ENHOGAR,2026-08-01,09,0975,R,27,F,4,2405.00
HOGAR-001066,ENHOGAR,2026-08-02,10,1076,U,34,M,7,2542.00
HOGAR-001067,ENHOGAR,2026-08-03,11,1177,U,41,X,2,2679.00
HOGAR-001068,ENHOGAR,2026-08-04,12,1278,R,48,NR,5,2816.00
HOGAR-001069,ENHOGAR,2026-08-05,13,1379,U,55,F,8,2953.00
HOGAR-001070,ENHOGAR,2026-08-06,14,1480,U,62,M,3,3090.00
HOGAR-001071,ENHOGAR,2026-08-07,15,1581,R,69,X,6,3227.00
HOGAR-001072,ENHOGAR,2026-08-08,16,1682,U,76,NR,1,3364.00
HOGAR-001073,ENHOGAR,2026-08-09,17,1783,U,83,F,4,3501.00
HOGAR-001074,ENHOGAR,2026-08-10,18,1884,R,90,M,7,3638.00
HOGAR-001075,ENHOGAR,2026-08-11,19,1985,U,24,X,2,3775.00
HOGAR-001076,ENHOGAR,2026-08-12,20,2086,U,31,NR,5,3912.00
HOGAR-001077,ENHOGAR,2026-08-13,21,2187,R,38,F,8,4049.00
HOGAR-001078,ENHOGAR,2026-08-14,22,2288,U,45,M,3,4186.00
HOGAR-001079,ENHOGAR,2026-08-15,01,0189,U,52,X,6,4323.00
HOGAR-001080,ENHOGAR,2026-08-16,02,0290,R,59,NR,1,4460.00
HOGAR-001081,ENHOGAR,2026-08-17,03,0391,U,66,F,4,4597.00
HOGAR-001082,ENHOGAR,2026-08-18,04,0492,U,73,M,7,4734.00
HOGAR-001083,ENHOGAR,2026-08-19,05,0593,R,80,X,2,4871.00
HOGAR-001084,ENHOGAR,2026-08-20,06,0694,U,87,NR,5,5008.00
HOGAR-001085,ENHOGAR,2026-08-21,07,0795,U,21,F,8,5145.00
HOGAR-001086,ENHOGAR,2026-08-22,08,0896,R,28,M,3,5282.00
HOGAR-001087,ENHOGAR,2026-08-23,09,0997,U,35,X,6,5419.00
HOGAR-001088,ENHOGAR,2026-08-24,10,1098,U,42,NR,1,5556.00
HOGAR-001089,ENHOGAR,2026-08-25,11,1199,R,49,F,4,5693.00
HOGAR-001090,ENHOGAR,2026-08-26,12,1201,U,56,M,7,5830.00
HOGAR-001091,ENHOGAR,2026-08-27,13,1302,U,63,X,2,5967.00
HOGAR-001092,ENHOGAR,2026-08-28,14,1403,R,70,NR,5,6104.00
HOGAR-001093,ENHOGAR,2026-08-01,15,1504,U,77,F,8,6241.00
HOGAR-001094,ENHOGAR,2026-08-02,16,1605,U,84,M,3,6378.00
HOGAR-001095,ENHOGAR,2026-08-03,17,1706,R,18,X,6,6515.00
HOGAR-001096,ENHOGAR,2026-08-04,18,1807,U,25,NR,1,6652.00
HOGAR-001097,ENHOGAR,2026-08-05,19,1908,U,32,F,4,6789.00
HOGAR-001098,ENHOGAR,2026-08-06,20,2009,R,39,M,7,6926.00
HOGAR-001099,ENHOGAR,2026-08-07,21,2110,U,46,X,2, 7063.00 
HOGAR-001100,ENHOGAR,2026-08-08,22,2211,U,53,NR,5,7200.00
HOGAR/001101,ENHOGAR,2026-08-09,01,0112,R,60,F,8,7337.00
HOGAR-001102,ENHOGAR,2026-08-10,02,0213,U,67,M,3,7474.00
HOGAR-001103,ENHOGAR,2026-08-11,03,0314,U,74,X,6,7611.00
HOGAR-001104,ENHOGAR,2026-08-12,04,0415,R,81,NR,1,7748.00
HOGAR-001105,ENHOGAR,2026-08-13,05,0516,U,88,F,4,7885.00
HOGAR-001106,ENHOGAR,2026-08-14,06,0617,U,22,M,7,8022.00
HOGAR-001107,ENHOGAR,2026-08-15,07,0718,R,29,X,2,8159.00
HOGAR-001108,ENHOGAR,2026-08-16,08,0819,U,36,NR,5,8296.00
HOGAR-001109,ENHOGAR,2026-08-17,09,0920,U,43,F,8,8433.00
HOGAR-001110,ENHOGAR,2026-08-18,10,1021,R,50,M,3,970.00
HOGAR-001111,ENHOGAR,2026-08-19,11,1122,U,57,X,6,1107.00
HOGAR-001112,ENHOGAR,2026-08-20,12,1223,U,64,NR,1,1244.00
HOGAR-001113,ENHOGAR,2026-08-21,13,1324,R,71,F,4,1381.00
HOGAR-001114,ENHOGAR,2026-08-22,14,1425,U,78,M,7,1518.00
HOGAR-001115,ENHOGAR,2026-08-23,15,1526,U,85,X,2,1655.00
HOGAR-001116,ENHOGAR,2026-08-24,16,1627,R,19,NR,5,1792.00
HOGAR-001117,ENHOGAR,2026-08-25,17,1728,U,26,F,8,1929.00
HOGAR-001118,ENHOGAR,2026-08-26,18,1829,U,33,M,3,2066.00
HOGAR-001119,ENHOGAR,2026-08-27,19,1930,R,40,X,6,2203.00
HOGAR-001120,ENHOGAR,2026-08-28,20,2031,U,47,NR,1,2340.00
HOGAR-001121,ENHOGAR,2026-08-01,21,2132,U,54,F,4,2477.00
HOGAR-001122,ENHOGAR,2026-08-02,22,2233,R,61,M,7,2614.00
HOGAR-001123,ENHOGAR,2026-08-03,01,0134,U,68,X,2,2751.00
HOGAR-001124,ENHOGAR,2026-08-04,02,0235,U,75,NR,5,2888.00
HOGAR-001125,ENHOGAR,2026-08-05,03,0336,R,82,F,8,3025.00
HOGAR-001126,ENHOGAR,2026-08-06,04,0437,U,89,M,3,3162.00
HOGAR-001127,ENHOGAR,2026-08-07,05,0538,U,23,X,6,3299.00
HOGAR-001128,ENHOGAR,2026-08-08,06,0639,R,30,NR,1,3436.00
HOGAR-001129,ENHOGAR,2026-08-09,07,0740,U,37,F,4,3573.00
HOGAR-001130,ENHOGAR,2026-08-10,08,0841,U,44,M,7,3710.00
HOGAR-001131,ENHOGAR,2026-08-11,09,0942,R,51,X,2,3847.00
HOGAR-001132,ENHOGAR,2026-08-12,10,1043,U,58,NR,5,3984.00
HOGAR-001133,ENHOGAR,2026-08-13,11,1144,U,65,F,8,4121.00
HOGAR-001134,ENHOGAR,2026-08-14,12,1245,R,72,M,3,4258.00
HOGAR-001135,ENHOGAR,2026-08-15,13,1346,U,79,X,6,4395.00
HOGAR-001136,ENHOGAR,2026-08-16,14,1447,U,86,NR,1,4532.00
HOGAR-001137,ENHOGAR,2026-08-17,15,1548,R,20,F,4,4669.00
HOGAR-001138,ENHOGAR,2026-08-18,16,1649,U,27,M,7,4806.00
HOGAR-001139,ENHOGAR,2026-08-19,17,1750,U,34,X,2,4943.00
HOGAR-001140,ENHOGAR,2026-08-20,18,1851,R,41,NR,5,5080.00
HOGAR-001141,ENHOGAR,2026-08-21,19,1952,U,48,F,8,5217.00
HOGAR-001142,ENHOGAR,2026-08-22,20,2053,U,55,M,3,5354.00
HOGAR-001143,ENHOGAR,2026-08-23,21,2154,R,62,X,6,5491.00
HOGAR-001144,ENHOGAR,2026-08-24,22,2255,U,69,NR,1,5628.00
HOGAR-001145,ENHOGAR,2026-08-25,01,0156,U,76,F,4,5765.00
HOGAR-001146,ENHOGAR,2026-08-26,02,0257,R,83,M,7,5902.00
HOGAR-001147,ENHOGAR,2026-08-27,03,0358,U,90,X,2,6039.00
HOGAR-001148,ENHOGAR,2026-08-28,04,0459,U,24,NR,5,6176.00
HOGAR-001149,ENHOGAR,2026-08-01,05,0560,R,31,F,8,6313.00
HOGAR-001150,ENHOGAR,2026-08-02,06,0661,U,38,M,3,6450.00
HOGAR-001151,ENHOGAR,2026-08-03,07,0762,U,45,X,6,6587.00
HOGAR-001152,ENHOGAR,2026-08-04,08,0863,R,52,NR,1,6724.00
HOGAR-001153,ENHOGAR,2026-08-05,09,0964,U,59,F,4,6861.00
HOGAR-001154,ENHOGAR,2026-08-06,10,1065,U,66,M,7,6998.00
HOGAR-001155,ENHOGAR,2026-08-07,11,1166,R,73,X,2,7135.00
HOGAR-001156,ENHOGAR,2026-08-08,12,1267,U,80,NR,5,7272.00
HOGAR-001157,ENHOGAR,2026-08-09,13,1368,U,87,F,8,7409.00
HOGAR-001158,ENHOGAR,2026-08-10,14,1469,R,21,M,3,7546.00
HOGAR-001159,ENHOGAR,2026-08-11,15,1570,U,28,X,6,7683.00
HOGAR-001160,ENHOGAR,2026-08-12,16,1671,U,35,NR,1,7820.00
HOGAR-001161,ENHOGAR,2026-08-13,17,1772,R,42,F,4,7957.00
HOGAR-001162,ENHOGAR,2026-08-14,18,1873,U,49,M,7,8094.00
HOGAR-001163,ENHOGAR,2026-08-15,19,1974,U,56,X,2,8231.00
HOGAR-001164,ENHOGAR,2026-08-16,20,2075,R,63,NR,5,8368.00
HOGAR-001165,ENHOGAR,2026-08-17,21,2176,U,70,F,8,905.00
HOGAR-001166,ENHOGAR,2026-08-18,22,2277,U,77,M,3,1042.00
HOGAR-001167,ENHOGAR,2026-08-19,01,0178,R,84,X,6,1179.00
HOGAR-001168,ENHOGAR,2026-08-20,02,0279,U,18,NR,1,1316.00
HOGAR-001169,ENHOGAR,2026-08-21,03,0380,U,25,F,4,1453.00
HOGAR-001170,ENHOGAR,2026-08-22,04,0481,R,32,M,7,1590.00
HOGAR-001171,ENHOGAR,2026-08-23,05,0582,U,39,X,2,1727.00
HOGAR-001172,,2026-08-24,06,0683,U,46,NR,5,1864.00
HOGAR-001173,ENHOGAR,2026-08-25,07,0784,R,53,F,8,2001.00
HOGAR-001174,ENHOGAR,2026-08-26,08,0885,U,60,M,3,2138.00
HOGAR-001175,ENHOGAR,2026-08-27,09,0986,U,67,X,6,2275.00
HOGAR-001176,ENHOGAR,2026-08-28,10,1087,R,74,NR,1,2412.00
HOGAR-001177,ENHOGAR,2026-08-01,11,1188,U,81,F,4,2549.00
HOGAR-001178,ENHOGAR,2026-08-02,12,1289,U,88,M,7,2686.00
HOGAR-001179,ENHOGAR,2026-08-03,13,1390,R,22,X,2,2823.00
HOGAR-001180,ENHOGAR,2026-08-04,14,1491,U,29,NR,5,2960.00
HOGAR-001181,ENHOGAR,2026-08-05,15,1592,U,36,F,8,3097.00
HOGAR-001182,ENHOGAR,2026-08-06,16,1693,R,43,M,3,3234.00
HOGAR-001183,ENHOGAR,2026-08-07,17,1794,U,50,X,6,3371.00
HOGAR-001184,ENHOGAR,2026-08-08,18,1895,U,57,NR,1,3508.00
HOGAR-001185,ENHOGAR,2026-08-09,19,1996,R,64,F,4,3645.00
HOGAR-001186,ENHOGAR,2026-08-10,20,2097,U,71,M,7,3782.00
HOGAR-001187,ENHOGAR,2026-08-11,21,2198,U,78,X,2,3919.00
HOGAR-001188,ENHOGAR,2026-08-12,22,2299,R,85,NR,5,4056.00
HOGAR-001189,ENHOGAR,2026-08-13,01,0101,U,19,F,8,4193.00
HOGAR-001190,ENHOGAR,2026-08-14,02,0202,U,26,M,3,4330.00
HOGAR-001191,ENHOGAR,2026-08-15,03,0303,R,33,X,6,4467.00
HOGAR-001192,ENHOGAR,2026-08-16,04,0404,U,40,NR,1,4604.00
HOGAR-001193,ENHOGAR,2026-08-17,05,0505,U,47,F,4,4741.00
HOGAR-001194,ENHOGAR,2026-08-18,06,0606,R,54,M,7,4878.00
HOGAR-001195,ENHOGAR,2026-08-19,07,0707,U,61,X,2,5015.00
HOGAR-001196,ENHOGAR,2026-08-20,08,0808,U,68,NR,5,5152.00
HOGAR-001197,ENHOGAR,2026-08-21,09,0909,R,75,F,8,5289.00
HOGAR-001198,ENHOGAR,2026-08-22,10,1010,U,82,M,3,5426.00
HOGAR-001199,ENHOGAR,2026-08-23,11,1111,U,89,X,6,5563.00
HOGAR-001200,ENHOGAR,2026-08-24,12,1212,R,23,NR,1,5700.00
HOGAR-001201,ENHOGAR,2026-08-25,13,1313,U,30,F,4,5837.00
HOGAR-001202,ENHOGAR,2026-08-26,14,1414,U,37,M,7,5974.00
HOGAR-001203,ENHOGAR,2026-08-27,15,1515,R,44,X,2,6111.00
HOGAR-001204,ENHOGAR,2026-08-28,16,1616,U,51,NR,5,6248.00
HOGAR-001205,ENHOGAR,2026-08-01,17,1717,U,58,F,8,6385.00
HOGAR-001206,ENHOGAR,2026-08-02,18,1818,R,65,M,3,6522.00
HOGAR-001207,ENHOGAR,2026-08-03,19,1919,U,72,X,6,6659.00
HOGAR-001208,ENHOGAR,2026-08-04,20,2020,U,79,NR,1,6796.00
HOGAR-001209,ENHOGAR,2026-08-05,21,2121,R,86,F,4,6933.00
HOGAR-001210,ENHOGAR,2026-08-06,22,2222,U,20,M,7,7070.00
HOGAR-001211,ENHOGAR,2026-08-07,01,0123,U,27,X,2,7207.00
HOGAR-001212,ENHOGAR,2026-08-08,02,0224,R,34,NR,5,7344.00
HOGAR-001213,ENHOGAR,2026-08-09,03,0325,U,41,F,8,7481.00
HOGAR-001214,ENHOGAR,2026-08-10,04,0426,U,48,M,3,7618.00
HOGAR-001215,ENHOGAR,2026-08-11,05,0527,R,55,X,6,7755.00
HOGAR-001216,ENHOGAR,2026-08-12,06,0628,U,62,NR,1,7892.00
HOGAR-001217,ENHOGAR,2026-08-13,07,0729,U,69,F,4,8029.00
HOGAR-001218,ENHOGAR,2026-08-14,08,0830,R,76,M,7,8166.00
HOGAR-001219,ENHOGAR,2026-08-15,09,0931,U,83,X,2,8303.00
HOGAR-001220,ENHOGAR,2026-08-16,10,1032,U,90,NR,5,8440.00
HOGAR-001221,ENHOGAR,2026-08-17,11,1133,R,24,F,8,977.00
HOGAR-001222,ENHOGAR,2026-08-18,12,1234,U,31,M,3,1114.00
HOGAR-001223,ENHOGAR,2026-08-19,13,1335,U,38,X,6,1251.00
HOGAR-001224,ENHOGAR,2026-08-20,14,1436,R,45,NR,1,1388.00
HOGAR-001225,ENHOGAR,2026-08-21,15,1537,U,52,F,4,1525.00
HOGAR-001226,ENHOGAR,2026-08-22,16,1638,U,59,M,7,1662.00
HOGAR-001227,ENHOGAR,2026-08-23,17,1739,R,66,X,2,1799.00
HOGAR-001228,ENHOGAR,2026-08-24,18,1840,U,73,NR,5,1936.00
HOGAR-001229,ENHOGAR,2026-08-25,19,1941,U,80,F,8,2073.00
HOGAR-001230,ENHOGAR,2026-08-26,20,2042,R,87,M,3,2210.00
HOGAR-001231,ENHOGAR,2026-08-27,21,2143,U,21,X,6,2347.00
HOGAR-001232,ENHOGAR,2026-08-28,22,2244,U,28,NR,1,2484.00
HOGAR-001233,ENHOGAR,2026-08-01,01,0145,R,35,F,4,2621.00
HOGAR-001234,ENHOGAR,2026-08-02,02,0246,U,42,M,7,2758.00
HOGAR-001235,ENHOGAR,2026-08-03,03,0347,U,49,X,2,2895.00
HOGAR-001236,ENHOGAR,2026-08-04,04,0448,R,56,NR,5,3032.00
HOGAR-001237,ENHOGAR,2026-08-05,05,0549,U,63,F,8,3169.00
HOGAR-001238,ENHOGAR,2026-08-06,06,0650,U,70,M,3,3306.00
HOGAR-001239,ENHOGAR,2026-08-07,07,0751,R,77,X,6,3443.00
HOGAR-001240,ENHOGAR,2026-08-08,08,0852,U,84,NR,1,3580.00
HOGAR-001241,ENHOGAR,2026-08-09,09,0953,U,18,F,4,3717.00
HOGAR-001242,ENHOGAR,2026-08-10,10,1054,R,25,M,7,3854.00
HOGAR-001243,ENHOGAR,2026-08-11,11,1155,U,32,X,2,3991.00
HOGAR-001244,ENHOGAR,2026-08-12,12,1256,U,39,NR,5,4128.00
HOGAR-001245,ENHOGAR,2026-08-13,13,1357,R,46,F,8,4265.00
HOGAR-001246,ENHOGAR,2026-08-14,14,1458,U,53,M,3,4402.00
HOGAR-001247,ENHOGAR,2026-08-15,15,1559,U,60,X,6,4539.00
HOGAR-001248,ENHOGAR,2026-08-16,16,1660,R,67,NR,1,4676.00
HOGAR-001249,ENHOGAR,2026-08-17,17,1761,U,74,F,4,4813.00
HOGAR-001250,ENHOGAR,2026-08-18,18,1862,U,81,M,7,4950.00
HOGAR-001251,ENHOGAR,2026-08-19,19,1963,R,88,X,2,5087.00
HOGAR-001252,ENHOGAR,2026-08-20,20,2064,U,22,NR,5,5224.00
HOGAR-001253,ENHOGAR,2026-08-21,21,2165,U,29,F,8,5361.00
HOGAR-001254,ENHOGAR,2026-08-22,22,2266,R,36,M,3,5498.00
HOGAR-001255,ENHOGAR,2026-08-23,01,0167,U,43,X,6,5635.00
HOGAR-001256,ENHOGAR,2026-08-24,02,0268,U,50,NR,1, 5772.00 
HOGAR-001257,ENHOGAR,2027-01-01,03,0369,R,57,F,4,5909.00
HOGAR-001258,ENHOGAR,2026-08-26,04,0470,U,64,M,7,6046.00
HOGAR-001259,ENHOGAR,2026-08-27,05,0571,U,71,X,2,6183.00
HOGAR-001260,ENHOGAR,2026-08-28,06,0672,R,78,NR,5,6320.00
HOGAR-001261,ENHOGAR,2026-08-01,07,0773,U,85,F,8,6457.00
HOGAR-001262,ENHOGAR,2026-08-02,08,0874,U,19,M,3,6594.00
HOGAR-001263,ENHOGAR,2026-08-03,09,0975,R,26,X,6,6731.00
HOGAR-001264,ENHOGAR,2026-08-04,10,1076,U,33,NR,1,6868.00
HOGAR-001265,ENHOGAR,2026-08-05,11,1177,U,40,F,4,7005.00
HOGAR-001266,ENHOGAR,2026-08-06,12,1278,R,47,M,7,7142.00
HOGAR-001267,ENHOGAR,2026-08-07,13,1379,U,54,X,2,7279.00
HOGAR-001268,ENHOGAR,2026-08-08,14,1480,U,61,NR,5,7416.00
HOGAR-001269,ENHOGAR,2026-08-09,15,1581,R,68,F,8,7553.00
HOGAR-001270,ENHOGAR,2026-08-10,16,1682,U,75,M,3,7690.00
HOGAR-001271,ENHOGAR,2026-08-11,17,1783,U,82,X,6,7827.00
HOGAR-001272,ENHOGAR,2026-08-12,18,1884,R,89,NR,1,7964.00
HOGAR-001273,ENHOGAR,2026-08-13,19,1985,U,23,F,4,8101.00
HOGAR-001274,ENHOGAR,2026-08-14,20,2086,U,30,M,7,8238.00
HOGAR-001275,ENHOGAR,2026-08-15,21,2187,R,37,X,2,8375.00
HOGAR-001276,ENHOGAR,2026-08-16,22,2288,U,44,NR,5,912.00
HOGAR-001277,ENHOGAR,2026-08-17,01,0189,U,51,F,8,1049.00
HOGAR-001278,ENHOGAR,2026-08-18,02,0290,R,58,M,3,1186.00
HOGAR-001279,ENHOGAR,2026-08-19,03,0391,U,65,X,6,1323.00
HOGAR-001280,ENHOGAR,2026-08-20,04,0492,U,72,NR,1,1460.00
HOGAR-001281,ENHOGAR,2026-08-21,05,0593,R,79,F,4,1597.00
HOGAR-001282,ENHOGAR,2026-08-22,06,0694,U,86,M,0,1734.00
HOGAR-001283,ENHOGAR,2026-08-23,07,0795,U,20,X,2,1871.00
HOGAR-001284,ENHOGAR,2026-08-24,08,0896,R,27,NR,5,2008.00
HOGAR-001285,ENHOGAR,2026-08-25,09,0997,U,34,F,8,2145.00
HOGAR-001286,ENHOGAR,2026-08-26,10,1098,U,41,M,3,2282.00
HOGAR-001287,ENHOGAR,2026-08-27,11,1199,R,48,X,6,2419.00
HOGAR-001288,ENHOGAR,2026-08-28,12,1201,U,55,NR,1,2556.00
HOGAR-001289,ENHOGAR,2026-08-01,13,1302,U,62,F,4,2693.00
HOGAR-001290,ENHOGAR,2026-08-02,14,1403,R,69,M,7,2830.00
HOGAR-001291,ENHOGAR,2026-08-03,15,1504,U,76,X,2,2967.00
HOGAR-001292,ENHOGAR,2026-08-04,16,1605,U,83,NR,5,3104.00
HOGAR-001293,ENHOGAR,2026-08-05,17,1706,R,90,F,8,3241.00
HOGAR-001294,ENHOGAR,2026-08-06,18,1807,U,24,M,3,3378.00
HOGAR-001295,ENHOGAR,2026-08-07,19,1908,U,31,X,6,3515.00
HOGAR-001296,ENHOGAR,2026-08-08,20,2009,R,38,NR,1,3652.00
HOGAR-001297,ENHOGAR,2026-08-09,21,2110,U,45,F,4,3789.00
HOGAR-001298,ENHOGAR,2026-08-10,22,2211,U,52,M,7,3926.00
HOGAR-001299,ENHOGAR,2026-08-11,01,0112,R,59,X,2,4063.00
HOGAR-001300,ENHOGAR,2026-08-12,02,0213,U,66,NR,5,4200.00
HOGAR-001301,ENHOGAR,2026-08-13,03,0314,U,73,F,8,4337.00
HOGAR-001302,ENHOGAR,2026-08-14,04,0415,R,80,M,3,4474.00
HOGAR-001303,ENHOGAR,2026-08-15,05,0516,U,87,X,6,4611.00
HOGAR-001304,ENHOGAR,2026-08-16,06,0617,U,21,NR,1,4748.00
HOGAR-001305,ENHOGAR,2026-08-17,07,0718,R,28,F,4,4885.00
HOGAR-001306,ENHOGAR,2026-08-18,08,0819,U,35,M,7,5022.00
HOGAR-001307,ENHOGAR,2026-08-19,09,0920,U,42,X,2,5159.00
HOGAR-001308,ENHOGAR,2026-08-20,10,1021,R,49,NR,5,5296.00
HOGAR-001309,ENHOGAR,2026-08-21,11,1122,U,56,F,8,5433.00
HOGAR-001310,ENHOGAR,2026-08-22,12,1223,U,63,M,3,5570.00
HOGAR-001311,ENHOGAR,2026-08-23,13,1324,R,70,X,6,5707.00
HOGAR-001312,ENHOGAR,2026-08-24,14,1425,U,77,NR,1,5844.00
HOGAR-001313,ENHOGAR,2026-08-25,15,1526,U,84,F,4,5981.00
HOGAR-001314,ENHOGAR,2026-08-26,16,1627,R,18,M,7,6118.00
HOGAR-001315,ENHOGAR,2026-08-27,17,1728,U,25,X,2,6255.00
HOGAR-001316,ENHOGAR,2026-08-28,18,1829,U,32,NR,5,6392.00
HOGAR-001317,ENHOGAR,2026-08-01,19,1930,R,39,F,8,6529.00
HOGAR-001318,ENHOGAR,2026-08-02,20,2031,U,46,M,3,6666.00
HOGAR-001319,ENHOGAR,2026-08-03,21,2132,U,53,X,6,6803.00
HOGAR-001320,ENHOGAR,2026-08-04,22,2233,R,60,NR,1,6940.00
HOGAR-001321,ENHOGAR,2026-08-05,01,0134,U,67,F,4,7077.00
HOGAR-001322,ENHOGAR,2026-08-06,02,0235,U,74,M,7,7214.00
HOGAR-001323,ENHOGAR,2026-08-07,03,0336,R,81,X,2,7351.00
HOGAR-001324,ENHOGAR,2026-08-08,04,0437,U,88,NR,5,7488.00
HOGAR-001325,ENHOGAR,2026-08-09,05,0538,U,22,F,8,7625.00
HOGAR-001326,ENHOGAR,2026-08-10,06,0639,R,29,M,3,7762.00
HOGAR-001327,ENHOGAR,2026-08-11,07,0740,U,36,X,6,7899.00
HOGAR-001328,ENHOGAR,2026-08-12,08,0841,U,43,NR,1,8036.00
HOGAR-001329,ENHOGAR,2026-08-13,09,0942,R,50,F,4,8173.00
HOGAR-001330,ENHOGAR,2026-08-14,10,1043,U,57,M,7,8310.00
HOGAR-001331,ENHOGAR,2026-08-15,11,1144,U,64,X,2,8447.00
HOGAR-001332,ENHOGAR,2026-08-16,12,1245,R,71,NR,5,984.00
HOGAR-001333,ENHOGAR,2026-08-17,13,1346,U,78,F,8,1121.00
HOGAR-001334,ENHOGAR,2026-08-18,14,1447,U,85,M,3,1258.00
HOGAR-001335,ENHOGAR,2026-08-19,15,1548,R,19,X,6,1395.00
HOGAR-001336,ENHOGAR,2026-08-20,16,1649,U,26,NR,1,1532.00
HOGAR-001337,ENHOGAR,2026-08-21,17,1750,U,33,F,4,1669.00
HOGAR-001338,ENHOGAR,2026-08-22,18,1851,R,40,M,7,1806.00
HOGAR-001339,ENHOGAR,2026-08-23,19,1952,U,47,X,2,1943.00
HOGAR-001340,ENHOGAR,2026-08-24,20,2053,U,54,NR,5,2080.00
HOGAR-001341,ENHOGAR,2026-08-25,21,2154,R,61,F,8,2217.00
HOGAR-001342,ENHOGAR,2026-08-26,22,2255,U,68,M,3,2354.00
HOGAR-001343,ENHOGAR,2026-08-27,01,0156,U,75,X,6,2491.00
HOGAR-001344,ENHOGAR,2026-08-28,02,0257,R,82,NR,1,2628.00
HOGAR-001345,ENHOGAR,2026-08-01,03,0358,U,89,F,4,2765.00
HOGAR-001346,ENHOGAR,2026-08-02,04,0459,U,23,M,7,2902.00
HOGAR-001347,ENHOGAR,2026-08-03,05,0560,R,30,X,2,3039.00
HOGAR-001348,ENHOGAR,2026-08-04,06,0661,U,37,NR,5,3176.00
HOGAR-001349,ENHOGAR,2026-08-05,07,0762,U,44,F,8,3313.00
HOGAR-001350,ENHOGAR,2026-08-06,08,0863,R,51,M,3,3450.00
HOGAR-001351,ENHOGAR,2026-08-07,09,0964,U,58,X,6,3587.00
HOGAR-001352,ENHOGAR,2026-08-08,10,1065,U,65,NR,1,3724.00
HOGAR-001353,ENHOGAR,2026-08-09,11,1166,R,72,F,4,3861.00
HOGAR-001354,ENHOGAR,2026-08-10,12,1267,U,79,M,7,3998.00
HOGAR-001355,ENHOGAR,2026-08-11,13,1368,U,86,X,2,4135.00
HOGAR-001356,ENHOGAR,2026-08-12,14,1469,R,20,NR,5,4272.00
HOGAR-001357,ENHOGAR,2026-08-13,15,1570,U,27,F,8,4409.00
HOGAR-001358,ENHOGAR,2026-08-14,16,1671,U,34,M,3,4546.00
HOGAR-001359,ENHOGAR,2026-08-15,17,1772,R,41,X,6,4683.00
HOGAR-001360,ENHOGAR,2026-08-16,18,1873,U,48,NR,1,4820.00
HOGAR-001361,ENHOGAR,2026-08-17,19,1974,U,55,F,4,4957.00
HOGAR-001362,ENHOGAR,2026-08-18,20,2075,R,62,M,7,5094.00
HOGAR-001363,ENHOGAR,2026-08-19,21,2176,U,69,X,2,5231.00
HOGAR-001364,ENHOGAR,2026-08-20,22,2277,U,76,NR,5,5368.00
HOGAR-001365,ENHOGAR,2026-08-21,01,0178,R,83,F,8,5505.00
HOGAR-001366,ENHOGAR,2026-08-22,02,0279,U,90,M,3,5642.00
HOGAR-001367,ENHOGAR,2026-08-23,03,0380,U,24,X,6,5779.00
HOGAR-001368,ENHOGAR,2026-08-24,04,0481,R,31,NR,1,5916.00
HOGAR-001369,ENHOGAR,2026-08-25,05,0582,U,38,F,4,6053.00
HOGAR-001370,ENHOGAR,2026-08-26,06,0683,U,45,M,7,6190.00
HOGAR-001371,ENHOGAR,2026-08-27,07,0784,R,52,X,2,6327.00
HOGAR-001372,ENHOGAR,2026-08-28,08,0885,U,59,NR,5,6464.00
HOGAR-001373,ENHOGAR,2026-08-01,09,0986,U,66,F,8,6601.00
HOGAR-001374,ENHOGAR,2026-08-02,10,1087,R,73,M,3,6738.00
HOGAR-001375,ENHOGAR,2026-08-03,11,1188,U,80,X,6,6875.00
HOGAR-001376,ENHOGAR,2026-08-04,12,1289,U,87,NR,1,7012.00
HOGAR-001377,ENHOGAR,2026-08-05,13,1390,R,21,F,4,7149.00
HOGAR-001378,ENHOGAR,2026-08-06,14,1491,U,28,M,7,7286.00
HOGAR-001379,ENHOGAR,2026-08-07,15,1592,U,35,X,2,7423.00
HOGAR-001380,ENHOGAR,2026-08-08,16,1693,R,42,NR,5,7560.00
HOGAR-001381,ENHOGAR,2026-08-09,17,1794,U,49,F,8,7697.00
HOGAR-001382,ENHOGAR,2026-08-10,18,1895,U,56,M,3,7834.00
HOGAR-001383,ENHOGAR,2026-08-11,19,1996,R,63,X,6,7971.00
HOGAR-001384,ENHOGAR,2026-08-12,20,2097,U,70,NR,1,8108.00
HOGAR-001385,ENHOGAR,2026-08-13,21,2198,U,77,F,4,8245.00
HOGAR-001386,ENHOGAR,2026-08-14,22,2299,R,84,M,7,8382.00
HOGAR-001387,ENHOGAR,2026-08-15,01,0101,U,18,X,2,919.00
HOGAR-001388,ENHOGAR,2026-08-16,02,0202,U,25,NR,5,1056.00
HOGAR-001389,ENHOGAR,2026-08-17,03,0303,R,32,F,8,1193.00
HOGAR-001390,ENHOGAR,2026-08-18,04,0404,U,39,M,3,1330.00
HOGAR-001391,ENHOGAR,2026-08-19,05,0505,U,46,X,6,1467.00
HOGAR-001392,ENHOGAR,2026-08-20,06,0606,R,53,NR,1,1604.00
HOGAR-001393,ENHOGAR,2026-08-21,07,0707,U,60,F,4,1741.00
HOGAR-001394,ENHOGAR,2026-08-22,08,0808,U,67,M,7,1878.00
HOGAR-001395,ENHOGAR,2026-08-23,09,0909,R,74,X,2,2015.00
HOGAR-001396,ENHOGAR,2026-08-24,10,1010,U,81,NR,5,2152.00
HOGAR-001397,ENHOGAR,2026-08-25,11,1111,U,88,F,8,2289.00
HOGAR-001398,ENHOGAR,2026-08-26,12,1212,R,22,M,3,2426.00
HOGAR-001399,ENHOGAR,2026-08-27,13,1313,U,29,X,6,2563.00
HOGAR-001400,ENHOGAR,2026-08-28,14,1414,U,36,NR,1,2700.00
HOGAR-001401,ENHOGAR,2026-08-01,15,1515,R,43,F,4,2837.00
HOGAR-001402,ENHOGAR,2026-08-02,16,1616,U,50,M,7,2974.00
HOGAR-001403,ENHOGAR,2026-08-03,17,1717,U,57,X,2,3111.00
HOGAR-001404,ENHOGAR,2026-08-04,18,1818,R,64,NR,5,3248.00
HOGAR-001405,ENHOGAR,2026-08-05,19,1919,U,71,F,8,3385.00
HOGAR-001406,ENHOGAR,2026-08-06,20,2020,U,78,M,3,3522.00
HOGAR-001407,ENHOGAR,2026-08-07,21,2121,R,85,X,6,3659.00
HOGAR-001408,ENHOGAR,2026-08-08,22,2222,U,19,NR,1,3796.00
HOGAR-001409,ENHOGAR,2026-08-09,01,0123,U,26,F,4,3933.00
HOGAR-001410,ENHOGAR,2026-08-10,02,0224,R,33,M,7,4070.00
HOGAR-001411,ENHOGAR,2026-08-11,03,0325,U,40,X,2,4207.00
HOGAR-001412,ENHOGAR,2026-08-12,04,0426,U,47,NR,5,4344.00
HOGAR-001413,ENHOGAR,2026-08-13,05,0527,R,54,F,8, 4481.00 
HOGAR-001414,ENHOGAR,2026-08-14,06,0628,U,61,M,3,4618.00
HOGAR-001415,ENHOGAR,2026-08-15,07,0729,U,68,X,6,4755.00
HOGAR-001416,ENHOGAR,2026-08-16,08,0830,R,75,NR,1,4892.00
HOGAR-001417,ENHOGAR,2026-08-17,09,0931,U,82,F,4,5029.00
HOGAR-001418,ENHOGAR,2026-08-18,10,1032,U,89,M,7,5166.00
HOGAR-001419,ENHOGAR,2026-08-19,11,1133,R,23,X,2,5303.00
HOGAR-001420,ENHOGAR,2026-08-20,12,1234,U,30,NR,5,5440.00
HOGAR-001421,ENHOGAR,2026-08-21,13,1335,U,37,F,8,5577.00
HOGAR-001422,ENHOGAR,2026-08-22,14,1436,R,44,M,3,5714.00
HOGAR-001423,ENHOGAR,2026-08-23,15,1537,U,51,X,6,5851.00
HOGAR-001424,ENHOGAR,2026-08-24,16,1638,U,58,NR,1,5988.00
HOGAR-001425,ENHOGAR,2026-08-25,17,1739,R,65,F,4,6125.00
HOGAR-001426,ENHOGAR,2026-08-26,18,1840,U,72,M,7,6262.00
HOGAR-001427,ENHOGAR,2026-08-27,19,1941,U,79,X,2,6399.00
HOGAR-001428,ENHOGAR,2026-08-28,20,2042,R,86,NR,5,6536.00
HOGAR-001429,ENHOGAR,2026-08-01,21,2143,U,20,F,8,6673.00
HOGAR-001430,ENHOGAR,2026-08-02,22,2244,U,27,M,3,6810.00
HOGAR-001431,ENHOGAR,2026-08-03,01,0145,R,34,X,6,6947.00
HOGAR-001432,ENHOGAR,2026-08-04,02,0246,U,41,NR,1,7084.00
HOGAR-001433,ENHOGAR,2026-08-05,03,0347,U,48,F,4,7221.00
HOGAR-001434,ENHOGAR,2026-08-06,04,0448,R,55,M,7,7358.00
HOGAR-001435,ENHOGAR,2026-08-07,05,0549,U,62,X,2,7495.00
HOGAR-001436,ENHOGAR,2026-08-08,06,0650,U,69,NR,5,7632.00
HOGAR-001437,ENHOGAR,2026-08-09,07,0751,R,76,F,8,7769.00
HOGAR-001438,ENHOGAR,2026-08-10,08,0852,U,83,M,3,7906.00
HOGAR-001439,ENHOGAR,2026-08-11,09,0953,U,90,X,6,8043.00
HOGAR-001440,ENHOGAR,2026-08-12,10,1054,R,24,NR,1,8180.00
HOGAR-001441,ENHOGAR,2026-08-13,11,1155,U,31,F,4,8317.00
HOGAR-001442,ENHOGAR,2026-08-14,12,1256,U,38,M,7,8454.00
HOGAR-001443,ENHOGAR,2026-08-15,13,1357,R,45,X,2,991.00
HOGAR-001444,ENHOGAR,2026-08-16,14,1458,U,52,NR,5,1128.00
HOGAR-001445,ENHOGAR,2026-08-17,15,1559,U,59,F,8,1265.00
HOGAR-001446,ENHOGAR,2026-08-18,16,1660,R,66,M,3,1402.00
HOGAR-001447,ENHOGAR,2026-08-19,17,1761,U,73,X,6,1539.00
HOGAR-001448,ENHOGAR,2026-08-20,18,1862,U,80,NR,1,1676.00
HOGAR-001449,ENHOGAR,2026-08-21,19,1963,R,87,F,4,1813.00
HOGAR-001450,ENHOGAR,2026-08-22,20,2064,U,21,M,7,1950.00
HOGAR-001451,ENHOGAR,2026-08-23,21,2165,U,28,X,2,2087.00
HOGAR-001452,ENHOGAR,2026-08-24,22,2266,R,35,NR,5,2224.00
HOGAR-001453,ENHOGAR,2026-08-25,01,0167,U,42,F,8,2361.00
HOGAR-001454,ENHOGAR,2026-08-26,02,0268,U,49,M,3,2498.00
HOGAR-001455,ENHOGAR,2026-08-27,03,0369,R,56,X,6,2635.00
HOGAR-001456,ENHOGAR,2026-08-28,04,0470,U,63,NR,1,2772.00
HOGAR-001457,ENHOGAR,2026-08-01,05,0571,U,70,F,4,2909.00
HOGAR-001458,ENHOGAR,2026-08-02,06,0672,R,77,M,7,3046.00
HOGAR-001459,ENHOGAR,2026-08-03,07,0773,U,84,X,2,3183.00
HOGAR-001460,ENHOGAR,2026-08-04,08,0874,U,18,NR,5,3320.00
HOGAR-001461,ENHOGAR,2026-08-05,09,0975,R,25,F,8,3457.00
HOGAR-001462,ENHOGAR,2026-08-06,10,1076,U,32,M,3,3594.00
HOGAR-001463,ENHOGAR,2026-08-07,11,1177,U,39,X,6,3731.00
HOGAR-001464,ENHOGAR,2026-08-08,12,1278,R,46,NR,1,3868.00
HOGAR-001465,,2026-08-09,13,1379,U,53,F,4,4005.00
HOGAR-001466,ENHOGAR,2026-08-10,14,1480,U,60,Z,7,4142.00
HOGAR-001467,ENHOGAR,2026-08-11,15,1581,R,67,X,2,4279.00
HOGAR/001468,ENHOGAR,2026-08-12,16,1682,U,74,NR,5,4416.00
HOGAR-001469,ENHOGAR,2026-08-13,17,1783,U,81,F,8,4553.00
HOGAR-001470,ENHOGAR,2026-08-14,18,1884,R,88,M,3,4690.00
HOGAR-001471,ENHOGAR,2026-08-15,19,1985,U,22,X,6,4827.00
HOGAR-001472,ENHOGAR,2026-08-16,20,2086,U,29,NR,1,4964.00
HOGAR-001473,ENHOGAR,2026-08-17,21,2187,R,36,F,4,5101.00
HOGAR-001474,ENHOGAR,2026-08-18,22,2288,U,43,M,7,5238.00
HOGAR-001475,ENHOGAR,2026-08-19,01,0189,U,50,X,2,5375.00
HOGAR-001476,ENHOGAR,2026-08-20,02,0290,R,57,NR,5,5512.00
HOGAR-001477,ENHOGAR,2026-08-21,03,0391,U,64,F,8,5649.00
HOGAR-001478,ENHOGAR,2026-08-22,04,0492,U,71,M,3,5786.00
HOGAR-001479,ENHOGAR,2026-08-23,05,0593,R,78,X,6,5923.00
HOGAR-001480,ENHOGAR,2026-08-24,06,0694,U,85,NR,1,6060.00
HOGAR-001481,ENHOGAR,2026-08-25,07,0795,U,19,F,4,6197.00
HOGAR-001482,ENHOGAR,2026-08-26,08,0896,R,26,M,7,6334.00
HOGAR-001483,ENHOGAR,2026-08-27,09,0997,U,33,X,2,6471.00
HOGAR-001484,ENHOGAR,2026-08-28,10,1098,U,40,NR,5,6608.00
HOGAR-001485,ENHOGAR,2026-08-01,11,1199,R,47,F,8,6745.00
HOGAR-001486,ENHOGAR,2026-08-02,12,1201,U,54,M,3,6882.00
HOGAR-001487,ENHOGAR,2026-08-03,13,1302,U,61,X,6,7019.00
HOGAR-001488,ENHOGAR,2026-08-04,14,1403,R,68,NR,1,7156.00
HOGAR-001489,ENHOGAR,2026-08-05,15,1504,U,75,F,4,7293.00
HOGAR-001490,ENHOGAR,2026-08-06,16,1605,U,82,M,7,7430.00
HOGAR-001491,ENHOGAR,2026-08-07,17,1706,R,89,X,2,7567.00
HOGAR-001492,ENHOGAR,2026-08-08,18,1807,U,23,NR,5,7704.00
HOGAR-001493,ENHOGAR,2026-08-09,19,1908,U,30,F,8,7841.00
HOGAR-001494,ENHOGAR,2026-08-10,20,2009,R,37,M,3,7978.00
HOGAR-001495,ENHOGAR,2026-08-11,21,2110,U,44,X,6,8115.00
HOGAR-001496,ENHOGAR,2026-08-12,22,2211,U,51,NR,1,8252.00
HOGAR-001497,ENHOGAR,2026-08-13,01,0112,R,58,F,4,8389.00
HOGAR-001498,ENHOGAR,2026-08-14,02,0213,U,65,M,7,926.00
HOGAR-001499,ENHOGAR,2026-08-15,03,0314,U,72,X,2,1063.00
HOGAR-001500,ENHOGAR,2026-08-16,04,0415,R,79,NR,5,1200.00
HOGAR-001501,ENHOGAR,2026-08-17,05,0516,U,86,F,8,1337.00
HOGAR-001502,ENHOGAR,2026-08-18,06,0617,U,20,M,3,1474.00
HOGAR-001503,ENHOGAR,2026-08-19,07,0718,R,27,X,6,1611.00
HOGAR-001504,ENHOGAR,2026-08-20,08,0819,U,34,NR,1,1748.00
HOGAR-001505,ENHOGAR,2026-08-21,09,0920,U,41,F,4,1885.00
HOGAR-001506,ENHOGAR,2026-08-22,10,1021,R,48,M,7,2022.00
HOGAR-001507,ENHOGAR,2026-08-23,11,1122,U,55,X,2,2159.00
HOGAR-001508,ENHOGAR,2026-08-24,12,1223,U,62,NR,5,2296.00
HOGAR-001509,ENHOGAR,2026-08-25,13,1324,R,69,F,8,-25.00
HOGAR-001510,ENHOGAR,2026-08-26,14,1425,U,76,M,3,2570.00
HOGAR-001511,ENHOGAR,2026-08-27,15,1526,U,83,X,6,2707.00
HOGAR-001512,ENHOGAR,2026-08-28,16,1627,R,90,NR,1,2844.00
HOGAR-001513,ENHOGAR,2026-08-01,17,1728,U,24,F,4,2981.00
HOGAR-001514,ENHOGAR,2026-08-02,18,1829,U,31,M,7,3118.00
HOGAR-001515,ENHOGAR,2026-08-03,19,1930,R,38,X,2,3255.00
HOGAR-001516,ENHOGAR,2026-08-04,20,2031,U,45,NR,5,3392.00
HOGAR-001517,ENHOGAR,2026-08-05,21,2132,U,52,F,8,3529.00
HOGAR-001518,ENHOGAR,2026-08-06,22,2233,R,59,M,3,3666.00
HOGAR-001519,ENHOGAR,2026-08-07,01,0134,U,66,X,6,3803.00
HOGAR-001520,ENHOGAR,2026-08-08,02,0235,U,73,NR,1,3940.00
HOGAR-001521,ENHOGAR,2026-08-09,03,0336,R,80,F,4,4077.00
HOGAR-001522,ENHOGAR,2026-08-10,04,0437,U,87,M,7,4214.00
HOGAR-001523,ENHOGAR,2026-08-11,05,0538,U,21,X,2,4351.00
HOGAR-001524,ENHOGAR,2026-08-12,06,0639,R,28,NR,5,4488.00
HOGAR-001525,ENHOGAR,2026-08-13,07,0740,U,35,F,8,4625.00
HOGAR-001526,ENHOGAR,2026-08-14,08,0841,U,42,M,3,4762.00
HOGAR-001527,ENHOGAR,2026-08-15,09,0942,R,49,X,6,4899.00
HOGAR-001528,ENHOGAR,2026-08-16,10,1043,U,56,NR,1,5036.00
HOGAR-001529,ENHOGAR,2026-08-17,11,1144,U,63,F,4,5173.00
HOGAR-001530,ENHOGAR,2026-08-18,12,1245,R,70,M,7,5310.00
HOGAR-001531,ENHOGAR,2026-08-19,13,1346,U,77,X,2,5447.00
HOGAR-001532,ENHOGAR,2026-08-20,14,1447,U,84,NR,5,5584.00
HOGAR-001533,ENHOGAR,2026-08-21,15,1548,R,18,F,8,5721.00
HOGAR-001534,ENHOGAR,2026-08-22,16,1649,U,25,M,3,5858.00
HOGAR-001535,ENHOGAR,2026-08-23,17,1750,U,32,X,6,5995.00
HOGAR-001536,ENHOGAR,2026-08-24,18,1851,R,39,NR,1,6132.00
HOGAR-001537,ENHOGAR,2026-08-25,19,1952,U,46,F,4,6269.00
HOGAR-001538,ENHOGAR,2026-08-26,20,2053,U,53,M,7,6406.00
HOGAR-001539,ENHOGAR,2026-08-27,21,2154,R,60,X,2,6543.00
HOGAR-001540,ENHOGAR,2026-08-28,22,2255,U,67,NR,5,6680.00
HOGAR-001541,ENHOGAR,2026-08-01,01,0156,U,74,F,8,6817.00
HOGAR-001542,ENHOGAR,2026-08-02,02,0257,R,81,M,3,6954.00
HOGAR-001543,ENHOGAR,2026-08-03,03,0358,U,88,X,6,7091.00
HOGAR-001544,ENHOGAR,2026-08-04,04,0459,U,22,NR,1,7228.00
HOGAR-001545,ENHOGAR,2026-08-05,05,0560,R,29,F,4,7365.00
HOGAR-001546,ENHOGAR,2026-08-06,06,0661,U,36,M,7,7502.00
HOGAR-001547,ENHOGAR,2026-08-07,07,0762,U,43,X,2,7639.00
HOGAR-001548,ENHOGAR,2026-08-08,08,0863,R,50,NR,5,7776.00
HOGAR-001549,ENHOGAR,2026-08-09,09,0964,U,57,F,8,7913.00
HOGAR-001550,ENHOGAR,2026-08-10,10,1065,U,64,M,3,8050.00
HOGAR-001551,ENHOGAR,2026-08-11,11,1166,R,71,X,6,8187.00
HOGAR-001552,ENHOGAR,2026-08-12,12,1267,U,78,NR,1,8324.00
HOGAR-001553,ENHOGAR,2026-08-13,13,1368,U,85,F,4,8461.00
HOGAR-000001,ENHOGAR,2026-08-14,14,1469,R,19,M,7,998.00
HOGAR-001555,ENHOGAR,2026-08-15,15,1570,U,26,X,2,1135.00
HOGAR-001556,ENHOGAR,2026-08-16,16,1671,U,33,NR,5,1272.00
HOGAR-001557,ENHOGAR,2026-08-17,17,1772,R,40,F,8,1409.00
HOGAR-001558,ENHOGAR,2026-08-18,18,1873,U,47,M,3,1546.00
HOGAR-001559,ENHOGAR,2026-08-19,19,1974,U,54,X,6,1683.00
HOGAR-001560,ENHOGAR,2026-08-20,20,2075,R,61,NR,1,1820.00
HOGAR-001561,ENHOGAR,2026-08-21,21,2176,U,68,F,4,1957.00
HOGAR-001562,ENHOGAR,2026-08-22,22,2277,U,75,M,7,2094.00
HOGAR-001563,ENHOGAR,2026-08-23,01,0178,R,82,X,2,2231.00
HOGAR-001564,ENHOGAR,2026-08-24,02,0279,U,89,NR,5,2368.00
HOGAR-001565,ENHOGAR,2026-08-25,03,0380,U,23,F,8,2505.00
HOGAR-001566,ENHOGAR,2026-08-26,04,0481,R,30,M,3,2642.00
HOGAR-001567,ENHOGAR,2026-08-27,05,0582,U,37,X,6,2779.00
HOGAR-001568,ENHOGAR,2026-08-28,06,0683,U,44,NR,1,2916.00
HOGAR-001569,ENHOGAR,2026-08-01,07,0784,R,51,F,4,3053.00
HOGAR-001570,ENHOGAR,2026-08-02,08,0885,U,58,M,7, 3190.00 
HOGAR-001571,ENHOGAR,2026-08-03,09,0986,U,65,X,2,3327.00
HOGAR-001572,ENHOGAR,2026-08-04,10,1087,R,72,NR,5,3464.00
HOGAR-001573,ENHOGAR,2026-08-05,11,1188,U,79,F,8,3601.00
HOGAR-001574,ENHOGAR,2026-08-06,12,1289,U,86,M,3,3738.00
HOGAR-001575,ENHOGAR,2026-08-07,13,1390,R,20,X,6,3875.00
HOGAR-001576,ENHOGAR,2026-08-08,14,1491,U,27,NR,1,4012.00
HOGAR-001577,ENHOGAR,2026-08-09,15,1592,U,34,F,4,4149.00
HOGAR-001578,ENHOGAR,2026-08-10,16,1693,R,41,M,7,4286.00
HOGAR-001579,ENHOGAR,2026-08-11,17,1794,U,48,X,2,4423.00
HOGAR-001580,ENHOGAR,2026-08-12,18,1895,U,55,NR,5,4560.00
HOGAR-001581,ENHOGAR,2026-08-13,19,1996,R,62,F,8,4697.00
HOGAR-001582,ENHOGAR,2026-08-14,20,2097,U,69,M,3,4834.00
HOGAR-001583,ENHOGAR,2026-08-15,21,2198,U,76,X,6,4971.00
HOGAR-001584,ENHOGAR,2026-08-16,22,2299,R,83,NR,1,5108.00
HOGAR-001585,ENHOGAR,2026-08-17,01,0101,U,90,F,4,5245.00
HOGAR-001586,ENHOGAR,2026-08-18,02,0202,U,24,M,7,5382.00
HOGAR-001587,ENHOGAR,2026-08-19,03,0303,R,31,X,2,5519.00
HOGAR-001588,ENHOGAR,2026-08-20,04,0404,U,38,NR,5,5656.00
HOGAR-001589,ENHOGAR,2026-08-21,05,0505,U,45,F,8,5793.00
HOGAR-001590,ENHOGAR,2026-08-22,06,0606,R,52,M,3,5930.00
HOGAR-001591,ENHOGAR,2026-08-23,07,0707,U,59,X,6,6067.00
HOGAR-001592,ENHOGAR,2026-08-24,08,0808,U,66,NR,1,6204.00
HOGAR-001593,ENHOGAR,2026-08-25,09,0909,R,73,F,4,6341.00
HOGAR-001594,ENHOGAR,2026-08-26,10,1010,U,80,M,7,6478.00
HOGAR-001595,ENHOGAR,2026-08-27,11,1111,U,87,X,2,6615.00
HOGAR-001596,ENHOGAR,2026-08-28,12,1212,R,21,NR,5,6752.00
HOGAR-001597,ENHOGAR,2026-08-01,13,1313,U,28,F,8,6889.00
HOGAR-001598,ENHOGAR,2026-08-02,14,1414,U,35,M,3,7026.00
HOGAR-001599,ENHOGAR,2026-08-03,15,1515,R,42,X,6,7163.00
HOGAR-001600,ENHOGAR,2026-08-04,16,1616,U,49,NR,1,7300.00
HOGAR-001601,ENHOGAR,2026-08-05,17,1717,U,56,F,4,7437.00
HOGAR-001602,ENHOGAR,2026-08-06,18,1818,R,63,M,7,7574.00
HOGAR-001603,ENHOGAR,2026-08-07,19,1919,U,70,X,2,7711.00
HOGAR-001604,ENHOGAR,2026-08-08,20,2020,U,77,NR,5,7848.00
HOGAR-001605,ENHOGAR,2026-08-09,21,2121,R,84,F,8,7985.00
HOGAR-001606,ENHOGAR,2026-08-10,22,2222,U,18,M,3,8122.00
HOGAR-001607,ENHOGAR,2026-08-11,01,0123,U,25,X,6,8259.00
HOGAR-001608,ENHOGAR,2026-08-12,02,0224,R,32,NR,1,8396.00
HOGAR-001609,ENHOGAR,2026-08-13,03,0325,U,39,F,4,933.00
HOGAR-001610,ENHOGAR,2026-08-14,04,0426,U,46,M,7,1070.00
HOGAR-001611,ENHOGAR,2026-08-15,05,0527,R,53,X,2,1207.00
HOGAR-001612,ENHOGAR,2026-08-16,06,0628,U,60,NR,5,1344.00
HOGAR-001613,ENHOGAR,2026-08-17,07,0729,U,67,F,8,1481.00
HOGAR-001614,ENHOGAR,2026-08-18,08,0830,R,74,M,3,1618.00
HOGAR-001615,ENHOGAR,2026-08-19,09,0931,U,81,X,6,1755.00
HOGAR-001616,ENHOGAR,2026-08-20,10,1032,U,88,NR,1,1892.00
HOGAR-001617,ENHOGAR,2026-08-21,11,1133,R,22,F,4,2029.00
HOGAR-001618,ENHOGAR,2026-08-22,12,1234,U,29,M,7,2166.00
HOGAR-001619,ENHOGAR,2026-08-23,13,1335,U,36,X,2,2303.00
HOGAR-001620,ENHOGAR,2026-08-24,14,1436,R,43,NR,5,2440.00
HOGAR-001621,ENHOGAR,2026-08-25,15,1537,U,50,F,8,2577.00
HOGAR-001622,ENHOGAR,2026-08-26,16,1638,U,57,M,3,2714.00
HOGAR-001623,ENHOGAR,2026-08-27,17,1739,R,64,X,6,2851.00
HOGAR-001624,ENHOGAR,2026-08-28,18,1840,U,71,NR,1,2988.00
HOGAR-001625,ENHOGAR,2026-08-01,19,1941,U,78,F,4,3125.00
HOGAR-001626,ENHOGAR,2026-08-02,20,2042,R,85,M,7,3262.00
HOGAR-001627,ENHOGAR,2026-08-03,21,2143,U,19,X,2,3399.00
HOGAR-001628,ENHOGAR,2026-08-04,22,2244,U,26,NR,5,3536.00
HOGAR-001629,ENHOGAR,2026-08-05,01,0145,R,33,F,8,3673.00
HOGAR-001630,ENHOGAR,2026-08-06,02,0246,U,40,M,3,3810.00
HOGAR-001631,ENHOGAR,2026-08-07,03,0347,U,47,X,6,3947.00
HOGAR-001632,ENHOGAR,2026-08-08,04,0448,R,54,NR,1,4084.00
HOGAR-001633,ENHOGAR,2026-08-09,05,0549,U,61,F,4,4221.00
HOGAR-001634,ENHOGAR,2026-08-10,06,0650,U,68,M,7,4358.00
HOGAR-001635,ENHOGAR,2026-08-11,07,0751,R,75,X,2,4495.00
HOGAR-001636,ENHOGAR,2026-08-12,08,0852,U,82,NR,5,4632.00
HOGAR-001637,ENHOGAR,2026-08-13,09,0953,U,89,F,8,4769.00
HOGAR-001638,ENHOGAR,2026-08-14,10,1054,R,23,M,3,4906.00
HOGAR-001639,ENHOGAR,2026-08-15,11,1155,U,30,X,6,5043.00
HOGAR-001640,ENHOGAR,2026-08-16,12,1256,U,37,NR,1,5180.00
HOGAR-001641,ENHOGAR,2026-08-17,13,1357,R,44,F,4,5317.00
HOGAR-001642,ENHOGAR,2026-08-18,14,1458,U,51,M,7,5454.00
HOGAR-001643,ENHOGAR,2026-08-19,15,1559,U,58,X,2,5591.00
HOGAR-001644,ENHOGAR,2026-08-20,16,1660,R,65,NR,5,5728.00
HOGAR-001645,ENHOGAR,2026-08-21,17,1761,U,72,F,8,5865.00
HOGAR-001646,ENHOGAR,2026-08-22,18,1862,U,79,M,3,6002.00
HOGAR-001647,ENHOGAR,2026-08-23,19,1963,R,86,X,6,6139.00
HOGAR-001648,ENHOGAR,2026-08-24,20,2064,U,20,NR,1,6276.00
HOGAR-001649,ENHOGAR,2026-08-25,21,2165,U,27,F,4,6413.00
HOGAR-001650,ENHOGAR,2026-08-26,22,2266,R,34,M,7,6550.00
HOGAR-001651,ENHOGAR,2026-08-27,01,0167,U,41,X,2,6687.00
HOGAR-001652,ENHOGAR,2026-08-28,02,0268,U,48,NR,5,6824.00
HOGAR-001653,ENHOGAR,2026-08-01,03,0369,R,55,F,8,6961.00
HOGAR-001654,ENHOGAR,2026-08-02,04,0470,U,62,M,3,7098.00
HOGAR-001655,ENHOGAR,2026-08-03,05,0571,U,69,X,6,7235.00
HOGAR-001656,ENHOGAR,2026-08-04,06,0672,R,76,NR,1,7372.00
HOGAR-001657,ENHOGAR,2026-08-05,07,0773,U,83,F,4,7509.00
HOGAR-001658,ENHOGAR,2026-08-06,08,0874,U,90,M,7,7646.00
HOGAR-001659,ENHOGAR,2026-08-07,09,0975,R,24,X,2,7783.00
HOGAR-001660,ENHOGAR,2026-08-08,10,1076,U,31,NR,5,7920.00
HOGAR-001661,ENHOGAR,2026-08-09,11,1177,U,38,F,8,8057.00
HOGAR-001662,ENHOGAR,2026-08-10,12,1278,R,45,M,3,8194.00
HOGAR-001663,ENHOGAR,2026-08-11,13,1379,U,52,X,6,8331.00
HOGAR-001664,ENHOGAR,2026-08-12,14,1480,U,59,NR,1,8468.00
HOGAR-001665,ENHOGAR,2026-08-13,15,1581,R,66,F,4,1005.00
HOGAR-001666,ENHOGAR,2026-08-14,16,1682,U,73,M,7,1142.00
HOGAR-001667,ENHOGAR,2026-08-15,17,1783,U,80,X,2,1279.00
HOGAR-001668,ENHOGAR,2026-08-16,18,1884,R,87,NR,5,1416.00
HOGAR-001669,ENHOGAR,2026-08-17,19,1985,U,21,F,8,1553.00
HOGAR-001670,ENHOGAR,2026-08-18,20,2086,U,28,M,3,1690.00
HOGAR-001671,ENHOGAR,2026-08-19,21,2187,R,35,X,6,1827.00
HOGAR-001672,ENHOGAR,2026-08-20,22,2288,U,42,NR,1,1964.00
HOGAR-001673,ENHOGAR,2026-08-21,01,0189,U,49,F,4,2101.00
HOGAR-001674,ENHOGAR,2026-08-22,02,0290,R,56,M,7,2238.00
HOGAR-001675,ENHOGAR,2026-08-23,03,0391,U,63,X,2,2375.00
HOGAR-001676,ENHOGAR,2027-01-01,04,0492,U,70,NR,5,2512.00
HOGAR-001677,ENHOGAR,2026-08-25,05,0593,R,77,F,8,2649.00
HOGAR-001678,ENHOGAR,2026-08-26,06,0694,U,84,M,3,2786.00
HOGAR-001679,ENHOGAR,2026-08-27,07,0795,U,18,X,6,2923.00
HOGAR-001680,ENHOGAR,2026-08-28,08,0896,R,25,NR,1,3060.00
HOGAR-001681,ENHOGAR,2026-08-01,09,0997,U,32,F,4,3197.00
HOGAR-001682,ENHOGAR,2026-08-02,10,1098,U,39,M,7,3334.00
HOGAR-001683,ENHOGAR,2026-08-03,11,1199,R,46,X,2,3471.00
HOGAR-001684,ENHOGAR,2026-08-04,12,1201,U,53,NR,5,3608.00
HOGAR-001685,ENHOGAR,2026-08-05,13,1302,U,60,F,8,3745.00
HOGAR-001686,ENHOGAR,2026-08-06,14,1403,R,67,M,3,3882.00
HOGAR-001687,ENHOGAR,2026-08-07,15,1504,U,74,X,6,4019.00
HOGAR-001688,ENHOGAR,2026-08-08,16,1605,U,81,NR,1,4156.00
HOGAR-001689,ENHOGAR,2026-08-09,17,1706,R,88,F,4,4293.00
HOGAR-001690,ENHOGAR,2026-08-10,18,1807,U,22,M,7,4430.00
HOGAR-001691,ENHOGAR,2026-08-11,19,1908,U,29,X,2,4567.00
HOGAR-001692,ENHOGAR,2026-08-12,20,2009,R,36,NR,5,4704.00
HOGAR-001693,ENHOGAR,2026-08-13,21,2110,U,43,F,8,4841.00
HOGAR-001694,ENHOGAR,2026-08-14,22,2211,U,50,M,3,4978.00
HOGAR-001695,ENHOGAR,2026-08-15,01,0112,R,57,X,6,5115.00
HOGAR-001696,ENHOGAR,2026-08-16,02,0213,U,64,NR,1,5252.00
HOGAR-001697,ENHOGAR,2026-08-17,03,0314,U,71,F,4,5389.00
HOGAR-001698,ENHOGAR,2026-08-18,04,0415,R,78,M,7,5526.00
HOGAR-001699,ENHOGAR,2026-08-19,05,0516,U,85,X,2,5663.00
HOGAR-001700,ENHOGAR,2026-08-20,06,0617,U,19,NR,5,5800.00
HOGAR-001701,ENHOGAR,2026-08-21,07,0718,R,26,F,8,5937.00
HOGAR-001702,ENHOGAR,2026-08-22,08,0819,U,33,M,3,6074.00
HOGAR-001703,ENHOGAR,2026-08-23,09,0920,U,40,X,6,6211.00
HOGAR-001704,ENHOGAR,2026-08-24,10,1021,R,47,NR,1,6348.00
HOGAR-001705,ENHOGAR,2026-08-25,11,1122,U,54,F,4,6485.00
HOGAR-001706,ENHOGAR,2026-08-26,12,1223,U,61,M,7,6622.00
HOGAR-001707,ENHOGAR,2026-08-27,13,1324,R,68,X,2,6759.00
HOGAR-001708,ENHOGAR,2026-08-28,14,1425,U,75,NR,5,6896.00
HOGAR-001709,ENHOGAR,2026-08-01,15,1526,U,82,F,8,7033.00
HOGAR-001710,ENHOGAR,2026-08-02,16,1627,R,89,M,3,7170.00
HOGAR-001711,ENHOGAR,2026-08-03,17,1728,U,23,X,6,7307.00
HOGAR-001712,ENHOGAR,2026-08-04,18,1829,U,30,NR,1,7444.00
HOGAR-001713,ENHOGAR,2026-08-05,19,1930,R,37,F,4,7581.00
HOGAR-001714,ENHOGAR,2026-08-06,20,2031,U,44,M,7,7718.00
HOGAR-001715,ENHOGAR,2026-08-07,21,2132,U,51,X,2,7855.00
HOGAR-001716,ENHOGAR,2026-08-08,22,2233,R,58,NR,5,7992.00
HOGAR-001717,ENHOGAR,2026-08-09,01,0134,U,65,F,8,8129.00
HOGAR-001718,ENHOGAR,2026-08-10,02,0235,U,72,M,3,8266.00
HOGAR-001719,ENHOGAR,2026-08-11,03,0336,R,79,X,6,8403.00
HOGAR-001720,ENHOGAR,2026-08-12,04,0437,U,86,NR,1,940.00
HOGAR-001721,ENHOGAR,2026-08-13,05,0538,U,20,F,4,1077.00
HOGAR-001722,ENHOGAR,2026-08-14,06,0639,R,27,M,7,1214.00
HOGAR-001723,ENHOGAR,2026-08-15,07,0740,U,34,X,2,1351.00
HOGAR-001724,ENHOGAR,2026-08-16,08,0841,U,41,NR,5,1488.00
HOGAR-001725,ENHOGAR,2026-08-17,09,0942,R,48,F,8,1625.00
HOGAR-001726,ENHOGAR,2026-08-18,10,1043,U,55,M,3,1762.00
HOGAR-001727,ENHOGAR,2026-08-19,11,1144,U,62,X,6, 1899.00 
HOGAR-001728,ENHOGAR,2026-08-20,12,1245,R,69,NR,1,2036.00
HOGAR-001729,ENHOGAR,2026-08-21,13,1346,U,76,F,4,2173.00
HOGAR-001730,ENHOGAR,2026-08-22,14,1447,U,83,M,7,2310.00
HOGAR-001731,ENHOGAR,2026-08-23,15,1548,R,90,X,2,2447.00
HOGAR-001732,ENHOGAR,2026-08-24,16,1649,U,24,NR,5,2584.00
HOGAR-001733,ENHOGAR,2026-08-25,17,1750,U,31,F,8,2721.00
HOGAR-001734,ENHOGAR,2026-08-26,18,1851,R,38,M,3,2858.00
HOGAR-001735,ENHOGAR,2026-08-27,19,1952,U,45,X,6,2995.00
HOGAR-001736,ENHOGAR,2026-08-28,20,2053,U,52,NR,1,3132.00
HOGAR-001737,ENHOGAR,2026-08-01,21,2154,R,59,F,4,3269.00
HOGAR-001738,ENHOGAR,2026-08-02,22,2255,U,66,M,7,3406.00
HOGAR-001739,ENHOGAR,2026-08-03,01,0156,U,73,X,2,3543.00
HOGAR-001740,ENHOGAR,2026-08-04,02,0257,R,80,NR,5,3680.00
HOGAR-001741,ENHOGAR,2026-08-05,03,0358,U,87,F,8,3817.00
HOGAR-001742,ENHOGAR,2026-08-06,04,0459,U,21,M,3,3954.00
HOGAR-001743,ENHOGAR,2026-08-07,05,0560,R,28,X,6,4091.00
HOGAR-001744,ENHOGAR,2026-08-08,06,0661,U,35,NR,1,4228.00
HOGAR-001745,ENHOGAR,2026-08-09,07,0762,U,42,F,4,4365.00
HOGAR-001746,ENHOGAR,2026-08-10,08,0863,R,49,M,7,4502.00
HOGAR-001747,ENHOGAR,2026-08-11,09,0964,U,56,X,2,4639.00
HOGAR-001748,ENHOGAR,2026-08-12,10,1065,U,63,NR,5,4776.00
HOGAR-001749,ENHOGAR,2026-08-13,11,1166,R,70,F,8,4913.00
HOGAR-001750,ENHOGAR,2026-08-14,12,1267,U,77,M,3,5050.00
HOGAR-001751,ENHOGAR,2026-08-15,13,1368,U,84,X,6,5187.00
HOGAR-001752,ENHOGAR,2026-08-16,14,1469,R,18,NR,1,5324.00
HOGAR-001753,ENHOGAR,2026-08-17,15,1570,U,25,F,4,5461.00
HOGAR-001754,ENHOGAR,2026-08-18,16,1671,U,32,M,7,5598.00
HOGAR-001755,ENHOGAR,2026-08-19,17,1772,R,39,X,2,5735.00
HOGAR-001756,ENHOGAR,2026-08-20,18,1873,U,46,NR,5,5872.00
HOGAR-001757,ENHOGAR,2026-08-21,19,1974,U,53,F,8,6009.00
HOGAR-001758,,2026-08-22,20,2075,R,60,M,3,6146.00
HOGAR-001759,ENHOGAR,2026-08-23,21,2176,U,67,X,6,6283.00
HOGAR-001760,ENHOGAR,2026-08-24,22,2277,U,74,NR,1,6420.00
HOGAR-001761,ENHOGAR,2026-08-25,01,0178,R,81,F,4,6557.00
HOGAR-001762,ENHOGAR,2026-08-26,02,0279,U,88,M,7,6694.00
HOGAR-001763,ENHOGAR,2026-08-27,03,0380,U,22,X,2,6831.00
HOGAR-001764,ENHOGAR,2026-08-28,04,0481,R,29,NR,5,6968.00
HOGAR-001765,ENHOGAR,2026-08-01,05,0582,U,36,F,8,7105.00
HOGAR-001766,ENHOGAR,2026-08-02,06,0683,U,43,M,3,7242.00
HOGAR-001767,ENHOGAR,2026-08-03,07,0784,R,50,X,6,7379.00
HOGAR-001768,ENHOGAR,2026-08-04,08,0885,U,57,NR,1,7516.00
HOGAR-001769,ENHOGAR,2026-08-05,09,0986,U,64,F,4,7653.00
HOGAR-001770,ENHOGAR,2026-08-06,10,1087,R,71,M,7,7790.00
HOGAR-001771,ENHOGAR,2026-08-07,11,1188,U,78,X,2,7927.00
HOGAR-001772,ENHOGAR,2026-08-08,12,1289,U,85,NR,5,8064.00
HOGAR-001773,ENHOGAR,2026-08-09,13,1390,R,19,F,8,8201.00
HOGAR-001774,ENHOGAR,2026-08-10,14,1491,U,135,M,3,8338.00
HOGAR-001775,ENHOGAR,2026-08-11,15,1592,U,33,X,6,8475.00
HOGAR-001776,ENHOGAR,2026-08-12,16,1693,R,40,NR,1,1012.00
HOGAR-001777,ENHOGAR,2026-08-13,17,1794,U,47,F,4,1149.00
HOGAR-001778,ENHOGAR,2026-08-14,18,1895,U,54,M,7,1286.00
HOGAR-001779,ENHOGAR,2026-08-15,19,1996,R,61,X,2,1423.00
HOGAR-001780,ENHOGAR,2026-08-16,20,2097,U,68,NR,5,1560.00
HOGAR-001781,ENHOGAR,2026-08-17,21,2198,U,75,F,8,1697.00
HOGAR-001782,ENHOGAR,2026-08-18,22,2299,R,82,M,3,1834.00
HOGAR-001783,ENHOGAR,2026-08-19,01,0101,U,89,X,6,1971.00
HOGAR-001784,ENHOGAR,2026-08-20,02,0202,U,23,NR,1,2108.00
HOGAR-001785,ENHOGAR,2026-08-21,03,0303,R,30,F,4,2245.00
HOGAR-001786,ENHOGAR,2026-08-22,04,0404,U,37,M,7,2382.00
HOGAR-001787,ENHOGAR,2026-08-23,05,0505,U,44,X,2,2519.00
HOGAR-001788,ENHOGAR,2026-08-24,06,0606,R,51,NR,5,2656.00
HOGAR-001789,ENHOGAR,2026-08-25,07,0707,U,58,F,8,2793.00
HOGAR-001790,ENHOGAR,2026-08-26,08,0808,U,65,M,3,2930.00
HOGAR-001791,ENHOGAR,2026-08-27,09,0909,R,72,X,6,3067.00
HOGAR-001792,ENHOGAR,2026-08-28,10,1010,U,79,NR,1,3204.00
HOGAR-001793,ENHOGAR,2026-08-01,11,1111,U,86,F,4,3341.00
HOGAR-001794,ENHOGAR,2026-08-02,12,1212,R,20,M,7,3478.00
HOGAR-001795,ENHOGAR,2026-08-03,13,1313,U,27,X,2,3615.00
HOGAR-001796,ENHOGAR,2026-08-04,14,1414,U,34,NR,5,3752.00
HOGAR-001797,ENHOGAR,2026-08-05,15,1515,R,41,F,8,3889.00
HOGAR-001798,ENHOGAR,2026-08-06,16,1616,U,48,M,3,4026.00
HOGAR-001799,ENHOGAR,2026-08-07,17,1717,U,55,X,6,4163.00
HOGAR-001800,ENHOGAR,2026-08-08,18,1818,R,62,NR,1,4300.00
HOGAR-001801,ENHOGAR,2026-08-09,19,1919,U,69,F,4,4437.00
HOGAR-001802,ENHOGAR,2026-08-10,20,2020,U,76,M,7,4574.00
HOGAR-001803,ENHOGAR,2026-08-11,21,2121,R,83,X,2,4711.00
HOGAR-001804,ENHOGAR,2026-08-12,22,2222,U,90,NR,5,4848.00
HOGAR-001805,ENHOGAR,2026-08-13,01,0123,U,24,F,8,4985.00
HOGAR-001806,ENHOGAR,2026-08-14,02,0224,R,31,M,3,5122.00
HOGAR-001807,ENHOGAR,2026-08-15,03,0325,U,38,X,6,5259.00
HOGAR-001808,ENHOGAR,2026-08-16,04,0426,U,45,NR,1,5396.00
HOGAR-001809,ENHOGAR,2026-08-17,05,0527,R,52,F,4,5533.00
HOGAR-001810,ENHOGAR,2026-08-18,06,0628,U,59,M,7,5670.00
HOGAR-001811,ENHOGAR,2026-08-19,07,0729,U,66,X,2,5807.00
HOGAR-001812,ENHOGAR,2026-08-20,08,0830,R,73,NR,5,5944.00
HOGAR-001813,ENHOGAR,2026-08-21,09,0931,U,80,F,8,6081.00
HOGAR-001814,ENHOGAR,2026-08-22,10,1032,U,87,M,3,6218.00
HOGAR-001815,ENHOGAR,2026-08-23,11,1133,R,21,X,6,6355.00
HOGAR-001816,ENHOGAR,2026-08-24,12,1234,U,28,NR,1,6492.00
HOGAR-001817,ENHOGAR,2026-08-25,13,1335,U,35,F,4,6629.00
HOGAR-001818,ENHOGAR,2026-08-26,14,1436,R,42,M,7,6766.00
HOGAR-001819,ENHOGAR,2026-08-27,15,1537,U,49,X,2,6903.00
HOGAR-001820,ENHOGAR,2026-08-28,16,1638,U,56,NR,5,7040.00
HOGAR-001821,ENHOGAR,2026-08-01,17,1739,R,63,F,8,7177.00
HOGAR-001822,ENHOGAR,2026-08-02,18,1840,X,70,M,3,7314.00
HOGAR-001823,ENHOGAR,2026-08-03,19,1941,U,77,X,6,7451.00
HOGAR-001824,ENHOGAR,2026-08-04,20,2042,R,84,NR,1,7588.00
HOGAR-001825,ENHOGAR,2026-08-05,21,2143,U,18,F,4,7725.00
HOGAR-001826,ENHOGAR,2026-08-06,22,2244,U,25,M,7,7862.00
HOGAR-001827,ENHOGAR,2026-08-07,01,0145,R,32,X,2,7999.00
HOGAR-001828,ENHOGAR,2026-08-08,02,0246,U,39,NR,5,8136.00
HOGAR-001829,ENHOGAR,2026-08-09,03,0347,U,46,F,8,8273.00
HOGAR-001830,ENHOGAR,2026-08-10,04,0448,R,53,M,3,8410.00
HOGAR-001831,ENHOGAR,2026-08-11,05,0549,U,60,X,6,947.00
HOGAR-001832,ENHOGAR,2026-08-12,06,0650,U,67,NR,1,1084.00
HOGAR-001833,ENHOGAR,2026-08-13,07,0751,R,74,F,4,1221.00
HOGAR-001834,ENHOGAR,2026-08-14,08,0852,U,81,M,7,1358.00
HOGAR/001835,ENHOGAR,2026-08-15,09,0953,U,88,X,2,1495.00
HOGAR-001836,ENHOGAR,2026-08-16,10,1054,R,22,NR,5,1632.00
HOGAR-001837,ENHOGAR,2026-08-17,11,1155,U,29,F,8,1769.00
HOGAR-001838,ENHOGAR,2026-08-18,12,1256,U,36,M,3,1906.00
HOGAR-001839,ENHOGAR,2026-08-19,13,1357,R,43,X,6,2043.00
HOGAR-001840,ENHOGAR,2026-08-20,14,1458,U,50,NR,1,2180.00
HOGAR-001841,ENHOGAR,2026-08-21,15,1559,U,57,F,4,2317.00
HOGAR-001842,ENHOGAR,2026-08-22,16,1660,R,64,M,7,2454.00
HOGAR-001843,ENHOGAR,2026-08-23,17,1761,U,71,X,2,2591.00
HOGAR-001844,ENHOGAR,2026-08-24,18,1862,U,78,NR,5,2728.00
HOGAR-001845,ENHOGAR,2026-08-25,19,1963,R,85,F,8,2865.00
HOGAR-001846,ENHOGAR,2026-08-26,20,2064,U,19,M,3,3002.00
HOGAR-001847,ENHOGAR,2026-08-27,21,2165,U,26,X,6,3139.00
HOGAR-001848,ENHOGAR,2026-08-28,22,2266,R,33,NR,1,3276.00
HOGAR-001849,ENHOGAR,2026-08-01,01,0167,U,40,F,4,3413.00
HOGAR-001850,ENHOGAR,2026-08-02,02,0268,U,47,M,7,3550.00
HOGAR-001851,ENHOGAR,2026-08-03,03,0369,R,54,X,2,3687.00
HOGAR-001852,ENHOGAR,2026-08-04,04,0470,U,61,NR,5,3824.00
HOGAR-001853,ENHOGAR,2026-08-05,05,0571,U,68,F,8,3961.00
HOGAR-001854,ENHOGAR,2026-08-06,06,0672,R,75,M,3,4098.00
HOGAR-001855,ENHOGAR,2026-08-07,07,0773,U,82,X,6,4235.00
HOGAR-001856,ENHOGAR,2026-08-08,08,0874,U,89,NR,1,4372.00
HOGAR-001857,ENHOGAR,2026-08-09,09,0975,R,23,F,4,4509.00
HOGAR-001858,ENHOGAR,2026-08-10,10,1076,U,30,M,7,4646.00
HOGAR-001859,ENHOGAR,2026-08-11,11,1177,U,37,X,2,4783.00
HOGAR-001860,ENHOGAR,2026-08-12,12,1278,R,44,NR,5,4920.00
HOGAR-001861,ENHOGAR,2026-08-13,13,1379,U,51,F,8,5057.00
HOGAR-001862,ENHOGAR,2026-08-14,14,1480,U,58,M,3,5194.00
HOGAR-001863,ENHOGAR,2026-08-15,15,1581,R,65,X,6,5331.00
HOGAR-001864,ENHOGAR,2026-08-16,16,1682,U,72,NR,1,5468.00
HOGAR-001865,ENHOGAR,2026-08-17,17,1783,U,79,F,4,5605.00
HOGAR-001866,ENHOGAR,2026-08-18,18,1884,R,86,M,7,5742.00
HOGAR-001867,ENHOGAR,2026-08-19,19,1985,U,20,X,2,5879.00
HOGAR-001868,ENHOGAR,2026-08-20,20,2086,U,27,NR,5,6016.00
HOGAR-001869,ENHOGAR,2026-08-21,21,2187,R,34,F,8,6153.00
HOGAR-001870,ENHOGAR,2026-08-22,22,2288,U,41,M,3,6290.00
HOGAR-001871,ENHOGAR,2026-08-23,01,0189,U,48,X,6,6427.00
HOGAR-001872,ENHOGAR,2026-08-24,02,0290,R,55,NR,1,6564.00
HOGAR-001873,ENHOGAR,2026-08-25,03,0391,U,62,F,4,6701.00
HOGAR-001874,ENHOGAR,2026-08-26,04,0492,U,69,M,7,6838.00
HOGAR-001875,ENHOGAR,2026-08-27,05,0593,R,76,X,2,6975.00
HOGAR-001876,ENHOGAR,2026-08-28,06,0694,U,83,NR,5,7112.00
HOGAR-001877,ENHOGAR,2026-08-01,07,0795,U,90,F,8,7249.00
HOGAR-001878,ENHOGAR,2026-08-02,08,0896,R,24,M,3,7386.00
HOGAR-001879,ENHOGAR,2026-08-03,09,0997,U,31,X,6,7523.00
HOGAR-001880,ENHOGAR,2026-08-04,10,1098,U,38,NR,1,7660.00
HOGAR-001881,ENHOGAR,2026-08-05,11,1199,R,45,F,4,7797.00
HOGAR-001882,ENHOGAR,2026-08-06,12,1201,U,52,M,7,7934.00
HOGAR-001883,ENHOGAR,2026-08-07,13,1302,U,59,X,2,8071.00
HOGAR-001884,ENHOGAR,2026-08-08,14,1403,R,66,NR,5, 8208.00 
HOGAR-001885,ENHOGAR,2026-08-09,15,1504,U,73,F,8,8345.00
HOGAR-001886,ENHOGAR,2026-08-10,16,1605,U,80,M,3,8482.00
HOGAR-001887,ENHOGAR,2026-08-11,17,1706,R,87,X,6,1019.00
HOGAR-001888,ENHOGAR,2026-08-12,18,1807,U,21,NR,1,1156.00
HOGAR-001889,ENHOGAR,2026-08-13,19,1908,U,28,F,4,1293.00
HOGAR-001890,ENHOGAR,2026-08-14,20,2009,R,35,M,7,1430.00
HOGAR-001891,ENHOGAR,2026-08-15,21,2110,U,42,X,2,1567.00
HOGAR-001892,ENHOGAR,2026-08-16,22,2211,U,49,NR,5,1704.00
HOGAR-001893,ENHOGAR,2026-08-17,01,0112,R,56,F,8,1841.00
HOGAR-001894,ENHOGAR,2026-08-18,02,0213,U,63,M,3,1978.00
HOGAR-001895,ENHOGAR,2026-08-19,03,0314,U,70,X,6,2115.00
HOGAR-001896,ENHOGAR,2026-08-20,04,0415,R,77,NR,1,2252.00
HOGAR-001897,ENHOGAR,2026-08-21,05,0516,U,84,F,4,2389.00
HOGAR-001898,ENHOGAR,2026-08-22,06,0617,U,18,M,7,2526.00
HOGAR-001899,ENHOGAR,2026-08-23,07,0718,R,25,X,2,2663.00
HOGAR-001900,ENHOGAR,2026-08-24,08,0819,U,32,NR,5,2800.00
HOGAR-001901,ENHOGAR,2026-08-25,09,0920,U,39,F,8,2937.00
HOGAR-001902,ENHOGAR,2026-08-26,10,1021,R,46,M,3,3074.00
HOGAR-001903,ENHOGAR,2026-08-27,11,1122,U,53,X,6,3211.00
HOGAR-001904,ENHOGAR,2026-08-28,12,1223,U,60,NR,1,3348.00
HOGAR-001905,ENHOGAR,2026-08-01,13,1324,R,67,F,4,3485.00
HOGAR-001906,ENHOGAR,2026-08-02,14,1425,U,74,M,7,3622.00
HOGAR-001907,ENHOGAR,2026-08-03,15,1526,U,81,X,2,3759.00
HOGAR-001908,ENHOGAR,2026-08-04,16,1627,R,88,NR,5,3896.00
HOGAR-001909,ENHOGAR,2026-08-05,17,1728,U,22,F,8,4033.00
HOGAR-001910,ENHOGAR,2026-08-06,18,1829,U,29,M,3,4170.00
HOGAR-001911,ENHOGAR,2026-08-07,19,1930,R,36,X,6,4307.00
HOGAR-001912,ENHOGAR,2026-08-08,20,2031,U,43,NR,1,4444.00
HOGAR-001913,ENHOGAR,2026-08-09,21,2132,U,50,F,4,4581.00
HOGAR-001914,ENHOGAR,2026-08-10,22,2233,R,57,M,7,4718.00
HOGAR-001915,ENHOGAR,2026-08-11,01,0134,U,64,X,2,4855.00
HOGAR-001916,ENHOGAR,2026-08-12,02,0235,U,71,NR,5,4992.00
HOGAR-001917,ENHOGAR,2026-08-13,03,0336,R,78,F,8,5129.00
HOGAR-001918,ENHOGAR,2026-08-14,04,0437,U,85,M,3,5266.00
HOGAR-001919,ENHOGAR,2026-08-15,05,0538,U,19,X,6,5403.00
HOGAR-001920,ENHOGAR,2026-08-16,06,0639,R,26,NR,1,5540.00
HOGAR-001921,ENHOGAR,2026-08-17,07,0740,U,33,F,4,5677.00
HOGAR-001922,ENHOGAR,2026-08-18,08,0841,U,40,M,7,5814.00
HOGAR-001923,ENHOGAR,2026-08-19,09,0942,R,47,X,0,5951.00
HOGAR-001924,ENHOGAR,2026-08-20,10,1043,U,54,NR,5,6088.00
HOGAR-001925,ENHOGAR,2026-08-21,11,1144,U,61,F,8,6225.00
HOGAR-001926,ENHOGAR,2026-08-22,12,1245,R,68,M,3,6362.00
HOGAR-001927,ENHOGAR,2026-08-23,13,1346,U,75,X,6,6499.00
HOGAR-001928,ENHOGAR,2026-08-24,14,1447,U,82,NR,1,6636.00
HOGAR-001929,ENHOGAR,2026-08-25,15,1548,R,89,F,4,6773.00
HOGAR-001930,ENHOGAR,2026-08-26,16,1649,U,23,M,7,6910.00
HOGAR-001931,ENHOGAR,2026-08-27,17,1750,U,30,X,2,7047.00
HOGAR-001932,ENHOGAR,2026-08-28,18,1851,R,37,NR,5,7184.00
HOGAR-001933,ENHOGAR,2026-08-01,19,1952,U,44,F,8,7321.00
HOGAR-001934,ENHOGAR,2026-08-02,20,2053,U,51,M,3,7458.00
HOGAR-001935,ENHOGAR,2026-08-03,21,2154,R,58,X,6,7595.00
HOGAR-001936,ENHOGAR,2026-08-04,22,2255,U,65,NR,1,7732.00
HOGAR-001937,ENHOGAR,2026-08-05,01,0156,U,72,F,4,7869.00
HOGAR-001938,ENHOGAR,2026-08-06,02,0257,R,79,M,7,8006.00
HOGAR-001939,ENHOGAR,2026-08-07,03,0358,U,86,X,2,8143.00
HOGAR-001940,ENHOGAR,2026-08-08,04,0459,U,20,NR,5,8280.00
HOGAR-001941,ENHOGAR,2026-08-09,05,0560,R,27,F,8,8417.00
HOGAR-001942,ENHOGAR,2026-08-10,06,0661,U,34,M,3,954.00
HOGAR-001943,ENHOGAR,2026-08-11,07,0762,U,41,X,6,1091.00
HOGAR-001944,ENHOGAR,2026-08-12,08,0863,R,48,NR,1,1228.00
HOGAR-001945,ENHOGAR,2026-08-13,09,0964,U,55,F,4,1365.00
HOGAR-001946,ENHOGAR,2026-08-14,10,1065,U,62,M,7,1502.00
HOGAR-001947,ENHOGAR,2026-08-15,11,1166,R,69,X,2,1639.00
HOGAR-001948,ENHOGAR,2026-08-16,12,1267,U,76,NR,5,1776.00
HOGAR-001949,ENHOGAR,2026-08-17,13,1368,U,83,F,8,1913.00
HOGAR-001950,ENHOGAR,2026-08-18,14,1469,R,90,M,3,2050.00
HOGAR-001951,ENHOGAR,2026-08-19,15,1570,U,24,X,6,2187.00
HOGAR-001952,ENHOGAR,2026-08-20,16,1671,U,31,NR,1,2324.00
HOGAR-001953,ENHOGAR,2026-08-21,17,1772,R,38,F,4,2461.00
HOGAR-001954,ENHOGAR,2026-08-22,18,1873,U,45,M,7,2598.00
HOGAR-001955,ENHOGAR,2026-08-23,19,1974,U,52,X,2,2735.00
HOGAR-001956,ENHOGAR,2026-08-24,20,2075,R,59,NR,5,2872.00
HOGAR-001957,ENHOGAR,2026-08-25,21,2176,U,66,F,8,3009.00
HOGAR-001958,ENHOGAR,2026-08-26,22,2277,U,73,M,3,3146.00
HOGAR-001959,ENHOGAR,2026-08-27,01,0178,R,80,X,6,3283.00
HOGAR-001960,ENHOGAR,2026-08-28,02,0279,U,87,NR,1,3420.00
HOGAR-001961,ENHOGAR,2026-08-01,03,0380,U,21,F,4,3557.00
HOGAR-001962,ENHOGAR,2026-08-02,04,0481,R,28,M,7,3694.00
HOGAR-001963,ENHOGAR,2026-08-03,05,0582,U,35,X,2,3831.00
HOGAR-001964,ENHOGAR,2026-08-04,06,0683,U,42,NR,5,3968.00
HOGAR-001965,ENHOGAR,2026-08-05,07,0784,R,49,F,8,4105.00
HOGAR-001966,ENHOGAR,2026-08-06,08,0885,U,56,M,3,4242.00
HOGAR-001967,ENHOGAR,2026-08-07,09,0986,U,63,X,6,4379.00
HOGAR-001968,ENHOGAR,2026-08-08,10,1087,R,70,NR,1,4516.00
HOGAR-001969,ENHOGAR,2026-08-09,11,1188,U,77,F,4,4653.00
HOGAR-001970,ENHOGAR,2026-08-10,12,1289,U,84,M,7,4790.00
HOGAR-001971,ENHOGAR,2026-08-11,13,1390,R,18,X,2,4927.00
HOGAR-001972,ENHOGAR,2026-08-12,14,1491,U,25,NR,5,5064.00
HOGAR-001973,ENHOGAR,2026-08-13,15,1592,U,32,F,8,5201.00
HOGAR-001974,ENHOGAR,2026-08-14,16,1693,R,39,M,3,5338.00
HOGAR-001975,ENHOGAR,2026-08-15,17,1794,U,46,X,6,5475.00
HOGAR-001976,ENHOGAR,2026-08-16,18,1895,U,53,NR,1,5612.00
HOGAR-001977,ENHOGAR,2026-08-17,19,1996,R,60,F,4,5749.00
HOGAR-001978,ENHOGAR,2026-08-18,20,2097,U,67,M,7,5886.00
HOGAR-001979,ENHOGAR,2026-08-19,21,2198,U,74,X,2,6023.00
HOGAR-001980,ENHOGAR,2026-08-20,22,2299,R,81,NR,5,6160.00
HOGAR-001981,ENHOGAR,2026-08-21,01,0101,U,88,F,8,6297.00
HOGAR-001982,ENHOGAR,2026-08-22,02,0202,U,22,M,3,6434.00
HOGAR-001983,ENHOGAR,2026-08-23,03,0303,R,29,X,6,6571.00
HOGAR-001984,ENHOGAR,2026-08-24,04,0404,U,36,NR,1,6708.00
HOGAR-001985,ENHOGAR,2026-08-25,05,0505,U,43,F,4,6845.00
HOGAR-001986,ENHOGAR,2026-08-26,06,0606,R,50,M,7,6982.00
HOGAR-001987,ENHOGAR,2026-08-27,07,0707,U,57,X,2,7119.00
HOGAR-001988,ENHOGAR,2026-08-28,08,0808,U,64,NR,5,7256.00
HOGAR-001989,ENHOGAR,2026-08-01,09,0909,R,71,F,8,7393.00
HOGAR-001990,ENHOGAR,2026-08-02,10,1010,U,78,M,3,7530.00
HOGAR-001991,ENHOGAR,2026-08-03,11,1111,U,85,X,6,7667.00
HOGAR-001992,ENHOGAR,2026-08-04,12,1212,R,19,NR,1,7804.00
HOGAR-001993,ENHOGAR,2026-08-05,13,1313,U,26,F,4,7941.00
HOGAR-001994,ENHOGAR,2026-08-06,14,1414,U,33,M,7,
HOGAR-001995,ENHOGAR,2026-08-07,15,1515,R,40,X,2,8215.00
HOGAR-001996,ENHOGAR,2026-08-08,16,1616,U,47,NR,5,8352.00
HOGAR-001997,ENHOGAR,2026-08-09,17,1717,U,54,F,8,8489.00
HOGAR-001998,ENHOGAR,2026-08-10,18,1818,R,61,M,3,1026.00
HOGAR-001999,ENHOGAR,2026-08-11,19,1919,U,68,X,6,1163.00
HOGAR-002000,ENHOGAR,2026-08-12,20,2020,U,75,NR,1,1300.00
HOGAR-002001,ENHOGAR,2026-08-13,21,2121,R,82,F,4,1437.00
HOGAR-002002,ENHOGAR,2026-08-14,22,2222,U,89,M,7,1574.00
HOGAR-002003,ENHOGAR,2026-08-15,01,0123,U,23,X,2,1711.00
HOGAR-002004,ENHOGAR,2026-08-16,02,0224,R,30,NR,5,1848.00
HOGAR-002005,ENHOGAR,2026-08-17,03,0325,U,37,F,8,1985.00
HOGAR-002006,ENHOGAR,2026-08-18,04,0426,U,44,M,3,2122.00
HOGAR-002007,ENHOGAR,2026-08-19,05,0527,R,51,X,6,2259.00
HOGAR-002008,ENHOGAR,2026-08-20,06,0628,U,58,NR,1,2396.00
HOGAR-002009,ENHOGAR,2026-08-21,07,0729,U,65,F,4,2533.00
HOGAR-002010,ENHOGAR,2026-08-22,08,0830,R,72,M,7,2670.00
HOGAR-002011,ENHOGAR,2026-08-23,09,0931,U,79,X,2,2807.00
HOGAR-002012,ENHOGAR,2026-08-24,10,1032,U,86,NR,5,-25.00
HOGAR-002013,ENHOGAR,2026-08-25,11,1133,R,20,F,8,3081.00
HOGAR-002014,ENHOGAR,2026-08-26,12,1234,U,27,M,3,3218.00
HOGAR-002015,ENHOGAR,2026-08-27,13,1335,U,34,X,6,3355.00
HOGAR-002016,ENHOGAR,2026-08-28,14,1436,R,41,NR,1,3492.00
HOGAR-002017,ENHOGAR,2026-08-01,15,1537,U,48,F,4,3629.00
HOGAR-002018,ENHOGAR,2026-08-02,16,1638,U,55,M,7,3766.00
HOGAR-002019,ENHOGAR,2026-08-03,17,1739,R,62,X,2,3903.00
HOGAR-002020,ENHOGAR,2026-08-04,18,1840,U,69,NR,5,4040.00
HOGAR-002021,ENHOGAR,2026-08-05,19,1941,U,76,F,8,4177.00
HOGAR-002022,ENHOGAR,2026-08-06,20,2042,R,83,M,3,4314.00
HOGAR-002023,ENHOGAR,2026-08-07,21,2143,U,90,X,6,4451.00
HOGAR-002024,ENHOGAR,2026-08-08,22,2244,U,24,NR,1,4588.00
HOGAR-002025,ENHOGAR,2026-08-09,01,0145,R,31,F,4,4725.00
HOGAR-002026,ENHOGAR,2026-08-10,02,0246,U,38,M,7,4862.00
HOGAR-002027,ENHOGAR,2026-08-11,03,0347,U,45,X,2,4999.00
HOGAR-002028,ENHOGAR,2026-08-12,04,0448,R,52,NR,5,5136.00
HOGAR-002029,ENHOGAR,2026-08-13,05,0549,U,59,F,8,5273.00
HOGAR-002030,ENHOGAR,2026-08-14,06,0650,U,66,M,3,5410.00
HOGAR-002031,ENHOGAR,2026-08-15,07,0751,R,73,X,6,5547.00
HOGAR-002032,ENHOGAR,2026-08-16,08,0852,U,80,NR,1,5684.00
HOGAR-002033,ENHOGAR,2026-08-17,09,0953,U,87,F,4,5821.00
HOGAR-002034,ENHOGAR,2026-08-18,10,1054,R,21,M,7,5958.00
HOGAR-002035,ENHOGAR,2026-08-19,11,1155,U,28,X,2,6095.00
HOGAR-002036,ENHOGAR,2026-08-20,12,1256,U,35,NR,5,6232.00
HOGAR-002037,ENHOGAR,2026-08-21,13,1357,R,42,F,8,6369.00
HOGAR-002038,ENHOGAR,2026-08-22,14,1458,U,49,M,3,6506.00
HOGAR-002039,ENHOGAR,2026-08-23,15,1559,U,56,X,6,6643.00
HOGAR-002040,ENHOGAR,2026-08-24,16,1660,R,63,NR,1,6780.00
HOGAR-002041,ENHOGAR,2026-08-25,17,1761,U,70,F,4, 6917.00 
HOGAR-002042,ENHOGAR,2026-08-26,18,1862,U,77,M,7,7054.00
HOGAR-002043,ENHOGAR,2026-08-27,19,1963,R,84,X,2,7191.00
HOGAR-002044,ENHOGAR,2026-08-28,20,2064,U,18,NR,5,7328.00
HOGAR-002045,ENHOGAR,2026-08-01,21,2165,U,25,F,8,7465.00
HOGAR-002046,ENHOGAR,2026-08-02,22,2266,R,32,M,3,7602.00
HOGAR-002047,ENHOGAR,2026-08-03,01,0167,U,39,X,6,7739.00
HOGAR-002048,ENHOGAR,2026-08-04,02,0268,U,46,NR,1,7876.00
HOGAR-002049,ENHOGAR,2026-08-05,03,0369,R,53,F,4,8013.00
HOGAR-002050,ENHOGAR,2026-08-06,04,0470,U,60,M,7,8150.00
HOGAR-002051,,2026-08-07,05,0571,U,67,X,2,8287.00
HOGAR-002052,ENHOGAR,2026-08-08,06,0672,R,74,NR,5,8424.00
HOGAR-002053,ENHOGAR,2026-08-09,07,0773,U,81,F,8,961.00
HOGAR-002054,ENHOGAR,2026-08-10,08,0874,U,88,M,3,1098.00
HOGAR-002055,ENHOGAR,2026-08-11,09,0975,R,22,X,6,1235.00
HOGAR-002056,ENHOGAR,2026-08-12,10,1076,U,29,NR,1,1372.00
HOGAR-002057,ENHOGAR,2026-08-13,11,1177,U,36,F,4,1509.00
HOGAR-002058,ENHOGAR,2026-08-14,12,1278,R,43,M,7,1646.00
HOGAR-002059,ENHOGAR,2026-08-15,13,1379,U,50,X,2,1783.00
HOGAR-002060,ENHOGAR,2026-08-16,14,1480,U,57,NR,5,1920.00
HOGAR-002061,ENHOGAR,2026-08-17,15,1581,R,64,F,8,2057.00
HOGAR-002062,ENHOGAR,2026-08-18,16,1682,U,71,M,3,2194.00
HOGAR-002063,ENHOGAR,2026-08-19,17,1783,U,78,X,6,2331.00
HOGAR-002064,ENHOGAR,2026-08-20,18,1884,R,85,NR,1,2468.00
HOGAR-002065,ENHOGAR,2026-08-21,19,1985,U,19,F,4,2605.00
HOGAR-002066,ENHOGAR,2026-08-22,20,2086,U,26,M,7,2742.00
HOGAR-002067,ENHOGAR,2026-08-23,21,2187,R,33,X,2,2879.00
HOGAR-002068,ENHOGAR,2026-08-24,22,2288,U,40,NR,5,3016.00
HOGAR-002069,ENHOGAR,2026-08-25,01,0189,U,47,F,8,3153.00
HOGAR-002070,ENHOGAR,2026-08-26,02,0290,R,54,M,3,3290.00
HOGAR-002071,ENHOGAR,2026-08-27,03,0391,U,61,X,6,3427.00
HOGAR-002072,ENHOGAR,2026-08-28,04,0492,U,68,NR,1,3564.00
HOGAR-002073,ENHOGAR,2026-08-01,05,0593,R,75,F,4,3701.00
HOGAR-002074,ENHOGAR,2026-08-02,06,0694,U,82,M,7,3838.00
HOGAR-002075,ENHOGAR,2026-08-03,07,0795,U,89,X,2,3975.00
HOGAR-002076,ENHOGAR,2026-08-04,08,0896,R,23,NR,5,4112.00
HOGAR-002077,ENHOGAR,2026-08-05,09,0997,U,30,F,8,4249.00
HOGAR-002078,ENHOGAR,2026-08-06,10,1098,U,37,M,3,4386.00
HOGAR-002079,ENHOGAR,2026-08-07,11,1199,R,44,X,6,4523.00
HOGAR-002080,ENHOGAR,2026-08-08,12,1201,U,51,NR,1,4660.00
HOGAR-002081,ENHOGAR,2026-08-09,13,1302,U,58,F,4,4797.00
HOGAR-002082,ENHOGAR,2026-08-10,14,1403,R,65,M,7,4934.00
HOGAR-002083,ENHOGAR,2026-08-11,15,1504,U,72,X,2,5071.00
HOGAR-002084,ENHOGAR,2026-08-12,16,1605,U,79,NR,5,5208.00
HOGAR-002085,ENHOGAR,2026-08-13,17,1706,R,86,F,8,5345.00
HOGAR-002086,ENHOGAR,2026-08-14,18,1807,U,20,M,3,5482.00
HOGAR-002087,ENHOGAR,2026-08-15,19,1908,U,27,X,6,5619.00
HOGAR-002088,ENHOGAR,2026-08-16,20,2009,R,34,NR,1,5756.00
HOGAR-002089,ENHOGAR,2026-08-17,21,2110,U,41,F,4,5893.00
HOGAR-002090,ENHOGAR,2026-08-18,22,2211,U,48,M,7,6030.00
HOGAR-002091,ENHOGAR,2026-08-19,01,0112,R,55,X,2,6167.00
HOGAR-002092,ENHOGAR,2026-08-20,02,0213,U,62,NR,5,6304.00
HOGAR-002093,ENHOGAR,2026-08-21,03,0314,U,69,F,8,6441.00
HOGAR-002094,ENHOGAR,2026-08-22,04,0415,R,76,M,3,6578.00
HOGAR-002095,ENHOGAR,2027-01-01,05,0516,U,83,X,6,6715.00
HOGAR-002096,ENHOGAR,2026-08-24,06,0617,U,90,NR,1,6852.00
HOGAR-002097,ENHOGAR,2026-08-25,07,0718,R,24,F,4,6989.00
HOGAR-002098,ENHOGAR,2026-08-26,08,0819,U,31,M,7,7126.00
HOGAR-002099,ENHOGAR,2026-08-27,09,0920,U,38,X,2,7263.00
HOGAR-002100,ENHOGAR,2026-08-28,10,1021,R,45,NR,5,7400.00
HOGAR-002101,ENHOGAR,2026-08-01,11,1122,U,52,F,8,7537.00
HOGAR-002102,ENHOGAR,2026-08-02,12,1223,U,59,M,3,7674.00
HOGAR-002103,ENHOGAR,2026-08-03,13,1324,R,66,X,6,7811.00
HOGAR-002104,ENHOGAR,2026-08-04,14,1425,U,73,NR,1,7948.00
HOGAR-002105,ENHOGAR,2026-08-05,15,1526,U,80,F,4,8085.00
HOGAR-002106,ENHOGAR,2026-08-06,16,1627,R,87,M,7,8222.00
HOGAR-002107,ENHOGAR,2026-08-07,17,1728,U,21,X,2,8359.00
HOGAR-002108,ENHOGAR,2026-08-08,18,1829,U,28,NR,5,8496.00
HOGAR-002109,ENHOGAR,2026-08-09,19,1930,R,35,F,8,1033.00
HOGAR-002110,ENHOGAR,2026-08-10,20,2031,U,42,M,3,1170.00
HOGAR-002111,ENHOGAR,2026-08-11,21,2132,U,49,X,6,1307.00
HOGAR-002112,ENHOGAR,2026-08-12,22,2233,R,56,NR,1,1444.00
HOGAR-002113,ENHOGAR,2026-08-13,01,0134,U,63,F,4,1581.00
HOGAR-002114,ENHOGAR,2026-08-14,02,0235,U,70,M,7,1718.00
HOGAR-002115,ENHOGAR,2026-08-15,03,0336,R,77,X,2,1855.00
HOGAR-002116,ENHOGAR,2026-08-16,04,0437,U,84,NR,5,1992.00
HOGAR-002117,ENHOGAR,2026-08-17,05,0538,U,18,F,8,2129.00
HOGAR-002118,ENHOGAR,2026-08-18,06,0639,R,25,M,3,2266.00
HOGAR-002119,ENHOGAR,2026-08-19,07,0740,U,32,X,6,2403.00
HOGAR-002120,ENHOGAR,2026-08-20,08,0841,U,39,NR,1,2540.00
HOGAR-002121,ENHOGAR,2026-08-21,09,0942,R,46,F,4,2677.00
HOGAR-002122,ENHOGAR,2026-08-22,10,1043,U,53,M,7,2814.00
HOGAR-002123,ENHOGAR,2026-08-23,11,1144,U,60,X,2,2951.00
HOGAR-002124,ENHOGAR,2026-08-24,12,1245,R,67,NR,5,3088.00
HOGAR-002125,ENHOGAR,2026-08-25,13,1346,U,74,F,8,3225.00
HOGAR-002126,ENHOGAR,2026-08-26,14,1447,U,81,M,3,3362.00
HOGAR-002127,ENHOGAR,2026-08-27,15,1548,R,88,X,6,3499.00
HOGAR-002128,ENHOGAR,2026-08-28,16,1649,U,22,NR,1,3636.00
HOGAR-002129,ENHOGAR,2026-08-01,17,1750,U,29,F,4,3773.00
HOGAR-002130,ENHOGAR,2026-08-02,18,1851,R,36,M,7,3910.00
HOGAR-002131,ENHOGAR,2026-08-03,19,1952,U,43,X,2,4047.00
HOGAR-002132,ENHOGAR,2026-08-04,20,2053,U,50,NR,5,4184.00
HOGAR-002133,ENHOGAR,2026-08-05,21,2154,R,57,F,8,4321.00
HOGAR-002134,ENHOGAR,2026-08-06,22,2255,U,64,M,3,4458.00
HOGAR-002135,ENHOGAR,2026-08-07,01,0156,U,71,X,6,4595.00
HOGAR-002136,ENHOGAR,2026-08-08,02,0257,R,78,NR,1,4732.00
HOGAR-002137,ENHOGAR,2026-08-09,03,0358,U,85,F,4,4869.00
HOGAR-002138,ENHOGAR,2026-08-10,04,0459,U,19,M,7,5006.00
HOGAR-002139,ENHOGAR,2026-08-11,05,0560,R,26,X,2,5143.00
HOGAR-002140,ENHOGAR,2026-08-12,06,0661,U,33,NR,5,5280.00
HOGAR-002141,ENHOGAR,2026-08-13,07,0762,U,40,F,8,5417.00
HOGAR-002142,ENHOGAR,2026-08-14,08,0863,R,47,M,3,5554.00
HOGAR-002143,ENHOGAR,2026-08-15,09,0964,U,54,X,6,5691.00
HOGAR-002144,ENHOGAR,2026-08-16,10,1065,U,61,NR,1,5828.00
HOGAR-002145,ENHOGAR,2026-08-17,11,1166,R,68,F,4,5965.00
HOGAR-002146,ENHOGAR,2026-08-18,12,1267,U,75,M,7,6102.00
HOGAR-002147,ENHOGAR,2026-08-19,13,1368,U,82,X,2,6239.00
HOGAR-002148,ENHOGAR,2026-08-20,14,1469,R,89,NR,5,6376.00
HOGAR-002149,ENHOGAR,2026-08-21,15,1570,U,23,F,8,6513.00
HOGAR-002150,ENHOGAR,2026-08-22,16,1671,U,30,M,3,6650.00
HOGAR-002151,ENHOGAR,2026-08-23,17,1772,R,37,X,6,6787.00
HOGAR-002152,ENHOGAR,2026-08-24,18,1873,U,44,NR,1,6924.00
HOGAR-002153,ENHOGAR,2026-08-25,19,1974,U,51,F,4,7061.00
HOGAR-002154,ENHOGAR,2026-08-26,20,2075,R,58,M,7,7198.00
HOGAR-002155,ENHOGAR,2026-08-27,21,2176,U,65,X,2,7335.00
HOGAR-002156,ENHOGAR,2026-08-28,22,2277,U,72,NR,5,7472.00
HOGAR-002157,ENHOGAR,2026-08-01,01,0178,R,79,F,8,7609.00
HOGAR-002158,ENHOGAR,2026-08-02,02,0279,U,86,M,3,7746.00
HOGAR-002159,ENHOGAR,2026-08-03,03,0380,U,20,X,6,7883.00
HOGAR-002160,ENHOGAR,2026-08-04,04,0481,R,27,NR,1,8020.00
HOGAR-002161,ENHOGAR,2026-08-05,05,0582,U,34,F,4,8157.00
HOGAR-002162,ENHOGAR,2026-08-06,06,0683,U,41,M,7,8294.00
HOGAR-002163,ENHOGAR,2026-08-07,07,0784,R,48,X,2,8431.00
HOGAR-002164,ENHOGAR,2026-08-08,08,0885,U,55,NR,5,968.00
HOGAR-002165,ENHOGAR,2026-08-09,09,0986,U,62,F,8,1105.00
HOGAR-002166,ENHOGAR,2026-08-10,10,1087,R,69,M,3,1242.00
HOGAR-002167,ENHOGAR,2026-08-11,11,1188,U,76,X,6,1379.00
HOGAR-002168,ENHOGAR,2026-08-12,12,1289,U,83,NR,1,1516.00
HOGAR-002169,ENHOGAR,2026-08-13,13,1390,R,90,F,4,1653.00
HOGAR-002170,ENHOGAR,2026-08-14,14,1491,U,24,M,7,1790.00
HOGAR-002171,ENHOGAR,2026-08-15,15,1592,U,31,X,2,1927.00
HOGAR-002172,ENHOGAR,2026-08-16,16,1693,R,38,NR,5,2064.00
HOGAR-002173,ENHOGAR,2026-08-17,17,1794,U,45,F,8,2201.00
HOGAR-002174,ENHOGAR,2026-08-18,18,1895,U,52,M,3,2338.00
HOGAR-002175,ENHOGAR,2026-08-19,19,1996,R,59,X,6,2475.00
HOGAR-002176,ENHOGAR,2026-08-20,20,2097,U,66,NR,1,2612.00
HOGAR-002177,ENHOGAR,2026-08-21,21,2198,U,73,F,4,2749.00
HOGAR-002178,ENHOGAR,2026-08-22,22,2299,R,80,M,7,2886.00
HOGAR-002179,ENHOGAR,2026-08-23,01,0101,U,87,X,2,3023.00
HOGAR-002180,ENHOGAR,2026-08-24,02,0202,U,21,NR,5,3160.00
HOGAR-002181,ENHOGAR,2026-08-25,03,0303,R,28,F,8,3297.00
HOGAR-002182,ENHOGAR,2026-08-26,04,0404,U,35,M,3,3434.00
HOGAR-002183,ENHOGAR,2026-08-27,05,0505,U,42,X,6,3571.00
HOGAR-002184,ENHOGAR,2026-08-28,06,0606,R,49,NR,1,3708.00
HOGAR-002185,ENHOGAR,2026-08-01,07,0707,U,56,F,4,3845.00
HOGAR-002186,ENHOGAR,2026-08-02,08,0808,U,63,M,7,3982.00
HOGAR-002187,ENHOGAR,2026-08-03,09,0909,R,70,X,2,4119.00
HOGAR-002188,ENHOGAR,2026-08-04,10,1010,U,77,NR,5,4256.00
HOGAR-002189,ENHOGAR,2026-08-05,11,1111,U,84,F,8,4393.00
HOGAR-002190,ENHOGAR,2026-08-06,12,1212,R,18,M,3,4530.00
HOGAR-002191,ENHOGAR,2026-08-07,13,1313,U,25,X,6,4667.00
HOGAR-002192,ENHOGAR,2026-08-08,14,1414,U,32,NR,1,4804.00
HOGAR-002193,ENHOGAR,2026-08-09,15,1515,R,39,F,4,4941.00
HOGAR-002194,ENHOGAR,2026-08-10,16,1616,U,46,M,7,5078.00
HOGAR-002195,ENHOGAR,2026-08-11,17,1717,U,53,X,2,5215.00
HOGAR-002196,ENHOGAR,2026-08-12,18,1818,R,60,NR,5,5352.00
HOGAR-002197,ENHOGAR,2026-08-13,19,1919,U,67,F,8,5489.00
HOGAR-002198,ENHOGAR,2026-08-14,20,2020,U,74,M,3, 5626.00 
HOGAR-002199,ENHOGAR,2026-08-15,21,2121,R,81,Z,6,5763.00
HOGAR-002200,ENHOGAR,2026-08-16,22,2222,U,88,NR,1,5900.00
HOGAR-002201,ENHOGAR,2026-08-17,01,0123,U,22,F,4,6037.00
HOGAR/002202,ENHOGAR,2026-08-18,02,0224,R,29,M,7,6174.00
HOGAR-002203,ENHOGAR,2026-08-19,03,0325,U,36,X,2,6311.00
HOGAR-002204,ENHOGAR,2026-08-20,04,0426,U,43,NR,5,6448.00
HOGAR-002205,ENHOGAR,2026-08-21,05,0527,R,50,F,8,6585.00
HOGAR-002206,ENHOGAR,2026-08-22,06,0628,U,57,M,3,6722.00
HOGAR-002207,ENHOGAR,2026-08-23,07,0729,U,64,X,6,6859.00
HOGAR-002208,ENHOGAR,2026-08-24,08,0830,R,71,NR,1,6996.00
HOGAR-002209,ENHOGAR,2026-08-25,09,0931,U,78,F,4,7133.00
HOGAR-002210,ENHOGAR,2026-08-26,10,1032,U,85,M,7,7270.00
HOGAR-002211,ENHOGAR,2026-08-27,11,1133,R,19,X,2,7407.00
HOGAR-002212,ENHOGAR,2026-08-28,12,1234,U,26,NR,5,7544.00
HOGAR-002213,ENHOGAR,2026-08-01,13,1335,U,33,F,8,7681.00
HOGAR-002214,ENHOGAR,2026-08-02,14,1436,R,40,M,3,7818.00
HOGAR-002215,ENHOGAR,2026-08-03,15,1537,U,47,X,6,7955.00
HOGAR-002216,ENHOGAR,2026-08-04,16,1638,U,54,NR,1,8092.00
HOGAR-002217,ENHOGAR,2026-08-05,17,1739,R,61,F,4,8229.00
HOGAR-002218,ENHOGAR,2026-08-06,18,1840,U,68,M,7,8366.00
HOGAR-002219,ENHOGAR,2026-08-07,19,1941,U,75,X,2,903.00
HOGAR-002220,ENHOGAR,2026-08-08,20,2042,R,82,NR,5,1040.00
HOGAR-002221,ENHOGAR,2026-08-09,21,2143,U,89,F,8,1177.00
HOGAR-002222,ENHOGAR,2026-08-10,22,2244,U,23,M,3,1314.00
HOGAR-002223,ENHOGAR,2026-08-11,01,0145,R,30,X,6,1451.00
HOGAR-002224,ENHOGAR,2026-08-12,02,0246,U,37,NR,1,1588.00
HOGAR-002225,ENHOGAR,2026-08-13,03,0347,U,44,F,4,1725.00
HOGAR-002226,ENHOGAR,2026-08-14,04,0448,R,51,M,7,1862.00
HOGAR-002227,ENHOGAR,2026-08-15,05,0549,U,58,X,2,1999.00
HOGAR-002228,ENHOGAR,2026-08-16,06,0650,U,65,NR,5,2136.00
HOGAR-002229,ENHOGAR,2026-08-17,07,0751,R,72,F,8,2273.00
HOGAR-002230,ENHOGAR,2026-08-18,08,0852,U,79,M,3,2410.00
HOGAR-002231,ENHOGAR,2026-08-19,09,0953,U,86,X,6,2547.00
HOGAR-002232,ENHOGAR,2026-08-20,10,1054,R,20,NR,1,2684.00
HOGAR-002233,ENHOGAR,2026-08-21,11,1155,U,27,F,4,2821.00
HOGAR-002234,ENHOGAR,2026-08-22,12,1256,U,34,M,7,2958.00
HOGAR-002235,ENHOGAR,2026-08-23,13,1357,R,41,X,2,3095.00
HOGAR-002236,ENHOGAR,2026-08-24,14,1458,U,48,NR,5,3232.00
HOGAR-002237,ENHOGAR,2026-08-25,15,1559,U,55,F,8,3369.00
HOGAR-002238,ENHOGAR,2026-08-26,16,1660,R,62,M,3,3506.00
HOGAR-002239,ENHOGAR,2026-08-27,17,1761,U,69,X,6,3643.00
HOGAR-002240,ENHOGAR,2026-08-28,18,1862,U,76,NR,1,3780.00
HOGAR-002241,ENHOGAR,2026-08-01,19,1963,R,83,F,4,3917.00
HOGAR-002242,ENHOGAR,2026-08-02,20,2064,U,90,M,7,4054.00
HOGAR-002243,ENHOGAR,2026-08-03,21,2165,U,24,X,2,4191.00
HOGAR-002244,ENHOGAR,2026-08-04,22,2266,R,31,NR,5,4328.00
HOGAR-002245,ENHOGAR,2026-08-05,01,0167,U,38,F,8,4465.00
HOGAR-002246,ENHOGAR,2026-08-06,02,0268,U,45,M,3,4602.00
HOGAR-002247,ENHOGAR,2026-08-07,03,0369,R,52,X,6,4739.00
HOGAR-002248,ENHOGAR,2026-08-08,04,0470,U,59,NR,1,4876.00
HOGAR-002249,ENHOGAR,2026-08-09,05,0571,U,66,F,4,5013.00
HOGAR-002250,ENHOGAR,2026-08-10,06,0672,R,73,M,7,5150.00
HOGAR-002251,ENHOGAR,2026-08-11,07,0773,U,80,X,2,5287.00
HOGAR-002252,ENHOGAR,2026-08-12,08,0874,U,87,NR,5,5424.00
HOGAR-002253,ENHOGAR,2026-08-13,09,0975,R,21,F,8,5561.00
HOGAR-002254,ENHOGAR,2026-08-14,10,1076,U,28,M,3,5698.00
HOGAR-002255,ENHOGAR,2026-08-15,11,1177,U,35,X,6,5835.00
HOGAR-002256,ENHOGAR,2026-08-16,12,1278,R,42,NR,1,5972.00
HOGAR-002257,ENHOGAR,2026-08-17,13,1379,U,49,F,4,6109.00
HOGAR-002258,ENHOGAR,2026-08-18,14,1480,U,56,M,7,6246.00
HOGAR-002259,ENHOGAR,2026-08-19,15,1581,R,63,X,2,6383.00
HOGAR-002260,ENHOGAR,2026-08-20,16,1682,U,70,NR,5,6520.00
HOGAR-002261,ENHOGAR,2026-08-21,17,1783,U,77,F,8,6657.00
HOGAR-002262,ENHOGAR,2026-08-22,18,1884,R,84,M,3,6794.00
HOGAR-002263,ENHOGAR,2026-08-23,19,1985,U,18,X,6,6931.00
HOGAR-002264,ENHOGAR,2026-08-24,20,2086,U,25,NR,1,7068.00
HOGAR-002265,ENHOGAR,2026-08-25,21,2187,R,32,F,4,7205.00
HOGAR-002266,ENHOGAR,2026-08-26,22,2288,U,39,M,7,7342.00
HOGAR-002267,ENHOGAR,2026-08-27,01,0189,U,46,X,2,7479.00
HOGAR-002268,ENHOGAR,2026-08-28,02,0290,R,53,NR,5,7616.00
HOGAR-002269,ENHOGAR,2026-08-01,03,0391,U,60,F,8,7753.00
HOGAR-002270,ENHOGAR,2026-08-02,04,0492,U,67,M,3,7890.00
HOGAR-002271,ENHOGAR,2026-08-03,05,0593,R,74,X,6,8027.00
HOGAR-002272,ENHOGAR,2026-08-04,06,0694,U,81,NR,1,8164.00
HOGAR-002273,ENHOGAR,2026-08-05,07,0795,U,88,F,4,8301.00
HOGAR-002274,ENHOGAR,2026-08-06,08,0896,R,22,M,7,8438.00
HOGAR-002275,ENHOGAR,2026-08-07,09,0997,U,29,X,2,975.00
HOGAR-002276,ENHOGAR,2026-08-08,10,1098,U,36,NR,5,1112.00
HOGAR-002277,ENHOGAR,2026-08-09,11,1199,R,43,F,8,1249.00
HOGAR-002278,ENHOGAR,2026-08-10,12,1201,U,50,M,3,1386.00
HOGAR-002279,ENHOGAR,2026-08-11,13,1302,U,57,X,6,1523.00
HOGAR-002280,ENHOGAR,2026-08-12,14,1403,R,64,NR,1,1660.00
HOGAR-002281,ENHOGAR,2026-08-13,15,1504,U,71,F,4,1797.00
HOGAR-002282,ENHOGAR,2026-08-14,16,1605,U,78,M,7,1934.00
HOGAR-002283,ENHOGAR,2026-08-15,17,1706,R,85,X,2,2071.00
HOGAR-002284,ENHOGAR,2026-08-16,18,1807,U,19,NR,5,2208.00
HOGAR-002285,ENHOGAR,2026-08-17,19,1908,U,26,F,8,2345.00
HOGAR-002286,ENHOGAR,2026-08-18,20,2009,R,33,M,3,2482.00
HOGAR-002287,ENHOGAR,2026-08-19,21,2110,U,40,X,6,2619.00
HOGAR-002288,ENHOGAR,2026-08-20,22,2211,U,47,NR,1,2756.00
HOGAR-002289,ENHOGAR,2026-08-21,01,0112,R,54,F,4,2893.00
HOGAR-002290,ENHOGAR,2026-08-22,02,0213,U,61,M,7,3030.00
HOGAR-002291,ENHOGAR,2026-08-23,03,0314,U,68,X,2,3167.00
HOGAR-002292,ENHOGAR,2026-08-24,04,0415,R,75,NR,5,3304.00
HOGAR-002293,ENHOGAR,2026-08-25,05,0516,U,82,F,8,3441.00
HOGAR-002294,ENHOGAR,2026-08-26,06,0617,U,89,M,3,3578.00
HOGAR-002295,ENHOGAR,2026-08-27,07,0718,R,23,X,6,3715.00
HOGAR-002296,ENHOGAR,2026-08-28,08,0819,U,30,NR,1,3852.00
HOGAR-002297,ENHOGAR,2026-08-01,09,0920,U,37,F,4,3989.00
HOGAR-002298,ENHOGAR,2026-08-02,10,1021,R,44,M,7,4126.00
HOGAR-002299,ENHOGAR,2026-08-03,11,1122,U,51,X,2,4263.00
HOGAR-002300,ENHOGAR,2026-08-04,12,1223,U,58,NR,5,4400.00
HOGAR-002301,ENHOGAR,2026-08-05,13,1324,R,65,F,8,4537.00
HOGAR-002302,ENHOGAR,2026-08-06,14,1425,U,72,M,3,4674.00
HOGAR-002303,ENHOGAR,2026-08-07,15,1526,U,79,X,6,4811.00
HOGAR-002304,ENHOGAR,2026-08-08,16,1627,R,86,NR,1,4948.00
HOGAR-002305,ENHOGAR,2026-08-09,17,1728,U,20,F,4,5085.00
HOGAR-002306,ENHOGAR,2026-08-10,18,1829,U,27,M,7,5222.00
HOGAR-002307,ENHOGAR,2026-08-11,19,1930,R,34,X,2,5359.00
HOGAR-002308,ENHOGAR,2026-08-12,20,2031,U,41,NR,5,5496.00
HOGAR-002309,ENHOGAR,2026-08-13,21,2132,U,48,F,8,5633.00
HOGAR-002310,ENHOGAR,2026-08-14,22,2233,R,55,M,3,5770.00
HOGAR-002311,ENHOGAR,2026-08-15,01,0134,U,62,X,6,5907.00
HOGAR-002312,ENHOGAR,2026-08-16,02,0235,U,69,NR,1,6044.00
HOGAR-002313,ENHOGAR,2026-08-17,03,0336,R,76,F,4,6181.00
HOGAR-002314,ENHOGAR,2026-08-18,04,0437,U,83,M,7,6318.00
HOGAR-002315,ENHOGAR,2026-08-19,05,0538,U,90,X,2,6455.00
HOGAR-002316,ENHOGAR,2026-08-20,06,0639,R,24,NR,5,6592.00
HOGAR-002317,ENHOGAR,2026-08-21,07,0740,U,31,F,8,6729.00
HOGAR-002318,ENHOGAR,2026-08-22,08,0841,U,38,M,3,6866.00
HOGAR-002319,ENHOGAR,2026-08-23,09,0942,R,45,X,6,7003.00
HOGAR-002320,ENHOGAR,2026-08-24,10,1043,U,52,NR,1,7140.00
HOGAR-002321,ENHOGAR,2026-08-25,11,1144,U,59,F,4,7277.00
HOGAR-002322,ENHOGAR,2026-08-26,12,1245,R,66,M,7,7414.00
HOGAR-002323,ENHOGAR,2026-08-27,13,1346,U,73,X,2,7551.00
HOGAR-002324,ENHOGAR,2026-08-28,14,1447,U,80,NR,5,7688.00
HOGAR-002325,ENHOGAR,2026-08-01,15,1548,R,87,F,8,7825.00
HOGAR-002326,ENHOGAR,2026-08-02,16,1649,U,21,M,3,7962.00
HOGAR-002327,ENHOGAR,2026-08-03,17,1750,U,28,X,6,8099.00
HOGAR-002328,ENHOGAR,2026-08-04,18,1851,R,35,NR,1,8236.00
HOGAR-002329,ENHOGAR,2026-08-05,19,1952,U,42,F,4,8373.00
HOGAR-002330,ENHOGAR,2026-08-06,20,2053,U,49,M,7,910.00
HOGAR-000001,ENHOGAR,2026-08-07,21,2154,R,56,X,2,1047.00
HOGAR-002332,ENHOGAR,2026-08-08,22,2255,U,63,NR,5,1184.00
HOGAR-002333,ENHOGAR,2026-08-09,01,0156,U,70,F,8,1321.00
HOGAR-002334,ENHOGAR,2026-08-10,02,0257,R,77,M,3,1458.00
HOGAR-002335,ENHOGAR,2026-08-11,03,0358,U,84,X,6,1595.00
HOGAR-002336,ENHOGAR,2026-08-12,04,0459,U,18,NR,1,1732.00
HOGAR-002337,ENHOGAR,2026-08-13,05,0560,R,25,F,4,1869.00
HOGAR-002338,ENHOGAR,2026-08-14,06,0661,U,32,M,7,2006.00
HOGAR-002339,ENHOGAR,2026-08-15,07,0762,U,39,X,2,2143.00
HOGAR-002340,ENHOGAR,2026-08-16,08,0863,R,46,NR,5,2280.00
HOGAR-002341,ENHOGAR,2026-08-17,09,0964,U,53,F,8,2417.00
HOGAR-002342,ENHOGAR,2026-08-18,10,1065,U,60,M,3,2554.00
HOGAR-002343,ENHOGAR,2026-08-19,11,1166,R,67,X,6,2691.00
HOGAR-002344,,2026-08-20,12,1267,U,74,NR,1,2828.00
HOGAR-002345,ENHOGAR,2026-08-21,13,1368,U,81,F,4,2965.00
HOGAR-002346,ENHOGAR,2026-08-22,14,1469,R,88,M,7,3102.00
HOGAR-002347,ENHOGAR,2026-08-23,15,1570,U,22,X,2,3239.00
HOGAR-002348,ENHOGAR,2026-08-24,16,1671,U,29,NR,5,3376.00
HOGAR-002349,ENHOGAR,2026-08-25,17,1772,R,36,F,8,3513.00
HOGAR-002350,ENHOGAR,2026-08-26,18,1873,U,43,M,3,3650.00
HOGAR-002351,ENHOGAR,2026-08-27,19,1974,U,50,X,6,3787.00
HOGAR-002352,ENHOGAR,2026-08-28,20,2075,R,57,NR,1,3924.00
HOGAR-002353,ENHOGAR,2026-08-01,21,2176,U,64,F,4,4061.00
HOGAR-002354,ENHOGAR,2026-08-02,22,2277,U,71,M,7,4198.00
HOGAR-002355,ENHOGAR,2026-08-03,01,0178,R,78,X,2, 4335.00 
HOGAR-002356,ENHOGAR,2026-08-04,02,0279,U,85,NR,5,4472.00
HOGAR-002357,ENHOGAR,2026-08-05,03,0380,U,19,F,8,4609.00
HOGAR-002358,ENHOGAR,2026-08-06,04,0481,R,26,M,3,4746.00
HOGAR-002359,ENHOGAR,2026-08-07,05,0582,U,33,X,6,4883.00
HOGAR-002360,ENHOGAR,2026-08-08,06,0683,U,40,NR,1,5020.00
HOGAR-002361,ENHOGAR,2026-08-09,07,0784,R,47,F,4,5157.00
HOGAR-002362,ENHOGAR,2026-08-10,08,0885,U,54,M,7,5294.00
HOGAR-002363,ENHOGAR,2026-08-11,09,0986,U,61,X,2,5431.00
HOGAR-002364,ENHOGAR,2026-08-12,10,1087,R,68,NR,5,5568.00
HOGAR-002365,ENHOGAR,2026-08-13,11,1188,U,75,F,8,5705.00
HOGAR-002366,ENHOGAR,2026-08-14,12,1289,U,82,M,3,5842.00
HOGAR-002367,ENHOGAR,2026-08-15,13,1390,R,89,X,6,5979.00
HOGAR-002368,ENHOGAR,2026-08-16,14,1491,U,23,NR,1,6116.00
HOGAR-002369,ENHOGAR,2026-08-17,15,1592,U,30,F,4,6253.00
HOGAR-002370,ENHOGAR,2026-08-18,16,1693,R,37,M,7,6390.00
HOGAR-002371,ENHOGAR,2026-08-19,17,1794,U,44,X,2,6527.00
HOGAR-002372,ENHOGAR,2026-08-20,18,1895,U,51,NR,5,6664.00
HOGAR-002373,ENHOGAR,2026-08-21,19,1996,R,58,F,8,6801.00
HOGAR-002374,ENHOGAR,2026-08-22,20,2097,U,65,M,3,6938.00
HOGAR-002375,ENHOGAR,2026-08-23,21,2198,U,72,X,6,7075.00
HOGAR-002376,ENHOGAR,2026-08-24,22,2299,R,79,NR,1,7212.00
HOGAR-002377,ENHOGAR,2026-08-25,01,0101,U,86,F,4,7349.00
HOGAR-002378,ENHOGAR,2026-08-26,02,0202,U,20,M,7,7486.00
HOGAR-002379,ENHOGAR,2026-08-27,03,0303,R,27,X,2,7623.00
HOGAR-002380,ENHOGAR,2026-08-28,04,0404,U,34,NR,5,7760.00
HOGAR-002381,ENHOGAR,2026-08-01,05,0505,U,41,F,8,7897.00
HOGAR-002382,ENHOGAR,2026-08-02,06,0606,R,48,M,3,8034.00
HOGAR-002383,ENHOGAR,2026-08-03,07,0707,U,55,X,6,8171.00
HOGAR-002384,ENHOGAR,2026-08-04,08,0808,U,62,NR,1,8308.00
HOGAR-002385,ENHOGAR,2026-08-05,09,0909,R,69,F,4,8445.00
HOGAR-002386,ENHOGAR,2026-08-06,10,1010,U,76,M,7,982.00
HOGAR-002387,ENHOGAR,2026-08-07,11,1111,U,83,X,2,1119.00
HOGAR-002388,ENHOGAR,2026-08-08,12,1212,R,90,NR,5,1256.00
HOGAR-002389,ENHOGAR,2026-08-09,13,1313,U,24,F,8,1393.00
HOGAR-002390,ENHOGAR,2026-08-10,14,1414,U,31,M,3,1530.00
HOGAR-002391,ENHOGAR,2026-08-11,15,1515,R,38,X,6,1667.00
HOGAR-002392,ENHOGAR,2026-08-12,16,1616,U,45,NR,1,1804.00
HOGAR-002393,ENHOGAR,2026-08-13,17,1717,U,52,F,4,1941.00
HOGAR-002394,ENHOGAR,2026-08-14,18,1818,R,59,M,7,2078.00
HOGAR-002395,ENHOGAR,2026-08-15,19,1919,U,66,X,2,2215.00
HOGAR-002396,ENHOGAR,2026-08-16,20,2020,U,73,NR,5,2352.00
HOGAR-002397,ENHOGAR,2026-08-17,21,2121,R,80,F,8,2489.00
HOGAR-002398,ENHOGAR,2026-08-18,22,2222,U,87,M,3,2626.00
HOGAR-002399,ENHOGAR,2026-08-19,01,0123,U,21,X,6,2763.00
HOGAR-002400,ENHOGAR,2026-08-20,02,0224,R,28,NR,1,2900.00
HOGAR-002401,ENHOGAR,2026-08-21,03,0325,U,35,F,4,3037.00
HOGAR-002402,ENHOGAR,2026-08-22,04,0426,U,42,M,7,3174.00
HOGAR-002403,ENHOGAR,2026-08-23,05,0527,R,49,X,2,3311.00
HOGAR-002404,ENHOGAR,2026-08-24,06,0628,U,56,NR,5,3448.00
HOGAR-002405,ENHOGAR,2026-08-25,07,0729,U,63,F,8,3585.00
HOGAR-002406,ENHOGAR,2026-08-26,08,0830,R,70,M,3,3722.00
HOGAR-002407,ENHOGAR,2026-08-27,09,0931,U,77,X,6,3859.00
HOGAR-002408,ENHOGAR,2026-08-28,10,1032,U,84,NR,1,3996.00
HOGAR-002409,ENHOGAR,2026-08-01,11,1133,R,18,F,4,4133.00
HOGAR-002410,ENHOGAR,2026-08-02,12,1234,U,25,M,7,4270.00
HOGAR-002411,ENHOGAR,2026-08-03,13,1335,U,32,X,2,4407.00
HOGAR-002412,ENHOGAR,2026-08-04,14,1436,R,39,NR,5,4544.00
HOGAR-002413,ENHOGAR,2026-08-05,15,1537,U,46,F,8,4681.00
HOGAR-002414,ENHOGAR,2026-08-06,16,1638,U,53,M,3,4818.00
HOGAR-002415,ENHOGAR,2026-08-07,17,1739,R,60,X,6,4955.00
HOGAR-002416,ENHOGAR,2026-08-08,18,1840,U,67,NR,1,5092.00
HOGAR-002417,ENHOGAR,2026-08-09,19,1941,U,74,F,4,5229.00
HOGAR-002418,ENHOGAR,2026-08-10,20,2042,R,81,M,7,5366.00
HOGAR-002419,ENHOGAR,2026-08-11,21,2143,U,88,X,2,5503.00
HOGAR-002420,ENHOGAR,2026-08-12,22,2244,U,22,NR,5,5640.00
HOGAR-002421,ENHOGAR,2026-08-13,01,0145,R,29,F,8,5777.00
HOGAR-002422,ENHOGAR,2026-08-14,02,0246,U,36,M,3,5914.00
HOGAR-002423,ENHOGAR,2026-08-15,03,0347,U,43,X,6,6051.00
HOGAR-002424,ENHOGAR,2026-08-16,04,0448,R,50,NR,1,6188.00
HOGAR-002425,ENHOGAR,2026-08-17,05,0549,U,57,F,4,6325.00
HOGAR-002426,ENHOGAR,2026-08-18,06,0650,U,64,M,7,6462.00
HOGAR-002427,ENHOGAR,2026-08-19,07,0751,R,71,X,2,6599.00
HOGAR-002428,ENHOGAR,2026-08-20,08,0852,U,78,NR,5,6736.00
HOGAR-002429,ENHOGAR,2026-08-21,09,0953,U,85,F,8,6873.00
HOGAR-002430,ENHOGAR,2026-08-22,10,1054,R,19,M,3,7010.00
HOGAR-002431,ENHOGAR,2026-08-23,11,1155,U,26,X,6,7147.00
HOGAR-002432,ENHOGAR,2026-08-24,12,1256,U,33,NR,1,7284.00
HOGAR-002433,ENHOGAR,2026-08-25,13,1357,R,40,F,4,7421.00
HOGAR-002434,ENHOGAR,2026-08-26,14,1458,U,47,M,7,7558.00
HOGAR-002435,ENHOGAR,2026-08-27,15,1559,U,54,X,2,7695.00
HOGAR-002436,ENHOGAR,2026-08-28,16,1660,R,61,NR,5,7832.00
HOGAR-002437,ENHOGAR,2026-08-01,17,1761,U,68,F,8,7969.00
HOGAR-002438,ENHOGAR,2026-08-02,18,1862,U,75,M,3,8106.00
HOGAR-002439,ENHOGAR,2026-08-03,19,1963,R,82,X,6,8243.00
HOGAR-002440,ENHOGAR,2026-08-04,20,2064,U,89,NR,1,8380.00
HOGAR-002441,ENHOGAR,2026-08-05,21,2165,U,23,F,4,917.00
HOGAR-002442,ENHOGAR,2026-08-06,22,2266,R,30,M,7,1054.00
HOGAR-002443,ENHOGAR,2026-08-07,01,0167,U,37,X,2,1191.00
HOGAR-002444,ENHOGAR,2026-08-08,02,0268,U,44,NR,5,1328.00
HOGAR-002445,ENHOGAR,2026-08-09,03,0369,R,51,F,8,1465.00
HOGAR-002446,ENHOGAR,2026-08-10,04,0470,U,58,M,3,1602.00
HOGAR-002447,ENHOGAR,2026-08-11,05,0571,U,65,X,6,1739.00
HOGAR-002448,ENHOGAR,2026-08-12,06,0672,R,72,NR,1,1876.00
HOGAR-002449,ENHOGAR,2026-08-13,07,0773,U,79,F,4,2013.00
HOGAR-002450,ENHOGAR,2026-08-14,08,0874,U,86,M,7,2150.00
HOGAR-002451,ENHOGAR,2026-08-15,09,0975,R,20,X,2,2287.00
HOGAR-002452,ENHOGAR,2026-08-16,10,1076,U,27,NR,5,2424.00
HOGAR-002453,ENHOGAR,2026-08-17,11,1177,U,34,F,8,2561.00
HOGAR-002454,ENHOGAR,2026-08-18,12,1278,R,41,M,3,2698.00
HOGAR-002455,ENHOGAR,2026-08-19,13,1379,U,48,X,6,2835.00
HOGAR-002456,ENHOGAR,2026-08-20,14,1480,U,55,NR,1,2972.00
HOGAR-002457,ENHOGAR,2026-08-21,15,1581,R,62,F,4,3109.00
HOGAR-002458,ENHOGAR,2026-08-22,16,1682,U,69,M,7,3246.00
HOGAR-002459,ENHOGAR,2026-08-23,17,1783,U,76,X,2,3383.00
HOGAR-002460,ENHOGAR,2026-08-24,18,1884,R,83,NR,5,3520.00
HOGAR-002461,ENHOGAR,2026-08-25,19,1985,U,90,F,8,3657.00
HOGAR-002462,ENHOGAR,2026-08-26,20,2086,U,24,M,3,3794.00
HOGAR-002463,ENHOGAR,2026-08-27,21,2187,R,31,X,6,3931.00
HOGAR-002464,ENHOGAR,2026-08-28,22,2288,U,38,NR,1,4068.00
HOGAR-002465,ENHOGAR,2026-08-01,01,0189,U,45,F,4,4205.00
HOGAR-002466,ENHOGAR,2026-08-02,02,0290,R,52,M,7,4342.00
HOGAR-002467,ENHOGAR,2026-08-03,03,0391,U,59,X,2,4479.00
HOGAR-002468,ENHOGAR,2026-08-04,04,0492,U,66,NR,5,4616.00
HOGAR-002469,ENHOGAR,2026-08-05,05,0593,R,73,F,8,4753.00
HOGAR-002470,ENHOGAR,2026-08-06,06,0694,U,80,M,3,4890.00
HOGAR-002471,ENHOGAR,2026-08-07,07,0795,U,87,X,6,5027.00
HOGAR-002472,ENHOGAR,2026-08-08,08,0896,R,21,NR,1,5164.00
HOGAR-002473,ENHOGAR,2026-08-09,09,0997,U,28,F,4,5301.00
HOGAR-002474,ENHOGAR,2026-08-10,10,1098,U,35,M,7,5438.00
HOGAR-002475,ENHOGAR,2026-08-11,11,1199,R,42,X,2,5575.00
HOGAR-002476,ENHOGAR,2026-08-12,12,1201,U,49,NR,5,5712.00
HOGAR-002477,ENHOGAR,2026-08-13,13,1302,U,56,F,8,5849.00
HOGAR-002478,ENHOGAR,2026-08-14,14,1403,R,63,M,3,5986.00
HOGAR-002479,ENHOGAR,2026-08-15,15,1504,U,70,X,6,6123.00
HOGAR-002480,ENHOGAR,2026-08-16,16,1605,U,77,NR,1,6260.00
HOGAR-002481,ENHOGAR,2026-08-17,17,1706,R,84,F,4,6397.00
HOGAR-002482,ENHOGAR,2026-08-18,18,1807,U,18,M,7,6534.00
HOGAR-002483,ENHOGAR,2026-08-19,19,1908,U,25,X,2,6671.00
HOGAR-002484,ENHOGAR,2026-08-20,20,2009,R,32,NR,5,6808.00
HOGAR-002485,ENHOGAR,2026-08-21,21,2110,U,39,F,8,6945.00
HOGAR-002486,ENHOGAR,2026-08-22,22,2211,U,46,M,3,7082.00
HOGAR-002487,ENHOGAR,2026-08-23,01,0112,R,53,X,6,7219.00
HOGAR-002488,ENHOGAR,2026-08-24,02,0213,U,60,NR,1,7356.00
HOGAR-002489,ENHOGAR,2026-08-25,03,0314,U,67,F,4,7493.00
HOGAR-002490,ENHOGAR,2026-08-26,04,0415,R,74,M,7,7630.00
HOGAR-002491,ENHOGAR,2026-08-27,05,0516,U,81,X,2,7767.00
HOGAR-002492,ENHOGAR,2026-08-28,06,0617,U,88,NR,5,7904.00
HOGAR-002493,ENHOGAR,2026-08-01,07,0718,R,22,F,8,8041.00
HOGAR-002494,ENHOGAR,2026-08-02,08,0819,U,29,M,3,8178.00
HOGAR-002495,ENHOGAR,2026-08-03,09,0920,U,36,X,6,8315.00
HOGAR-002496,ENHOGAR,2026-08-04,10,1021,R,43,NR,1,8452.00
HOGAR-002497,ENHOGAR,2026-08-05,11,1122,U,50,F,4,989.00
HOGAR-002498,ENHOGAR,2026-08-06,12,1223,U,57,M,7,1126.00
HOGAR-002499,ENHOGAR,2026-08-07,13,1324,R,64,X,2,1263.00
HOGAR-002500,ENHOGAR,2026-08-08,14,1425,U,71,NR,5,1400.00
HOGAR-002501,ENHOGAR,2026-08-09,15,1526,U,78,F,8,1537.00
HOGAR-002502,ENHOGAR,2026-08-10,16,1627,R,85,M,3,1674.00
HOGAR-002503,ENHOGAR,2026-08-11,17,1728,U,19,X,6,1811.00
HOGAR-002504,ENHOGAR,2026-08-12,18,1829,U,26,NR,1,1948.00
HOGAR-002505,ENHOGAR,2026-08-13,19,1930,R,33,F,4,2085.00
HOGAR-002506,ENHOGAR,2026-08-14,20,2031,U,40,M,7,2222.00
HOGAR-002507,ENHOGAR,2026-08-15,21,2132,U,47,X,2,2359.00
HOGAR-002508,ENHOGAR,2026-08-16,22,2233,R,54,NR,5,2496.00
HOGAR-002509,ENHOGAR,2026-08-17,01,0134,U,61,F,8,2633.00
HOGAR-002510,ENHOGAR,2026-08-18,02,0235,U,68,M,3,2770.00
HOGAR-002511,ENHOGAR,2026-08-19,03,0336,R,75,X,6,2907.00
HOGAR-002512,ENHOGAR,2026-08-20,04,0437,U,82,NR,1, 3044.00 
HOGAR-002513,ENHOGAR,2026-08-21,05,0538,U,89,F,4,3181.00
HOGAR-002514,ENHOGAR,2027-01-01,06,0639,R,23,M,7,3318.00
HOGAR-002515,ENHOGAR,2026-08-23,07,0740,U,30,X,2,-25.00
HOGAR-002516,ENHOGAR,2026-08-24,08,0841,U,37,NR,5,3592.00
HOGAR-002517,ENHOGAR,2026-08-25,09,0942,R,44,F,8,3729.00
HOGAR-002518,ENHOGAR,2026-08-26,10,1043,U,51,M,3,3866.00
HOGAR-002519,ENHOGAR,2026-08-27,11,1144,U,58,X,6,4003.00
HOGAR-002520,ENHOGAR,2026-08-28,12,1245,R,65,NR,1,4140.00
HOGAR-002521,ENHOGAR,2026-08-01,13,1346,U,72,F,4,4277.00
HOGAR-002522,ENHOGAR,2026-08-02,14,1447,U,79,M,7,4414.00
HOGAR-002523,ENHOGAR,2026-08-03,15,1548,R,86,X,2,4551.00
HOGAR-002524,ENHOGAR,2026-08-04,16,1649,U,20,NR,5,4688.00
HOGAR-002525,ENHOGAR,2026-08-05,17,1750,U,27,F,8,4825.00
HOGAR-002526,ENHOGAR,2026-08-06,18,1851,R,34,M,3,4962.00
HOGAR-002527,ENHOGAR,2026-08-07,19,1952,U,41,X,6,5099.00
HOGAR-002528,ENHOGAR,2026-08-08,20,2053,U,48,NR,1,5236.00
HOGAR-002529,ENHOGAR,2026-08-09,21,2154,R,55,F,4,5373.00
HOGAR-002530,ENHOGAR,2026-08-10,22,2255,U,62,M,7,5510.00
HOGAR-002531,ENHOGAR,2026-08-11,01,0156,U,69,X,2,5647.00
HOGAR-002532,ENHOGAR,2026-08-12,02,0257,R,76,NR,5,5784.00
HOGAR-002533,ENHOGAR,2026-08-13,03,0358,U,83,F,8,5921.00
HOGAR-002534,ENHOGAR,2026-08-14,04,0459,U,90,M,3,6058.00
HOGAR-002535,ENHOGAR,2026-08-15,05,0560,R,24,X,6,6195.00
HOGAR-002536,ENHOGAR,2026-08-16,06,0661,U,31,NR,1,6332.00
HOGAR-002537,ENHOGAR,2026-08-17,07,0762,U,38,F,4,6469.00
HOGAR-002538,ENHOGAR,2026-08-18,08,0863,R,45,M,7,6606.00
HOGAR-002539,ENHOGAR,2026-08-19,09,0964,U,52,X,2,6743.00
HOGAR-002540,ENHOGAR,2026-08-20,10,1065,U,59,NR,5,6880.00
HOGAR-002541,ENHOGAR,2026-08-21,11,1166,R,66,F,8,7017.00
HOGAR-002542,ENHOGAR,2026-08-22,12,1267,U,73,M,3,7154.00
HOGAR-002543,ENHOGAR,2026-08-23,13,1368,U,80,X,6,7291.00
HOGAR-002544,ENHOGAR,2026-08-24,14,1469,R,87,NR,1,7428.00
HOGAR-002545,ENHOGAR,2026-08-25,15,1570,U,21,F,4,7565.00
HOGAR-002546,ENHOGAR,2026-08-26,16,1671,U,28,M,7,7702.00
HOGAR-002547,ENHOGAR,2026-08-27,17,1772,R,35,X,2,7839.00
HOGAR-002548,ENHOGAR,2026-08-28,18,1873,U,42,NR,5,7976.00
HOGAR-002549,ENHOGAR,2026-08-01,19,1974,U,49,F,8,8113.00
HOGAR-002550,ENHOGAR,2026-08-02,20,2075,R,56,M,3,8250.00
HOGAR-002551,ENHOGAR,2026-08-03,21,2176,U,63,X,6,8387.00
HOGAR-002552,ENHOGAR,2026-08-04,22,2277,U,70,NR,1,924.00
HOGAR-002553,ENHOGAR,2026-08-05,01,0178,R,77,F,4,1061.00
HOGAR-002554,ENHOGAR,2026-08-06,02,0279,U,84,M,7,1198.00
HOGAR-002555,ENHOGAR,2026-08-07,03,0380,U,18,X,2,1335.00
HOGAR-002556,ENHOGAR,2026-08-08,04,0481,R,25,NR,5,1472.00
HOGAR-002557,ENHOGAR,2026-08-09,05,0582,U,32,F,8,1609.00
HOGAR-002558,ENHOGAR,2026-08-10,06,0683,U,39,M,3,1746.00
HOGAR-002559,ENHOGAR,2026-08-11,07,0784,R,46,X,6,1883.00
HOGAR-002560,ENHOGAR,2026-08-12,08,0885,U,53,NR,1,2020.00
HOGAR-002561,ENHOGAR,2026-08-13,09,0986,U,60,F,4,2157.00
HOGAR-002562,ENHOGAR,2026-08-14,10,1087,R,67,M,7,2294.00
HOGAR-002563,ENHOGAR,2026-08-15,11,1188,U,74,X,2,2431.00
HOGAR-002564,ENHOGAR,2026-08-16,12,1289,U,81,NR,0,2568.00
HOGAR-002565,ENHOGAR,2026-08-17,13,1390,R,88,F,8,2705.00
HOGAR-002566,ENHOGAR,2026-08-18,14,1491,U,22,M,3,2842.00
HOGAR-002567,ENHOGAR,2026-08-19,15,1592,U,29,X,6,2979.00
HOGAR-002568,ENHOGAR,2026-08-20,16,1693,R,36,NR,1,3116.00
HOGAR/002569,ENHOGAR,2026-08-21,17,1794,U,43,F,4,3253.00
HOGAR-002570,ENHOGAR,2026-08-22,18,1895,U,50,M,7,3390.00
HOGAR-002571,ENHOGAR,2026-08-23,19,1996,R,57,X,2,3527.00
HOGAR-002572,ENHOGAR,2026-08-24,20,2097,U,64,NR,5,3664.00
HOGAR-002573,ENHOGAR,2026-08-25,21,2198,U,71,F,8,3801.00
HOGAR-002574,ENHOGAR,2026-08-26,22,2299,R,78,M,3,3938.00
HOGAR-002575,ENHOGAR,2026-08-27,01,0101,U,85,X,6,4075.00
HOGAR-002576,ENHOGAR,2026-08-28,02,0202,U,19,NR,1,4212.00
HOGAR-002577,ENHOGAR,2026-08-01,03,0303,R,26,F,4,4349.00
HOGAR-002578,ENHOGAR,2026-08-02,04,0404,U,33,M,7,4486.00
HOGAR-002579,ENHOGAR,2026-08-03,05,0505,U,40,X,2,4623.00
HOGAR-002580,ENHOGAR,2026-08-04,06,0606,R,47,NR,5,4760.00
HOGAR-002581,ENHOGAR,2026-08-05,07,0707,U,54,F,8,4897.00
HOGAR-002582,ENHOGAR,2026-08-06,08,0808,U,61,M,3,5034.00
HOGAR-002583,ENHOGAR,2026-08-07,09,0909,R,68,X,6,5171.00
HOGAR-002584,ENHOGAR,2026-08-08,10,1010,U,75,NR,1,5308.00
HOGAR-002585,ENHOGAR,2026-08-09,11,1111,U,82,F,4,5445.00
HOGAR-002586,ENHOGAR,2026-08-10,12,1212,R,89,M,7,5582.00
HOGAR-002587,ENHOGAR,2026-08-11,13,1313,U,23,X,2,5719.00
HOGAR-002588,ENHOGAR,2026-08-12,14,1414,U,30,NR,5,5856.00
HOGAR-002589,ENHOGAR,2026-08-13,15,1515,R,37,F,8,5993.00
HOGAR-002590,ENHOGAR,2026-08-14,16,1616,U,44,M,3,6130.00
HOGAR-002591,ENHOGAR,2026-08-15,17,1717,U,51,X,6,6267.00
HOGAR-002592,ENHOGAR,2026-08-16,18,1818,R,58,NR,1,6404.00
HOGAR-002593,ENHOGAR,2026-08-17,19,1919,U,65,F,4,6541.00
HOGAR-002594,ENHOGAR,2026-08-18,20,2020,U,72,M,7,6678.00
HOGAR-002595,ENHOGAR,2026-08-19,21,2121,R,79,X,2,6815.00
HOGAR-002596,ENHOGAR,2026-08-20,22,2222,U,86,NR,5,6952.00
HOGAR-002597,ENHOGAR,2026-08-21,01,0123,U,20,F,8,7089.00
HOGAR-002598,ENHOGAR,2026-08-22,02,0224,R,27,M,3,7226.00
HOGAR-002599,ENHOGAR,2026-08-23,03,0325,U,34,X,6,7363.00
HOGAR-002600,ENHOGAR,2026-08-24,04,0426,U,41,NR,1,7500.00
HOGAR-002601,ENHOGAR,2026-08-25,05,0527,R,48,F,4,7637.00
HOGAR-002602,ENHOGAR,2026-08-26,06,0628,U,55,M,7,7774.00
HOGAR-002603,ENHOGAR,2026-08-27,07,0729,U,62,X,2,7911.00
HOGAR-002604,ENHOGAR,2026-08-28,08,0830,R,69,NR,5,8048.00
HOGAR-002605,ENHOGAR,2026-08-01,09,0931,U,76,F,8,8185.00
HOGAR-002606,ENHOGAR,2026-08-02,10,1032,U,83,M,3,8322.00
HOGAR-002607,ENHOGAR,2026-08-03,11,1133,R,90,X,6,8459.00
HOGAR-002608,ENHOGAR,2026-08-04,12,1234,U,24,NR,1,996.00
HOGAR-002609,ENHOGAR,2026-08-05,13,1335,U,31,F,4,1133.00
HOGAR-002610,ENHOGAR,2026-08-06,14,1436,R,38,M,7,1270.00
HOGAR-002611,ENHOGAR,2026-08-07,15,1537,U,45,X,2,1407.00
HOGAR-002612,ENHOGAR,2026-08-08,16,1638,U,52,NR,5,1544.00
HOGAR-002613,ENHOGAR,2026-08-09,17,1739,R,59,F,8,1681.00
HOGAR-002614,ENHOGAR,2026-08-10,18,1840,U,66,M,3,1818.00
HOGAR-002615,ENHOGAR,2026-08-11,19,1941,U,73,X,6,1955.00
HOGAR-002616,ENHOGAR,2026-08-12,20,2042,R,80,NR,1,2092.00
HOGAR-002617,ENHOGAR,2026-08-13,21,2143,U,87,F,4,2229.00
HOGAR-002618,ENHOGAR,2026-08-14,22,2244,U,21,M,7,2366.00
HOGAR-002619,ENHOGAR,2026-08-15,01,0145,R,28,X,2,2503.00
HOGAR-002620,ENHOGAR,2026-08-16,02,0246,U,35,NR,5,2640.00
HOGAR-002621,ENHOGAR,2026-08-17,03,0347,U,42,F,8,2777.00
HOGAR-002622,ENHOGAR,2026-08-18,04,0448,R,49,M,3,2914.00
HOGAR-002623,ENHOGAR,2026-08-19,05,0549,U,56,X,6,3051.00
HOGAR-002624,ENHOGAR,2026-08-20,06,0650,U,63,NR,1,3188.00
HOGAR-002625,ENHOGAR,2026-08-21,07,0751,R,70,F,4,3325.00
HOGAR-002626,ENHOGAR,2026-08-22,08,0852,U,77,M,7,3462.00
HOGAR-002627,ENHOGAR,2026-08-23,09,0953,U,84,X,2,3599.00
HOGAR-002628,ENHOGAR,2026-08-24,10,1054,R,18,NR,5,3736.00
HOGAR-002629,ENHOGAR,2026-08-25,11,1155,U,25,F,8,3873.00
HOGAR-002630,ENHOGAR,2026-08-26,12,1256,U,32,M,3,4010.00
HOGAR-002631,ENHOGAR,2026-08-27,13,1357,R,39,X,6,4147.00
HOGAR-002632,ENHOGAR,2026-08-28,14,1458,U,46,NR,1,4284.00
HOGAR-002633,ENHOGAR,2026-08-01,15,1559,U,53,F,4,4421.00
HOGAR-002634,ENHOGAR,2026-08-02,16,1660,R,60,M,7,4558.00
HOGAR-002635,ENHOGAR,2026-08-03,17,1761,U,67,X,2,4695.00
HOGAR-002636,ENHOGAR,2026-08-04,18,1862,U,74,NR,5,4832.00
HOGAR-002637,,2026-08-05,19,1963,R,81,F,8,4969.00
HOGAR-002638,ENHOGAR,2026-08-06,20,2064,U,88,M,3,5106.00
HOGAR-002639,ENHOGAR,2026-08-07,21,2165,U,22,X,6,5243.00
HOGAR-002640,ENHOGAR,2026-08-08,22,2266,R,29,NR,1,5380.00
HOGAR-002641,ENHOGAR,2026-08-09,01,0167,U,36,F,4,5517.00
HOGAR-002642,ENHOGAR,2026-08-10,02,0268,U,43,M,7,5654.00
HOGAR-002643,ENHOGAR,2026-08-11,03,0369,R,50,X,2,5791.00
HOGAR-002644,ENHOGAR,2026-08-12,04,0470,U,57,NR,5,5928.00
HOGAR-002645,ENHOGAR,2026-08-13,05,0571,U,64,F,8,6065.00
HOGAR-002646,ENHOGAR,2026-08-14,06,0672,R,71,M,3,6202.00
HOGAR-002647,ENHOGAR,2026-08-15,07,0773,U,78,X,6,6339.00
HOGAR-002648,ENHOGAR,2026-08-16,08,0874,U,85,NR,1,6476.00
HOGAR-002649,ENHOGAR,2026-08-17,09,0975,R,19,F,4,6613.00
HOGAR-002650,ENHOGAR,2026-08-18,10,1076,U,26,M,7,6750.00
HOGAR-002651,ENHOGAR,2026-08-19,11,1177,U,33,X,2,6887.00
HOGAR-002652,ENHOGAR,2026-08-20,12,1278,R,40,NR,5,7024.00
HOGAR-002653,ENHOGAR,2026-08-21,13,1379,U,47,F,8,7161.00
HOGAR-002654,ENHOGAR,2026-08-22,14,1480,U,54,M,3,7298.00
HOGAR-002655,ENHOGAR,2026-08-23,15,1581,R,61,X,6,7435.00
HOGAR-002656,ENHOGAR,2026-08-24,16,1682,U,68,NR,1,7572.00
HOGAR-002657,ENHOGAR,2026-08-25,17,1783,U,75,F,4,7709.00
HOGAR-002658,ENHOGAR,2026-08-26,18,1884,R,82,M,7,7846.00
HOGAR-002659,ENHOGAR,2026-08-27,19,1985,U,89,X,2,7983.00
HOGAR-002660,ENHOGAR,2026-08-28,20,2086,U,23,NR,5,8120.00
HOGAR-002661,ENHOGAR,2026-08-01,21,2187,R,135,F,8,8257.00
HOGAR-002662,ENHOGAR,2026-08-02,22,2288,U,37,M,3,8394.00
HOGAR-002663,ENHOGAR,2026-08-03,01,0189,U,44,X,6,931.00
HOGAR-002664,ENHOGAR,2026-08-04,02,0290,R,51,NR,1,1068.00
HOGAR-002665,ENHOGAR,2026-08-05,03,0391,U,58,F,4,1205.00
HOGAR-002666,ENHOGAR,2026-08-06,04,0492,U,65,M,7,1342.00
HOGAR-002667,ENHOGAR,2026-08-07,05,0593,R,72,X,2,1479.00
HOGAR-002668,ENHOGAR,2026-08-08,06,0694,U,79,NR,5,1616.00
HOGAR-002669,ENHOGAR,2026-08-09,07,0795,U,86,F,8, 1753.00 
HOGAR-002670,ENHOGAR,2026-08-10,08,0896,R,20,M,3,1890.00
HOGAR-002671,ENHOGAR,2026-08-11,09,0997,U,27,X,6,2027.00
HOGAR-002672,ENHOGAR,2026-08-12,10,1098,U,34,NR,1,2164.00
HOGAR-002673,ENHOGAR,2026-08-13,11,1199,R,41,F,4,2301.00
HOGAR-002674,ENHOGAR,2026-08-14,12,1201,U,48,M,7,2438.00
HOGAR-002675,ENHOGAR,2026-08-15,13,1302,U,55,X,2,2575.00
HOGAR-002676,ENHOGAR,2026-08-16,14,1403,R,62,NR,5,2712.00
HOGAR-002677,ENHOGAR,2026-08-17,15,1504,U,69,F,8,2849.00
HOGAR-002678,ENHOGAR,2026-08-18,16,1605,U,76,M,3,2986.00
HOGAR-002679,ENHOGAR,2026-08-19,17,1706,R,83,X,6,3123.00
HOGAR-002680,ENHOGAR,2026-08-20,18,1807,U,90,NR,1,3260.00
HOGAR-002681,ENHOGAR,2026-08-21,19,1908,U,24,F,4,3397.00
HOGAR-002682,ENHOGAR,2026-08-22,20,2009,R,31,M,7,3534.00
HOGAR-002683,ENHOGAR,2026-08-23,21,2110,U,38,X,2,3671.00
HOGAR-002684,ENHOGAR,2026-08-24,22,2211,U,45,NR,5,3808.00
HOGAR-002685,ENHOGAR,2026-08-25,01,0112,R,52,F,8,3945.00
HOGAR-002686,ENHOGAR,2026-08-26,02,0213,U,59,M,3,4082.00
HOGAR-002687,ENHOGAR,2026-08-27,03,0314,U,66,X,6,4219.00
HOGAR-002688,ENHOGAR,2026-08-28,04,0415,R,73,NR,1,4356.00
HOGAR-002689,ENHOGAR,2026-08-01,05,0516,U,80,F,4,4493.00
HOGAR-002690,ENHOGAR,2026-08-02,06,0617,U,87,M,7,4630.00
HOGAR-002691,ENHOGAR,2026-08-03,07,0718,R,21,X,2,4767.00
HOGAR-002692,ENHOGAR,2026-08-04,08,0819,U,28,NR,5,4904.00
HOGAR-002693,ENHOGAR,2026-08-05,09,0920,U,35,F,8,5041.00
HOGAR-002694,ENHOGAR,2026-08-06,10,1021,R,42,M,3,5178.00
HOGAR-002695,ENHOGAR,2026-08-07,11,1122,U,49,X,6,5315.00
HOGAR-002696,ENHOGAR,2026-08-08,12,1223,U,56,NR,1,5452.00
HOGAR-002697,ENHOGAR,2026-08-09,13,1324,R,63,F,4,5589.00
HOGAR-002698,ENHOGAR,2026-08-10,14,1425,U,70,M,7,5726.00
HOGAR-002699,ENHOGAR,2026-08-11,15,1526,U,77,X,2,5863.00
HOGAR-002700,ENHOGAR,2026-08-12,16,1627,R,84,NR,5,6000.00
HOGAR-002701,ENHOGAR,2026-08-13,17,1728,U,18,F,8,6137.00
HOGAR-002702,ENHOGAR,2026-08-14,18,1829,U,25,M,3,6274.00
HOGAR-002703,ENHOGAR,2026-08-15,19,1930,R,32,X,6,6411.00
HOGAR-002704,ENHOGAR,2026-08-16,20,2031,U,39,NR,1,6548.00
HOGAR-002705,ENHOGAR,2026-08-17,21,2132,U,46,F,4,6685.00
HOGAR-002706,ENHOGAR,2026-08-18,22,2233,R,53,M,7,6822.00
HOGAR-002707,ENHOGAR,2026-08-19,01,0134,U,60,X,2,6959.00
HOGAR-002708,ENHOGAR,2026-08-20,02,0235,U,67,NR,5,7096.00
HOGAR-002709,ENHOGAR,2026-08-21,03,0336,R,74,F,8,7233.00
HOGAR-002710,ENHOGAR,2026-08-22,04,0437,U,81,M,3,7370.00
HOGAR-002711,ENHOGAR,2026-08-23,05,0538,U,88,X,6,7507.00
HOGAR-002712,ENHOGAR,2026-08-24,06,0639,R,22,NR,1,7644.00
HOGAR-002713,ENHOGAR,2026-08-25,07,0740,U,29,F,4,7781.00
HOGAR-002714,ENHOGAR,2026-08-26,08,0841,U,36,M,7,7918.00
HOGAR-002715,ENHOGAR,2026-08-27,09,0942,R,43,X,2,8055.00
HOGAR-002716,ENHOGAR,2026-08-28,10,1043,U,50,NR,5,8192.00
HOGAR-002717,ENHOGAR,2026-08-01,11,1144,U,57,F,8,8329.00
HOGAR-002718,ENHOGAR,2026-08-02,12,1245,R,64,M,3,8466.00
HOGAR-002719,ENHOGAR,2026-08-03,13,1346,U,71,X,6,1003.00
HOGAR-002720,ENHOGAR,2026-08-04,14,1447,U,78,NR,1,1140.00
HOGAR-002721,ENHOGAR,2026-08-05,15,1548,R,85,F,4,1277.00
HOGAR-002722,ENHOGAR,2026-08-06,16,1649,U,19,M,7,1414.00
HOGAR-002723,ENHOGAR,2026-08-07,17,1750,U,26,X,2,1551.00
HOGAR-002724,ENHOGAR,2026-08-08,18,1851,R,33,NR,5,1688.00
HOGAR-002725,ENHOGAR,2026-08-09,19,1952,U,40,F,8,1825.00
HOGAR-002726,ENHOGAR,2026-08-10,20,2053,U,47,M,3,1962.00
HOGAR-002727,ENHOGAR,2026-08-11,21,2154,R,54,X,6,2099.00
HOGAR-002728,ENHOGAR,2026-08-12,22,2255,U,61,NR,1,2236.00
HOGAR-002729,ENHOGAR,2026-08-13,01,0156,U,68,F,4,2373.00
HOGAR-002730,ENHOGAR,2026-08-14,02,0257,R,75,M,7,2510.00
HOGAR-002731,ENHOGAR,2026-08-15,03,0358,U,82,X,2,2647.00
HOGAR-002732,ENHOGAR,2026-08-16,04,0459,U,89,NR,5,2784.00
HOGAR-002733,ENHOGAR,2026-08-17,05,0560,X,23,F,8,2921.00
HOGAR-002734,ENHOGAR,2026-08-18,06,0661,U,30,M,3,3058.00
HOGAR-002735,ENHOGAR,2026-08-19,07,0762,U,37,X,6,3195.00
HOGAR-002736,ENHOGAR,2026-08-20,08,0863,R,44,NR,1,3332.00
HOGAR-002737,ENHOGAR,2026-08-21,09,0964,U,51,F,4,3469.00
HOGAR-002738,ENHOGAR,2026-08-22,10,1065,U,58,M,7,3606.00
HOGAR-002739,ENHOGAR,2026-08-23,11,1166,R,65,X,2,3743.00
HOGAR-002740,ENHOGAR,2026-08-24,12,1267,U,72,NR,5,3880.00
HOGAR-002741,ENHOGAR,2026-08-25,13,1368,U,79,F,8,4017.00
HOGAR-002742,ENHOGAR,2026-08-26,14,1469,R,86,M,3,4154.00
HOGAR-002743,ENHOGAR,2026-08-27,15,1570,U,20,X,6,4291.00
HOGAR-002744,ENHOGAR,2026-08-28,16,1671,U,27,NR,1,4428.00
HOGAR-002745,ENHOGAR,2026-08-01,17,1772,R,34,F,4,4565.00
HOGAR-002746,ENHOGAR,2026-08-02,18,1873,U,41,M,7,4702.00
HOGAR-002747,ENHOGAR,2026-08-03,19,1974,U,48,X,2,4839.00
HOGAR-002748,ENHOGAR,2026-08-04,20,2075,R,55,NR,5,4976.00
HOGAR-002749,ENHOGAR,2026-08-05,21,2176,U,62,F,8,5113.00
HOGAR-002750,ENHOGAR,2026-08-06,22,2277,U,69,M,3,5250.00
HOGAR-002751,ENHOGAR,2026-08-07,01,0178,R,76,X,6,5387.00
HOGAR-002752,ENHOGAR,2026-08-08,02,0279,U,83,NR,1,5524.00
HOGAR-002753,ENHOGAR,2026-08-09,03,0380,U,90,F,4,5661.00
HOGAR-002754,ENHOGAR,2026-08-10,04,0481,R,24,M,7,5798.00
HOGAR-002755,ENHOGAR,2026-08-11,05,0582,U,31,X,2,5935.00
HOGAR-002756,ENHOGAR,2026-08-12,06,0683,U,38,NR,5,6072.00
HOGAR-002757,ENHOGAR,2026-08-13,07,0784,R,45,F,8,6209.00
HOGAR-002758,ENHOGAR,2026-08-14,08,0885,U,52,M,3,6346.00
HOGAR-002759,ENHOGAR,2026-08-15,09,0986,U,59,X,6,6483.00
HOGAR-002760,ENHOGAR,2026-08-16,10,1087,R,66,NR,1,6620.00
HOGAR-002761,ENHOGAR,2026-08-17,11,1188,U,73,F,4,6757.00
HOGAR-002762,ENHOGAR,2026-08-18,12,1289,U,80,M,7,6894.00
HOGAR-002763,ENHOGAR,2026-08-19,13,1390,R,87,X,2,7031.00
HOGAR-002764,ENHOGAR,2026-08-20,14,1491,U,21,NR,5,7168.00
HOGAR-002765,ENHOGAR,2026-08-21,15,1592,U,28,F,8,7305.00
HOGAR-002766,ENHOGAR,2026-08-22,16,1693,R,35,M,3,7442.00
HOGAR-002767,ENHOGAR,2026-08-23,17,1794,U,42,X,6,7579.00
HOGAR-002768,ENHOGAR,2026-08-24,18,1895,U,49,NR,1,7716.00
HOGAR-002769,ENHOGAR,2026-08-25,19,1996,R,56,F,4,7853.00
HOGAR-002770,ENHOGAR,2026-08-26,20,2097,U,63,M,7,7990.00
HOGAR-002771,ENHOGAR,2026-08-27,21,2198,U,70,X,2,8127.00
HOGAR-002772,ENHOGAR,2026-08-28,22,2299,R,77,NR,5,8264.00
HOGAR-002773,ENHOGAR,2026-08-01,01,0101,U,84,F,8,8401.00
HOGAR-002774,ENHOGAR,2026-08-02,02,0202,U,18,M,3,938.00
HOGAR-002775,ENHOGAR,2026-08-03,03,0303,R,25,X,6,1075.00
HOGAR-002776,ENHOGAR,2026-08-04,04,0404,U,32,NR,1,1212.00
HOGAR-002777,ENHOGAR,2026-08-05,05,0505,U,39,F,4,1349.00
HOGAR-002778,ENHOGAR,2026-08-06,06,0606,R,46,M,7,1486.00
HOGAR-002779,ENHOGAR,2026-08-07,07,0707,U,53,X,2,1623.00
HOGAR-002780,ENHOGAR,2026-08-08,08,0808,U,60,NR,5,1760.00
HOGAR-002781,ENHOGAR,2026-08-09,09,0909,R,67,F,8,1897.00
HOGAR-002782,ENHOGAR,2026-08-10,10,1010,U,74,M,3,2034.00
HOGAR-002783,ENHOGAR,2026-08-11,11,1111,U,81,X,6,2171.00
HOGAR-002784,ENHOGAR,2026-08-12,12,1212,R,88,NR,1,2308.00
HOGAR-002785,ENHOGAR,2026-08-13,13,1313,U,22,F,4,2445.00
HOGAR-002786,ENHOGAR,2026-08-14,14,1414,U,29,M,7,2582.00
HOGAR-002787,ENHOGAR,2026-08-15,15,1515,R,36,X,2,2719.00
HOGAR-002788,ENHOGAR,2026-08-16,16,1616,U,43,NR,5,2856.00
HOGAR-002789,ENHOGAR,2026-08-17,17,1717,U,50,F,8,2993.00
HOGAR-002790,ENHOGAR,2026-08-18,18,1818,R,57,M,3,3130.00
HOGAR-002791,ENHOGAR,2026-08-19,19,1919,U,64,X,6,3267.00
HOGAR-002792,ENHOGAR,2026-08-20,20,2020,U,71,NR,1,3404.00
HOGAR-002793,ENHOGAR,2026-08-21,21,2121,R,78,F,4,3541.00
HOGAR-002794,ENHOGAR,2026-08-22,22,2222,U,85,M,7,3678.00
HOGAR-002795,ENHOGAR,2026-08-23,01,0123,U,19,X,2,3815.00
HOGAR-002796,ENHOGAR,2026-08-24,02,0224,R,26,NR,5,3952.00
HOGAR-002797,ENHOGAR,2026-08-25,03,0325,U,33,F,8,4089.00
HOGAR-002798,ENHOGAR,2026-08-26,04,0426,U,40,M,3,4226.00
HOGAR-002799,ENHOGAR,2026-08-27,05,0527,R,47,X,6,4363.00
HOGAR-002800,ENHOGAR,2026-08-28,06,0628,U,54,NR,1,4500.00
HOGAR-002801,ENHOGAR,2026-08-01,07,0729,U,61,F,4,4637.00
HOGAR-002802,ENHOGAR,2026-08-02,08,0830,R,68,M,7,4774.00
HOGAR-002803,ENHOGAR,2026-08-03,09,0931,U,75,X,2,4911.00
HOGAR-002804,ENHOGAR,2026-08-04,10,1032,U,82,NR,5,5048.00
HOGAR-002805,ENHOGAR,2026-08-05,11,1133,R,89,F,8,5185.00
HOGAR-002806,ENHOGAR,2026-08-06,12,1234,U,23,M,3,5322.00
HOGAR-002807,ENHOGAR,2026-08-07,13,1335,U,30,X,6,5459.00
HOGAR-002808,ENHOGAR,2026-08-08,14,1436,R,37,NR,1,5596.00
HOGAR-002809,ENHOGAR,2026-08-09,15,1537,U,44,F,4,5733.00
HOGAR-002810,ENHOGAR,2026-08-10,16,1638,U,51,M,7,5870.00
HOGAR-002811,ENHOGAR,2026-08-11,17,1739,R,58,X,2,6007.00
HOGAR-002812,ENHOGAR,2026-08-12,18,1840,U,65,NR,5,6144.00
HOGAR-002813,ENHOGAR,2026-08-13,19,1941,U,72,F,8,6281.00
HOGAR-002814,ENHOGAR,2026-08-14,20,2042,R,79,M,3,6418.00
HOGAR-002815,ENHOGAR,2026-08-15,21,2143,U,86,X,6,6555.00
HOGAR-002816,ENHOGAR,2026-08-16,22,2244,U,20,NR,1,6692.00
HOGAR-002817,ENHOGAR,2026-08-17,01,0145,R,27,F,4,6829.00
HOGAR-002818,ENHOGAR,2026-08-18,02,0246,U,34,M,7,6966.00
HOGAR-002819,ENHOGAR,2026-08-19,03,0347,U,41,X,2,7103.00
HOGAR-002820,ENHOGAR,2026-08-20,04,0448,R,48,NR,5,7240.00
HOGAR-002821,ENHOGAR,2026-08-21,05,0549,U,55,F,8,7377.00
HOGAR-002822,ENHOGAR,2026-08-22,06,0650,U,62,M,3,7514.00
HOGAR-002823,ENHOGAR,2026-08-23,07,0751,R,69,X,6,7651.00
HOGAR-002824,ENHOGAR,2026-08-24,08,0852,U,76,NR,1,7788.00
HOGAR-002825,ENHOGAR,2026-08-25,09,0953,U,83,F,4,7925.00
HOGAR-002826,ENHOGAR,2026-08-26,10,1054,R,90,M,7, 8062.00 
HOGAR-002827,ENHOGAR,2026-08-27,11,1155,U,24,X,2,8199.00
HOGAR-002828,ENHOGAR,2026-08-28,12,1256,U,31,NR,5,8336.00
HOGAR-002829,ENHOGAR,2026-08-01,13,1357,R,38,F,8,8473.00
HOGAR-002830,ENHOGAR,2026-08-02,14,1458,U,45,M,3,1010.00
HOGAR-002831,ENHOGAR,2026-08-03,15,1559,U,52,X,6,1147.00
HOGAR-002832,ENHOGAR,2026-08-04,16,1660,R,59,NR,1,1284.00
HOGAR-002833,ENHOGAR,2026-08-05,17,1761,U,66,F,4,1421.00
HOGAR-002834,ENHOGAR,2026-08-06,18,1862,U,73,M,7,1558.00
HOGAR-002835,ENHOGAR,2026-08-07,19,1963,R,80,X,2,1695.00
HOGAR-002836,ENHOGAR,2026-08-08,20,2064,U,87,NR,5,1832.00
HOGAR-002837,ENHOGAR,2026-08-09,21,2165,U,21,F,8,1969.00
HOGAR-002838,ENHOGAR,2026-08-10,22,2266,R,28,M,3,2106.00
HOGAR-002839,ENHOGAR,2026-08-11,01,0167,U,35,X,6,2243.00
HOGAR-002840,ENHOGAR,2026-08-12,02,0268,U,42,NR,1,2380.00
HOGAR-002841,ENHOGAR,2026-08-13,03,0369,R,49,F,4,2517.00
HOGAR-002842,ENHOGAR,2026-08-14,04,0470,U,56,M,7,2654.00
HOGAR-002843,ENHOGAR,2026-08-15,05,0571,U,63,X,2,2791.00
HOGAR-002844,ENHOGAR,2026-08-16,06,0672,R,70,NR,5,2928.00
HOGAR-002845,ENHOGAR,2026-08-17,07,0773,U,77,F,8,3065.00
HOGAR-002846,ENHOGAR,2026-08-18,08,0874,U,84,M,3,3202.00
HOGAR-002847,ENHOGAR,2026-08-19,09,0975,R,18,X,6,3339.00
HOGAR-002848,ENHOGAR,2026-08-20,10,1076,U,25,NR,1,3476.00
HOGAR-002849,ENHOGAR,2026-08-21,11,1177,U,32,F,4,3613.00
HOGAR-002850,ENHOGAR,2026-08-22,12,1278,R,39,M,7,3750.00
HOGAR-002851,ENHOGAR,2026-08-23,13,1379,U,46,X,2,3887.00
HOGAR-002852,ENHOGAR,2026-08-24,14,1480,U,53,NR,5,4024.00
HOGAR-002853,ENHOGAR,2026-08-25,15,1581,R,60,F,8,4161.00
HOGAR-002854,ENHOGAR,2026-08-26,16,1682,U,67,M,3,4298.00
HOGAR-002855,ENHOGAR,2026-08-27,17,1783,U,74,X,6,4435.00
HOGAR-002856,ENHOGAR,2026-08-28,18,1884,R,81,NR,1,4572.00
HOGAR-002857,ENHOGAR,2026-08-01,19,1985,U,88,F,4,4709.00
HOGAR-002858,ENHOGAR,2026-08-02,20,2086,U,22,M,7,4846.00
HOGAR-002859,ENHOGAR,2026-08-03,21,2187,R,29,X,2,4983.00
HOGAR-002860,ENHOGAR,2026-08-04,22,2288,U,36,NR,5,5120.00
HOGAR-002861,ENHOGAR,2026-08-05,01,0189,U,43,F,8,5257.00
HOGAR-002862,ENHOGAR,2026-08-06,02,0290,R,50,M,3,5394.00
HOGAR-002863,ENHOGAR,2026-08-07,03,0391,U,57,X,6,5531.00
HOGAR-002864,ENHOGAR,2026-08-08,04,0492,U,64,NR,1,5668.00
HOGAR-002865,ENHOGAR,2026-08-09,05,0593,R,71,F,4,5805.00
HOGAR-002866,ENHOGAR,2026-08-10,06,0694,U,78,M,7,5942.00
HOGAR-002867,ENHOGAR,2026-08-11,07,0795,U,85,X,2,6079.00
HOGAR-002868,ENHOGAR,2026-08-12,08,0896,R,19,NR,5,6216.00
HOGAR-002869,ENHOGAR,2026-08-13,09,0997,U,26,F,8,6353.00
HOGAR-002870,ENHOGAR,2026-08-14,10,1098,U,33,M,3,6490.00
HOGAR-002871,ENHOGAR,2026-08-15,11,1199,R,40,X,6,6627.00
HOGAR-002872,ENHOGAR,2026-08-16,12,1201,U,47,NR,1,6764.00
HOGAR-002873,ENHOGAR,2026-08-17,13,1302,U,54,F,4,6901.00
HOGAR-002874,ENHOGAR,2026-08-18,14,1403,R,61,M,7,7038.00
HOGAR-002875,ENHOGAR,2026-08-19,15,1504,U,68,X,2,7175.00
HOGAR-002876,ENHOGAR,2026-08-20,16,1605,U,75,NR,5,7312.00
HOGAR-002877,ENHOGAR,2026-08-21,17,1706,R,82,F,8,7449.00
HOGAR-002878,ENHOGAR,2026-08-22,18,1807,U,89,M,3,7586.00
HOGAR-002879,ENHOGAR,2026-08-23,19,1908,U,23,X,6,7723.00
HOGAR-002880,ENHOGAR,2026-08-24,20,2009,R,30,NR,1,7860.00
HOGAR-002881,ENHOGAR,2026-08-25,21,2110,U,37,F,4,7997.00
HOGAR-002882,ENHOGAR,2026-08-26,22,2211,U,44,M,7,8134.00
HOGAR-002883,ENHOGAR,2026-08-27,01,0112,R,51,X,2,8271.00
HOGAR-002884,ENHOGAR,2026-08-28,02,0213,U,58,NR,5,8408.00
HOGAR-002885,ENHOGAR,2026-08-01,03,0314,U,65,F,8,945.00
HOGAR-002886,ENHOGAR,2026-08-02,04,0415,R,72,M,3,1082.00
HOGAR-002887,ENHOGAR,2026-08-03,05,0516,U,79,X,6,1219.00
HOGAR-002888,ENHOGAR,2026-08-04,06,0617,U,86,NR,1,1356.00
HOGAR-002889,ENHOGAR,2026-08-05,07,0718,R,20,F,4,1493.00
HOGAR-002890,ENHOGAR,2026-08-06,08,0819,U,27,M,7,1630.00
HOGAR-002891,ENHOGAR,2026-08-07,09,0920,U,34,X,2,1767.00
HOGAR-002892,ENHOGAR,2026-08-08,10,1021,R,41,NR,5,1904.00
HOGAR-002893,ENHOGAR,2026-08-09,11,1122,U,48,F,8,2041.00
HOGAR-002894,ENHOGAR,2026-08-10,12,1223,U,55,M,3,2178.00
HOGAR-002895,ENHOGAR,2026-08-11,13,1324,R,62,X,6,2315.00
HOGAR-002896,ENHOGAR,2026-08-12,14,1425,U,69,NR,1,2452.00
HOGAR-002897,ENHOGAR,2026-08-13,15,1526,U,76,F,4,2589.00
HOGAR-002898,ENHOGAR,2026-08-14,16,1627,R,83,M,7,2726.00
HOGAR-002899,ENHOGAR,2026-08-15,17,1728,U,90,X,2,2863.00
HOGAR-002900,ENHOGAR,2026-08-16,18,1829,U,24,NR,5,3000.00
HOGAR-002901,ENHOGAR,2026-08-17,19,1930,R,31,F,8,3137.00
HOGAR-002902,ENHOGAR,2026-08-18,20,2031,U,38,M,3,3274.00
HOGAR-002903,ENHOGAR,2026-08-19,21,2132,U,45,X,6,3411.00
HOGAR-002904,ENHOGAR,2026-08-20,22,2233,R,52,NR,1,3548.00
HOGAR-002905,ENHOGAR,2026-08-21,01,0134,U,59,F,4,3685.00
HOGAR-002906,ENHOGAR,2026-08-22,02,0235,U,66,M,7,3822.00
HOGAR-002907,ENHOGAR,2026-08-23,03,0336,R,73,X,2,3959.00
HOGAR-002908,ENHOGAR,2026-08-24,04,0437,U,80,NR,5,4096.00
HOGAR-002909,ENHOGAR,2026-08-25,05,0538,U,87,F,8,4233.00
HOGAR-002910,ENHOGAR,2026-08-26,06,0639,R,21,M,3,4370.00
HOGAR-002911,ENHOGAR,2026-08-27,07,0740,U,28,X,6,4507.00
HOGAR-002912,ENHOGAR,2026-08-28,08,0841,U,35,NR,1,4644.00
HOGAR-002913,ENHOGAR,2026-08-01,09,0942,R,42,F,4,4781.00
HOGAR-002914,ENHOGAR,2026-08-02,10,1043,U,49,M,7,4918.00
HOGAR-002915,ENHOGAR,2026-08-03,11,1144,U,56,X,2,5055.00
HOGAR-002916,ENHOGAR,2026-08-04,12,1245,R,63,NR,5,5192.00
HOGAR-002917,ENHOGAR,2026-08-05,13,1346,U,70,F,8,5329.00
HOGAR-002918,ENHOGAR,2026-08-06,14,1447,U,77,M,3,5466.00
HOGAR-002919,ENHOGAR,2026-08-07,15,1548,R,84,X,6,5603.00
HOGAR-002920,ENHOGAR,2026-08-08,16,1649,U,18,NR,1,5740.00
HOGAR-002921,ENHOGAR,2026-08-09,17,1750,U,25,F,4,5877.00
HOGAR-002922,ENHOGAR,2026-08-10,18,1851,R,32,M,7,6014.00
HOGAR-002923,ENHOGAR,2026-08-11,19,1952,U,39,X,2,6151.00
HOGAR-002924,ENHOGAR,2026-08-12,20,2053,U,46,NR,5,6288.00
HOGAR-002925,ENHOGAR,2026-08-13,21,2154,R,53,F,8,6425.00
HOGAR-002926,ENHOGAR,2026-08-14,22,2255,U,60,M,3,6562.00
HOGAR-002927,ENHOGAR,2026-08-15,01,0156,U,67,X,6,6699.00
HOGAR-002928,ENHOGAR,2026-08-16,02,0257,R,74,NR,1,6836.00
HOGAR-002929,ENHOGAR,2026-08-17,03,0358,U,81,F,4,6973.00
HOGAR-002930,,2026-08-18,04,0459,U,88,M,7,7110.00
HOGAR-002931,ENHOGAR,2026-08-19,05,0560,R,22,X,2,7247.00
HOGAR-002932,ENHOGAR,2026-08-20,06,0661,U,29,Z,5,7384.00
HOGAR-002933,ENHOGAR,2027-01-01,07,0762,U,36,F,8,7521.00
HOGAR-002934,ENHOGAR,2026-08-22,08,0863,R,43,M,3,7658.00
HOGAR-002935,ENHOGAR,2026-08-23,09,0964,U,50,X,6,7795.00
HOGAR/002936,ENHOGAR,2026-08-24,10,1065,U,57,NR,1,7932.00
HOGAR-002937,ENHOGAR,2026-08-25,11,1166,R,64,F,4,8069.00
HOGAR-002938,ENHOGAR,2026-08-26,12,1267,U,71,M,7,8206.00
HOGAR-002939,ENHOGAR,2026-08-27,13,1368,U,78,X,2,8343.00
HOGAR-002940,ENHOGAR,2026-08-28,14,1469,R,85,NR,5,8480.00
HOGAR-002941,ENHOGAR,2026-08-01,15,1570,U,19,F,8,1017.00
HOGAR-002942,ENHOGAR,2026-08-02,16,1671,U,26,M,3,1154.00
HOGAR-002943,ENHOGAR,2026-08-03,17,1772,R,33,X,6,1291.00
HOGAR-002944,ENHOGAR,2026-08-04,18,1873,U,40,NR,1,1428.00
HOGAR-002945,ENHOGAR,2026-08-05,19,1974,U,47,F,4,1565.00
HOGAR-002946,ENHOGAR,2026-08-06,20,2075,R,54,M,7,1702.00
HOGAR-002947,ENHOGAR,2026-08-07,21,2176,U,61,X,2,1839.00
HOGAR-002948,ENHOGAR,2026-08-08,22,2277,U,68,NR,5,1976.00
HOGAR-002949,ENHOGAR,2026-08-09,01,0178,R,75,F,8,2113.00
HOGAR-002950,ENHOGAR,2026-08-10,02,0279,U,82,M,3,2250.00
HOGAR-002951,ENHOGAR,2026-08-11,03,0380,U,89,X,6,2387.00
HOGAR-002952,ENHOGAR,2026-08-12,04,0481,R,23,NR,1,2524.00
HOGAR-002953,ENHOGAR,2026-08-13,05,0582,U,30,F,4,2661.00
HOGAR-002954,ENHOGAR,2026-08-14,06,0683,U,37,M,7,2798.00
HOGAR-002955,ENHOGAR,2026-08-15,07,0784,R,44,X,2,2935.00
HOGAR-002956,ENHOGAR,2026-08-16,08,0885,U,51,NR,5,3072.00
HOGAR-002957,ENHOGAR,2026-08-17,09,0986,U,58,F,8,3209.00
HOGAR-002958,ENHOGAR,2026-08-18,10,1087,R,65,M,3,3346.00
HOGAR-002959,ENHOGAR,2026-08-19,11,1188,U,72,X,6,3483.00
HOGAR-002960,ENHOGAR,2026-08-20,12,1289,U,79,NR,1,3620.00
HOGAR-002961,ENHOGAR,2026-08-21,13,1390,R,86,F,4,3757.00
HOGAR-002962,ENHOGAR,2026-08-22,14,1491,U,20,M,7,3894.00
HOGAR-002963,ENHOGAR,2026-08-23,15,1592,U,27,X,2,4031.00
HOGAR-002964,ENHOGAR,2026-08-24,16,1693,R,34,NR,5,4168.00
HOGAR-002965,ENHOGAR,2026-08-25,17,1794,U,41,F,8,4305.00
HOGAR-002966,ENHOGAR,2026-08-26,18,1895,U,48,M,3,4442.00
HOGAR-002967,ENHOGAR,2026-08-27,19,1996,R,55,X,6,4579.00
HOGAR-002968,ENHOGAR,2026-08-28,20,2097,U,62,NR,1,4716.00
HOGAR-002969,ENHOGAR,2026-08-01,21,2198,U,69,F,4,4853.00
HOGAR-002970,ENHOGAR,2026-08-02,22,2299,R,76,M,7,4990.00
HOGAR-002971,ENHOGAR,2026-08-03,01,0101,U,83,X,2,5127.00
HOGAR-002972,ENHOGAR,2026-08-04,02,0202,U,90,NR,5,5264.00
HOGAR-002973,ENHOGAR,2026-08-05,03,0303,R,24,F,8,5401.00
HOGAR-002974,ENHOGAR,2026-08-06,04,0404,U,31,M,3,5538.00
HOGAR-002975,ENHOGAR,2026-08-07,05,0505,U,38,X,6,5675.00
HOGAR-002976,ENHOGAR,2026-08-08,06,0606,R,45,NR,1,5812.00
HOGAR-002977,ENHOGAR,2026-08-09,07,0707,U,52,F,4,5949.00
HOGAR-002978,ENHOGAR,2026-08-10,08,0808,U,59,M,7,6086.00
HOGAR-002979,ENHOGAR,2026-08-11,09,0909,R,66,X,2,6223.00
HOGAR-002980,ENHOGAR,2026-08-12,10,1010,U,73,NR,5,6360.00
HOGAR-002981,ENHOGAR,2026-08-13,11,1111,U,80,F,8,6497.00
HOGAR-002982,ENHOGAR,2026-08-14,12,1212,R,87,M,3,6634.00
HOGAR-002983,ENHOGAR,2026-08-15,13,1313,U,21,X,6, 6771.00 
HOGAR-002984,ENHOGAR,2026-08-16,14,1414,U,28,NR,1,6908.00
HOGAR-002985,ENHOGAR,2026-08-17,15,1515,R,35,F,4,7045.00
HOGAR-002986,ENHOGAR,2026-08-18,16,1616,U,42,M,7,7182.00
HOGAR-002987,ENHOGAR,2026-08-19,17,1717,U,49,X,2,7319.00
HOGAR-002988,ENHOGAR,2026-08-20,18,1818,R,56,NR,5,7456.00
HOGAR-002989,ENHOGAR,2026-08-21,19,1919,U,63,F,8,7593.00
HOGAR-002990,ENHOGAR,2026-08-22,20,2020,U,70,M,3,7730.00
HOGAR-002991,ENHOGAR,2026-08-23,21,2121,R,77,X,6,
HOGAR-002992,ENHOGAR,2026-08-24,22,2222,U,84,NR,1,8004.00
HOGAR-002993,ENHOGAR,2026-08-25,01,0123,U,18,F,4,8141.00
HOGAR-002994,ENHOGAR,2026-08-26,02,0224,R,25,M,7,8278.00
HOGAR-002995,ENHOGAR,2026-08-27,03,0325,U,32,X,2,8415.00
HOGAR-002996,ENHOGAR,2026-08-28,04,0426,U,39,NR,5,952.00
HOGAR-002997,ENHOGAR,2026-08-01,05,0527,R,46,F,8,1089.00
HOGAR-002998,ENHOGAR,2026-08-02,06,0628,U,53,M,3,1226.00
HOGAR-002999,ENHOGAR,2026-08-03,07,0729,U,60,X,6,1363.00
HOGAR-003000,ENHOGAR,2026-08-04,08,0830,R,67,NR,1,1500.00
HOGAR-003001,ENHOGAR,2026-08-05,09,0931,U,74,F,4,1637.00
HOGAR-003002,ENHOGAR,2026-08-06,10,1032,U,81,M,7,1774.00
HOGAR-003003,ENHOGAR,2026-08-07,11,1133,R,88,X,2,1911.00
HOGAR-003004,ENHOGAR,2026-08-08,12,1234,U,22,NR,5,2048.00
HOGAR-003005,ENHOGAR,2026-08-09,13,1335,U,29,F,8,2185.00
HOGAR-003006,ENHOGAR,2026-08-10,14,1436,R,36,M,3,2322.00
HOGAR-003007,ENHOGAR,2026-08-11,15,1537,U,43,X,6,2459.00
HOGAR-003008,ENHOGAR,2026-08-12,16,1638,U,50,NR,1,2596.00
HOGAR-003009,ENHOGAR,2026-08-13,17,1739,R,57,F,4,2733.00
HOGAR-003010,ENHOGAR,2026-08-14,18,1840,U,64,M,7,2870.00
HOGAR-003011,ENHOGAR,2026-08-15,19,1941,U,71,X,2,3007.00
HOGAR-003012,ENHOGAR,2026-08-16,20,2042,R,78,NR,5,3144.00
HOGAR-003013,ENHOGAR,2026-08-17,21,2143,U,85,F,8,3281.00
HOGAR-003014,ENHOGAR,2026-08-18,22,2244,U,19,M,3,3418.00
HOGAR-003015,ENHOGAR,2026-08-19,01,0145,R,26,X,6,3555.00
HOGAR-003016,ENHOGAR,2026-08-20,02,0246,U,33,NR,1,3692.00
HOGAR-003017,ENHOGAR,2026-08-21,03,0347,U,40,F,4,3829.00
HOGAR-003018,ENHOGAR,2026-08-22,04,0448,R,47,M,7,-25.00
HOGAR-003019,ENHOGAR,2026-08-23,05,0549,U,54,X,2,4103.00
HOGAR-003020,ENHOGAR,2026-08-24,06,0650,U,61,NR,5,4240.00
HOGAR-003021,ENHOGAR,2026-08-25,07,0751,R,68,F,8,4377.00
HOGAR-003022,ENHOGAR,2026-08-26,08,0852,U,75,M,3,4514.00
HOGAR-003023,ENHOGAR,2026-08-27,09,0953,U,82,X,6,4651.00
HOGAR-003024,ENHOGAR,2026-08-28,10,1054,R,89,NR,1,4788.00
HOGAR-003025,ENHOGAR,2026-08-01,11,1155,U,23,F,4,4925.00
HOGAR-003026,ENHOGAR,2026-08-02,12,1256,U,30,M,7,5062.00
HOGAR-003027,ENHOGAR,2026-08-03,13,1357,R,37,X,2,5199.00
HOGAR-003028,ENHOGAR,2026-08-04,14,1458,U,44,NR,5,5336.00
HOGAR-003029,ENHOGAR,2026-08-05,15,1559,U,51,F,8,5473.00
HOGAR-003030,ENHOGAR,2026-08-06,16,1660,R,58,M,3,5610.00
HOGAR-003031,ENHOGAR,2026-08-07,17,1761,U,65,X,6,5747.00
HOGAR-003032,ENHOGAR,2026-08-08,18,1862,U,72,NR,1,5884.00
HOGAR-003033,ENHOGAR,2026-08-09,19,1963,R,79,F,4,6021.00
HOGAR-003034,ENHOGAR,2026-08-10,20,2064,U,86,M,7,6158.00
HOGAR-003035,ENHOGAR,2026-08-11,21,2165,U,20,X,2,6295.00
HOGAR-003036,ENHOGAR,2026-08-12,22,2266,R,27,NR,5,6432.00
HOGAR-003037,ENHOGAR,2026-08-13,01,0167,U,34,F,8,6569.00
HOGAR-003038,ENHOGAR,2026-08-14,02,0268,U,41,M,3,6706.00
HOGAR-003039,ENHOGAR,2026-08-15,03,0369,R,48,X,6,6843.00
HOGAR-003040,ENHOGAR,2026-08-16,04,0470,U,55,NR,1,6980.00
HOGAR-003041,ENHOGAR,2026-08-17,05,0571,U,62,F,4,7117.00
HOGAR-003042,ENHOGAR,2026-08-18,06,0672,R,69,M,7,7254.00
HOGAR-003043,ENHOGAR,2026-08-19,07,0773,U,76,X,2,7391.00
HOGAR-003044,ENHOGAR,2026-08-20,08,0874,U,83,NR,5,7528.00
HOGAR-003045,ENHOGAR,2026-08-21,09,0975,R,90,F,8,7665.00
HOGAR-003046,ENHOGAR,2026-08-22,10,1076,U,24,M,3,7802.00
HOGAR-003047,ENHOGAR,2026-08-23,11,1177,U,31,X,6,7939.00
HOGAR-003048,ENHOGAR,2026-08-24,12,1278,R,38,NR,1,8076.00
HOGAR-003049,ENHOGAR,2026-08-25,13,1379,U,45,F,4,8213.00
HOGAR-003050,ENHOGAR,2026-08-26,14,1480,U,52,M,7,8350.00
HOGAR-003051,ENHOGAR,2026-08-27,15,1581,R,59,X,2,8487.00
HOGAR-003052,ENHOGAR,2026-08-28,16,1682,U,66,NR,5,1024.00
HOGAR-003053,ENHOGAR,2026-08-01,17,1783,U,73,F,8,1161.00
HOGAR-003054,ENHOGAR,2026-08-02,18,1884,R,80,M,3,1298.00
HOGAR-003055,ENHOGAR,2026-08-03,19,1985,U,87,X,6,1435.00
HOGAR-003056,ENHOGAR,2026-08-04,20,2086,U,21,NR,1,1572.00
HOGAR-003057,ENHOGAR,2026-08-05,21,2187,R,28,F,4,1709.00
HOGAR-003058,ENHOGAR,2026-08-06,22,2288,U,35,M,7,1846.00
HOGAR-003059,ENHOGAR,2026-08-07,01,0189,U,42,X,2,1983.00
HOGAR-003060,ENHOGAR,2026-08-08,02,0290,R,49,NR,5,2120.00
HOGAR-003061,ENHOGAR,2026-08-09,03,0391,U,56,F,8,2257.00
HOGAR-003062,ENHOGAR,2026-08-10,04,0492,U,63,M,3,2394.00
HOGAR-003063,ENHOGAR,2026-08-11,05,0593,R,70,X,6,2531.00
HOGAR-003064,ENHOGAR,2026-08-12,06,0694,U,77,NR,1,2668.00
HOGAR-003065,ENHOGAR,2026-08-13,07,0795,U,84,F,4,2805.00
HOGAR-003066,ENHOGAR,2026-08-14,08,0896,R,18,M,7,2942.00
HOGAR-003067,ENHOGAR,2026-08-15,09,0997,U,25,X,2,3079.00
HOGAR-003068,ENHOGAR,2026-08-16,10,1098,U,32,NR,5,3216.00
HOGAR-003069,ENHOGAR,2026-08-17,11,1199,R,39,F,8,3353.00
HOGAR-003070,ENHOGAR,2026-08-18,12,1201,U,46,M,3,3490.00
HOGAR-003071,ENHOGAR,2026-08-19,13,1302,U,53,X,6,3627.00
HOGAR-003072,ENHOGAR,2026-08-20,14,1403,R,60,NR,1,3764.00
HOGAR-003073,ENHOGAR,2026-08-21,15,1504,U,67,F,4,3901.00
HOGAR-003074,ENHOGAR,2026-08-22,16,1605,U,74,M,7,4038.00
HOGAR-003075,ENHOGAR,2026-08-23,17,1706,R,81,X,2,4175.00
HOGAR-003076,ENHOGAR,2026-08-24,18,1807,U,88,NR,5,4312.00
HOGAR-003077,ENHOGAR,2026-08-25,19,1908,U,22,F,8,4449.00
HOGAR-003078,ENHOGAR,2026-08-26,20,2009,R,29,M,3,4586.00
HOGAR-003079,ENHOGAR,2026-08-27,21,2110,U,36,X,6,4723.00
HOGAR-003080,ENHOGAR,2026-08-28,22,2211,U,43,NR,1,4860.00
HOGAR-003081,ENHOGAR,2026-08-01,01,0112,R,50,F,4,4997.00
HOGAR-003082,ENHOGAR,2026-08-02,02,0213,U,57,M,7,5134.00
HOGAR-003083,ENHOGAR,2026-08-03,03,0314,U,64,X,2,5271.00
HOGAR-003084,ENHOGAR,2026-08-04,04,0415,R,71,NR,5,5408.00
HOGAR-003085,ENHOGAR,2026-08-05,05,0516,U,78,F,8,5545.00
HOGAR-003086,ENHOGAR,2026-08-06,06,0617,U,85,M,3,5682.00
HOGAR-003087,ENHOGAR,2026-08-07,07,0718,R,19,X,6,5819.00
HOGAR-003088,ENHOGAR,2026-08-08,08,0819,U,26,NR,1,5956.00
HOGAR-003089,ENHOGAR,2026-08-09,09,0920,U,33,F,4,6093.00
HOGAR-003090,ENHOGAR,2026-08-10,10,1021,R,40,M,7,6230.00
HOGAR-003091,ENHOGAR,2026-08-11,11,1122,U,47,X,2,6367.00
HOGAR-003092,ENHOGAR,2026-08-12,12,1223,U,54,NR,5,6504.00
HOGAR-003093,ENHOGAR,2026-08-13,13,1324,R,61,F,8,6641.00
HOGAR-003094,ENHOGAR,2026-08-14,14,1425,U,68,M,3,6778.00
HOGAR-003095,ENHOGAR,2026-08-15,15,1526,U,75,X,6,6915.00
HOGAR-003096,ENHOGAR,2026-08-16,16,1627,R,82,NR,1,7052.00
HOGAR-003097,ENHOGAR,2026-08-17,17,1728,U,89,F,4,7189.00
HOGAR-003098,ENHOGAR,2026-08-18,18,1829,U,23,M,7,7326.00
HOGAR-003099,ENHOGAR,2026-08-19,19,1930,R,30,X,2,7463.00
HOGAR-003100,ENHOGAR,2026-08-20,20,2031,U,37,NR,5,7600.00
HOGAR-003101,ENHOGAR,2026-08-21,21,2132,U,44,F,8,7737.00
HOGAR-003102,ENHOGAR,2026-08-22,22,2233,R,51,M,3,7874.00
HOGAR-003103,ENHOGAR,2026-08-23,01,0134,U,58,X,6,8011.00
HOGAR-003104,ENHOGAR,2026-08-24,02,0235,U,65,NR,1,8148.00
HOGAR-003105,ENHOGAR,2026-08-25,03,0336,R,72,F,4,8285.00
HOGAR-003106,ENHOGAR,2026-08-26,04,0437,U,79,M,7,8422.00
HOGAR-003107,ENHOGAR,2026-08-27,05,0538,U,86,X,2,959.00
HOGAR-000001,ENHOGAR,2026-08-28,06,0639,R,20,NR,5,1096.00
HOGAR-003109,ENHOGAR,2026-08-01,07,0740,U,27,F,8,1233.00
HOGAR-003110,ENHOGAR,2026-08-02,08,0841,U,34,M,3,1370.00
HOGAR-003111,ENHOGAR,2026-08-03,09,0942,R,41,X,6,1507.00
HOGAR-003112,ENHOGAR,2026-08-04,10,1043,U,48,NR,1,1644.00
HOGAR-003113,ENHOGAR,2026-08-05,11,1144,U,55,F,4,1781.00
HOGAR-003114,ENHOGAR,2026-08-06,12,1245,R,62,M,7,1918.00
HOGAR-003115,ENHOGAR,2026-08-07,13,1346,U,69,X,2,2055.00
HOGAR-003116,ENHOGAR,2026-08-08,14,1447,U,76,NR,5,2192.00
HOGAR-003117,ENHOGAR,2026-08-09,15,1548,R,83,F,8,2329.00
HOGAR-003118,ENHOGAR,2026-08-10,16,1649,U,90,M,3,2466.00
HOGAR-003119,ENHOGAR,2026-08-11,17,1750,U,24,X,6,2603.00
HOGAR-003120,ENHOGAR,2026-08-12,18,1851,R,31,NR,1,2740.00
HOGAR-003121,ENHOGAR,2026-08-13,19,1952,U,38,F,4,2877.00
HOGAR-003122,ENHOGAR,2026-08-14,20,2053,U,45,M,7,3014.00
HOGAR-003123,ENHOGAR,2026-08-15,21,2154,R,52,X,2,3151.00
HOGAR-003124,ENHOGAR,2026-08-16,22,2255,U,59,NR,5,3288.00
HOGAR-003125,ENHOGAR,2026-08-17,01,0156,U,66,F,8,3425.00
HOGAR-003126,ENHOGAR,2026-08-18,02,0257,R,73,M,3,3562.00
HOGAR-003127,ENHOGAR,2026-08-19,03,0358,U,80,X,6,3699.00
HOGAR-003128,ENHOGAR,2026-08-20,04,0459,U,87,NR,1,3836.00
HOGAR-003129,ENHOGAR,2026-08-21,05,0560,R,21,F,4,3973.00
HOGAR-003130,ENHOGAR,2026-08-22,06,0661,U,28,M,7,4110.00
HOGAR-003131,ENHOGAR,2026-08-23,07,0762,U,35,X,2,4247.00
HOGAR-003132,ENHOGAR,2026-08-24,08,0863,R,42,NR,5,4384.00
HOGAR-003133,ENHOGAR,2026-08-25,09,0964,U,49,F,8,4521.00
HOGAR-003134,ENHOGAR,2026-08-26,10,1065,U,56,M,3,4658.00
HOGAR-003135,ENHOGAR,2026-08-27,11,1166,R,63,X,6,4795.00
HOGAR-003136,ENHOGAR,2026-08-28,12,1267,U,70,NR,1,4932.00
HOGAR-003137,ENHOGAR,2026-08-01,13,1368,U,77,F,4,5069.00
HOGAR-003138,ENHOGAR,2026-08-02,14,1469,R,84,M,7,5206.00
HOGAR-003139,ENHOGAR,2026-08-03,15,1570,U,18,X,2,5343.00
HOGAR-003140,ENHOGAR,2026-08-04,16,1671,U,25,NR,5, 5480.00 
HOGAR-003141,ENHOGAR,2026-08-05,17,1772,R,32,F,8,5617.00
HOGAR-003142,ENHOGAR,2026-08-06,18,1873,U,39,M,3,5754.00
HOGAR-003143,ENHOGAR,2026-08-07,19,1974,U,46,X,6,5891.00
HOGAR-003144,ENHOGAR,2026-08-08,20,2075,R,53,NR,1,6028.00
HOGAR-003145,ENHOGAR,2026-08-09,21,2176,U,60,F,4,6165.00
HOGAR-003146,ENHOGAR,2026-08-10,22,2277,U,67,M,7,6302.00
HOGAR-003147,ENHOGAR,2026-08-11,01,0178,R,74,X,2,6439.00
HOGAR-003148,ENHOGAR,2026-08-12,02,0279,U,81,NR,5,6576.00
HOGAR-003149,ENHOGAR,2026-08-13,03,0380,U,88,F,8,6713.00
HOGAR-003150,ENHOGAR,2026-08-14,04,0481,R,22,M,3,6850.00
HOGAR-003151,ENHOGAR,2026-08-15,05,0582,U,29,X,6,6987.00
HOGAR-003152,ENHOGAR,2026-08-16,06,0683,U,36,NR,1,7124.00
HOGAR-003153,ENHOGAR,2026-08-17,07,0784,R,43,F,4,7261.00
HOGAR-003154,ENHOGAR,2026-08-18,08,0885,U,50,M,7,7398.00
HOGAR-003155,ENHOGAR,2026-08-19,09,0986,U,57,X,2,7535.00
HOGAR-003156,ENHOGAR,2026-08-20,10,1087,R,64,NR,5,7672.00
HOGAR-003157,ENHOGAR,2026-08-21,11,1188,U,71,F,8,7809.00
HOGAR-003158,ENHOGAR,2026-08-22,12,1289,U,78,M,3,7946.00
HOGAR-003159,ENHOGAR,2026-08-23,13,1390,R,85,X,6,8083.00
HOGAR-003160,ENHOGAR,2026-08-24,14,1491,U,19,NR,1,8220.00
HOGAR-003161,ENHOGAR,2026-08-25,15,1592,U,26,F,4,8357.00
HOGAR-003162,ENHOGAR,2026-08-26,16,1693,R,33,M,7,8494.00
HOGAR-003163,ENHOGAR,2026-08-27,17,1794,U,40,X,2,1031.00
HOGAR-003164,ENHOGAR,2026-08-28,18,1895,U,47,NR,5,1168.00
HOGAR-003165,ENHOGAR,2026-08-01,19,1996,R,54,F,8,1305.00
HOGAR-003166,ENHOGAR,2026-08-02,20,2097,U,61,M,3,1442.00
HOGAR-003167,ENHOGAR,2026-08-03,21,2198,U,68,X,6,1579.00
HOGAR-003168,ENHOGAR,2026-08-04,22,2299,R,75,NR,1,1716.00
HOGAR-003169,ENHOGAR,2026-08-05,01,0101,U,82,F,4,1853.00
HOGAR-003170,ENHOGAR,2026-08-06,02,0202,U,89,M,7,1990.00
HOGAR-003171,ENHOGAR,2026-08-07,03,0303,R,23,X,2,2127.00
HOGAR-003172,ENHOGAR,2026-08-08,04,0404,U,30,NR,5,2264.00
HOGAR-003173,ENHOGAR,2026-08-09,05,0505,U,37,F,8,2401.00
HOGAR-003174,ENHOGAR,2026-08-10,06,0606,R,44,M,3,2538.00
HOGAR-003175,ENHOGAR,2026-08-11,07,0707,U,51,X,6,2675.00
HOGAR-003176,ENHOGAR,2026-08-12,08,0808,U,58,NR,1,2812.00
HOGAR-003177,ENHOGAR,2026-08-13,09,0909,R,65,F,4,2949.00
HOGAR-003178,ENHOGAR,2026-08-14,10,1010,U,72,M,7,3086.00
HOGAR-003179,ENHOGAR,2026-08-15,11,1111,U,79,X,2,3223.00
HOGAR-003180,ENHOGAR,2026-08-16,12,1212,R,86,NR,5,3360.00
HOGAR-003181,ENHOGAR,2026-08-17,13,1313,U,20,F,8,3497.00
HOGAR-003182,ENHOGAR,2026-08-18,14,1414,U,27,M,3,3634.00
HOGAR-003183,ENHOGAR,2026-08-19,15,1515,R,34,X,6,3771.00
HOGAR-003184,ENHOGAR,2026-08-20,16,1616,U,41,NR,1,3908.00
HOGAR-003185,ENHOGAR,2026-08-21,17,1717,U,48,F,4,4045.00
HOGAR-003186,ENHOGAR,2026-08-22,18,1818,R,55,M,7,4182.00
HOGAR-003187,ENHOGAR,2026-08-23,19,1919,U,62,X,2,4319.00
HOGAR-003188,ENHOGAR,2026-08-24,20,2020,U,69,NR,5,4456.00
HOGAR-003189,ENHOGAR,2026-08-25,21,2121,R,76,F,8,4593.00
HOGAR-003190,ENHOGAR,2026-08-26,22,2222,U,83,M,3,4730.00
HOGAR-003191,ENHOGAR,2026-08-27,01,0123,U,90,X,6,4867.00
HOGAR-003192,ENHOGAR,2026-08-28,02,0224,R,24,NR,1,5004.00
HOGAR-003193,ENHOGAR,2026-08-01,03,0325,U,31,F,4,5141.00
HOGAR-003194,ENHOGAR,2026-08-02,04,0426,U,38,M,7,5278.00
HOGAR-003195,ENHOGAR,2026-08-03,05,0527,R,45,X,2,5415.00
HOGAR-003196,ENHOGAR,2026-08-04,06,0628,U,52,NR,5,5552.00
HOGAR-003197,ENHOGAR,2026-08-05,07,0729,U,59,F,8,5689.00
HOGAR-003198,ENHOGAR,2026-08-06,08,0830,R,66,M,3,5826.00
HOGAR-003199,ENHOGAR,2026-08-07,09,0931,U,73,X,6,5963.00
HOGAR-003200,ENHOGAR,2026-08-08,10,1032,U,80,NR,1,6100.00
HOGAR-003201,ENHOGAR,2026-08-09,11,1133,R,87,F,4,6237.00
HOGAR-003202,ENHOGAR,2026-08-10,12,1234,U,21,M,7,6374.00
HOGAR-003203,ENHOGAR,2026-08-11,13,1335,U,28,X,2,6511.00
HOGAR-003204,ENHOGAR,2026-08-12,14,1436,R,35,NR,5,6648.00
HOGAR-003205,ENHOGAR,2026-08-13,15,1537,U,42,F,0,6785.00
HOGAR-003206,ENHOGAR,2026-08-14,16,1638,U,49,M,3,6922.00
HOGAR-003207,ENHOGAR,2026-08-15,17,1739,R,56,X,6,7059.00
HOGAR-003208,ENHOGAR,2026-08-16,18,1840,U,63,NR,1,7196.00
HOGAR-003209,ENHOGAR,2026-08-17,19,1941,U,70,F,4,7333.00
HOGAR-003210,ENHOGAR,2026-08-18,20,2042,R,77,M,7,7470.00
HOGAR-003211,ENHOGAR,2026-08-19,21,2143,U,84,X,2,7607.00
HOGAR-003212,ENHOGAR,2026-08-20,22,2244,U,18,NR,5,7744.00
HOGAR-003213,ENHOGAR,2026-08-21,01,0145,R,25,F,8,7881.00
HOGAR-003214,ENHOGAR,2026-08-22,02,0246,U,32,M,3,8018.00
HOGAR-003215,ENHOGAR,2026-08-23,03,0347,U,39,X,6,8155.00
HOGAR-003216,ENHOGAR,2026-08-24,04,0448,R,46,NR,1,8292.00
HOGAR-003217,ENHOGAR,2026-08-25,05,0549,U,53,F,4,8429.00
HOGAR-003218,ENHOGAR,2026-08-26,06,0650,U,60,M,7,966.00
HOGAR-003219,ENHOGAR,2026-08-27,07,0751,R,67,X,2,1103.00
HOGAR-003220,ENHOGAR,2026-08-28,08,0852,U,74,NR,5,1240.00
HOGAR-003221,ENHOGAR,2026-08-01,09,0953,U,81,F,8,1377.00
HOGAR-003222,ENHOGAR,2026-08-02,10,1054,R,88,M,3,1514.00
HOGAR-003223,,2026-08-03,11,1155,U,22,X,6,1651.00
HOGAR-003224,ENHOGAR,2026-08-04,12,1256,U,29,NR,1,1788.00
HOGAR-003225,ENHOGAR,2026-08-05,13,1357,R,36,F,4,1925.00
HOGAR-003226,ENHOGAR,2026-08-06,14,1458,U,43,M,7,2062.00
HOGAR-003227,ENHOGAR,2026-08-07,15,1559,U,50,X,2,2199.00
HOGAR-003228,ENHOGAR,2026-08-08,16,1660,R,57,NR,5,2336.00
HOGAR-003229,ENHOGAR,2026-08-09,17,1761,U,64,F,8,2473.00
HOGAR-003230,ENHOGAR,2026-08-10,18,1862,U,71,M,3,2610.00
HOGAR-003231,ENHOGAR,2026-08-11,19,1963,R,78,X,6,2747.00
HOGAR-003232,ENHOGAR,2026-08-12,20,2064,U,85,NR,1,2884.00
HOGAR-003233,ENHOGAR,2026-08-13,21,2165,U,19,F,4,3021.00
HOGAR-003234,ENHOGAR,2026-08-14,22,2266,R,26,M,7,3158.00
HOGAR-003235,ENHOGAR,2026-08-15,01,0167,U,33,X,2,3295.00
HOGAR-003236,ENHOGAR,2026-08-16,02,0268,U,40,NR,5,3432.00
HOGAR-003237,ENHOGAR,2026-08-17,03,0369,R,47,F,8,3569.00
HOGAR-003238,ENHOGAR,2026-08-18,04,0470,U,54,M,3,3706.00
HOGAR-003239,ENHOGAR,2026-08-19,05,0571,U,61,X,6,3843.00
HOGAR-003240,ENHOGAR,2026-08-20,06,0672,R,68,NR,1,3980.00
HOGAR-003241,ENHOGAR,2026-08-21,07,0773,U,75,F,4,4117.00
HOGAR-003242,ENHOGAR,2026-08-22,08,0874,U,82,M,7,4254.00
HOGAR-003243,ENHOGAR,2026-08-23,09,0975,R,89,X,2,4391.00
HOGAR-003244,ENHOGAR,2026-08-24,10,1076,U,23,NR,5,4528.00
HOGAR-003245,ENHOGAR,2026-08-25,11,1177,U,30,F,8,4665.00
HOGAR-003246,ENHOGAR,2026-08-26,12,1278,R,37,M,3,4802.00
HOGAR-003247,ENHOGAR,2026-08-27,13,1379,U,44,X,6,4939.00
HOGAR-003248,ENHOGAR,2026-08-28,14,1480,U,51,NR,1,5076.00
HOGAR-003249,ENHOGAR,2026-08-01,15,1581,R,58,F,4,5213.00
HOGAR-003250,ENHOGAR,2026-08-02,16,1682,U,65,M,7,5350.00
HOGAR-003251,ENHOGAR,2026-08-03,17,1783,U,72,X,2,5487.00
HOGAR-003252,ENHOGAR,2026-08-04,18,1884,R,79,NR,5,5624.00
HOGAR-003253,ENHOGAR,2026-08-05,19,1985,U,86,F,8,5761.00
HOGAR-003254,ENHOGAR,2026-08-06,20,2086,U,20,M,3,5898.00
HOGAR-003255,ENHOGAR,2026-08-07,21,2187,R,27,X,6,6035.00
HOGAR-003256,ENHOGAR,2026-08-08,22,2288,U,34,NR,1,6172.00
HOGAR-003257,ENHOGAR,2026-08-09,01,0189,U,41,F,4,6309.00
HOGAR-003258,ENHOGAR,2026-08-10,02,0290,R,48,M,7,6446.00
HOGAR-003259,ENHOGAR,2026-08-11,03,0391,U,55,X,2,6583.00
HOGAR-003260,ENHOGAR,2026-08-12,04,0492,U,62,NR,5,6720.00
HOGAR-003261,ENHOGAR,2026-08-13,05,0593,R,69,F,8,6857.00
HOGAR-003262,ENHOGAR,2026-08-14,06,0694,U,76,M,3,6994.00
HOGAR-003263,ENHOGAR,2026-08-15,07,0795,U,83,X,6,7131.00
HOGAR-003264,ENHOGAR,2026-08-16,08,0896,R,90,NR,1,7268.00
HOGAR-003265,ENHOGAR,2026-08-17,09,0997,U,24,F,4,7405.00
HOGAR-003266,ENHOGAR,2026-08-18,10,1098,U,31,M,7,7542.00
HOGAR-003267,ENHOGAR,2026-08-19,11,1199,R,38,X,2,7679.00
HOGAR-003268,ENHOGAR,2026-08-20,12,1201,U,45,NR,5,7816.00
HOGAR-003269,ENHOGAR,2026-08-21,13,1302,U,52,F,8,7953.00
HOGAR-003270,ENHOGAR,2026-08-22,14,1403,R,59,M,3,8090.00
HOGAR-003271,ENHOGAR,2026-08-23,15,1504,U,66,X,6,8227.00
HOGAR-003272,ENHOGAR,2026-08-24,16,1605,U,73,NR,1,8364.00
HOGAR-003273,ENHOGAR,2026-08-25,17,1706,R,80,F,4,901.00
HOGAR-003274,ENHOGAR,2026-08-26,18,1807,U,87,M,7,1038.00
HOGAR-003275,ENHOGAR,2026-08-27,19,1908,U,21,X,2,1175.00
HOGAR-003276,ENHOGAR,2026-08-28,20,2009,R,28,NR,5,1312.00
HOGAR-003277,ENHOGAR,2026-08-01,21,2110,U,35,F,8,1449.00
HOGAR-003278,ENHOGAR,2026-08-02,22,2211,U,42,M,3,1586.00
HOGAR-003279,ENHOGAR,2026-08-03,01,0112,R,49,X,6,1723.00
HOGAR-003280,ENHOGAR,2026-08-04,02,0213,U,56,NR,1,1860.00
HOGAR-003281,ENHOGAR,2026-08-05,03,0314,U,63,F,4,1997.00
HOGAR-003282,ENHOGAR,2026-08-06,04,0415,R,70,M,7,2134.00
HOGAR-003283,ENHOGAR,2026-08-07,05,0516,U,77,X,2,2271.00
HOGAR-003284,ENHOGAR,2026-08-08,06,0617,U,84,NR,5,2408.00
HOGAR-003285,ENHOGAR,2026-08-09,07,0718,R,18,F,8,2545.00
HOGAR-003286,ENHOGAR,2026-08-10,08,0819,U,25,M,3,2682.00
HOGAR-003287,ENHOGAR,2026-08-11,09,0920,U,32,X,6,2819.00
HOGAR-003288,ENHOGAR,2026-08-12,10,1021,R,39,NR,1,2956.00
HOGAR-003289,ENHOGAR,2026-08-13,11,1122,U,46,F,4,3093.00
HOGAR-003290,ENHOGAR,2026-08-14,12,1223,U,53,M,7,3230.00
HOGAR-003291,ENHOGAR,2026-08-15,13,1324,R,60,X,2,3367.00
HOGAR-003292,ENHOGAR,2026-08-16,14,1425,U,67,NR,5,3504.00
HOGAR-003293,ENHOGAR,2026-08-17,15,1526,U,74,F,8,3641.00
HOGAR-003294,ENHOGAR,2026-08-18,16,1627,R,81,M,3,3778.00
HOGAR-003295,ENHOGAR,2026-08-19,17,1728,U,88,X,6,3915.00
HOGAR-003296,ENHOGAR,2026-08-20,18,1829,U,22,NR,1,4052.00
HOGAR-003297,ENHOGAR,2026-08-21,19,1930,R,29,F,4, 4189.00 
HOGAR-003298,ENHOGAR,2026-08-22,20,2031,U,36,M,7,4326.00
HOGAR-003299,ENHOGAR,2026-08-23,21,2132,U,43,X,2,4463.00
HOGAR-003300,ENHOGAR,2026-08-24,22,2233,R,50,NR,5,4600.00
HOGAR-003301,ENHOGAR,2026-08-25,01,0134,U,57,F,8,4737.00
HOGAR-003302,ENHOGAR,2026-08-26,02,0235,U,64,M,3,4874.00
HOGAR/003303,ENHOGAR,2026-08-27,03,0336,R,71,X,6,5011.00
HOGAR-003304,ENHOGAR,2026-08-28,04,0437,U,78,NR,1,5148.00
HOGAR-003305,ENHOGAR,2026-08-01,05,0538,U,85,F,4,5285.00
HOGAR-003306,ENHOGAR,2026-08-02,06,0639,R,19,M,7,5422.00
HOGAR-003307,ENHOGAR,2026-08-03,07,0740,U,26,X,2,5559.00
HOGAR-003308,ENHOGAR,2026-08-04,08,0841,U,33,NR,5,5696.00
HOGAR-003309,ENHOGAR,2026-08-05,09,0942,R,40,F,8,5833.00
HOGAR-003310,ENHOGAR,2026-08-06,10,1043,U,47,M,3,5970.00
HOGAR-003311,ENHOGAR,2026-08-07,11,1144,U,54,X,6,6107.00
HOGAR-003312,ENHOGAR,2026-08-08,12,1245,R,61,NR,1,6244.00
HOGAR-003313,ENHOGAR,2026-08-09,13,1346,U,68,F,4,6381.00
HOGAR-003314,ENHOGAR,2026-08-10,14,1447,U,75,M,7,6518.00
HOGAR-003315,ENHOGAR,2026-08-11,15,1548,R,82,X,2,6655.00
HOGAR-003316,ENHOGAR,2026-08-12,16,1649,U,89,NR,5,6792.00
HOGAR-003317,ENHOGAR,2026-08-13,17,1750,U,23,F,8,6929.00
HOGAR-003318,ENHOGAR,2026-08-14,18,1851,R,30,M,3,7066.00
HOGAR-003319,ENHOGAR,2026-08-15,19,1952,U,37,X,6,7203.00
HOGAR-003320,ENHOGAR,2026-08-16,20,2053,U,44,NR,1,7340.00
HOGAR-003321,ENHOGAR,2026-08-17,21,2154,R,51,F,4,7477.00
HOGAR-003322,ENHOGAR,2026-08-18,22,2255,U,58,M,7,7614.00
HOGAR-003323,ENHOGAR,2026-08-19,01,0156,U,65,X,2,7751.00
HOGAR-003324,ENHOGAR,2026-08-20,02,0257,R,72,NR,5,7888.00
HOGAR-003325,ENHOGAR,2026-08-21,03,0358,U,79,F,8,8025.00
HOGAR-003326,ENHOGAR,2026-08-22,04,0459,U,86,M,3,8162.00
HOGAR-003327,ENHOGAR,2026-08-23,05,0560,R,20,X,6,8299.00
HOGAR-003328,ENHOGAR,2026-08-24,06,0661,U,27,NR,1,8436.00
HOGAR-003329,ENHOGAR,2026-08-25,07,0762,U,34,F,4,973.00
HOGAR-003330,ENHOGAR,2026-08-26,08,0863,R,41,M,7,1110.00
HOGAR-003331,ENHOGAR,2026-08-27,09,0964,U,48,X,2,1247.00
HOGAR-003332,ENHOGAR,2026-08-28,10,1065,U,55,NR,5,1384.00
HOGAR-003333,ENHOGAR,2026-08-01,11,1166,R,62,F,8,1521.00
HOGAR-003334,ENHOGAR,2026-08-02,12,1267,U,69,M,3,1658.00
HOGAR-003335,ENHOGAR,2026-08-03,13,1368,U,76,X,6,1795.00
HOGAR-003336,ENHOGAR,2026-08-04,14,1469,R,83,NR,1,1932.00
HOGAR-003337,ENHOGAR,2026-08-05,15,1570,U,90,F,4,2069.00
HOGAR-003338,ENHOGAR,2026-08-06,16,1671,U,24,M,7,2206.00
HOGAR-003339,ENHOGAR,2026-08-07,17,1772,R,31,X,2,2343.00
HOGAR-003340,ENHOGAR,2026-08-08,18,1873,U,38,NR,5,2480.00
HOGAR-003341,ENHOGAR,2026-08-09,19,1974,U,45,F,8,2617.00
HOGAR-003342,ENHOGAR,2026-08-10,20,2075,R,52,M,3,2754.00
HOGAR-003343,ENHOGAR,2026-08-11,21,2176,U,59,X,6,2891.00
HOGAR-003344,ENHOGAR,2026-08-12,22,2277,U,66,NR,1,3028.00
HOGAR-003345,ENHOGAR,2026-08-13,01,0178,R,73,F,4,3165.00
HOGAR-003346,ENHOGAR,2026-08-14,02,0279,U,80,M,7,3302.00
HOGAR-003347,ENHOGAR,2026-08-15,03,0380,U,87,X,2,3439.00
HOGAR-003348,ENHOGAR,2026-08-16,04,0481,R,21,NR,5,3576.00
HOGAR-003349,ENHOGAR,2026-08-17,05,0582,U,28,F,8,3713.00
HOGAR-003350,ENHOGAR,2026-08-18,06,0683,U,35,M,3,3850.00
HOGAR-003351,ENHOGAR,2026-08-19,07,0784,R,42,X,6,3987.00
HOGAR-003352,ENHOGAR,2027-01-01,08,0885,U,49,NR,1,4124.00
HOGAR-003353,ENHOGAR,2026-08-21,09,0986,U,56,F,4,4261.00
HOGAR-003354,ENHOGAR,2026-08-22,10,1087,R,63,M,7,4398.00
HOGAR-003355,ENHOGAR,2026-08-23,11,1188,U,70,X,2,4535.00
HOGAR-003356,ENHOGAR,2026-08-24,12,1289,U,77,NR,5,4672.00
HOGAR-003357,ENHOGAR,2026-08-25,13,1390,R,84,F,8,4809.00
HOGAR-003358,ENHOGAR,2026-08-26,14,1491,U,18,M,3,4946.00
HOGAR-003359,ENHOGAR,2026-08-27,15,1592,U,25,X,6,5083.00
HOGAR-003360,ENHOGAR,2026-08-28,16,1693,R,32,NR,1,5220.00
HOGAR-003361,ENHOGAR,2026-08-01,17,1794,U,39,F,4,5357.00
HOGAR-003362,ENHOGAR,2026-08-02,18,1895,U,46,M,7,5494.00
HOGAR-003363,ENHOGAR,2026-08-03,19,1996,R,53,X,2,5631.00
HOGAR-003364,ENHOGAR,2026-08-04,20,2097,U,60,NR,5,5768.00
HOGAR-003365,ENHOGAR,2026-08-05,21,2198,U,67,F,8,5905.00
HOGAR-003366,ENHOGAR,2026-08-06,22,2299,R,74,M,3,6042.00
HOGAR-003367,ENHOGAR,2026-08-07,01,0101,U,81,X,6,6179.00
HOGAR-003368,ENHOGAR,2026-08-08,02,0202,U,88,NR,1,6316.00
HOGAR-003369,ENHOGAR,2026-08-09,03,0303,R,22,F,4,6453.00
HOGAR-003370,ENHOGAR,2026-08-10,04,0404,U,29,M,7,6590.00
HOGAR-003371,ENHOGAR,2026-08-11,05,0505,U,36,X,2,6727.00
HOGAR-003372,ENHOGAR,2026-08-12,06,0606,R,43,NR,5,6864.00
HOGAR-003373,ENHOGAR,2026-08-13,07,0707,U,50,F,8,7001.00
HOGAR-003374,ENHOGAR,2026-08-14,08,0808,U,57,M,3,7138.00
HOGAR-003375,ENHOGAR,2026-08-15,09,0909,R,64,X,6,7275.00
HOGAR-003376,ENHOGAR,2026-08-16,10,1010,U,71,NR,1,7412.00
HOGAR-003377,ENHOGAR,2026-08-17,11,1111,U,78,F,4,7549.00
HOGAR-003378,ENHOGAR,2026-08-18,12,1212,R,85,M,7,7686.00
HOGAR-003379,ENHOGAR,2026-08-19,13,1313,U,19,X,2,7823.00
HOGAR-003380,ENHOGAR,2026-08-20,14,1414,U,26,NR,5,7960.00
HOGAR-003381,ENHOGAR,2026-08-21,15,1515,R,33,F,8,8097.00
HOGAR-003382,ENHOGAR,2026-08-22,16,1616,U,40,M,3,8234.00
HOGAR-003383,ENHOGAR,2026-08-23,17,1717,U,47,X,6,8371.00
HOGAR-003384,ENHOGAR,2026-08-24,18,1818,R,54,NR,1,908.00
HOGAR-003385,ENHOGAR,2026-08-25,19,1919,U,61,F,4,1045.00
HOGAR-003386,ENHOGAR,2026-08-26,20,2020,U,68,M,7,1182.00
HOGAR-003387,ENHOGAR,2026-08-27,21,2121,R,75,X,2,1319.00
HOGAR-003388,ENHOGAR,2026-08-28,22,2222,U,82,NR,5,1456.00
HOGAR-003389,ENHOGAR,2026-08-01,01,0123,U,89,F,8,1593.00
HOGAR-003390,ENHOGAR,2026-08-02,02,0224,R,23,M,3,1730.00
HOGAR-003391,ENHOGAR,2026-08-03,03,0325,U,30,X,6,1867.00
HOGAR-003392,ENHOGAR,2026-08-04,04,0426,U,37,NR,1,2004.00
HOGAR-003393,ENHOGAR,2026-08-05,05,0527,R,44,F,4,2141.00
HOGAR-003394,ENHOGAR,2026-08-06,06,0628,U,51,M,7,2278.00
HOGAR-003395,ENHOGAR,2026-08-07,07,0729,U,58,X,2,2415.00
HOGAR-003396,ENHOGAR,2026-08-08,08,0830,R,65,NR,5,2552.00
HOGAR-003397,ENHOGAR,2026-08-09,09,0931,U,72,F,8,2689.00
HOGAR-003398,ENHOGAR,2026-08-10,10,1032,U,79,M,3,2826.00
HOGAR-003399,ENHOGAR,2026-08-11,11,1133,R,86,X,6,2963.00
HOGAR-003400,ENHOGAR,2026-08-12,12,1234,U,20,NR,1,3100.00
HOGAR-003401,ENHOGAR,2026-08-13,13,1335,U,27,F,4,3237.00
HOGAR-003402,ENHOGAR,2026-08-14,14,1436,R,34,M,7,3374.00
HOGAR-003403,ENHOGAR,2026-08-15,15,1537,U,41,X,2,3511.00
HOGAR-003404,ENHOGAR,2026-08-16,16,1638,U,48,NR,5,3648.00
HOGAR-003405,ENHOGAR,2026-08-17,17,1739,R,55,F,8,3785.00
HOGAR-003406,ENHOGAR,2026-08-18,18,1840,U,62,M,3,3922.00
HOGAR-003407,ENHOGAR,2026-08-19,19,1941,U,69,X,6,4059.00
HOGAR-003408,ENHOGAR,2026-08-20,20,2042,R,76,NR,1,4196.00
HOGAR-003409,ENHOGAR,2026-08-21,21,2143,U,83,F,4,4333.00
HOGAR-003410,ENHOGAR,2026-08-22,22,2244,U,90,M,7,4470.00
HOGAR-003411,ENHOGAR,2026-08-23,01,0145,R,24,X,2,4607.00
HOGAR-003412,ENHOGAR,2026-08-24,02,0246,U,31,NR,5,4744.00
HOGAR-003413,ENHOGAR,2026-08-25,03,0347,U,38,F,8,4881.00
HOGAR-003414,ENHOGAR,2026-08-26,04,0448,R,45,M,3,5018.00
HOGAR-003415,ENHOGAR,2026-08-27,05,0549,U,52,X,6,5155.00
HOGAR-003416,ENHOGAR,2026-08-28,06,0650,U,59,NR,1,5292.00
HOGAR-003417,ENHOGAR,2026-08-01,07,0751,R,66,F,4,5429.00
HOGAR-003418,ENHOGAR,2026-08-02,08,0852,U,73,M,7,5566.00
HOGAR-003419,ENHOGAR,2026-08-03,09,0953,U,80,X,2,5703.00
HOGAR-003420,ENHOGAR,2026-08-04,10,1054,R,87,NR,5,5840.00
HOGAR-003421,ENHOGAR,2026-08-05,11,1155,U,21,F,8,5977.00
HOGAR-003422,ENHOGAR,2026-08-06,12,1256,U,28,M,3,6114.00
HOGAR-003423,ENHOGAR,2026-08-07,13,1357,R,35,X,6,6251.00
HOGAR-003424,ENHOGAR,2026-08-08,14,1458,U,42,NR,1,6388.00
HOGAR-003425,ENHOGAR,2026-08-09,15,1559,U,49,F,4,6525.00
HOGAR-003426,ENHOGAR,2026-08-10,16,1660,R,56,M,7,6662.00
HOGAR-003427,ENHOGAR,2026-08-11,17,1761,U,63,X,2,6799.00
HOGAR-003428,ENHOGAR,2026-08-12,18,1862,U,70,NR,5,6936.00
HOGAR-003429,ENHOGAR,2026-08-13,19,1963,R,77,F,8,7073.00
HOGAR-003430,ENHOGAR,2026-08-14,20,2064,U,84,M,3,7210.00
HOGAR-003431,ENHOGAR,2026-08-15,21,2165,U,18,X,6,7347.00
HOGAR-003432,ENHOGAR,2026-08-16,22,2266,R,25,NR,1,7484.00
HOGAR-003433,ENHOGAR,2026-08-17,01,0167,U,32,F,4,7621.00
HOGAR-003434,ENHOGAR,2026-08-18,02,0268,U,39,M,7,7758.00
HOGAR-003435,ENHOGAR,2026-08-19,03,0369,R,46,X,2,7895.00
HOGAR-003436,ENHOGAR,2026-08-20,04,0470,U,53,NR,5,8032.00
HOGAR-003437,ENHOGAR,2026-08-21,05,0571,U,60,F,8,8169.00
HOGAR-003438,ENHOGAR,2026-08-22,06,0672,R,67,M,3,8306.00
HOGAR-003439,ENHOGAR,2026-08-23,07,0773,U,74,X,6,8443.00
HOGAR-003440,ENHOGAR,2026-08-24,08,0874,U,81,NR,1,980.00
HOGAR-003441,ENHOGAR,2026-08-25,09,0975,R,88,F,4,1117.00
HOGAR-003442,ENHOGAR,2026-08-26,10,1076,U,22,M,7,1254.00
HOGAR-003443,ENHOGAR,2026-08-27,11,1177,U,29,X,2,1391.00
HOGAR-003444,ENHOGAR,2026-08-28,12,1278,R,36,NR,5,1528.00
HOGAR-003445,ENHOGAR,2026-08-01,13,1379,U,43,F,8,1665.00
HOGAR-003446,ENHOGAR,2026-08-02,14,1480,U,50,M,3,1802.00
HOGAR-003447,ENHOGAR,2026-08-03,15,1581,R,57,X,6,1939.00
HOGAR-003448,ENHOGAR,2026-08-04,16,1682,U,64,NR,1,2076.00
HOGAR-003449,ENHOGAR,2026-08-05,17,1783,U,71,F,4,2213.00
HOGAR-003450,ENHOGAR,2026-08-06,18,1884,R,78,M,7,2350.00
HOGAR-003451,ENHOGAR,2026-08-07,19,1985,U,85,X,2,2487.00
HOGAR-003452,ENHOGAR,2026-08-08,20,2086,U,19,NR,5,2624.00
HOGAR-003453,ENHOGAR,2026-08-09,21,2187,R,26,F,8,2761.00
HOGAR-003454,ENHOGAR,2026-08-10,22,2288,U,33,M,3, 2898.00 
HOGAR-003455,ENHOGAR,2026-08-11,01,0189,U,40,X,6,3035.00
HOGAR-003456,ENHOGAR,2026-08-12,02,0290,R,47,NR,1,3172.00
HOGAR-003457,ENHOGAR,2026-08-13,03,0391,U,54,F,4,3309.00
HOGAR-003458,ENHOGAR,2026-08-14,04,0492,U,61,M,7,3446.00
HOGAR-003459,ENHOGAR,2026-08-15,05,0593,R,68,X,2,3583.00
HOGAR-003460,ENHOGAR,2026-08-16,06,0694,U,75,NR,5,3720.00
HOGAR-003461,ENHOGAR,2026-08-17,07,0795,U,82,F,8,3857.00
HOGAR-003462,ENHOGAR,2026-08-18,08,0896,R,89,M,3,3994.00
HOGAR-003463,ENHOGAR,2026-08-19,09,0997,U,23,X,6,4131.00
HOGAR-003464,ENHOGAR,2026-08-20,10,1098,U,30,NR,1,4268.00
HOGAR-003465,ENHOGAR,2026-08-21,11,1199,R,37,F,4,4405.00
HOGAR-003466,ENHOGAR,2026-08-22,12,1201,U,44,M,7,4542.00
HOGAR-003467,ENHOGAR,2026-08-23,13,1302,U,51,X,2,4679.00
HOGAR-003468,ENHOGAR,2026-08-24,14,1403,R,58,NR,5,4816.00
HOGAR-003469,ENHOGAR,2026-08-25,15,1504,U,65,F,8,4953.00
HOGAR-003470,ENHOGAR,2026-08-26,16,1605,U,72,M,3,5090.00
HOGAR-003471,ENHOGAR,2026-08-27,17,1706,R,79,X,6,5227.00
HOGAR-003472,ENHOGAR,2026-08-28,18,1807,U,86,NR,1,5364.00
HOGAR-003473,ENHOGAR,2026-08-01,19,1908,U,20,F,4,5501.00
HOGAR-003474,ENHOGAR,2026-08-02,20,2009,R,27,M,7,5638.00
HOGAR-003475,ENHOGAR,2026-08-03,21,2110,U,34,X,2,5775.00
HOGAR-003476,ENHOGAR,2026-08-04,22,2211,U,41,NR,5,5912.00
HOGAR-003477,ENHOGAR,2026-08-05,01,0112,R,48,F,8,6049.00
HOGAR-003478,ENHOGAR,2026-08-06,02,0213,U,55,M,3,6186.00
HOGAR-003479,ENHOGAR,2026-08-07,03,0314,U,62,X,6,6323.00
HOGAR-003480,ENHOGAR,2026-08-08,04,0415,R,69,NR,1,6460.00
HOGAR-003481,ENHOGAR,2026-08-09,05,0516,U,76,F,4,6597.00
HOGAR-003482,ENHOGAR,2026-08-10,06,0617,U,83,M,7,6734.00
HOGAR-003483,ENHOGAR,2026-08-11,07,0718,R,90,X,2,6871.00
HOGAR-003484,ENHOGAR,2026-08-12,08,0819,U,24,NR,5,7008.00
HOGAR-003485,ENHOGAR,2026-08-13,09,0920,U,31,F,8,7145.00
HOGAR-003486,ENHOGAR,2026-08-14,10,1021,R,38,M,3,7282.00
HOGAR-003487,ENHOGAR,2026-08-15,11,1122,U,45,X,6,7419.00
HOGAR-003488,ENHOGAR,2026-08-16,12,1223,U,52,NR,1,7556.00
HOGAR-003489,ENHOGAR,2026-08-17,13,1324,R,59,F,4,7693.00
HOGAR-003490,ENHOGAR,2026-08-18,14,1425,U,66,M,7,7830.00
HOGAR-003491,ENHOGAR,2026-08-19,15,1526,U,73,X,2,7967.00
HOGAR-003492,ENHOGAR,2026-08-20,16,1627,R,80,NR,5,8104.00
HOGAR-003493,ENHOGAR,2026-08-21,17,1728,U,87,F,8,8241.00
HOGAR-003494,ENHOGAR,2026-08-22,18,1829,U,21,M,3,8378.00
HOGAR-003495,ENHOGAR,2026-08-23,19,1930,R,28,X,6,915.00
HOGAR-003496,ENHOGAR,2026-08-24,20,2031,U,35,NR,1,1052.00
HOGAR-003497,ENHOGAR,2026-08-25,21,2132,U,42,F,4,1189.00
HOGAR-003498,ENHOGAR,2026-08-26,22,2233,R,49,M,7,1326.00
HOGAR-003499,ENHOGAR,2026-08-27,01,0134,U,56,X,2,1463.00
HOGAR-003500,ENHOGAR,2026-08-28,02,0235,U,63,NR,5,1600.00
HOGAR-003501,ENHOGAR,2026-08-01,03,0336,R,70,F,8,1737.00
HOGAR-003502,ENHOGAR,2026-08-02,04,0437,U,77,M,3,1874.00
HOGAR-003503,ENHOGAR,2026-08-03,05,0538,U,84,X,6,2011.00
HOGAR-003504,ENHOGAR,2026-08-04,06,0639,R,18,NR,1,2148.00
HOGAR-003505,ENHOGAR,2026-08-05,07,0740,U,25,F,4,2285.00
HOGAR-003506,ENHOGAR,2026-08-06,08,0841,U,32,M,7,2422.00
HOGAR-003507,ENHOGAR,2026-08-07,09,0942,R,39,X,2,2559.00
HOGAR-003508,ENHOGAR,2026-08-08,10,1043,U,46,NR,5,2696.00
HOGAR-003509,ENHOGAR,2026-08-09,11,1144,U,53,F,8,2833.00
HOGAR-003510,ENHOGAR,2026-08-10,12,1245,R,60,M,3,2970.00
HOGAR-003511,ENHOGAR,2026-08-11,13,1346,U,67,X,6,3107.00
HOGAR-003512,ENHOGAR,2026-08-12,14,1447,U,74,NR,1,3244.00
HOGAR-003513,ENHOGAR,2026-08-13,15,1548,R,81,F,4,3381.00
HOGAR-003514,ENHOGAR,2026-08-14,16,1649,U,88,M,7,3518.00
HOGAR-003515,ENHOGAR,2026-08-15,17,1750,U,22,X,2,3655.00
HOGAR-003516,,2026-08-16,18,1851,R,29,NR,5,3792.00
HOGAR-003517,ENHOGAR,2026-08-17,19,1952,U,36,F,8,3929.00
HOGAR-003518,ENHOGAR,2026-08-18,20,2053,U,43,M,3,4066.00
HOGAR-003519,ENHOGAR,2026-08-19,21,2154,R,50,X,6,4203.00
HOGAR-003520,ENHOGAR,2026-08-20,22,2255,U,57,NR,1,4340.00
HOGAR-003521,ENHOGAR,2026-08-21,01,0156,U,64,F,4,-25.00
HOGAR-003522,ENHOGAR,2026-08-22,02,0257,R,71,M,7,4614.00
HOGAR-003523,ENHOGAR,2026-08-23,03,0358,U,78,X,2,4751.00
HOGAR-003524,ENHOGAR,2026-08-24,04,0459,U,85,NR,5,4888.00
HOGAR-003525,ENHOGAR,2026-08-25,05,0560,R,19,F,8,5025.00
HOGAR-003526,ENHOGAR,2026-08-26,06,0661,U,26,M,3,5162.00
HOGAR-003527,ENHOGAR,2026-08-27,07,0762,U,33,X,6,5299.00
HOGAR-003528,ENHOGAR,2026-08-28,08,0863,R,40,NR,1,5436.00
HOGAR-003529,ENHOGAR,2026-08-01,09,0964,U,47,F,4,5573.00
HOGAR-003530,ENHOGAR,2026-08-02,10,1065,U,54,M,7,5710.00
HOGAR-003531,ENHOGAR,2026-08-03,11,1166,R,61,X,2,5847.00
HOGAR-003532,ENHOGAR,2026-08-04,12,1267,U,68,NR,5,5984.00
HOGAR-003533,ENHOGAR,2026-08-05,13,1368,U,75,F,8,6121.00
HOGAR-003534,ENHOGAR,2026-08-06,14,1469,R,82,M,3,6258.00
HOGAR-003535,ENHOGAR,2026-08-07,15,1570,U,89,X,6,6395.00
HOGAR-003536,ENHOGAR,2026-08-08,16,1671,U,23,NR,1,6532.00
HOGAR-003537,ENHOGAR,2026-08-09,17,1772,R,30,F,4,6669.00
HOGAR-003538,ENHOGAR,2026-08-10,18,1873,U,37,M,7,6806.00
HOGAR-003539,ENHOGAR,2026-08-11,19,1974,U,44,X,2,6943.00
HOGAR-003540,ENHOGAR,2026-08-12,20,2075,R,51,NR,5,7080.00
HOGAR-003541,ENHOGAR,2026-08-13,21,2176,U,58,F,8,7217.00
HOGAR-003542,ENHOGAR,2026-08-14,22,2277,U,65,M,3,7354.00
HOGAR-003543,ENHOGAR,2026-08-15,01,0178,R,72,X,6,7491.00
HOGAR-003544,ENHOGAR,2026-08-16,02,0279,U,79,NR,1,7628.00
HOGAR-003545,ENHOGAR,2026-08-17,03,0380,U,86,F,4,7765.00
HOGAR-003546,ENHOGAR,2026-08-18,04,0481,R,20,M,7,7902.00
HOGAR-003547,ENHOGAR,2026-08-19,05,0582,U,27,X,2,8039.00
HOGAR-003548,ENHOGAR,2026-08-20,06,0683,U,135,NR,5,8176.00
HOGAR-003549,ENHOGAR,2026-08-21,07,0784,R,41,F,8,8313.00
HOGAR-003550,ENHOGAR,2026-08-22,08,0885,U,48,M,3,8450.00
HOGAR-003551,ENHOGAR,2026-08-23,09,0986,U,55,X,6,987.00
HOGAR-003552,ENHOGAR,2026-08-24,10,1087,R,62,NR,1,1124.00
HOGAR-003553,ENHOGAR,2026-08-25,11,1188,U,69,F,4,1261.00
HOGAR-003554,ENHOGAR,2026-08-26,12,1289,U,76,M,7,1398.00
HOGAR-003555,ENHOGAR,2026-08-27,13,1390,R,83,X,2,1535.00
HOGAR-003556,ENHOGAR,2026-08-28,14,1491,U,90,NR,5,1672.00
HOGAR-003557,ENHOGAR,2026-08-01,15,1592,U,24,F,8,1809.00
HOGAR-003558,ENHOGAR,2026-08-02,16,1693,R,31,M,3,1946.00
HOGAR-003559,ENHOGAR,2026-08-03,17,1794,U,38,X,6,2083.00
HOGAR-003560,ENHOGAR,2026-08-04,18,1895,U,45,NR,1,2220.00
HOGAR-003561,ENHOGAR,2026-08-05,19,1996,R,52,F,4,2357.00
HOGAR-003562,ENHOGAR,2026-08-06,20,2097,U,59,M,7,2494.00
HOGAR-003563,ENHOGAR,2026-08-07,21,2198,U,66,X,2,2631.00
HOGAR-003564,ENHOGAR,2026-08-08,22,2299,R,73,NR,5,2768.00
HOGAR-003565,ENHOGAR,2026-08-09,01,0101,U,80,F,8,2905.00
HOGAR-003566,ENHOGAR,2026-08-10,02,0202,U,87,M,3,3042.00
HOGAR-003567,ENHOGAR,2026-08-11,03,0303,R,21,X,6,3179.00
HOGAR-003568,ENHOGAR,2026-08-12,04,0404,U,28,NR,1,3316.00
HOGAR-003569,ENHOGAR,2026-08-13,05,0505,U,35,F,4,3453.00
HOGAR-003570,ENHOGAR,2026-08-14,06,0606,R,42,M,7,3590.00
HOGAR-003571,ENHOGAR,2026-08-15,07,0707,U,49,X,2,3727.00
HOGAR-003572,ENHOGAR,2026-08-16,08,0808,U,56,NR,5,3864.00
HOGAR-003573,ENHOGAR,2026-08-17,09,0909,R,63,F,8,4001.00
HOGAR-003574,ENHOGAR,2026-08-18,10,1010,U,70,M,3,4138.00
HOGAR-003575,ENHOGAR,2026-08-19,11,1111,U,77,X,6,4275.00
HOGAR-003576,ENHOGAR,2026-08-20,12,1212,R,84,NR,1,4412.00
HOGAR-003577,ENHOGAR,2026-08-21,13,1313,U,18,F,4,4549.00
HOGAR-003578,ENHOGAR,2026-08-22,14,1414,U,25,M,7,4686.00
HOGAR-003579,ENHOGAR,2026-08-23,15,1515,R,32,X,2,4823.00
HOGAR-003580,ENHOGAR,2026-08-24,16,1616,U,39,NR,5,4960.00
HOGAR-003581,ENHOGAR,2026-08-25,17,1717,U,46,F,8,5097.00
HOGAR-003582,ENHOGAR,2026-08-26,18,1818,R,53,M,3,5234.00
HOGAR-003583,ENHOGAR,2026-08-27,19,1919,U,60,X,6,5371.00
HOGAR-003584,ENHOGAR,2026-08-28,20,2020,U,67,NR,1,5508.00
HOGAR-003585,ENHOGAR,2026-08-01,21,2121,R,74,F,4,5645.00
HOGAR-003586,ENHOGAR,2026-08-02,22,2222,U,81,M,7,5782.00
HOGAR-003587,ENHOGAR,2026-08-03,01,0123,U,88,X,2,5919.00
HOGAR-003588,ENHOGAR,2026-08-04,02,0224,R,22,NR,5,6056.00
HOGAR-003589,ENHOGAR,2026-08-05,03,0325,U,29,F,8,6193.00
HOGAR-003590,ENHOGAR,2026-08-06,04,0426,U,36,M,3,6330.00
HOGAR-003591,ENHOGAR,2026-08-07,05,0527,R,43,X,6,6467.00
HOGAR-003592,ENHOGAR,2026-08-08,06,0628,U,50,NR,1,6604.00
HOGAR-003593,ENHOGAR,2026-08-09,07,0729,U,57,F,4,6741.00
HOGAR-003594,ENHOGAR,2026-08-10,08,0830,R,64,M,7,6878.00
HOGAR-003595,ENHOGAR,2026-08-11,09,0931,U,71,X,2,7015.00
HOGAR-003596,ENHOGAR,2026-08-12,10,1032,U,78,NR,5,7152.00
HOGAR-003597,ENHOGAR,2026-08-13,11,1133,R,85,F,8,7289.00
HOGAR-003598,ENHOGAR,2026-08-14,12,1234,U,19,M,3,7426.00
HOGAR-003599,ENHOGAR,2026-08-15,13,1335,U,26,X,6,7563.00
HOGAR-003600,ENHOGAR,2026-08-16,14,1436,R,33,NR,1,7700.00
HOGAR-003601,ENHOGAR,2026-08-17,15,1537,U,40,F,4,7837.00
HOGAR-003602,ENHOGAR,2026-08-18,16,1638,U,47,M,7,7974.00
HOGAR-003603,ENHOGAR,2026-08-19,17,1739,R,54,X,2,8111.00
HOGAR-003604,ENHOGAR,2026-08-20,18,1840,U,61,NR,5,8248.00
HOGAR-003605,ENHOGAR,2026-08-21,19,1941,U,68,F,8,8385.00
HOGAR-003606,ENHOGAR,2026-08-22,20,2042,R,75,M,3,922.00
HOGAR-003607,ENHOGAR,2026-08-23,21,2143,U,82,X,6,1059.00
HOGAR-003608,ENHOGAR,2026-08-24,22,2244,U,89,NR,1,1196.00
HOGAR-003609,ENHOGAR,2026-08-25,01,0145,R,23,F,4,1333.00
HOGAR-003610,ENHOGAR,2026-08-26,02,0246,U,30,M,7,1470.00
HOGAR-003611,ENHOGAR,2026-08-27,03,0347,U,37,X,2, 1607.00 
HOGAR-003612,ENHOGAR,2026-08-28,04,0448,R,44,NR,5,1744.00
HOGAR-003613,ENHOGAR,2026-08-01,05,0549,U,51,F,8,1881.00
HOGAR-003614,ENHOGAR,2026-08-02,06,0650,U,58,M,3,2018.00
HOGAR-003615,ENHOGAR,2026-08-03,07,0751,R,65,X,6,2155.00
HOGAR-003616,ENHOGAR,2026-08-04,08,0852,U,72,NR,1,2292.00
HOGAR-003617,ENHOGAR,2026-08-05,09,0953,U,79,F,4,2429.00
HOGAR-003618,ENHOGAR,2026-08-06,10,1054,R,86,M,7,2566.00
HOGAR-003619,ENHOGAR,2026-08-07,11,1155,U,20,X,2,2703.00
HOGAR-003620,ENHOGAR,2026-08-08,12,1256,U,27,NR,5,2840.00
HOGAR-003621,ENHOGAR,2026-08-09,13,1357,R,34,F,8,2977.00
HOGAR-003622,ENHOGAR,2026-08-10,14,1458,U,41,M,3,3114.00
HOGAR-003623,ENHOGAR,2026-08-11,15,1559,U,48,X,6,3251.00
HOGAR-003624,ENHOGAR,2026-08-12,16,1660,R,55,NR,1,3388.00
HOGAR-003625,ENHOGAR,2026-08-13,17,1761,U,62,F,4,3525.00
HOGAR-003626,ENHOGAR,2026-08-14,18,1862,U,69,M,7,3662.00
HOGAR-003627,ENHOGAR,2026-08-15,19,1963,R,76,X,2,3799.00
HOGAR-003628,ENHOGAR,2026-08-16,20,2064,U,83,NR,5,3936.00
HOGAR-003629,ENHOGAR,2026-08-17,21,2165,U,90,F,8,4073.00
HOGAR-003630,ENHOGAR,2026-08-18,22,2266,R,24,M,3,4210.00
HOGAR-003631,ENHOGAR,2026-08-19,01,0167,U,31,X,6,4347.00
HOGAR-003632,ENHOGAR,2026-08-20,02,0268,U,38,NR,1,4484.00
HOGAR-003633,ENHOGAR,2026-08-21,03,0369,R,45,F,4,4621.00
HOGAR-003634,ENHOGAR,2026-08-22,04,0470,U,52,M,7,4758.00
HOGAR-003635,ENHOGAR,2026-08-23,05,0571,U,59,X,2,4895.00
HOGAR-003636,ENHOGAR,2026-08-24,06,0672,R,66,NR,5,5032.00
HOGAR-003637,ENHOGAR,2026-08-25,07,0773,U,73,F,8,5169.00
HOGAR-003638,ENHOGAR,2026-08-26,08,0874,U,80,M,3,5306.00
HOGAR-003639,ENHOGAR,2026-08-27,09,0975,R,87,X,6,5443.00
HOGAR-003640,ENHOGAR,2026-08-28,10,1076,U,21,NR,1,5580.00
HOGAR-003641,ENHOGAR,2026-08-01,11,1177,U,28,F,4,5717.00
HOGAR-003642,ENHOGAR,2026-08-02,12,1278,R,35,M,7,5854.00
HOGAR-003643,ENHOGAR,2026-08-03,13,1379,U,42,X,2,5991.00
HOGAR-003644,ENHOGAR,2026-08-04,14,1480,X,49,NR,5,6128.00
HOGAR-003645,ENHOGAR,2026-08-05,15,1581,R,56,F,8,6265.00
HOGAR-003646,ENHOGAR,2026-08-06,16,1682,U,63,M,3,6402.00
HOGAR-003647,ENHOGAR,2026-08-07,17,1783,U,70,X,6,6539.00
HOGAR-003648,ENHOGAR,2026-08-08,18,1884,R,77,NR,1,6676.00
HOGAR-003649,ENHOGAR,2026-08-09,19,1985,U,84,F,4,6813.00
HOGAR-003650,ENHOGAR,2026-08-10,20,2086,U,18,M,7,6950.00
HOGAR-003651,ENHOGAR,2026-08-11,21,2187,R,25,X,2,7087.00
HOGAR-003652,ENHOGAR,2026-08-12,22,2288,U,32,NR,5,7224.00
HOGAR-003653,ENHOGAR,2026-08-13,01,0189,U,39,F,8,7361.00
HOGAR-003654,ENHOGAR,2026-08-14,02,0290,R,46,M,3,7498.00
HOGAR-003655,ENHOGAR,2026-08-15,03,0391,U,53,X,6,7635.00
HOGAR-003656,ENHOGAR,2026-08-16,04,0492,U,60,NR,1,7772.00
HOGAR-003657,ENHOGAR,2026-08-17,05,0593,R,67,F,4,7909.00
HOGAR-003658,ENHOGAR,2026-08-18,06,0694,U,74,M,7,8046.00
HOGAR-003659,ENHOGAR,2026-08-19,07,0795,U,81,X,2,8183.00
HOGAR-003660,ENHOGAR,2026-08-20,08,0896,R,88,NR,5,8320.00
HOGAR-003661,ENHOGAR,2026-08-21,09,0997,U,22,F,8,8457.00
HOGAR-003662,ENHOGAR,2026-08-22,10,1098,U,29,M,3,994.00
HOGAR-003663,ENHOGAR,2026-08-23,11,1199,R,36,X,6,1131.00
HOGAR-003664,ENHOGAR,2026-08-24,12,1201,U,43,NR,1,1268.00
HOGAR-003665,ENHOGAR,2026-08-25,13,1302,U,50,Z,4,1405.00
HOGAR-003666,ENHOGAR,2026-08-26,14,1403,R,57,M,7,1542.00
HOGAR-003667,ENHOGAR,2026-08-27,15,1504,U,64,X,2,1679.00
HOGAR-003668,ENHOGAR,2026-08-28,16,1605,U,71,NR,5,1816.00
HOGAR-003669,ENHOGAR,2026-08-01,17,1706,R,78,F,8,1953.00
HOGAR/003670,ENHOGAR,2026-08-02,18,1807,U,85,M,3,2090.00
HOGAR-003671,ENHOGAR,2026-08-03,19,1908,U,19,X,6,2227.00
HOGAR-003672,ENHOGAR,2026-08-04,20,2009,R,26,NR,1,2364.00
HOGAR-003673,ENHOGAR,2026-08-05,21,2110,U,33,F,4,2501.00
HOGAR-003674,ENHOGAR,2026-08-06,22,2211,U,40,M,7,2638.00
HOGAR-003675,ENHOGAR,2026-08-07,01,0112,R,47,X,2,2775.00
HOGAR-003676,ENHOGAR,2026-08-08,02,0213,U,54,NR,5,2912.00
HOGAR-003677,ENHOGAR,2026-08-09,03,0314,U,61,F,8,3049.00
HOGAR-003678,ENHOGAR,2026-08-10,04,0415,R,68,M,3,3186.00
HOGAR-003679,ENHOGAR,2026-08-11,05,0516,U,75,X,6,3323.00
HOGAR-003680,ENHOGAR,2026-08-12,06,0617,U,82,NR,1,3460.00
HOGAR-003681,ENHOGAR,2026-08-13,07,0718,R,89,F,4,3597.00
HOGAR-003682,ENHOGAR,2026-08-14,08,0819,U,23,M,7,3734.00
HOGAR-003683,ENHOGAR,2026-08-15,09,0920,U,30,X,2,3871.00
HOGAR-003684,ENHOGAR,2026-08-16,10,1021,R,37,NR,5,4008.00
HOGAR-003685,ENHOGAR,2026-08-17,11,1122,U,44,F,8,4145.00
HOGAR-003686,ENHOGAR,2026-08-18,12,1223,U,51,M,3,4282.00
HOGAR-003687,ENHOGAR,2026-08-19,13,1324,R,58,X,6,4419.00
HOGAR-003688,ENHOGAR,2026-08-20,14,1425,U,65,NR,1,4556.00
HOGAR-003689,ENHOGAR,2026-08-21,15,1526,U,72,F,4,4693.00
HOGAR-003690,ENHOGAR,2026-08-22,16,1627,R,79,M,7,4830.00
HOGAR-003691,ENHOGAR,2026-08-23,17,1728,U,86,X,2,4967.00
HOGAR-003692,ENHOGAR,2026-08-24,18,1829,U,20,NR,5,5104.00
HOGAR-003693,ENHOGAR,2026-08-25,19,1930,R,27,F,8,5241.00
HOGAR-003694,ENHOGAR,2026-08-26,20,2031,U,34,M,3,5378.00
HOGAR-003695,ENHOGAR,2026-08-27,21,2132,U,41,X,6,5515.00
HOGAR-003696,ENHOGAR,2026-08-28,22,2233,R,48,NR,1,5652.00
HOGAR-003697,ENHOGAR,2026-08-01,01,0134,U,55,F,4,5789.00
HOGAR-003698,ENHOGAR,2026-08-02,02,0235,U,62,M,7,5926.00
HOGAR-003699,ENHOGAR,2026-08-03,03,0336,R,69,X,2,6063.00
HOGAR-003700,ENHOGAR,2026-08-04,04,0437,U,76,NR,5,6200.00
HOGAR-003701,ENHOGAR,2026-08-05,05,0538,U,83,F,8,6337.00
HOGAR-003702,ENHOGAR,2026-08-06,06,0639,R,90,M,3,6474.00
HOGAR-003703,ENHOGAR,2026-08-07,07,0740,U,24,X,6,6611.00
HOGAR-003704,ENHOGAR,2026-08-08,08,0841,U,31,NR,1,6748.00
HOGAR-003705,ENHOGAR,2026-08-09,09,0942,R,38,F,4,6885.00
HOGAR-003706,ENHOGAR,2026-08-10,10,1043,U,45,M,7,7022.00
HOGAR-003707,ENHOGAR,2026-08-11,11,1144,U,52,X,2,7159.00
HOGAR-003708,ENHOGAR,2026-08-12,12,1245,R,59,NR,5,7296.00
HOGAR-003709,ENHOGAR,2026-08-13,13,1346,U,66,F,8,7433.00
HOGAR-003710,ENHOGAR,2026-08-14,14,1447,U,73,M,3,7570.00
HOGAR-003711,ENHOGAR,2026-08-15,15,1548,R,80,X,6,7707.00
HOGAR-003712,ENHOGAR,2026-08-16,16,1649,U,87,NR,1,7844.00
HOGAR-003713,ENHOGAR,2026-08-17,17,1750,U,21,F,4,7981.00
HOGAR-003714,ENHOGAR,2026-08-18,18,1851,R,28,M,7,8118.00
HOGAR-003715,ENHOGAR,2026-08-19,19,1952,U,35,X,2,8255.00
HOGAR-003716,ENHOGAR,2026-08-20,20,2053,U,42,NR,5,8392.00
HOGAR-003717,ENHOGAR,2026-08-21,21,2154,R,49,F,8,929.00
HOGAR-003718,ENHOGAR,2026-08-22,22,2255,U,56,M,3,1066.00
HOGAR-003719,ENHOGAR,2026-08-23,01,0156,U,63,X,6,1203.00
HOGAR-003720,ENHOGAR,2026-08-24,02,0257,R,70,NR,1,1340.00
HOGAR-003721,ENHOGAR,2026-08-25,03,0358,U,77,F,4,1477.00
HOGAR-003722,ENHOGAR,2026-08-26,04,0459,U,84,M,7,1614.00
HOGAR-003723,ENHOGAR,2026-08-27,05,0560,R,18,X,2,1751.00
HOGAR-003724,ENHOGAR,2026-08-28,06,0661,U,25,NR,5,1888.00
HOGAR-003725,ENHOGAR,2026-08-01,07,0762,U,32,F,8,2025.00
HOGAR-003726,ENHOGAR,2026-08-02,08,0863,R,39,M,3,2162.00
HOGAR-003727,ENHOGAR,2026-08-03,09,0964,U,46,X,6,2299.00
HOGAR-003728,ENHOGAR,2026-08-04,10,1065,U,53,NR,1,2436.00
HOGAR-003729,ENHOGAR,2026-08-05,11,1166,R,60,F,4,2573.00
HOGAR-003730,ENHOGAR,2026-08-06,12,1267,U,67,M,7,2710.00
HOGAR-003731,ENHOGAR,2026-08-07,13,1368,U,74,X,2,2847.00
HOGAR-003732,ENHOGAR,2026-08-08,14,1469,R,81,NR,5,2984.00
HOGAR-003733,ENHOGAR,2026-08-09,15,1570,U,88,F,8,3121.00
HOGAR-003734,ENHOGAR,2026-08-10,16,1671,U,22,M,3,3258.00
HOGAR-003735,ENHOGAR,2026-08-11,17,1772,R,29,X,6,3395.00
HOGAR-003736,ENHOGAR,2026-08-12,18,1873,U,36,NR,1,3532.00
HOGAR-003737,ENHOGAR,2026-08-13,19,1974,U,43,F,4,3669.00
HOGAR-003738,ENHOGAR,2026-08-14,20,2075,R,50,M,7,3806.00
HOGAR-003739,ENHOGAR,2026-08-15,21,2176,U,57,X,2,3943.00
HOGAR-003740,ENHOGAR,2026-08-16,22,2277,U,64,NR,5,4080.00
HOGAR-003741,ENHOGAR,2026-08-17,01,0178,R,71,F,8,4217.00
HOGAR-003742,ENHOGAR,2026-08-18,02,0279,U,78,M,3,4354.00
HOGAR-003743,ENHOGAR,2026-08-19,03,0380,U,85,X,6,4491.00
HOGAR-003744,ENHOGAR,2026-08-20,04,0481,R,19,NR,1,4628.00
HOGAR-003745,ENHOGAR,2026-08-21,05,0582,U,26,F,4,4765.00
HOGAR-003746,ENHOGAR,2026-08-22,06,0683,U,33,M,7,4902.00
HOGAR-003747,ENHOGAR,2026-08-23,07,0784,R,40,X,2,5039.00
HOGAR-003748,ENHOGAR,2026-08-24,08,0885,U,47,NR,5,5176.00
HOGAR-003749,ENHOGAR,2026-08-25,09,0986,U,54,F,8,5313.00
HOGAR-003750,ENHOGAR,2026-08-26,10,1087,R,61,M,3,5450.00
HOGAR-003751,ENHOGAR,2026-08-27,11,1188,U,68,X,6,5587.00
HOGAR-003752,ENHOGAR,2026-08-28,12,1289,U,75,NR,1,5724.00
HOGAR-003753,ENHOGAR,2026-08-01,13,1390,R,82,F,4,5861.00
HOGAR-003754,ENHOGAR,2026-08-02,14,1491,U,89,M,7,5998.00
HOGAR-003755,ENHOGAR,2026-08-03,15,1592,U,23,X,2,6135.00
HOGAR-003756,ENHOGAR,2026-08-04,16,1693,R,30,NR,5,6272.00
HOGAR-003757,ENHOGAR,2026-08-05,17,1794,U,37,F,8,6409.00
HOGAR-003758,ENHOGAR,2026-08-06,18,1895,U,44,M,3,6546.00
HOGAR-003759,ENHOGAR,2026-08-07,19,1996,R,51,X,6,6683.00
HOGAR-003760,ENHOGAR,2026-08-08,20,2097,U,58,NR,1,6820.00
HOGAR-003761,ENHOGAR,2026-08-09,21,2198,U,65,F,4,6957.00
HOGAR-003762,ENHOGAR,2026-08-10,22,2299,R,72,M,7,7094.00
HOGAR-003763,ENHOGAR,2026-08-11,01,0101,U,79,X,2,7231.00
HOGAR-003764,ENHOGAR,2026-08-12,02,0202,U,86,NR,5,7368.00
HOGAR-003765,ENHOGAR,2026-08-13,03,0303,R,20,F,8,7505.00
HOGAR-003766,ENHOGAR,2026-08-14,04,0404,U,27,M,3,7642.00
HOGAR-003767,ENHOGAR,2026-08-15,05,0505,U,34,X,6,7779.00
HOGAR-003768,ENHOGAR,2026-08-16,06,0606,R,41,NR,1, 7916.00 
HOGAR-003769,ENHOGAR,2026-08-17,07,0707,U,48,F,4,8053.00
HOGAR-003770,ENHOGAR,2026-08-18,08,0808,U,55,M,7,8190.00
HOGAR-003771,ENHOGAR,2027-01-01,09,0909,R,62,X,2,8327.00
HOGAR-003772,ENHOGAR,2026-08-20,10,1010,U,69,NR,5,8464.00
HOGAR-003773,ENHOGAR,2026-08-21,11,1111,U,76,F,8,1001.00
HOGAR-003774,ENHOGAR,2026-08-22,12,1212,R,83,M,3,1138.00
HOGAR-003775,ENHOGAR,2026-08-23,13,1313,U,90,X,6,1275.00
HOGAR-003776,ENHOGAR,2026-08-24,14,1414,U,24,NR,1,1412.00
HOGAR-003777,ENHOGAR,2026-08-25,15,1515,R,31,F,4,1549.00
HOGAR-003778,ENHOGAR,2026-08-26,16,1616,U,38,M,7,1686.00
HOGAR-003779,ENHOGAR,2026-08-27,17,1717,U,45,X,2,1823.00
HOGAR-003780,ENHOGAR,2026-08-28,18,1818,R,52,NR,5,1960.00
HOGAR-003781,ENHOGAR,2026-08-01,19,1919,U,59,F,8,2097.00
HOGAR-003782,ENHOGAR,2026-08-02,20,2020,U,66,M,3,2234.00
HOGAR-003783,ENHOGAR,2026-08-03,21,2121,R,73,X,6,2371.00
HOGAR-003784,ENHOGAR,2026-08-04,22,2222,U,80,NR,1,2508.00
HOGAR-003785,ENHOGAR,2026-08-05,01,0123,U,87,F,4,2645.00
HOGAR-003786,ENHOGAR,2026-08-06,02,0224,R,21,M,7,2782.00
HOGAR-003787,ENHOGAR,2026-08-07,03,0325,U,28,X,2,2919.00
HOGAR-003788,ENHOGAR,2026-08-08,04,0426,U,35,NR,5,3056.00
HOGAR-003789,ENHOGAR,2026-08-09,05,0527,R,42,F,8,3193.00
HOGAR-003790,ENHOGAR,2026-08-10,06,0628,U,49,M,3,3330.00
HOGAR-003791,ENHOGAR,2026-08-11,07,0729,U,56,X,6,3467.00
HOGAR-003792,ENHOGAR,2026-08-12,08,0830,R,63,NR,1,3604.00
HOGAR-003793,ENHOGAR,2026-08-13,09,0931,U,70,F,4,3741.00
HOGAR-003794,ENHOGAR,2026-08-14,10,1032,U,77,M,7,3878.00
HOGAR-003795,ENHOGAR,2026-08-15,11,1133,R,84,X,2,4015.00
HOGAR-003796,ENHOGAR,2026-08-16,12,1234,U,18,NR,5,4152.00
HOGAR-003797,ENHOGAR,2026-08-17,13,1335,U,25,F,8,4289.00
HOGAR-003798,ENHOGAR,2026-08-18,14,1436,R,32,M,3,4426.00
HOGAR-003799,ENHOGAR,2026-08-19,15,1537,U,39,X,6,4563.00
HOGAR-003800,ENHOGAR,2026-08-20,16,1638,U,46,NR,1,4700.00
HOGAR-003801,ENHOGAR,2026-08-21,17,1739,R,53,F,4,4837.00
HOGAR-003802,ENHOGAR,2026-08-22,18,1840,U,60,M,7,4974.00
HOGAR-003803,ENHOGAR,2026-08-23,19,1941,U,67,X,2,5111.00
HOGAR-003804,ENHOGAR,2026-08-24,20,2042,R,74,NR,5,5248.00
HOGAR-003805,ENHOGAR,2026-08-25,21,2143,U,81,F,8,5385.00
HOGAR-003806,ENHOGAR,2026-08-26,22,2244,U,88,M,3,5522.00
HOGAR-003807,ENHOGAR,2026-08-27,01,0145,R,22,X,6,5659.00
HOGAR-003808,ENHOGAR,2026-08-28,02,0246,U,29,NR,1,5796.00
HOGAR-003809,,2026-08-01,03,0347,U,36,F,4,5933.00
HOGAR-003810,ENHOGAR,2026-08-02,04,0448,R,43,M,7,6070.00
HOGAR-003811,ENHOGAR,2026-08-03,05,0549,U,50,X,2,6207.00
HOGAR-003812,ENHOGAR,2026-08-04,06,0650,U,57,NR,5,6344.00
HOGAR-003813,ENHOGAR,2026-08-05,07,0751,R,64,F,8,6481.00
HOGAR-003814,ENHOGAR,2026-08-06,08,0852,U,71,M,3,6618.00
HOGAR-003815,ENHOGAR,2026-08-07,09,0953,U,78,X,6,6755.00
HOGAR-003816,ENHOGAR,2026-08-08,10,1054,R,85,NR,1,6892.00
HOGAR-003817,ENHOGAR,2026-08-09,11,1155,U,19,F,4,7029.00
HOGAR-003818,ENHOGAR,2026-08-10,12,1256,U,26,M,7,7166.00
HOGAR-003819,ENHOGAR,2026-08-11,13,1357,R,33,X,2,7303.00
HOGAR-003820,ENHOGAR,2026-08-12,14,1458,U,40,NR,5,7440.00
HOGAR-003821,ENHOGAR,2026-08-13,15,1559,U,47,F,8,7577.00
HOGAR-003822,ENHOGAR,2026-08-14,16,1660,R,54,M,3,7714.00
HOGAR-003823,ENHOGAR,2026-08-15,17,1761,U,61,X,6,7851.00
HOGAR-003824,ENHOGAR,2026-08-16,18,1862,U,68,NR,1,7988.00
HOGAR-003825,ENHOGAR,2026-08-17,19,1963,R,75,F,4,8125.00
HOGAR-003826,ENHOGAR,2026-08-18,20,2064,U,82,M,7,8262.00
HOGAR-003827,ENHOGAR,2026-08-19,21,2165,U,89,X,2,8399.00
HOGAR-003828,ENHOGAR,2026-08-20,22,2266,R,23,NR,5,936.00
HOGAR-003829,ENHOGAR,2026-08-21,01,0167,U,30,F,8,1073.00
HOGAR-003830,ENHOGAR,2026-08-22,02,0268,U,37,M,3,1210.00
HOGAR-003831,ENHOGAR,2026-08-23,03,0369,R,44,X,6,1347.00
HOGAR-003832,ENHOGAR,2026-08-24,04,0470,U,51,NR,1,1484.00
HOGAR-003833,ENHOGAR,2026-08-25,05,0571,U,58,F,4,1621.00
HOGAR-003834,ENHOGAR,2026-08-26,06,0672,R,65,M,7,1758.00
HOGAR-003835,ENHOGAR,2026-08-27,07,0773,U,72,X,2,1895.00
HOGAR-003836,ENHOGAR,2026-08-28,08,0874,U,79,NR,5,2032.00
HOGAR-003837,ENHOGAR,2026-08-01,09,0975,R,86,F,8,2169.00
HOGAR-003838,ENHOGAR,2026-08-02,10,1076,U,20,M,3,2306.00
HOGAR-003839,ENHOGAR,2026-08-03,11,1177,U,27,X,6,2443.00
HOGAR-003840,ENHOGAR,2026-08-04,12,1278,R,34,NR,1,2580.00
HOGAR-003841,ENHOGAR,2026-08-05,13,1379,U,41,F,4,2717.00
HOGAR-003842,ENHOGAR,2026-08-06,14,1480,U,48,M,7,2854.00
HOGAR-003843,ENHOGAR,2026-08-07,15,1581,R,55,X,2,2991.00
HOGAR-003844,ENHOGAR,2026-08-08,16,1682,U,62,NR,5,3128.00
HOGAR-003845,ENHOGAR,2026-08-09,17,1783,U,69,F,8,3265.00
HOGAR-003846,ENHOGAR,2026-08-10,18,1884,R,76,M,0,3402.00
HOGAR-003847,ENHOGAR,2026-08-11,19,1985,U,83,X,6,3539.00
HOGAR-003848,ENHOGAR,2026-08-12,20,2086,U,90,NR,1,3676.00
HOGAR-003849,ENHOGAR,2026-08-13,21,2187,R,24,F,4,3813.00
HOGAR-003850,ENHOGAR,2026-08-14,22,2288,U,31,M,7,3950.00
HOGAR-003851,ENHOGAR,2026-08-15,01,0189,U,38,X,2,4087.00
HOGAR-003852,ENHOGAR,2026-08-16,02,0290,R,45,NR,5,4224.00
HOGAR-003853,ENHOGAR,2026-08-17,03,0391,U,52,F,8,4361.00
HOGAR-003854,ENHOGAR,2026-08-18,04,0492,U,59,M,3,4498.00
HOGAR-003855,ENHOGAR,2026-08-19,05,0593,R,66,X,6,4635.00
HOGAR-003856,ENHOGAR,2026-08-20,06,0694,U,73,NR,1,4772.00
HOGAR-003857,ENHOGAR,2026-08-21,07,0795,U,80,F,4,4909.00
HOGAR-003858,ENHOGAR,2026-08-22,08,0896,R,87,M,7,5046.00
HOGAR-003859,ENHOGAR,2026-08-23,09,0997,U,21,X,2,5183.00
HOGAR-003860,ENHOGAR,2026-08-24,10,1098,U,28,NR,5,5320.00
HOGAR-003861,ENHOGAR,2026-08-25,11,1199,R,35,F,8,5457.00
HOGAR-003862,ENHOGAR,2026-08-26,12,1201,U,42,M,3,5594.00
HOGAR-003863,ENHOGAR,2026-08-27,13,1302,U,49,X,6,5731.00
HOGAR-003864,ENHOGAR,2026-08-28,14,1403,R,56,NR,1,5868.00
HOGAR-003865,ENHOGAR,2026-08-01,15,1504,U,63,F,4,6005.00
HOGAR-003866,ENHOGAR,2026-08-02,16,1605,U,70,M,7,6142.00
HOGAR-003867,ENHOGAR,2026-08-03,17,1706,R,77,X,2,6279.00
HOGAR-003868,ENHOGAR,2026-08-04,18,1807,U,84,NR,5,6416.00
HOGAR-003869,ENHOGAR,2026-08-05,19,1908,U,18,F,8,6553.00
HOGAR-003870,ENHOGAR,2026-08-06,20,2009,R,25,M,3,6690.00
HOGAR-003871,ENHOGAR,2026-08-07,21,2110,U,32,X,6,6827.00
HOGAR-003872,ENHOGAR,2026-08-08,22,2211,U,39,NR,1,6964.00
HOGAR-003873,ENHOGAR,2026-08-09,01,0112,R,46,F,4,7101.00
HOGAR-003874,ENHOGAR,2026-08-10,02,0213,U,53,M,7,7238.00
HOGAR-003875,ENHOGAR,2026-08-11,03,0314,U,60,X,2,7375.00
HOGAR-003876,ENHOGAR,2026-08-12,04,0415,R,67,NR,5,7512.00
HOGAR-003877,ENHOGAR,2026-08-13,05,0516,U,74,F,8,7649.00
HOGAR-003878,ENHOGAR,2026-08-14,06,0617,U,81,M,3,7786.00
HOGAR-003879,ENHOGAR,2026-08-15,07,0718,R,88,X,6,7923.00
HOGAR-003880,ENHOGAR,2026-08-16,08,0819,U,22,NR,1,8060.00
HOGAR-003881,ENHOGAR,2026-08-17,09,0920,U,29,F,4,8197.00
HOGAR-003882,ENHOGAR,2026-08-18,10,1021,R,36,M,7,8334.00
HOGAR-003883,ENHOGAR,2026-08-19,11,1122,U,43,X,2,8471.00
HOGAR-003884,ENHOGAR,2026-08-20,12,1223,U,50,NR,5,1008.00
HOGAR-000001,ENHOGAR,2026-08-21,13,1324,R,57,F,8,1145.00
HOGAR-003886,ENHOGAR,2026-08-22,14,1425,U,64,M,3,1282.00
HOGAR-003887,ENHOGAR,2026-08-23,15,1526,U,71,X,6,1419.00
HOGAR-003888,ENHOGAR,2026-08-24,16,1627,R,78,NR,1,1556.00
HOGAR-003889,ENHOGAR,2026-08-25,17,1728,U,85,F,4,1693.00
HOGAR-003890,ENHOGAR,2026-08-26,18,1829,U,19,M,7,1830.00
HOGAR-003891,ENHOGAR,2026-08-27,19,1930,R,26,X,2,1967.00
HOGAR-003892,ENHOGAR,2026-08-28,20,2031,U,33,NR,5,2104.00
HOGAR-003893,ENHOGAR,2026-08-01,21,2132,U,40,F,8,2241.00
HOGAR-003894,ENHOGAR,2026-08-02,22,2233,R,47,M,3,2378.00
HOGAR-003895,ENHOGAR,2026-08-03,01,0134,U,54,X,6,2515.00
HOGAR-003896,ENHOGAR,2026-08-04,02,0235,U,61,NR,1,2652.00
HOGAR-003897,ENHOGAR,2026-08-05,03,0336,R,68,F,4,2789.00
HOGAR-003898,ENHOGAR,2026-08-06,04,0437,U,75,M,7,2926.00
HOGAR-003899,ENHOGAR,2026-08-07,05,0538,U,82,X,2,3063.00
HOGAR-003900,ENHOGAR,2026-08-08,06,0639,R,89,NR,5,3200.00
HOGAR-003901,ENHOGAR,2026-08-09,07,0740,U,23,F,8,3337.00
HOGAR-003902,ENHOGAR,2026-08-10,08,0841,U,30,M,3,3474.00
HOGAR-003903,ENHOGAR,2026-08-11,09,0942,R,37,X,6,3611.00
HOGAR-003904,ENHOGAR,2026-08-12,10,1043,U,44,NR,1,3748.00
HOGAR-003905,ENHOGAR,2026-08-13,11,1144,U,51,F,4,3885.00
HOGAR-003906,ENHOGAR,2026-08-14,12,1245,R,58,M,7,4022.00
HOGAR-003907,ENHOGAR,2026-08-15,13,1346,U,65,X,2,4159.00
HOGAR-003908,ENHOGAR,2026-08-16,14,1447,U,72,NR,5,4296.00
HOGAR-003909,ENHOGAR,2026-08-17,15,1548,R,79,F,8,4433.00
HOGAR-003910,ENHOGAR,2026-08-18,16,1649,U,86,M,3,4570.00
HOGAR-003911,ENHOGAR,2026-08-19,17,1750,U,20,X,6,4707.00
HOGAR-003912,ENHOGAR,2026-08-20,18,1851,R,27,NR,1,4844.00
HOGAR-003913,ENHOGAR,2026-08-21,19,1952,U,34,F,4,4981.00
HOGAR-003914,ENHOGAR,2026-08-22,20,2053,U,41,M,7,5118.00
HOGAR-003915,ENHOGAR,2026-08-23,21,2154,R,48,X,2,5255.00
HOGAR-003916,ENHOGAR,2026-08-24,22,2255,U,55,NR,5,5392.00
HOGAR-003917,ENHOGAR,2026-08-25,01,0156,U,62,F,8,5529.00
HOGAR-003918,ENHOGAR,2026-08-26,02,0257,R,69,M,3,5666.00
HOGAR-003919,ENHOGAR,2026-08-27,03,0358,U,76,X,6,5803.00
HOGAR-003920,ENHOGAR,2026-08-28,04,0459,U,83,NR,1,5940.00
HOGAR-003921,ENHOGAR,2026-08-01,05,0560,R,90,F,4,6077.00
HOGAR-003922,ENHOGAR,2026-08-02,06,0661,U,24,M,7,6214.00
HOGAR-003923,ENHOGAR,2026-08-03,07,0762,U,31,X,2,6351.00
HOGAR-003924,ENHOGAR,2026-08-04,08,0863,R,38,NR,5,6488.00
HOGAR-003925,ENHOGAR,2026-08-05,09,0964,U,45,F,8, 6625.00 
HOGAR-003926,ENHOGAR,2026-08-06,10,1065,U,52,M,3,6762.00
HOGAR-003927,ENHOGAR,2026-08-07,11,1166,R,59,X,6,6899.00
HOGAR-003928,ENHOGAR,2026-08-08,12,1267,U,66,NR,1,7036.00
HOGAR-003929,ENHOGAR,2026-08-09,13,1368,U,73,F,4,7173.00
HOGAR-003930,ENHOGAR,2026-08-10,14,1469,R,80,M,7,7310.00
HOGAR-003931,ENHOGAR,2026-08-11,15,1570,U,87,X,2,7447.00
HOGAR-003932,ENHOGAR,2026-08-12,16,1671,U,21,NR,5,7584.00
HOGAR-003933,ENHOGAR,2026-08-13,17,1772,R,28,F,8,7721.00
HOGAR-003934,ENHOGAR,2026-08-14,18,1873,U,35,M,3,7858.00
HOGAR-003935,ENHOGAR,2026-08-15,19,1974,U,42,X,6,7995.00
HOGAR-003936,ENHOGAR,2026-08-16,20,2075,R,49,NR,1,8132.00
HOGAR-003937,ENHOGAR,2026-08-17,21,2176,U,56,F,4,8269.00
HOGAR-003938,ENHOGAR,2026-08-18,22,2277,U,63,M,7,8406.00
HOGAR-003939,ENHOGAR,2026-08-19,01,0178,R,70,X,2,943.00
HOGAR-003940,ENHOGAR,2026-08-20,02,0279,U,77,NR,5,1080.00
HOGAR-003941,ENHOGAR,2026-08-21,03,0380,U,84,F,8,1217.00
HOGAR-003942,ENHOGAR,2026-08-22,04,0481,R,18,M,3,1354.00
HOGAR-003943,ENHOGAR,2026-08-23,05,0582,U,25,X,6,1491.00
HOGAR-003944,ENHOGAR,2026-08-24,06,0683,U,32,NR,1,1628.00
HOGAR-003945,ENHOGAR,2026-08-25,07,0784,R,39,F,4,1765.00
HOGAR-003946,ENHOGAR,2026-08-26,08,0885,U,46,M,7,1902.00
HOGAR-003947,ENHOGAR,2026-08-27,09,0986,U,53,X,2,2039.00
HOGAR-003948,ENHOGAR,2026-08-28,10,1087,R,60,NR,5,2176.00
HOGAR-003949,ENHOGAR,2026-08-01,11,1188,U,67,F,8,2313.00
HOGAR-003950,ENHOGAR,2026-08-02,12,1289,U,74,M,3,2450.00
HOGAR-003951,ENHOGAR,2026-08-03,13,1390,R,81,X,6,2587.00
HOGAR-003952,ENHOGAR,2026-08-04,14,1491,U,88,NR,1,2724.00
HOGAR-003953,ENHOGAR,2026-08-05,15,1592,U,22,F,4,2861.00
HOGAR-003954,ENHOGAR,2026-08-06,16,1693,R,29,M,7,2998.00
HOGAR-003955,ENHOGAR,2026-08-07,17,1794,U,36,X,2,3135.00
HOGAR-003956,ENHOGAR,2026-08-08,18,1895,U,43,NR,5,3272.00
HOGAR-003957,ENHOGAR,2026-08-09,19,1996,R,50,F,8,3409.00
HOGAR-003958,ENHOGAR,2026-08-10,20,2097,U,57,M,3,3546.00
HOGAR-003959,ENHOGAR,2026-08-11,21,2198,U,64,X,6,3683.00
HOGAR-003960,ENHOGAR,2026-08-12,22,2299,R,71,NR,1,3820.00
HOGAR-003961,ENHOGAR,2026-08-13,01,0101,U,78,F,4,3957.00
HOGAR-003962,ENHOGAR,2026-08-14,02,0202,U,85,M,7,4094.00
HOGAR-003963,ENHOGAR,2026-08-15,03,0303,R,19,X,2,4231.00
HOGAR-003964,ENHOGAR,2026-08-16,04,0404,U,26,NR,5,4368.00
HOGAR-003965,ENHOGAR,2026-08-17,05,0505,U,33,F,8,4505.00
HOGAR-003966,ENHOGAR,2026-08-18,06,0606,R,40,M,3,4642.00
HOGAR-003967,ENHOGAR,2026-08-19,07,0707,U,47,X,6,4779.00
HOGAR-003968,ENHOGAR,2026-08-20,08,0808,U,54,NR,1,4916.00
HOGAR-003969,ENHOGAR,2026-08-21,09,0909,R,61,F,4,5053.00
HOGAR-003970,ENHOGAR,2026-08-22,10,1010,U,68,M,7,5190.00
HOGAR-003971,ENHOGAR,2026-08-23,11,1111,U,75,X,2,5327.00
HOGAR-003972,ENHOGAR,2026-08-24,12,1212,R,82,NR,5,5464.00
HOGAR-003973,ENHOGAR,2026-08-25,13,1313,U,89,F,8,5601.00
HOGAR-003974,ENHOGAR,2026-08-26,14,1414,U,23,M,3,5738.00
HOGAR-003975,ENHOGAR,2026-08-27,15,1515,R,30,X,6,5875.00
HOGAR-003976,ENHOGAR,2026-08-28,16,1616,U,37,NR,1,6012.00
HOGAR-003977,ENHOGAR,2026-08-01,17,1717,U,44,F,4,6149.00
HOGAR-003978,ENHOGAR,2026-08-02,18,1818,R,51,M,7,6286.00
HOGAR-003979,ENHOGAR,2026-08-03,19,1919,U,58,X,2,6423.00
HOGAR-003980,ENHOGAR,2026-08-04,20,2020,U,65,NR,5,6560.00
HOGAR-003981,ENHOGAR,2026-08-05,21,2121,R,72,F,8,6697.00
HOGAR-003982,ENHOGAR,2026-08-06,22,2222,U,79,M,3,6834.00
HOGAR-003983,ENHOGAR,2026-08-07,01,0123,U,86,X,6,6971.00
HOGAR-003984,ENHOGAR,2026-08-08,02,0224,R,20,NR,1,7108.00
HOGAR-003985,ENHOGAR,2026-08-09,03,0325,U,27,F,4,7245.00
HOGAR-003986,ENHOGAR,2026-08-10,04,0426,U,34,M,7,7382.00
HOGAR-003987,ENHOGAR,2026-08-11,05,0527,R,41,X,2,7519.00
HOGAR-003988,ENHOGAR,2026-08-12,06,0628,U,48,NR,5,
HOGAR-003989,ENHOGAR,2026-08-13,07,0729,U,55,F,8,7793.00
HOGAR-003990,ENHOGAR,2026-08-14,08,0830,R,62,M,3,7930.00
HOGAR-003991,ENHOGAR,2026-08-15,09,0931,U,69,X,6,8067.00
HOGAR-003992,ENHOGAR,2026-08-16,10,1032,U,76,NR,1,8204.00
HOGAR-003993,ENHOGAR,2026-08-17,11,1133,R,83,F,4,8341.00
HOGAR-003994,ENHOGAR,2026-08-18,12,1234,U,90,M,7,8478.00
HOGAR-003995,ENHOGAR,2026-08-19,13,1335,U,24,X,2,1015.00
HOGAR-003996,ENHOGAR,2026-08-20,14,1436,R,31,NR,5,1152.00
HOGAR-003997,ENHOGAR,2026-08-21,15,1537,U,38,F,8,1289.00
HOGAR-003998,ENHOGAR,2026-08-22,16,1638,U,45,M,3,1426.00
HOGAR-003999,ENHOGAR,2026-08-23,17,1739,R,52,X,6,1563.00
HOGAR-004000,ENHOGAR,2026-08-24,18,1840,U,59,NR,1,1700.00
HOGAR-004001,ENHOGAR,2026-08-25,19,1941,U,66,F,4,1837.00
HOGAR-004002,ENHOGAR,2026-08-26,20,2042,R,73,M,7,1974.00
HOGAR-004003,ENHOGAR,2026-08-27,21,2143,U,80,X,2,2111.00
HOGAR-004004,ENHOGAR,2026-08-28,22,2244,U,87,NR,5,2248.00
HOGAR-004005,ENHOGAR,2026-08-01,01,0145,R,21,F,8,2385.00
HOGAR-004006,ENHOGAR,2026-08-02,02,0246,U,28,M,3,2522.00
HOGAR-004007,ENHOGAR,2026-08-03,03,0347,U,35,X,6,2659.00
HOGAR-004008,ENHOGAR,2026-08-04,04,0448,R,42,NR,1,2796.00
HOGAR-004009,ENHOGAR,2026-08-05,05,0549,U,49,F,4,2933.00
HOGAR-004010,ENHOGAR,2026-08-06,06,0650,U,56,M,7,3070.00
HOGAR-004011,ENHOGAR,2026-08-07,07,0751,R,63,X,2,3207.00
HOGAR-004012,ENHOGAR,2026-08-08,08,0852,U,70,NR,5,3344.00
HOGAR-004013,ENHOGAR,2026-08-09,09,0953,U,77,F,8,3481.00
HOGAR-004014,ENHOGAR,2026-08-10,10,1054,R,84,M,3,3618.00
HOGAR-004015,ENHOGAR,2026-08-11,11,1155,U,18,X,6,3755.00
HOGAR-004016,ENHOGAR,2026-08-12,12,1256,U,25,NR,1,3892.00
HOGAR-004017,ENHOGAR,2026-08-13,13,1357,R,32,F,4,4029.00
HOGAR-004018,ENHOGAR,2026-08-14,14,1458,U,39,M,7,4166.00
HOGAR-004019,ENHOGAR,2026-08-15,15,1559,U,46,X,2,4303.00
HOGAR-004020,ENHOGAR,2026-08-16,16,1660,R,53,NR,5,4440.00
HOGAR-004021,ENHOGAR,2026-08-17,17,1761,U,60,F,8,4577.00
HOGAR-004022,ENHOGAR,2026-08-18,18,1862,U,67,M,3,4714.00
HOGAR-004023,ENHOGAR,2026-08-19,19,1963,R,74,X,6,4851.00
HOGAR-004024,ENHOGAR,2026-08-20,20,2064,U,81,NR,1,-25.00
HOGAR-004025,ENHOGAR,2026-08-21,21,2165,U,88,F,4,5125.00
HOGAR-004026,ENHOGAR,2026-08-22,22,2266,R,22,M,7,5262.00
HOGAR-004027,ENHOGAR,2026-08-23,01,0167,U,29,X,2,5399.00
HOGAR-004028,ENHOGAR,2026-08-24,02,0268,U,36,NR,5,5536.00
HOGAR-004029,ENHOGAR,2026-08-25,03,0369,R,43,F,8,5673.00
HOGAR-004030,ENHOGAR,2026-08-26,04,0470,U,50,M,3,5810.00
HOGAR-004031,ENHOGAR,2026-08-27,05,0571,U,57,X,6,5947.00
HOGAR-004032,ENHOGAR,2026-08-28,06,0672,R,64,NR,1,6084.00
HOGAR-004033,ENHOGAR,2026-08-01,07,0773,U,71,F,4,6221.00
HOGAR-004034,ENHOGAR,2026-08-02,08,0874,U,78,M,7,6358.00
HOGAR-004035,ENHOGAR,2026-08-03,09,0975,R,85,X,2,6495.00
HOGAR-004036,ENHOGAR,2026-08-04,10,1076,U,19,NR,5,6632.00
HOGAR/004037,ENHOGAR,2026-08-05,11,1177,U,26,F,8,6769.00
HOGAR-004038,ENHOGAR,2026-08-06,12,1278,R,33,M,3,6906.00
HOGAR-004039,ENHOGAR,2026-08-07,13,1379,U,40,X,6,7043.00
HOGAR-004040,ENHOGAR,2026-08-08,14,1480,U,47,NR,1,7180.00
HOGAR-004041,ENHOGAR,2026-08-09,15,1581,R,54,F,4,7317.00
HOGAR-004042,ENHOGAR,2026-08-10,16,1682,U,61,M,7,7454.00
HOGAR-004043,ENHOGAR,2026-08-11,17,1783,U,68,X,2,7591.00
HOGAR-004044,ENHOGAR,2026-08-12,18,1884,R,75,NR,5,7728.00
HOGAR-004045,ENHOGAR,2026-08-13,19,1985,U,82,F,8,7865.00
HOGAR-004046,ENHOGAR,2026-08-14,20,2086,U,89,M,3,8002.00
HOGAR-004047,ENHOGAR,2026-08-15,21,2187,R,23,X,6,8139.00
HOGAR-004048,ENHOGAR,2026-08-16,22,2288,U,30,NR,1,8276.00
HOGAR-004049,ENHOGAR,2026-08-17,01,0189,U,37,F,4,8413.00
HOGAR-004050,ENHOGAR,2026-08-18,02,0290,R,44,M,7,950.00
HOGAR-004051,ENHOGAR,2026-08-19,03,0391,U,51,X,2,1087.00
HOGAR-004052,ENHOGAR,2026-08-20,04,0492,U,58,NR,5,1224.00
HOGAR-004053,ENHOGAR,2026-08-21,05,0593,R,65,F,8,1361.00
HOGAR-004054,ENHOGAR,2026-08-22,06,0694,U,72,M,3,1498.00
HOGAR-004055,ENHOGAR,2026-08-23,07,0795,U,79,X,6,1635.00
HOGAR-004056,ENHOGAR,2026-08-24,08,0896,R,86,NR,1,1772.00
HOGAR-004057,ENHOGAR,2026-08-25,09,0997,U,20,F,4,1909.00
HOGAR-004058,ENHOGAR,2026-08-26,10,1098,U,27,M,7,2046.00
HOGAR-004059,ENHOGAR,2026-08-27,11,1199,R,34,X,2,2183.00
HOGAR-004060,ENHOGAR,2026-08-28,12,1201,U,41,NR,5,2320.00
HOGAR-004061,ENHOGAR,2026-08-01,13,1302,U,48,F,8,2457.00
HOGAR-004062,ENHOGAR,2026-08-02,14,1403,R,55,M,3,2594.00
HOGAR-004063,ENHOGAR,2026-08-03,15,1504,U,62,X,6,2731.00
HOGAR-004064,ENHOGAR,2026-08-04,16,1605,U,69,NR,1,2868.00
HOGAR-004065,ENHOGAR,2026-08-05,17,1706,R,76,F,4,3005.00
HOGAR-004066,ENHOGAR,2026-08-06,18,1807,U,83,M,7,3142.00
HOGAR-004067,ENHOGAR,2026-08-07,19,1908,U,90,X,2,3279.00
HOGAR-004068,ENHOGAR,2026-08-08,20,2009,R,24,NR,5,3416.00
HOGAR-004069,ENHOGAR,2026-08-09,21,2110,U,31,F,8,3553.00
HOGAR-004070,ENHOGAR,2026-08-10,22,2211,U,38,M,3,3690.00
HOGAR-004071,ENHOGAR,2026-08-11,01,0112,R,45,X,6,3827.00
HOGAR-004072,ENHOGAR,2026-08-12,02,0213,U,52,NR,1,3964.00
HOGAR-004073,ENHOGAR,2026-08-13,03,0314,U,59,F,4,4101.00
HOGAR-004074,ENHOGAR,2026-08-14,04,0415,R,66,M,7,4238.00
HOGAR-004075,ENHOGAR,2026-08-15,05,0516,U,73,X,2,4375.00
HOGAR-004076,ENHOGAR,2026-08-16,06,0617,U,80,NR,5,4512.00
HOGAR-004077,ENHOGAR,2026-08-17,07,0718,R,87,F,8,4649.00
HOGAR-004078,ENHOGAR,2026-08-18,08,0819,U,21,M,3,4786.00
HOGAR-004079,ENHOGAR,2026-08-19,09,0920,U,28,X,6,4923.00
HOGAR-004080,ENHOGAR,2026-08-20,10,1021,R,35,NR,1,5060.00
HOGAR-004081,ENHOGAR,2026-08-21,11,1122,U,42,F,4,5197.00
HOGAR-004082,ENHOGAR,2026-08-22,12,1223,U,49,M,7, 5334.00 
HOGAR-004083,ENHOGAR,2026-08-23,13,1324,R,56,X,2,5471.00
HOGAR-004084,ENHOGAR,2026-08-24,14,1425,U,63,NR,5,5608.00
HOGAR-004085,ENHOGAR,2026-08-25,15,1526,U,70,F,8,5745.00
HOGAR-004086,ENHOGAR,2026-08-26,16,1627,R,77,M,3,5882.00
HOGAR-004087,ENHOGAR,2026-08-27,17,1728,U,84,X,6,6019.00
HOGAR-004088,ENHOGAR,2026-08-28,18,1829,U,18,NR,1,6156.00
HOGAR-004089,ENHOGAR,2026-08-01,19,1930,R,25,F,4,6293.00
HOGAR-004090,ENHOGAR,2026-08-02,20,2031,U,32,M,7,6430.00
HOGAR-004091,ENHOGAR,2026-08-03,21,2132,U,39,X,2,6567.00
HOGAR-004092,ENHOGAR,2026-08-04,22,2233,R,46,NR,5,6704.00
HOGAR-004093,ENHOGAR,2026-08-05,01,0134,U,53,F,8,6841.00
HOGAR-004094,ENHOGAR,2026-08-06,02,0235,U,60,M,3,6978.00
HOGAR-004095,ENHOGAR,2026-08-07,03,0336,R,67,X,6,7115.00
HOGAR-004096,ENHOGAR,2026-08-08,04,0437,U,74,NR,1,7252.00
HOGAR-004097,ENHOGAR,2026-08-09,05,0538,U,81,F,4,7389.00
HOGAR-004098,ENHOGAR,2026-08-10,06,0639,R,88,M,7,7526.00
HOGAR-004099,ENHOGAR,2026-08-11,07,0740,U,22,X,2,7663.00
HOGAR-004100,ENHOGAR,2026-08-12,08,0841,U,29,NR,5,7800.00
HOGAR-004101,ENHOGAR,2026-08-13,09,0942,R,36,F,8,7937.00
HOGAR-004102,,2026-08-14,10,1043,U,43,M,3,8074.00
HOGAR-004103,ENHOGAR,2026-08-15,11,1144,U,50,X,6,8211.00
HOGAR-004104,ENHOGAR,2026-08-16,12,1245,R,57,NR,1,8348.00
HOGAR-004105,ENHOGAR,2026-08-17,13,1346,U,64,F,4,8485.00
HOGAR-004106,ENHOGAR,2026-08-18,14,1447,U,71,M,7,1022.00
HOGAR-004107,ENHOGAR,2026-08-19,15,1548,R,78,X,2,1159.00
HOGAR-004108,ENHOGAR,2026-08-20,16,1649,U,85,NR,5,1296.00
HOGAR-004109,ENHOGAR,2026-08-21,17,1750,U,19,F,8,1433.00
HOGAR-004110,ENHOGAR,2026-08-22,18,1851,R,26,M,3,1570.00
HOGAR-004111,ENHOGAR,2026-08-23,19,1952,U,33,X,6,1707.00
HOGAR-004112,ENHOGAR,2026-08-24,20,2053,U,40,NR,1,1844.00
HOGAR-004113,ENHOGAR,2026-08-25,21,2154,R,47,F,4,1981.00
HOGAR-004114,ENHOGAR,2026-08-26,22,2255,U,54,M,7,2118.00
HOGAR-004115,ENHOGAR,2026-08-27,01,0156,U,61,X,2,2255.00
HOGAR-004116,ENHOGAR,2026-08-28,02,0257,R,68,NR,5,2392.00
HOGAR-004117,ENHOGAR,2026-08-01,03,0358,U,75,F,8,2529.00
HOGAR-004118,ENHOGAR,2026-08-02,04,0459,U,82,M,3,2666.00
HOGAR-004119,ENHOGAR,2026-08-03,05,0560,R,89,X,6,2803.00
HOGAR-004120,ENHOGAR,2026-08-04,06,0661,U,23,NR,1,2940.00
HOGAR-004121,ENHOGAR,2026-08-05,07,0762,U,30,F,4,3077.00
HOGAR-004122,ENHOGAR,2026-08-06,08,0863,R,37,M,7,3214.00
HOGAR-004123,ENHOGAR,2026-08-07,09,0964,U,44,X,2,3351.00
HOGAR-004124,ENHOGAR,2026-08-08,10,1065,U,51,NR,5,3488.00
HOGAR-004125,ENHOGAR,2026-08-09,11,1166,R,58,F,8,3625.00
HOGAR-004126,ENHOGAR,2026-08-10,12,1267,U,65,M,3,3762.00
HOGAR-004127,ENHOGAR,2026-08-11,13,1368,U,72,X,6,3899.00
HOGAR-004128,ENHOGAR,2026-08-12,14,1469,R,79,NR,1,4036.00
HOGAR-004129,ENHOGAR,2026-08-13,15,1570,U,86,F,4,4173.00
HOGAR-004130,ENHOGAR,2026-08-14,16,1671,U,20,M,7,4310.00
HOGAR-004131,ENHOGAR,2026-08-15,17,1772,R,27,X,2,4447.00
HOGAR-004132,ENHOGAR,2026-08-16,18,1873,U,34,NR,5,4584.00
HOGAR-004133,ENHOGAR,2026-08-17,19,1974,U,41,F,8,4721.00
HOGAR-004134,ENHOGAR,2026-08-18,20,2075,R,48,M,3,4858.00
HOGAR-004135,ENHOGAR,2026-08-19,21,2176,U,55,X,6,4995.00
HOGAR-004136,ENHOGAR,2026-08-20,22,2277,U,62,NR,1,5132.00
HOGAR-004137,ENHOGAR,2026-08-21,01,0178,R,69,F,4,5269.00
HOGAR-004138,ENHOGAR,2026-08-22,02,0279,U,76,M,7,5406.00
HOGAR-004139,ENHOGAR,2026-08-23,03,0380,U,83,X,2,5543.00
HOGAR-004140,ENHOGAR,2026-08-24,04,0481,R,90,NR,5,5680.00
HOGAR-004141,ENHOGAR,2026-08-25,05,0582,U,24,F,8,5817.00
HOGAR-004142,ENHOGAR,2026-08-26,06,0683,U,31,M,3,5954.00
HOGAR-004143,ENHOGAR,2026-08-27,07,0784,R,38,X,6,6091.00
HOGAR-004144,ENHOGAR,2026-08-28,08,0885,U,45,NR,1,6228.00
HOGAR-004145,ENHOGAR,2026-08-01,09,0986,U,52,F,4,6365.00
HOGAR-004146,ENHOGAR,2026-08-02,10,1087,R,59,M,7,6502.00
HOGAR-004147,ENHOGAR,2026-08-03,11,1188,U,66,X,2,6639.00
HOGAR-004148,ENHOGAR,2026-08-04,12,1289,U,73,NR,5,6776.00
HOGAR-004149,ENHOGAR,2026-08-05,13,1390,R,80,F,8,6913.00
HOGAR-004150,ENHOGAR,2026-08-06,14,1491,U,87,M,3,7050.00
HOGAR-004151,ENHOGAR,2026-08-07,15,1592,U,21,X,6,7187.00
HOGAR-004152,ENHOGAR,2026-08-08,16,1693,R,28,NR,1,7324.00
HOGAR-004153,ENHOGAR,2026-08-09,17,1794,U,35,F,4,7461.00
HOGAR-004154,ENHOGAR,2026-08-10,18,1895,U,42,M,7,7598.00
HOGAR-004155,ENHOGAR,2026-08-11,19,1996,R,49,X,2,7735.00
HOGAR-004156,ENHOGAR,2026-08-12,20,2097,U,56,NR,5,7872.00
HOGAR-004157,ENHOGAR,2026-08-13,21,2198,U,63,F,8,8009.00
HOGAR-004158,ENHOGAR,2026-08-14,22,2299,R,70,M,3,8146.00
HOGAR-004159,ENHOGAR,2026-08-15,01,0101,U,77,X,6,8283.00
HOGAR-004160,ENHOGAR,2026-08-16,02,0202,U,84,NR,1,8420.00
HOGAR-004161,ENHOGAR,2026-08-17,03,0303,R,18,F,4,957.00
HOGAR-004162,ENHOGAR,2026-08-18,04,0404,U,25,M,7,1094.00
HOGAR-004163,ENHOGAR,2026-08-19,05,0505,U,32,X,2,1231.00
HOGAR-004164,ENHOGAR,2026-08-20,06,0606,R,39,NR,5,1368.00
HOGAR-004165,ENHOGAR,2026-08-21,07,0707,U,46,F,8,1505.00
HOGAR-004166,ENHOGAR,2026-08-22,08,0808,U,53,M,3,1642.00
HOGAR-004167,ENHOGAR,2026-08-23,09,0909,R,60,X,6,1779.00
HOGAR-004168,ENHOGAR,2026-08-24,10,1010,U,67,NR,1,1916.00
HOGAR-004169,ENHOGAR,2026-08-25,11,1111,U,74,F,4,2053.00
HOGAR-004170,ENHOGAR,2026-08-26,12,1212,R,81,M,7,2190.00
HOGAR-004171,ENHOGAR,2026-08-27,13,1313,U,88,X,2,2327.00
HOGAR-004172,ENHOGAR,2026-08-28,14,1414,U,22,NR,5,2464.00
HOGAR-004173,ENHOGAR,2026-08-01,15,1515,R,29,F,8,2601.00
HOGAR-004174,ENHOGAR,2026-08-02,16,1616,U,36,M,3,2738.00
HOGAR-004175,ENHOGAR,2026-08-03,17,1717,U,43,X,6,2875.00
HOGAR-004176,ENHOGAR,2026-08-04,18,1818,R,50,NR,1,3012.00
HOGAR-004177,ENHOGAR,2026-08-05,19,1919,U,57,F,4,3149.00
HOGAR-004178,ENHOGAR,2026-08-06,20,2020,U,64,M,7,3286.00
HOGAR-004179,ENHOGAR,2026-08-07,21,2121,R,71,X,2,3423.00
HOGAR-004180,ENHOGAR,2026-08-08,22,2222,U,78,NR,5,3560.00
HOGAR-004181,ENHOGAR,2026-08-09,01,0123,U,85,F,8,3697.00
HOGAR-004182,ENHOGAR,2026-08-10,02,0224,R,19,M,3,3834.00
HOGAR-004183,ENHOGAR,2026-08-11,03,0325,U,26,X,6,3971.00
HOGAR-004184,ENHOGAR,2026-08-12,04,0426,U,33,NR,1,4108.00
HOGAR-004185,ENHOGAR,2026-08-13,05,0527,R,40,F,4,4245.00
HOGAR-004186,ENHOGAR,2026-08-14,06,0628,U,47,M,7,4382.00
HOGAR-004187,ENHOGAR,2026-08-15,07,0729,U,54,X,2,4519.00
HOGAR-004188,ENHOGAR,2026-08-16,08,0830,R,61,NR,5,4656.00
HOGAR-004189,ENHOGAR,2026-08-17,09,0931,U,68,F,8,4793.00
HOGAR-004190,ENHOGAR,2027-01-01,10,1032,U,75,M,3,4930.00
HOGAR-004191,ENHOGAR,2026-08-19,11,1133,R,82,X,6,5067.00
HOGAR-004192,ENHOGAR,2026-08-20,12,1234,U,89,NR,1,5204.00
HOGAR-004193,ENHOGAR,2026-08-21,13,1335,U,23,F,4,5341.00
HOGAR-004194,ENHOGAR,2026-08-22,14,1436,R,30,M,7,5478.00
HOGAR-004195,ENHOGAR,2026-08-23,15,1537,U,37,X,2,5615.00
HOGAR-004196,ENHOGAR,2026-08-24,16,1638,U,44,NR,5,5752.00
HOGAR-004197,ENHOGAR,2026-08-25,17,1739,R,51,F,8,5889.00
HOGAR-004198,ENHOGAR,2026-08-26,18,1840,U,58,M,3,6026.00
HOGAR-004199,ENHOGAR,2026-08-27,19,1941,U,65,X,6,6163.00
HOGAR-004200,ENHOGAR,2026-08-28,20,2042,R,72,NR,1,6300.00
HOGAR-004201,ENHOGAR,2026-08-01,21,2143,U,79,F,4,6437.00
HOGAR-004202,ENHOGAR,2026-08-02,22,2244,U,86,M,7,6574.00
HOGAR-004203,ENHOGAR,2026-08-03,01,0145,R,20,X,2,6711.00
HOGAR-004204,ENHOGAR,2026-08-04,02,0246,U,27,NR,5,6848.00
HOGAR-004205,ENHOGAR,2026-08-05,03,0347,U,34,F,8,6985.00
HOGAR-004206,ENHOGAR,2026-08-06,04,0448,R,41,M,3,7122.00
HOGAR-004207,ENHOGAR,2026-08-07,05,0549,U,48,X,6,7259.00
HOGAR-004208,ENHOGAR,2026-08-08,06,0650,U,55,NR,1,7396.00
HOGAR-004209,ENHOGAR,2026-08-09,07,0751,R,62,F,4,7533.00
HOGAR-004210,ENHOGAR,2026-08-10,08,0852,U,69,M,7,7670.00
HOGAR-004211,ENHOGAR,2026-08-11,09,0953,U,76,X,2,7807.00
HOGAR-004212,ENHOGAR,2026-08-12,10,1054,R,83,NR,5,7944.00
HOGAR-004213,ENHOGAR,2026-08-13,11,1155,U,90,F,8,8081.00
HOGAR-004214,ENHOGAR,2026-08-14,12,1256,U,24,M,3,8218.00
HOGAR-004215,ENHOGAR,2026-08-15,13,1357,R,31,X,6,8355.00
HOGAR-004216,ENHOGAR,2026-08-16,14,1458,U,38,NR,1,8492.00
HOGAR-004217,ENHOGAR,2026-08-17,15,1559,U,45,F,4,1029.00
HOGAR-004218,ENHOGAR,2026-08-18,16,1660,R,52,M,7,1166.00
HOGAR-004219,ENHOGAR,2026-08-19,17,1761,U,59,X,2,1303.00
HOGAR-004220,ENHOGAR,2026-08-20,18,1862,U,66,NR,5,1440.00
HOGAR-004221,ENHOGAR,2026-08-21,19,1963,R,73,F,8,1577.00
HOGAR-004222,ENHOGAR,2026-08-22,20,2064,U,80,M,3,1714.00
HOGAR-004223,ENHOGAR,2026-08-23,21,2165,U,87,X,6,1851.00
HOGAR-004224,ENHOGAR,2026-08-24,22,2266,R,21,NR,1,1988.00
HOGAR-004225,ENHOGAR,2026-08-25,01,0167,U,28,F,4,2125.00
HOGAR-004226,ENHOGAR,2026-08-26,02,0268,U,35,M,7,2262.00
HOGAR-004227,ENHOGAR,2026-08-27,03,0369,R,42,X,2,2399.00
HOGAR-004228,ENHOGAR,2026-08-28,04,0470,U,49,NR,5,2536.00
HOGAR-004229,ENHOGAR,2026-08-01,05,0571,U,56,F,8,2673.00
HOGAR-004230,ENHOGAR,2026-08-02,06,0672,R,63,M,3,2810.00
HOGAR-004231,ENHOGAR,2026-08-03,07,0773,U,70,X,6,2947.00
HOGAR-004232,ENHOGAR,2026-08-04,08,0874,U,77,NR,1,3084.00
HOGAR-004233,ENHOGAR,2026-08-05,09,0975,R,84,F,4,3221.00
HOGAR-004234,ENHOGAR,2026-08-06,10,1076,U,18,M,7,3358.00
HOGAR-004235,ENHOGAR,2026-08-07,11,1177,U,25,X,2,3495.00
HOGAR-004236,ENHOGAR,2026-08-08,12,1278,R,32,NR,5,3632.00
HOGAR-004237,ENHOGAR,2026-08-09,13,1379,U,39,F,8,3769.00
HOGAR-004238,ENHOGAR,2026-08-10,14,1480,U,46,M,3,3906.00
HOGAR-004239,ENHOGAR,2026-08-11,15,1581,R,53,X,6, 4043.00 
HOGAR-004240,ENHOGAR,2026-08-12,16,1682,U,60,NR,1,4180.00
HOGAR-004241,ENHOGAR,2026-08-13,17,1783,U,67,F,4,4317.00
HOGAR-004242,ENHOGAR,2026-08-14,18,1884,R,74,M,7,4454.00
HOGAR-004243,ENHOGAR,2026-08-15,19,1985,U,81,X,2,4591.00
HOGAR-004244,ENHOGAR,2026-08-16,20,2086,U,88,NR,5,4728.00
HOGAR-004245,ENHOGAR,2026-08-17,21,2187,R,22,F,8,4865.00
HOGAR-004246,ENHOGAR,2026-08-18,22,2288,U,29,M,3,5002.00
HOGAR-004247,ENHOGAR,2026-08-19,01,0189,U,36,X,6,5139.00
HOGAR-004248,ENHOGAR,2026-08-20,02,0290,R,43,NR,1,5276.00
HOGAR-004249,ENHOGAR,2026-08-21,03,0391,U,50,F,4,5413.00
HOGAR-004250,ENHOGAR,2026-08-22,04,0492,U,57,M,7,5550.00
HOGAR-004251,ENHOGAR,2026-08-23,05,0593,R,64,X,2,5687.00
HOGAR-004252,ENHOGAR,2026-08-24,06,0694,U,71,NR,5,5824.00
HOGAR-004253,ENHOGAR,2026-08-25,07,0795,U,78,F,8,5961.00
HOGAR-004254,ENHOGAR,2026-08-26,08,0896,R,85,M,3,6098.00
HOGAR-004255,ENHOGAR,2026-08-27,09,0997,U,19,X,6,6235.00
HOGAR-004256,ENHOGAR,2026-08-28,10,1098,U,26,NR,1,6372.00
HOGAR-004257,ENHOGAR,2026-08-01,11,1199,R,33,F,4,6509.00
HOGAR-004258,ENHOGAR,2026-08-02,12,1201,U,40,M,7,6646.00
HOGAR-004259,ENHOGAR,2026-08-03,13,1302,U,47,X,2,6783.00
HOGAR-004260,ENHOGAR,2026-08-04,14,1403,R,54,NR,5,6920.00
HOGAR-004261,ENHOGAR,2026-08-05,15,1504,U,61,F,8,7057.00
HOGAR-004262,ENHOGAR,2026-08-06,16,1605,U,68,M,3,7194.00
HOGAR-004263,ENHOGAR,2026-08-07,17,1706,R,75,X,6,7331.00
HOGAR-004264,ENHOGAR,2026-08-08,18,1807,U,82,NR,1,7468.00
HOGAR-004265,ENHOGAR,2026-08-09,19,1908,U,89,F,4,7605.00
HOGAR-004266,ENHOGAR,2026-08-10,20,2009,R,23,M,7,7742.00
HOGAR-004267,ENHOGAR,2026-08-11,21,2110,U,30,X,2,7879.00
HOGAR-004268,ENHOGAR,2026-08-12,22,2211,U,37,NR,5,8016.00
HOGAR-004269,ENHOGAR,2026-08-13,01,0112,R,44,F,8,8153.00
HOGAR-004270,ENHOGAR,2026-08-14,02,0213,U,51,M,3,8290.00
HOGAR-004271,ENHOGAR,2026-08-15,03,0314,U,58,X,6,8427.00
HOGAR-004272,ENHOGAR,2026-08-16,04,0415,R,65,NR,1,964.00
HOGAR-004273,ENHOGAR,2026-08-17,05,0516,U,72,F,4,1101.00
HOGAR-004274,ENHOGAR,2026-08-18,06,0617,U,79,M,7,1238.00
HOGAR-004275,ENHOGAR,2026-08-19,07,0718,R,86,X,2,1375.00
HOGAR-004276,ENHOGAR,2026-08-20,08,0819,U,20,NR,5,1512.00
HOGAR-004277,ENHOGAR,2026-08-21,09,0920,U,27,F,8,1649.00
HOGAR-004278,ENHOGAR,2026-08-22,10,1021,R,34,M,3,1786.00
HOGAR-004279,ENHOGAR,2026-08-23,11,1122,U,41,X,6,1923.00
HOGAR-004280,ENHOGAR,2026-08-24,12,1223,U,48,NR,1,2060.00
HOGAR-004281,ENHOGAR,2026-08-25,13,1324,R,55,F,4,2197.00
HOGAR-004282,ENHOGAR,2026-08-26,14,1425,U,62,M,7,2334.00
HOGAR-004283,ENHOGAR,2026-08-27,15,1526,U,69,X,2,2471.00
HOGAR-004284,ENHOGAR,2026-08-28,16,1627,R,76,NR,5,2608.00
HOGAR-004285,ENHOGAR,2026-08-01,17,1728,U,83,F,8,2745.00
HOGAR-004286,ENHOGAR,2026-08-02,18,1829,U,90,M,3,2882.00
HOGAR-004287,ENHOGAR,2026-08-03,19,1930,R,24,X,6,3019.00
HOGAR-004288,ENHOGAR,2026-08-04,20,2031,U,31,NR,1,3156.00
HOGAR-004289,ENHOGAR,2026-08-05,21,2132,U,38,F,4,3293.00
HOGAR-004290,ENHOGAR,2026-08-06,22,2233,R,45,M,7,3430.00
HOGAR-004291,ENHOGAR,2026-08-07,01,0134,U,52,X,2,3567.00
HOGAR-004292,ENHOGAR,2026-08-08,02,0235,U,59,NR,5,3704.00
HOGAR-004293,ENHOGAR,2026-08-09,03,0336,R,66,F,8,3841.00
HOGAR-004294,ENHOGAR,2026-08-10,04,0437,U,73,M,3,3978.00
HOGAR-004295,ENHOGAR,2026-08-11,05,0538,U,80,X,6,4115.00
HOGAR-004296,ENHOGAR,2026-08-12,06,0639,R,87,NR,1,4252.00
HOGAR-004297,ENHOGAR,2026-08-13,07,0740,U,21,F,4,4389.00
HOGAR-004298,ENHOGAR,2026-08-14,08,0841,U,28,M,7,4526.00
HOGAR-004299,ENHOGAR,2026-08-15,09,0942,R,35,X,2,4663.00
HOGAR-004300,ENHOGAR,2026-08-16,10,1043,U,42,NR,5,4800.00
HOGAR-004301,ENHOGAR,2026-08-17,11,1144,U,49,F,8,4937.00
HOGAR-004302,ENHOGAR,2026-08-18,12,1245,R,56,M,3,5074.00
HOGAR-004303,ENHOGAR,2026-08-19,13,1346,U,63,X,6,5211.00
HOGAR-004304,ENHOGAR,2026-08-20,14,1447,U,70,NR,1,5348.00
HOGAR-004305,ENHOGAR,2026-08-21,15,1548,R,77,F,4,5485.00
HOGAR-004306,ENHOGAR,2026-08-22,16,1649,U,84,M,7,5622.00
HOGAR-004307,ENHOGAR,2026-08-23,17,1750,U,18,X,2,5759.00
HOGAR-004308,ENHOGAR,2026-08-24,18,1851,R,25,NR,5,5896.00
HOGAR-004309,ENHOGAR,2026-08-25,19,1952,U,32,F,8,6033.00
HOGAR-004310,ENHOGAR,2026-08-26,20,2053,U,39,M,3,6170.00
HOGAR-004311,ENHOGAR,2026-08-27,21,2154,R,46,X,6,6307.00
HOGAR-004312,ENHOGAR,2026-08-28,22,2255,U,53,NR,1,6444.00
HOGAR-004313,ENHOGAR,2026-08-01,01,0156,U,60,F,4,6581.00
HOGAR-004314,ENHOGAR,2026-08-02,02,0257,R,67,M,7,6718.00
HOGAR-004315,ENHOGAR,2026-08-03,03,0358,U,74,X,2,6855.00
HOGAR-004316,ENHOGAR,2026-08-04,04,0459,U,81,NR,5,6992.00
HOGAR-004317,ENHOGAR,2026-08-05,05,0560,R,88,F,8,7129.00
HOGAR-004318,ENHOGAR,2026-08-06,06,0661,U,22,M,3,7266.00
HOGAR-004319,ENHOGAR,2026-08-07,07,0762,U,29,X,6,7403.00
HOGAR-004320,ENHOGAR,2026-08-08,08,0863,R,36,NR,1,7540.00
HOGAR-004321,ENHOGAR,2026-08-09,09,0964,U,43,F,4,7677.00
HOGAR-004322,ENHOGAR,2026-08-10,10,1065,U,50,M,7,7814.00
HOGAR-004323,ENHOGAR,2026-08-11,11,1166,R,57,X,2,7951.00
HOGAR-004324,ENHOGAR,2026-08-12,12,1267,U,64,NR,5,8088.00
HOGAR-004325,ENHOGAR,2026-08-13,13,1368,U,71,F,8,8225.00
HOGAR-004326,ENHOGAR,2026-08-14,14,1469,R,78,M,3,8362.00
HOGAR-004327,ENHOGAR,2026-08-15,15,1570,U,85,X,6,8499.00
HOGAR-004328,ENHOGAR,2026-08-16,16,1671,U,19,NR,1,1036.00
HOGAR-004329,ENHOGAR,2026-08-17,17,1772,R,26,F,4,1173.00
HOGAR-004330,ENHOGAR,2026-08-18,18,1873,U,33,M,7,1310.00
HOGAR-004331,ENHOGAR,2026-08-19,19,1974,U,40,X,2,1447.00
HOGAR-004332,ENHOGAR,2026-08-20,20,2075,R,47,NR,5,1584.00
HOGAR-004333,ENHOGAR,2026-08-21,21,2176,U,54,F,8,1721.00
HOGAR-004334,ENHOGAR,2026-08-22,22,2277,U,61,M,3,1858.00
HOGAR-004335,ENHOGAR,2026-08-23,01,0178,R,68,X,6,1995.00
HOGAR-004336,ENHOGAR,2026-08-24,02,0279,U,75,NR,1,2132.00
HOGAR-004337,ENHOGAR,2026-08-25,03,0380,U,82,F,4,2269.00
HOGAR-004338,ENHOGAR,2026-08-26,04,0481,R,89,M,7,2406.00
HOGAR-004339,ENHOGAR,2026-08-27,05,0582,U,23,X,2,2543.00
HOGAR-004340,ENHOGAR,2026-08-28,06,0683,U,30,NR,5,2680.00
HOGAR-004341,ENHOGAR,2026-08-01,07,0784,R,37,F,8,2817.00
HOGAR-004342,ENHOGAR,2026-08-02,08,0885,U,44,M,3,2954.00
HOGAR-004343,ENHOGAR,2026-08-03,09,0986,U,51,X,6,3091.00
HOGAR-004344,ENHOGAR,2026-08-04,10,1087,R,58,NR,1,3228.00
HOGAR-004345,ENHOGAR,2026-08-05,11,1188,U,65,F,4,3365.00
HOGAR-004346,ENHOGAR,2026-08-06,12,1289,U,72,M,7,3502.00
HOGAR-004347,ENHOGAR,2026-08-07,13,1390,R,79,X,2,3639.00
HOGAR-004348,ENHOGAR,2026-08-08,14,1491,U,86,NR,5,3776.00
HOGAR-004349,ENHOGAR,2026-08-09,15,1592,U,20,F,8,3913.00
HOGAR-004350,ENHOGAR,2026-08-10,16,1693,R,27,M,3,4050.00
HOGAR-004351,ENHOGAR,2026-08-11,17,1794,U,34,X,6,4187.00
HOGAR-004352,ENHOGAR,2026-08-12,18,1895,U,41,NR,1,4324.00
HOGAR-004353,ENHOGAR,2026-08-13,19,1996,R,48,F,4,4461.00
HOGAR-004354,ENHOGAR,2026-08-14,20,2097,U,55,M,7,4598.00
HOGAR-004355,ENHOGAR,2026-08-15,21,2198,U,62,X,2,4735.00
HOGAR-004356,ENHOGAR,2026-08-16,22,2299,R,69,NR,5,4872.00
HOGAR-004357,ENHOGAR,2026-08-17,01,0101,U,76,F,8,5009.00
HOGAR-004358,ENHOGAR,2026-08-18,02,0202,U,83,M,3,5146.00
HOGAR-004359,ENHOGAR,2026-08-19,03,0303,R,90,X,6,5283.00
HOGAR-004360,ENHOGAR,2026-08-20,04,0404,U,24,NR,1,5420.00
HOGAR-004361,ENHOGAR,2026-08-21,05,0505,U,31,F,4,5557.00
HOGAR-004362,ENHOGAR,2026-08-22,06,0606,R,38,M,7,5694.00
HOGAR-004363,ENHOGAR,2026-08-23,07,0707,U,45,X,2,5831.00
HOGAR-004364,ENHOGAR,2026-08-24,08,0808,U,52,NR,5,5968.00
HOGAR-004365,ENHOGAR,2026-08-25,09,0909,R,59,F,8,6105.00
HOGAR-004366,ENHOGAR,2026-08-26,10,1010,U,66,M,3,6242.00
HOGAR-004367,ENHOGAR,2026-08-27,11,1111,U,73,X,6,6379.00
HOGAR-004368,ENHOGAR,2026-08-28,12,1212,R,80,NR,1,6516.00
HOGAR-004369,ENHOGAR,2026-08-01,13,1313,U,87,F,4,6653.00
HOGAR-004370,ENHOGAR,2026-08-02,14,1414,U,21,M,7,6790.00
HOGAR-004371,ENHOGAR,2026-08-03,15,1515,R,28,X,2,6927.00
HOGAR-004372,ENHOGAR,2026-08-04,16,1616,U,35,NR,5,7064.00
HOGAR-004373,ENHOGAR,2026-08-05,17,1717,U,42,F,8,7201.00
HOGAR-004374,ENHOGAR,2026-08-06,18,1818,R,49,M,3,7338.00
HOGAR-004375,ENHOGAR,2026-08-07,19,1919,U,56,X,6,7475.00
HOGAR-004376,ENHOGAR,2026-08-08,20,2020,U,63,NR,1,7612.00
HOGAR-004377,ENHOGAR,2026-08-09,21,2121,R,70,F,4,7749.00
HOGAR-004378,ENHOGAR,2026-08-10,22,2222,U,77,M,7,7886.00
HOGAR-004379,ENHOGAR,2026-08-11,01,0123,U,84,X,2,8023.00
HOGAR-004380,ENHOGAR,2026-08-12,02,0224,R,18,NR,5,8160.00
HOGAR-004381,ENHOGAR,2026-08-13,03,0325,U,25,F,8,8297.00
HOGAR-004382,ENHOGAR,2026-08-14,04,0426,U,32,M,3,8434.00
HOGAR-004383,ENHOGAR,2026-08-15,05,0527,R,39,X,6,971.00
HOGAR-004384,ENHOGAR,2026-08-16,06,0628,U,46,NR,1,1108.00
HOGAR-004385,ENHOGAR,2026-08-17,07,0729,U,53,F,4,1245.00
HOGAR-004386,ENHOGAR,2026-08-18,08,0830,R,60,M,7,1382.00
HOGAR-004387,ENHOGAR,2026-08-19,09,0931,U,67,X,2,1519.00
HOGAR-004388,ENHOGAR,2026-08-20,10,1032,U,74,NR,5,1656.00
HOGAR-004389,ENHOGAR,2026-08-21,11,1133,R,81,F,8,1793.00
HOGAR-004390,ENHOGAR,2026-08-22,12,1234,U,88,M,3,1930.00
HOGAR-004391,ENHOGAR,2026-08-23,13,1335,U,22,X,6,2067.00
HOGAR-004392,ENHOGAR,2026-08-24,14,1436,R,29,NR,1,2204.00
HOGAR-004393,ENHOGAR,2026-08-25,15,1537,U,36,F,4,2341.00
HOGAR-004394,ENHOGAR,2026-08-26,16,1638,U,43,M,7,2478.00
HOGAR-004395,,2026-08-27,17,1739,R,50,X,2,2615.00
HOGAR-004396,ENHOGAR,2026-08-28,18,1840,U,57,NR,5, 2752.00 
HOGAR-004397,ENHOGAR,2026-08-01,19,1941,U,64,F,8,2889.00
HOGAR-004398,ENHOGAR,2026-08-02,20,2042,R,71,Z,3,3026.00
HOGAR-004399,ENHOGAR,2026-08-03,21,2143,U,78,X,6,3163.00
HOGAR-004400,ENHOGAR,2026-08-04,22,2244,U,85,NR,1,3300.00
HOGAR-004401,ENHOGAR,2026-08-05,01,0145,R,19,F,4,3437.00
HOGAR-004402,ENHOGAR,2026-08-06,02,0246,U,26,M,7,3574.00
HOGAR-004403,ENHOGAR,2026-08-07,03,0347,U,33,X,2,3711.00
HOGAR/004404,ENHOGAR,2026-08-08,04,0448,R,40,NR,5,3848.00
HOGAR-004405,ENHOGAR,2026-08-09,05,0549,U,47,F,8,3985.00
HOGAR-004406,ENHOGAR,2026-08-10,06,0650,U,54,M,3,4122.00
HOGAR-004407,ENHOGAR,2026-08-11,07,0751,R,61,X,6,4259.00
HOGAR-004408,ENHOGAR,2026-08-12,08,0852,U,68,NR,1,4396.00
HOGAR-004409,ENHOGAR,2026-08-13,09,0953,U,75,F,4,4533.00
HOGAR-004410,ENHOGAR,2026-08-14,10,1054,R,82,M,7,4670.00
HOGAR-004411,ENHOGAR,2026-08-15,11,1155,U,89,X,2,4807.00
HOGAR-004412,ENHOGAR,2026-08-16,12,1256,U,23,NR,5,4944.00
HOGAR-004413,ENHOGAR,2026-08-17,13,1357,R,30,F,8,5081.00
HOGAR-004414,ENHOGAR,2026-08-18,14,1458,U,37,M,3,5218.00
HOGAR-004415,ENHOGAR,2026-08-19,15,1559,U,44,X,6,5355.00
HOGAR-004416,ENHOGAR,2026-08-20,16,1660,R,51,NR,1,5492.00
HOGAR-004417,ENHOGAR,2026-08-21,17,1761,U,58,F,4,5629.00
HOGAR-004418,ENHOGAR,2026-08-22,18,1862,U,65,M,7,5766.00
HOGAR-004419,ENHOGAR,2026-08-23,19,1963,R,72,X,2,5903.00
HOGAR-004420,ENHOGAR,2026-08-24,20,2064,U,79,NR,5,6040.00
HOGAR-004421,ENHOGAR,2026-08-25,21,2165,U,86,F,8,6177.00
HOGAR-004422,ENHOGAR,2026-08-26,22,2266,R,20,M,3,6314.00
HOGAR-004423,ENHOGAR,2026-08-27,01,0167,U,27,X,6,6451.00
HOGAR-004424,ENHOGAR,2026-08-28,02,0268,U,34,NR,1,6588.00
HOGAR-004425,ENHOGAR,2026-08-01,03,0369,R,41,F,4,6725.00
HOGAR-004426,ENHOGAR,2026-08-02,04,0470,U,48,M,7,6862.00
HOGAR-004427,ENHOGAR,2026-08-03,05,0571,U,55,X,2,6999.00
HOGAR-004428,ENHOGAR,2026-08-04,06,0672,R,62,NR,5,7136.00
HOGAR-004429,ENHOGAR,2026-08-05,07,0773,U,69,F,8,7273.00
HOGAR-004430,ENHOGAR,2026-08-06,08,0874,U,76,M,3,7410.00
HOGAR-004431,ENHOGAR,2026-08-07,09,0975,R,83,X,6,7547.00
HOGAR-004432,ENHOGAR,2026-08-08,10,1076,U,90,NR,1,7684.00
HOGAR-004433,ENHOGAR,2026-08-09,11,1177,U,24,F,4,7821.00
HOGAR-004434,ENHOGAR,2026-08-10,12,1278,R,31,M,7,7958.00
HOGAR-004435,ENHOGAR,2026-08-11,13,1379,U,135,X,2,8095.00
HOGAR-004436,ENHOGAR,2026-08-12,14,1480,U,45,NR,5,8232.00
HOGAR-004437,ENHOGAR,2026-08-13,15,1581,R,52,F,8,8369.00
HOGAR-004438,ENHOGAR,2026-08-14,16,1682,U,59,M,3,906.00
HOGAR-004439,ENHOGAR,2026-08-15,17,1783,U,66,X,6,1043.00
HOGAR-004440,ENHOGAR,2026-08-16,18,1884,R,73,NR,1,1180.00
HOGAR-004441,ENHOGAR,2026-08-17,19,1985,U,80,F,4,1317.00
HOGAR-004442,ENHOGAR,2026-08-18,20,2086,U,87,M,7,1454.00
HOGAR-004443,ENHOGAR,2026-08-19,21,2187,R,21,X,2,1591.00
HOGAR-004444,ENHOGAR,2026-08-20,22,2288,U,28,NR,5,1728.00
HOGAR-004445,ENHOGAR,2026-08-21,01,0189,U,35,F,8,1865.00
HOGAR-004446,ENHOGAR,2026-08-22,02,0290,R,42,M,3,2002.00
HOGAR-004447,ENHOGAR,2026-08-23,03,0391,U,49,X,6,2139.00
HOGAR-004448,ENHOGAR,2026-08-24,04,0492,U,56,NR,1,2276.00
HOGAR-004449,ENHOGAR,2026-08-25,05,0593,R,63,F,4,2413.00
HOGAR-004450,ENHOGAR,2026-08-26,06,0694,U,70,M,7,2550.00
HOGAR-004451,ENHOGAR,2026-08-27,07,0795,U,77,X,2,2687.00
HOGAR-004452,ENHOGAR,2026-08-28,08,0896,R,84,NR,5,2824.00
HOGAR-004453,ENHOGAR,2026-08-01,09,0997,U,18,F,8,2961.00
HOGAR-004454,ENHOGAR,2026-08-02,10,1098,U,25,M,3,3098.00
HOGAR-004455,ENHOGAR,2026-08-03,11,1199,R,32,X,6,3235.00
HOGAR-004456,ENHOGAR,2026-08-04,12,1201,U,39,NR,1,3372.00
HOGAR-004457,ENHOGAR,2026-08-05,13,1302,U,46,F,4,3509.00
HOGAR-004458,ENHOGAR,2026-08-06,14,1403,R,53,M,7,3646.00
HOGAR-004459,ENHOGAR,2026-08-07,15,1504,U,60,X,2,3783.00
HOGAR-004460,ENHOGAR,2026-08-08,16,1605,U,67,NR,5,3920.00
HOGAR-004461,ENHOGAR,2026-08-09,17,1706,R,74,F,8,4057.00
HOGAR-004462,ENHOGAR,2026-08-10,18,1807,U,81,M,3,4194.00
HOGAR-004463,ENHOGAR,2026-08-11,19,1908,U,88,X,6,4331.00
HOGAR-004464,ENHOGAR,2026-08-12,20,2009,R,22,NR,1,4468.00
HOGAR-004465,ENHOGAR,2026-08-13,21,2110,U,29,F,4,4605.00
HOGAR-004466,ENHOGAR,2026-08-14,22,2211,U,36,M,7,4742.00
HOGAR-004467,ENHOGAR,2026-08-15,01,0112,R,43,X,2,4879.00
HOGAR-004468,ENHOGAR,2026-08-16,02,0213,U,50,NR,5,5016.00
HOGAR-004469,ENHOGAR,2026-08-17,03,0314,U,57,F,8,5153.00
HOGAR-004470,ENHOGAR,2026-08-18,04,0415,R,64,M,3,5290.00
HOGAR-004471,ENHOGAR,2026-08-19,05,0516,U,71,X,6,5427.00
HOGAR-004472,ENHOGAR,2026-08-20,06,0617,U,78,NR,1,5564.00
HOGAR-004473,ENHOGAR,2026-08-21,07,0718,R,85,F,4,5701.00
HOGAR-004474,ENHOGAR,2026-08-22,08,0819,U,19,M,7,5838.00
HOGAR-004475,ENHOGAR,2026-08-23,09,0920,U,26,X,2,5975.00
HOGAR-004476,ENHOGAR,2026-08-24,10,1021,R,33,NR,5,6112.00
HOGAR-004477,ENHOGAR,2026-08-25,11,1122,U,40,F,8,6249.00
HOGAR-004478,ENHOGAR,2026-08-26,12,1223,U,47,M,3,6386.00
HOGAR-004479,ENHOGAR,2026-08-27,13,1324,R,54,X,6,6523.00
HOGAR-004480,ENHOGAR,2026-08-28,14,1425,U,61,NR,1,6660.00
HOGAR-004481,ENHOGAR,2026-08-01,15,1526,U,68,F,4,6797.00
HOGAR-004482,ENHOGAR,2026-08-02,16,1627,R,75,M,7,6934.00
HOGAR-004483,ENHOGAR,2026-08-03,17,1728,U,82,X,2,7071.00
HOGAR-004484,ENHOGAR,2026-08-04,18,1829,U,89,NR,5,7208.00
HOGAR-004485,ENHOGAR,2026-08-05,19,1930,R,23,F,8,7345.00
HOGAR-004486,ENHOGAR,2026-08-06,20,2031,U,30,M,3,7482.00
HOGAR-004487,ENHOGAR,2026-08-07,21,2132,U,37,X,0,7619.00
HOGAR-004488,ENHOGAR,2026-08-08,22,2233,R,44,NR,1,7756.00
HOGAR-004489,ENHOGAR,2026-08-09,01,0134,U,51,F,4,7893.00
HOGAR-004490,ENHOGAR,2026-08-10,02,0235,U,58,M,7,8030.00
HOGAR-004491,ENHOGAR,2026-08-11,03,0336,R,65,X,2,8167.00
HOGAR-004492,ENHOGAR,2026-08-12,04,0437,U,72,NR,5,8304.00
HOGAR-004493,ENHOGAR,2026-08-13,05,0538,U,79,F,8,8441.00
HOGAR-004494,ENHOGAR,2026-08-14,06,0639,R,86,M,3,978.00
HOGAR-004495,ENHOGAR,2026-08-15,07,0740,U,20,X,6,1115.00
HOGAR-004496,ENHOGAR,2026-08-16,08,0841,U,27,NR,1,1252.00
HOGAR-004497,ENHOGAR,2026-08-17,09,0942,R,34,F,4,1389.00
HOGAR-004498,ENHOGAR,2026-08-18,10,1043,U,41,M,7,1526.00
HOGAR-004499,ENHOGAR,2026-08-19,11,1144,U,48,X,2,1663.00
HOGAR-004500,ENHOGAR,2026-08-20,12,1245,R,55,NR,5,1800.00
HOGAR-004501,ENHOGAR,2026-08-21,13,1346,U,62,F,8,1937.00
HOGAR-004502,ENHOGAR,2026-08-22,14,1447,U,69,M,3,2074.00
HOGAR-004503,ENHOGAR,2026-08-23,15,1548,R,76,X,6,2211.00
HOGAR-004504,ENHOGAR,2026-08-24,16,1649,U,83,NR,1,2348.00
HOGAR-004505,ENHOGAR,2026-08-25,17,1750,U,90,F,4,2485.00
HOGAR-004506,ENHOGAR,2026-08-26,18,1851,R,24,M,7,2622.00
HOGAR-004507,ENHOGAR,2026-08-27,19,1952,U,31,X,2,2759.00
HOGAR-004508,ENHOGAR,2026-08-28,20,2053,U,38,NR,5,2896.00
HOGAR-004509,ENHOGAR,2026-08-01,21,2154,R,45,F,8,3033.00
HOGAR-004510,ENHOGAR,2026-08-02,22,2255,U,52,M,3,3170.00
HOGAR-004511,ENHOGAR,2026-08-03,01,0156,U,59,X,6,3307.00
HOGAR-004512,ENHOGAR,2026-08-04,02,0257,R,66,NR,1,3444.00
HOGAR-004513,ENHOGAR,2026-08-05,03,0358,U,73,F,4,3581.00
HOGAR-004514,ENHOGAR,2026-08-06,04,0459,U,80,M,7,3718.00
HOGAR-004515,ENHOGAR,2026-08-07,05,0560,R,87,X,2,3855.00
HOGAR-004516,ENHOGAR,2026-08-08,06,0661,U,21,NR,5,3992.00
HOGAR-004517,ENHOGAR,2026-08-09,07,0762,U,28,F,8,4129.00
HOGAR-004518,ENHOGAR,2026-08-10,08,0863,R,35,M,3,4266.00
HOGAR-004519,ENHOGAR,2026-08-11,09,0964,U,42,X,6,4403.00
HOGAR-004520,ENHOGAR,2026-08-12,10,1065,U,49,NR,1,4540.00
HOGAR-004521,ENHOGAR,2026-08-13,11,1166,R,56,F,4,4677.00
HOGAR-004522,ENHOGAR,2026-08-14,12,1267,U,63,M,7,4814.00
HOGAR-004523,ENHOGAR,2026-08-15,13,1368,U,70,X,2,4951.00
HOGAR-004524,ENHOGAR,2026-08-16,14,1469,R,77,NR,5,5088.00
HOGAR-004525,ENHOGAR,2026-08-17,15,1570,U,84,F,8,5225.00
HOGAR-004526,ENHOGAR,2026-08-18,16,1671,U,18,M,3,5362.00
HOGAR-004527,ENHOGAR,2026-08-19,17,1772,R,25,X,6,-25.00
HOGAR-004528,ENHOGAR,2026-08-20,18,1873,U,32,NR,1,5636.00
HOGAR-004529,ENHOGAR,2026-08-21,19,1974,U,39,F,4,5773.00
HOGAR-004530,ENHOGAR,2026-08-22,20,2075,R,46,M,7,5910.00
HOGAR-004531,ENHOGAR,2026-08-23,21,2176,U,53,X,2,6047.00
HOGAR-004532,ENHOGAR,2026-08-24,22,2277,U,60,NR,5,6184.00
HOGAR-004533,ENHOGAR,2026-08-25,01,0178,R,67,F,8,6321.00
HOGAR-004534,ENHOGAR,2026-08-26,02,0279,U,74,M,3,6458.00
HOGAR-004535,ENHOGAR,2026-08-27,03,0380,U,81,X,6,6595.00
HOGAR-004536,ENHOGAR,2026-08-28,04,0481,R,88,NR,1,6732.00
HOGAR-004537,ENHOGAR,2026-08-01,05,0582,U,22,F,4,6869.00
HOGAR-004538,ENHOGAR,2026-08-02,06,0683,U,29,M,7,7006.00
HOGAR-004539,ENHOGAR,2026-08-03,07,0784,R,36,X,2,7143.00
HOGAR-004540,ENHOGAR,2026-08-04,08,0885,U,43,NR,5,7280.00
HOGAR-004541,ENHOGAR,2026-08-05,09,0986,U,50,F,8,7417.00
HOGAR-004542,ENHOGAR,2026-08-06,10,1087,R,57,M,3,7554.00
HOGAR-004543,ENHOGAR,2026-08-07,11,1188,U,64,X,6,7691.00
HOGAR-004544,ENHOGAR,2026-08-08,12,1289,U,71,NR,1,7828.00
HOGAR-004545,ENHOGAR,2026-08-09,13,1390,R,78,F,4,7965.00
HOGAR-004546,ENHOGAR,2026-08-10,14,1491,U,85,M,7,8102.00
HOGAR-004547,ENHOGAR,2026-08-11,15,1592,U,19,X,2,8239.00
HOGAR-004548,ENHOGAR,2026-08-12,16,1693,R,26,NR,5,8376.00
HOGAR-004549,ENHOGAR,2026-08-13,17,1794,U,33,F,8,913.00
HOGAR-004550,ENHOGAR,2026-08-14,18,1895,U,40,M,3,1050.00
HOGAR-004551,ENHOGAR,2026-08-15,19,1996,R,47,X,6,1187.00
HOGAR-004552,ENHOGAR,2026-08-16,20,2097,U,54,NR,1,1324.00
HOGAR-004553,ENHOGAR,2026-08-17,21,2198,U,61,F,4, 1461.00 
HOGAR-004554,ENHOGAR,2026-08-18,22,2299,R,68,M,7,1598.00
HOGAR-004555,ENHOGAR,2026-08-19,01,0101,X,75,X,2,1735.00
HOGAR-004556,ENHOGAR,2026-08-20,02,0202,U,82,NR,5,1872.00
HOGAR-004557,ENHOGAR,2026-08-21,03,0303,R,89,F,8,2009.00
HOGAR-004558,ENHOGAR,2026-08-22,04,0404,U,23,M,3,2146.00
HOGAR-004559,ENHOGAR,2026-08-23,05,0505,U,30,X,6,2283.00
HOGAR-004560,ENHOGAR,2026-08-24,06,0606,R,37,NR,1,2420.00
HOGAR-004561,ENHOGAR,2026-08-25,07,0707,U,44,F,4,2557.00
HOGAR-004562,ENHOGAR,2026-08-26,08,0808,U,51,M,7,2694.00
HOGAR-004563,ENHOGAR,2026-08-27,09,0909,R,58,X,2,2831.00
HOGAR-004564,ENHOGAR,2026-08-28,10,1010,U,65,NR,5,2968.00
HOGAR-004565,ENHOGAR,2026-08-01,11,1111,U,72,F,8,3105.00
HOGAR-004566,ENHOGAR,2026-08-02,12,1212,R,79,M,3,3242.00
HOGAR-004567,ENHOGAR,2026-08-03,13,1313,U,86,X,6,3379.00
HOGAR-004568,ENHOGAR,2026-08-04,14,1414,U,20,NR,1,3516.00
HOGAR-004569,ENHOGAR,2026-08-05,15,1515,R,27,F,4,3653.00
HOGAR-004570,ENHOGAR,2026-08-06,16,1616,U,34,M,7,3790.00
HOGAR-004571,ENHOGAR,2026-08-07,17,1717,U,41,X,2,3927.00
HOGAR-004572,ENHOGAR,2026-08-08,18,1818,R,48,NR,5,4064.00
HOGAR-004573,ENHOGAR,2026-08-09,19,1919,U,55,F,8,4201.00
HOGAR-004574,ENHOGAR,2026-08-10,20,2020,U,62,M,3,4338.00
HOGAR-004575,ENHOGAR,2026-08-11,21,2121,R,69,X,6,4475.00
HOGAR-004576,ENHOGAR,2026-08-12,22,2222,U,76,NR,1,4612.00
HOGAR-004577,ENHOGAR,2026-08-13,01,0123,U,83,F,4,4749.00
HOGAR-004578,ENHOGAR,2026-08-14,02,0224,R,90,M,7,4886.00
HOGAR-004579,ENHOGAR,2026-08-15,03,0325,U,24,X,2,5023.00
HOGAR-004580,ENHOGAR,2026-08-16,04,0426,U,31,NR,5,5160.00
HOGAR-004581,ENHOGAR,2026-08-17,05,0527,R,38,F,8,5297.00
HOGAR-004582,ENHOGAR,2026-08-18,06,0628,U,45,M,3,5434.00
HOGAR-004583,ENHOGAR,2026-08-19,07,0729,U,52,X,6,5571.00
HOGAR-004584,ENHOGAR,2026-08-20,08,0830,R,59,NR,1,5708.00
HOGAR-004585,ENHOGAR,2026-08-21,09,0931,U,66,F,4,5845.00
HOGAR-004586,ENHOGAR,2026-08-22,10,1032,U,73,M,7,5982.00
HOGAR-004587,ENHOGAR,2026-08-23,11,1133,R,80,X,2,6119.00
HOGAR-004588,ENHOGAR,2026-08-24,12,1234,U,87,NR,5,6256.00
HOGAR-004589,ENHOGAR,2026-08-25,13,1335,U,21,F,8,6393.00
HOGAR-004590,ENHOGAR,2026-08-26,14,1436,R,28,M,3,6530.00
HOGAR-004591,ENHOGAR,2026-08-27,15,1537,U,35,X,6,6667.00
HOGAR-004592,ENHOGAR,2026-08-28,16,1638,U,42,NR,1,6804.00
HOGAR-004593,ENHOGAR,2026-08-01,17,1739,R,49,F,4,6941.00
HOGAR-004594,ENHOGAR,2026-08-02,18,1840,U,56,M,7,7078.00
HOGAR-004595,ENHOGAR,2026-08-03,19,1941,U,63,X,2,7215.00
HOGAR-004596,ENHOGAR,2026-08-04,20,2042,R,70,NR,5,7352.00
HOGAR-004597,ENHOGAR,2026-08-05,21,2143,U,77,F,8,7489.00
HOGAR-004598,ENHOGAR,2026-08-06,22,2244,U,84,M,3,7626.00
HOGAR-004599,ENHOGAR,2026-08-07,01,0145,R,18,X,6,7763.00
HOGAR-004600,ENHOGAR,2026-08-08,02,0246,U,25,NR,1,7900.00
HOGAR-004601,ENHOGAR,2026-08-09,03,0347,U,32,F,4,8037.00
HOGAR-004602,ENHOGAR,2026-08-10,04,0448,R,39,M,7,8174.00
HOGAR-004603,ENHOGAR,2026-08-11,05,0549,U,46,X,2,8311.00
HOGAR-004604,ENHOGAR,2026-08-12,06,0650,U,53,NR,5,8448.00
HOGAR-004605,ENHOGAR,2026-08-13,07,0751,R,60,F,8,985.00
HOGAR-004606,ENHOGAR,2026-08-14,08,0852,U,67,M,3,1122.00
HOGAR-004607,ENHOGAR,2026-08-15,09,0953,U,74,X,6,1259.00
HOGAR-004608,ENHOGAR,2026-08-16,10,1054,R,81,NR,1,1396.00
HOGAR-004609,ENHOGAR,2027-01-01,11,1155,U,88,F,4,1533.00
HOGAR-004610,ENHOGAR,2026-08-18,12,1256,U,22,M,7,1670.00
HOGAR-004611,ENHOGAR,2026-08-19,13,1357,R,29,X,2,1807.00
HOGAR-004612,ENHOGAR,2026-08-20,14,1458,U,36,NR,5,1944.00
HOGAR-004613,ENHOGAR,2026-08-21,15,1559,U,43,F,8,2081.00
HOGAR-004614,ENHOGAR,2026-08-22,16,1660,R,50,M,3,2218.00
HOGAR-004615,ENHOGAR,2026-08-23,17,1761,U,57,X,6,2355.00
HOGAR-004616,ENHOGAR,2026-08-24,18,1862,U,64,NR,1,2492.00
HOGAR-004617,ENHOGAR,2026-08-25,19,1963,R,71,F,4,2629.00
HOGAR-004618,ENHOGAR,2026-08-26,20,2064,U,78,M,7,2766.00
HOGAR-004619,ENHOGAR,2026-08-27,21,2165,U,85,X,2,2903.00
HOGAR-004620,ENHOGAR,2026-08-28,22,2266,R,19,NR,5,3040.00
HOGAR-004621,ENHOGAR,2026-08-01,01,0167,U,26,F,8,3177.00
HOGAR-004622,ENHOGAR,2026-08-02,02,0268,U,33,M,3,3314.00
HOGAR-004623,ENHOGAR,2026-08-03,03,0369,R,40,X,6,3451.00
HOGAR-004624,ENHOGAR,2026-08-04,04,0470,U,47,NR,1,3588.00
HOGAR-004625,ENHOGAR,2026-08-05,05,0571,U,54,F,4,3725.00
HOGAR-004626,ENHOGAR,2026-08-06,06,0672,R,61,M,7,3862.00
HOGAR-004627,ENHOGAR,2026-08-07,07,0773,U,68,X,2,3999.00
HOGAR-004628,ENHOGAR,2026-08-08,08,0874,U,75,NR,5,4136.00
HOGAR-004629,ENHOGAR,2026-08-09,09,0975,R,82,F,8,4273.00
HOGAR-004630,ENHOGAR,2026-08-10,10,1076,U,89,M,3,4410.00
HOGAR-004631,ENHOGAR,2026-08-11,11,1177,U,23,X,6,4547.00
HOGAR-004632,ENHOGAR,2026-08-12,12,1278,R,30,NR,1,4684.00
HOGAR-004633,ENHOGAR,2026-08-13,13,1379,U,37,F,4,4821.00
HOGAR-004634,ENHOGAR,2026-08-14,14,1480,U,44,M,7,4958.00
HOGAR-004635,ENHOGAR,2026-08-15,15,1581,R,51,X,2,5095.00
HOGAR-004636,ENHOGAR,2026-08-16,16,1682,U,58,NR,5,5232.00
HOGAR-004637,ENHOGAR,2026-08-17,17,1783,U,65,F,8,5369.00
HOGAR-004638,ENHOGAR,2026-08-18,18,1884,R,72,M,3,5506.00
HOGAR-004639,ENHOGAR,2026-08-19,19,1985,U,79,X,6,5643.00
HOGAR-004640,ENHOGAR,2026-08-20,20,2086,U,86,NR,1,5780.00
HOGAR-004641,ENHOGAR,2026-08-21,21,2187,R,20,F,4,5917.00
HOGAR-004642,ENHOGAR,2026-08-22,22,2288,U,27,M,7,6054.00
HOGAR-004643,ENHOGAR,2026-08-23,01,0189,U,34,X,2,6191.00
HOGAR-004644,ENHOGAR,2026-08-24,02,0290,R,41,NR,5,6328.00
HOGAR-004645,ENHOGAR,2026-08-25,03,0391,U,48,F,8,6465.00
HOGAR-004646,ENHOGAR,2026-08-26,04,0492,U,55,M,3,6602.00
HOGAR-004647,ENHOGAR,2026-08-27,05,0593,R,62,X,6,6739.00
HOGAR-004648,ENHOGAR,2026-08-28,06,0694,U,69,NR,1,6876.00
HOGAR-004649,ENHOGAR,2026-08-01,07,0795,U,76,F,4,7013.00
HOGAR-004650,ENHOGAR,2026-08-02,08,0896,R,83,M,7,7150.00
HOGAR-004651,ENHOGAR,2026-08-03,09,0997,U,90,X,2,7287.00
HOGAR-004652,ENHOGAR,2026-08-04,10,1098,U,24,NR,5,7424.00
HOGAR-004653,ENHOGAR,2026-08-05,11,1199,R,31,F,8,7561.00
HOGAR-004654,ENHOGAR,2026-08-06,12,1201,U,38,M,3,7698.00
HOGAR-004655,ENHOGAR,2026-08-07,13,1302,U,45,X,6,7835.00
HOGAR-004656,ENHOGAR,2026-08-08,14,1403,R,52,NR,1,7972.00
HOGAR-004657,ENHOGAR,2026-08-09,15,1504,U,59,F,4,8109.00
HOGAR-004658,ENHOGAR,2026-08-10,16,1605,U,66,M,7,8246.00
HOGAR-004659,ENHOGAR,2026-08-11,17,1706,R,73,X,2,8383.00
HOGAR-004660,ENHOGAR,2026-08-12,18,1807,U,80,NR,5,920.00
HOGAR-004661,ENHOGAR,2026-08-13,19,1908,U,87,F,8,1057.00
HOGAR-000001,ENHOGAR,2026-08-14,20,2009,R,21,M,3,1194.00
HOGAR-004663,ENHOGAR,2026-08-15,21,2110,U,28,X,6,1331.00
HOGAR-004664,ENHOGAR,2026-08-16,22,2211,U,35,NR,1,1468.00
HOGAR-004665,ENHOGAR,2026-08-17,01,0112,R,42,F,4,1605.00
HOGAR-004666,ENHOGAR,2026-08-18,02,0213,U,49,M,7,1742.00
HOGAR-004667,ENHOGAR,2026-08-19,03,0314,U,56,X,2,1879.00
HOGAR-004668,ENHOGAR,2026-08-20,04,0415,R,63,NR,5,2016.00
HOGAR-004669,ENHOGAR,2026-08-21,05,0516,U,70,F,8,2153.00
HOGAR-004670,ENHOGAR,2026-08-22,06,0617,U,77,M,3,2290.00
HOGAR-004671,ENHOGAR,2026-08-23,07,0718,R,84,X,6,2427.00
HOGAR-004672,ENHOGAR,2026-08-24,08,0819,U,18,NR,1,2564.00
HOGAR-004673,ENHOGAR,2026-08-25,09,0920,U,25,F,4,2701.00
HOGAR-004674,ENHOGAR,2026-08-26,10,1021,R,32,M,7,2838.00
HOGAR-004675,ENHOGAR,2026-08-27,11,1122,U,39,X,2,2975.00
HOGAR-004676,ENHOGAR,2026-08-28,12,1223,U,46,NR,5,3112.00
HOGAR-004677,ENHOGAR,2026-08-01,13,1324,R,53,F,8,3249.00
HOGAR-004678,ENHOGAR,2026-08-02,14,1425,U,60,M,3,3386.00
HOGAR-004679,ENHOGAR,2026-08-03,15,1526,U,67,X,6,3523.00
HOGAR-004680,ENHOGAR,2026-08-04,16,1627,R,74,NR,1,3660.00
HOGAR-004681,ENHOGAR,2026-08-05,17,1728,U,81,F,4,3797.00
HOGAR-004682,ENHOGAR,2026-08-06,18,1829,U,88,M,7,3934.00
HOGAR-004683,ENHOGAR,2026-08-07,19,1930,R,22,X,2,4071.00
HOGAR-004684,ENHOGAR,2026-08-08,20,2031,U,29,NR,5,4208.00
HOGAR-004685,ENHOGAR,2026-08-09,21,2132,U,36,F,8,4345.00
HOGAR-004686,ENHOGAR,2026-08-10,22,2233,R,43,M,3,4482.00
HOGAR-004687,ENHOGAR,2026-08-11,01,0134,U,50,X,6,4619.00
HOGAR-004688,,2026-08-12,02,0235,U,57,NR,1,4756.00
HOGAR-004689,ENHOGAR,2026-08-13,03,0336,R,64,F,4,4893.00
HOGAR-004690,ENHOGAR,2026-08-14,04,0437,U,71,M,7,5030.00
HOGAR-004691,ENHOGAR,2026-08-15,05,0538,U,78,X,2,5167.00
HOGAR-004692,ENHOGAR,2026-08-16,06,0639,R,85,NR,5,5304.00
HOGAR-004693,ENHOGAR,2026-08-17,07,0740,U,19,F,8,5441.00
HOGAR-004694,ENHOGAR,2026-08-18,08,0841,U,26,M,3,5578.00
HOGAR-004695,ENHOGAR,2026-08-19,09,0942,R,33,X,6,5715.00
HOGAR-004696,ENHOGAR,2026-08-20,10,1043,U,40,NR,1,5852.00
HOGAR-004697,ENHOGAR,2026-08-21,11,1144,U,47,F,4,5989.00
HOGAR-004698,ENHOGAR,2026-08-22,12,1245,R,54,M,7,6126.00
HOGAR-004699,ENHOGAR,2026-08-23,13,1346,U,61,X,2,6263.00
HOGAR-004700,ENHOGAR,2026-08-24,14,1447,U,68,NR,5,6400.00
HOGAR-004701,ENHOGAR,2026-08-25,15,1548,R,75,F,8,6537.00
HOGAR-004702,ENHOGAR,2026-08-26,16,1649,U,82,M,3,6674.00
HOGAR-004703,ENHOGAR,2026-08-27,17,1750,U,89,X,6,6811.00
HOGAR-004704,ENHOGAR,2026-08-28,18,1851,R,23,NR,1,6948.00
HOGAR-004705,ENHOGAR,2026-08-01,19,1952,U,30,F,4,7085.00
HOGAR-004706,ENHOGAR,2026-08-02,20,2053,U,37,M,7,7222.00
HOGAR-004707,ENHOGAR,2026-08-03,21,2154,R,44,X,2,7359.00
HOGAR-004708,ENHOGAR,2026-08-04,22,2255,U,51,NR,5,7496.00
HOGAR-004709,ENHOGAR,2026-08-05,01,0156,U,58,F,8,7633.00
HOGAR-004710,ENHOGAR,2026-08-06,02,0257,R,65,M,3, 7770.00 
HOGAR-004711,ENHOGAR,2026-08-07,03,0358,U,72,X,6,7907.00
HOGAR-004712,ENHOGAR,2026-08-08,04,0459,U,79,NR,1,8044.00
HOGAR-004713,ENHOGAR,2026-08-09,05,0560,R,86,F,4,8181.00
HOGAR-004714,ENHOGAR,2026-08-10,06,0661,U,20,M,7,8318.00
HOGAR-004715,ENHOGAR,2026-08-11,07,0762,U,27,X,2,8455.00
HOGAR-004716,ENHOGAR,2026-08-12,08,0863,R,34,NR,5,992.00
HOGAR-004717,ENHOGAR,2026-08-13,09,0964,U,41,F,8,1129.00
HOGAR-004718,ENHOGAR,2026-08-14,10,1065,U,48,M,3,1266.00
HOGAR-004719,ENHOGAR,2026-08-15,11,1166,R,55,X,6,1403.00
HOGAR-004720,ENHOGAR,2026-08-16,12,1267,U,62,NR,1,1540.00
HOGAR-004721,ENHOGAR,2026-08-17,13,1368,U,69,F,4,1677.00
HOGAR-004722,ENHOGAR,2026-08-18,14,1469,R,76,M,7,1814.00
HOGAR-004723,ENHOGAR,2026-08-19,15,1570,U,83,X,2,1951.00
HOGAR-004724,ENHOGAR,2026-08-20,16,1671,U,90,NR,5,2088.00
HOGAR-004725,ENHOGAR,2026-08-21,17,1772,R,24,F,8,2225.00
HOGAR-004726,ENHOGAR,2026-08-22,18,1873,U,31,M,3,2362.00
HOGAR-004727,ENHOGAR,2026-08-23,19,1974,U,38,X,6,2499.00
HOGAR-004728,ENHOGAR,2026-08-24,20,2075,R,45,NR,1,2636.00
HOGAR-004729,ENHOGAR,2026-08-25,21,2176,U,52,F,4,2773.00
HOGAR-004730,ENHOGAR,2026-08-26,22,2277,U,59,M,7,2910.00
HOGAR-004731,ENHOGAR,2026-08-27,01,0178,R,66,X,2,3047.00
HOGAR-004732,ENHOGAR,2026-08-28,02,0279,U,73,NR,5,3184.00
HOGAR-004733,ENHOGAR,2026-08-01,03,0380,U,80,F,8,3321.00
HOGAR-004734,ENHOGAR,2026-08-02,04,0481,R,87,M,3,3458.00
HOGAR-004735,ENHOGAR,2026-08-03,05,0582,U,21,X,6,3595.00
HOGAR-004736,ENHOGAR,2026-08-04,06,0683,U,28,NR,1,3732.00
HOGAR-004737,ENHOGAR,2026-08-05,07,0784,R,35,F,4,3869.00
HOGAR-004738,ENHOGAR,2026-08-06,08,0885,U,42,M,7,4006.00
HOGAR-004739,ENHOGAR,2026-08-07,09,0986,U,49,X,2,4143.00
HOGAR-004740,ENHOGAR,2026-08-08,10,1087,R,56,NR,5,4280.00
HOGAR-004741,ENHOGAR,2026-08-09,11,1188,U,63,F,8,4417.00
HOGAR-004742,ENHOGAR,2026-08-10,12,1289,U,70,M,3,4554.00
HOGAR-004743,ENHOGAR,2026-08-11,13,1390,R,77,X,6,4691.00
HOGAR-004744,ENHOGAR,2026-08-12,14,1491,U,84,NR,1,4828.00
HOGAR-004745,ENHOGAR,2026-08-13,15,1592,U,18,F,4,4965.00
HOGAR-004746,ENHOGAR,2026-08-14,16,1693,R,25,M,7,5102.00
HOGAR-004747,ENHOGAR,2026-08-15,17,1794,U,32,X,2,5239.00
HOGAR-004748,ENHOGAR,2026-08-16,18,1895,U,39,NR,5,5376.00
HOGAR-004749,ENHOGAR,2026-08-17,19,1996,R,46,F,8,5513.00
HOGAR-004750,ENHOGAR,2026-08-18,20,2097,U,53,M,3,5650.00
HOGAR-004751,ENHOGAR,2026-08-19,21,2198,U,60,X,6,5787.00
HOGAR-004752,ENHOGAR,2026-08-20,22,2299,R,67,NR,1,5924.00
HOGAR-004753,ENHOGAR,2026-08-21,01,0101,U,74,F,4,6061.00
HOGAR-004754,ENHOGAR,2026-08-22,02,0202,U,81,M,7,6198.00
HOGAR-004755,ENHOGAR,2026-08-23,03,0303,R,88,X,2,6335.00
HOGAR-004756,ENHOGAR,2026-08-24,04,0404,U,22,NR,5,6472.00
HOGAR-004757,ENHOGAR,2026-08-25,05,0505,U,29,F,8,6609.00
HOGAR-004758,ENHOGAR,2026-08-26,06,0606,R,36,M,3,6746.00
HOGAR-004759,ENHOGAR,2026-08-27,07,0707,U,43,X,6,6883.00
HOGAR-004760,ENHOGAR,2026-08-28,08,0808,U,50,NR,1,7020.00
HOGAR-004761,ENHOGAR,2026-08-01,09,0909,R,57,F,4,7157.00
HOGAR-004762,ENHOGAR,2026-08-02,10,1010,U,64,M,7,7294.00
HOGAR-004763,ENHOGAR,2026-08-03,11,1111,U,71,X,2,7431.00
HOGAR-004764,ENHOGAR,2026-08-04,12,1212,R,78,NR,5,7568.00
HOGAR-004765,ENHOGAR,2026-08-05,13,1313,U,85,F,8,7705.00
HOGAR-004766,ENHOGAR,2026-08-06,14,1414,U,19,M,3,7842.00
HOGAR-004767,ENHOGAR,2026-08-07,15,1515,R,26,X,6,7979.00
HOGAR-004768,ENHOGAR,2026-08-08,16,1616,U,33,NR,1,8116.00
HOGAR-004769,ENHOGAR,2026-08-09,17,1717,U,40,F,4,8253.00
HOGAR-004770,ENHOGAR,2026-08-10,18,1818,R,47,M,7,8390.00
HOGAR/004771,ENHOGAR,2026-08-11,19,1919,U,54,X,2,927.00
HOGAR-004772,ENHOGAR,2026-08-12,20,2020,U,61,NR,5,1064.00
HOGAR-004773,ENHOGAR,2026-08-13,21,2121,R,68,F,8,1201.00
HOGAR-004774,ENHOGAR,2026-08-14,22,2222,U,75,M,3,1338.00
HOGAR-004775,ENHOGAR,2026-08-15,01,0123,U,82,X,6,1475.00
HOGAR-004776,ENHOGAR,2026-08-16,02,0224,R,89,NR,1,1612.00
HOGAR-004777,ENHOGAR,2026-08-17,03,0325,U,23,F,4,1749.00
HOGAR-004778,ENHOGAR,2026-08-18,04,0426,U,30,M,7,1886.00
HOGAR-004779,ENHOGAR,2026-08-19,05,0527,R,37,X,2,2023.00
HOGAR-004780,ENHOGAR,2026-08-20,06,0628,U,44,NR,5,2160.00
HOGAR-004781,ENHOGAR,2026-08-21,07,0729,U,51,F,8,2297.00
HOGAR-004782,ENHOGAR,2026-08-22,08,0830,R,58,M,3,2434.00
HOGAR-004783,ENHOGAR,2026-08-23,09,0931,U,65,X,6,2571.00
HOGAR-004784,ENHOGAR,2026-08-24,10,1032,U,72,NR,1,2708.00
HOGAR-004785,ENHOGAR,2026-08-25,11,1133,R,79,F,4,2845.00
HOGAR-004786,ENHOGAR,2026-08-26,12,1234,U,86,M,7,2982.00
HOGAR-004787,ENHOGAR,2026-08-27,13,1335,U,20,X,2,3119.00
HOGAR-004788,ENHOGAR,2026-08-28,14,1436,R,27,NR,5,3256.00
HOGAR-004789,ENHOGAR,2026-08-01,15,1537,U,34,F,8,3393.00
HOGAR-004790,ENHOGAR,2026-08-02,16,1638,U,41,M,3,3530.00
HOGAR-004791,ENHOGAR,2026-08-03,17,1739,R,48,X,6,3667.00
HOGAR-004792,ENHOGAR,2026-08-04,18,1840,U,55,NR,1,3804.00
HOGAR-004793,ENHOGAR,2026-08-05,19,1941,U,62,F,4,3941.00
HOGAR-004794,ENHOGAR,2026-08-06,20,2042,R,69,M,7,4078.00
HOGAR-004795,ENHOGAR,2026-08-07,21,2143,U,76,X,2,4215.00
HOGAR-004796,ENHOGAR,2026-08-08,22,2244,U,83,NR,5,4352.00
HOGAR-004797,ENHOGAR,2026-08-09,01,0145,R,90,F,8,4489.00
HOGAR-004798,ENHOGAR,2026-08-10,02,0246,U,24,M,3,4626.00
HOGAR-004799,ENHOGAR,2026-08-11,03,0347,U,31,X,6,4763.00
HOGAR-004800,ENHOGAR,2026-08-12,04,0448,R,38,NR,1,4900.00
HOGAR-004801,ENHOGAR,2026-08-13,05,0549,U,45,F,4,5037.00
HOGAR-004802,ENHOGAR,2026-08-14,06,0650,U,52,M,7,5174.00
HOGAR-004803,ENHOGAR,2026-08-15,07,0751,R,59,X,2,5311.00
HOGAR-004804,ENHOGAR,2026-08-16,08,0852,U,66,NR,5,5448.00
HOGAR-004805,ENHOGAR,2026-08-17,09,0953,U,73,F,8,5585.00
HOGAR-004806,ENHOGAR,2026-08-18,10,1054,R,80,M,3,5722.00
HOGAR-004807,ENHOGAR,2026-08-19,11,1155,U,87,X,6,5859.00
HOGAR-004808,ENHOGAR,2026-08-20,12,1256,U,21,NR,1,5996.00
HOGAR-004809,ENHOGAR,2026-08-21,13,1357,R,28,F,4,6133.00
HOGAR-004810,ENHOGAR,2026-08-22,14,1458,U,35,M,7,6270.00
HOGAR-004811,ENHOGAR,2026-08-23,15,1559,U,42,X,2,6407.00
HOGAR-004812,ENHOGAR,2026-08-24,16,1660,R,49,NR,5,6544.00
HOGAR-004813,ENHOGAR,2026-08-25,17,1761,U,56,F,8,6681.00
HOGAR-004814,ENHOGAR,2026-08-26,18,1862,U,63,M,3,6818.00
HOGAR-004815,ENHOGAR,2026-08-27,19,1963,R,70,X,6,6955.00
HOGAR-004816,ENHOGAR,2026-08-28,20,2064,U,77,NR,1,7092.00
HOGAR-004817,ENHOGAR,2026-08-01,21,2165,U,84,F,4,7229.00
HOGAR-004818,ENHOGAR,2026-08-02,22,2266,R,18,M,7,7366.00
HOGAR-004819,ENHOGAR,2026-08-03,01,0167,U,25,X,2,7503.00
HOGAR-004820,ENHOGAR,2026-08-04,02,0268,U,32,NR,5,7640.00
HOGAR-004821,ENHOGAR,2026-08-05,03,0369,R,39,F,8,7777.00
HOGAR-004822,ENHOGAR,2026-08-06,04,0470,U,46,M,3,7914.00
HOGAR-004823,ENHOGAR,2026-08-07,05,0571,U,53,X,6,8051.00
HOGAR-004824,ENHOGAR,2026-08-08,06,0672,R,60,NR,1,8188.00
HOGAR-004825,ENHOGAR,2026-08-09,07,0773,U,67,F,4,8325.00
HOGAR-004826,ENHOGAR,2026-08-10,08,0874,U,74,M,7,8462.00
HOGAR-004827,ENHOGAR,2026-08-11,09,0975,R,81,X,2,999.00
HOGAR-004828,ENHOGAR,2026-08-12,10,1076,U,88,NR,5,1136.00
HOGAR-004829,ENHOGAR,2026-08-13,11,1177,U,22,F,8,1273.00
HOGAR-004830,ENHOGAR,2026-08-14,12,1278,R,29,M,3,1410.00
HOGAR-004831,ENHOGAR,2026-08-15,13,1379,U,36,X,6,1547.00
HOGAR-004832,ENHOGAR,2026-08-16,14,1480,U,43,NR,1,1684.00
HOGAR-004833,ENHOGAR,2026-08-17,15,1581,R,50,F,4,1821.00
HOGAR-004834,ENHOGAR,2026-08-18,16,1682,U,57,M,7,1958.00
HOGAR-004835,ENHOGAR,2026-08-19,17,1783,U,64,X,2,2095.00
HOGAR-004836,ENHOGAR,2026-08-20,18,1884,R,71,NR,5,2232.00
HOGAR-004837,ENHOGAR,2026-08-21,19,1985,U,78,F,8,2369.00
HOGAR-004838,ENHOGAR,2026-08-22,20,2086,U,85,M,3,2506.00
HOGAR-004839,ENHOGAR,2026-08-23,21,2187,R,19,X,6,2643.00
HOGAR-004840,ENHOGAR,2026-08-24,22,2288,U,26,NR,1,2780.00
HOGAR-004841,ENHOGAR,2026-08-25,01,0189,U,33,F,4,2917.00
HOGAR-004842,ENHOGAR,2026-08-26,02,0290,R,40,M,7,3054.00
HOGAR-004843,ENHOGAR,2026-08-27,03,0391,U,47,X,2,3191.00
HOGAR-004844,ENHOGAR,2026-08-28,04,0492,U,54,NR,5,3328.00
HOGAR-004845,ENHOGAR,2026-08-01,05,0593,R,61,F,8,3465.00
HOGAR-004846,ENHOGAR,2026-08-02,06,0694,U,68,M,3,3602.00
HOGAR-004847,ENHOGAR,2026-08-03,07,0795,U,75,X,6,3739.00
HOGAR-004848,ENHOGAR,2026-08-04,08,0896,R,82,NR,1,3876.00
HOGAR-004849,ENHOGAR,2026-08-05,09,0997,U,89,F,4,4013.00
HOGAR-004850,ENHOGAR,2026-08-06,10,1098,U,23,M,7,4150.00
HOGAR-004851,ENHOGAR,2026-08-07,11,1199,R,30,X,2,4287.00
HOGAR-004852,ENHOGAR,2026-08-08,12,1201,U,37,NR,5,4424.00
HOGAR-004853,ENHOGAR,2026-08-09,13,1302,U,44,F,8,4561.00
HOGAR-004854,ENHOGAR,2026-08-10,14,1403,R,51,M,3,4698.00
HOGAR-004855,ENHOGAR,2026-08-11,15,1504,U,58,X,6,4835.00
HOGAR-004856,ENHOGAR,2026-08-12,16,1605,U,65,NR,1,4972.00
HOGAR-004857,ENHOGAR,2026-08-13,17,1706,R,72,F,4,5109.00
HOGAR-004858,ENHOGAR,2026-08-14,18,1807,U,79,M,7,5246.00
HOGAR-004859,ENHOGAR,2026-08-15,19,1908,U,86,X,2,5383.00
HOGAR-004860,ENHOGAR,2026-08-16,20,2009,R,20,NR,5,5520.00
HOGAR-004861,ENHOGAR,2026-08-17,21,2110,U,27,F,8,5657.00
HOGAR-004862,ENHOGAR,2026-08-18,22,2211,U,34,M,3,5794.00
HOGAR-004863,ENHOGAR,2026-08-19,01,0112,R,41,X,6,5931.00
HOGAR-004864,ENHOGAR,2026-08-20,02,0213,U,48,NR,1,6068.00
HOGAR-004865,ENHOGAR,2026-08-21,03,0314,U,55,F,4,6205.00
HOGAR-004866,ENHOGAR,2026-08-22,04,0415,R,62,M,7,6342.00
HOGAR-004867,ENHOGAR,2026-08-23,05,0516,U,69,X,2, 6479.00 
HOGAR-004868,ENHOGAR,2026-08-24,06,0617,U,76,NR,5,6616.00
HOGAR-004869,ENHOGAR,2026-08-25,07,0718,R,83,F,8,6753.00
HOGAR-004870,ENHOGAR,2026-08-26,08,0819,U,90,M,3,6890.00
HOGAR-004871,ENHOGAR,2026-08-27,09,0920,U,24,X,6,7027.00
HOGAR-004872,ENHOGAR,2026-08-28,10,1021,R,31,NR,1,7164.00
HOGAR-004873,ENHOGAR,2026-08-01,11,1122,U,38,F,4,7301.00
HOGAR-004874,ENHOGAR,2026-08-02,12,1223,U,45,M,7,7438.00
HOGAR-004875,ENHOGAR,2026-08-03,13,1324,R,52,X,2,7575.00
HOGAR-004876,ENHOGAR,2026-08-04,14,1425,U,59,NR,5,7712.00
HOGAR-004877,ENHOGAR,2026-08-05,15,1526,U,66,F,8,7849.00
HOGAR-004878,ENHOGAR,2026-08-06,16,1627,R,73,M,3,7986.00
HOGAR-004879,ENHOGAR,2026-08-07,17,1728,U,80,X,6,8123.00
HOGAR-004880,ENHOGAR,2026-08-08,18,1829,U,87,NR,1,8260.00
HOGAR-004881,ENHOGAR,2026-08-09,19,1930,R,21,F,4,8397.00
HOGAR-004882,ENHOGAR,2026-08-10,20,2031,U,28,M,7,934.00
HOGAR-004883,ENHOGAR,2026-08-11,21,2132,U,35,X,2,1071.00
HOGAR-004884,ENHOGAR,2026-08-12,22,2233,R,42,NR,5,1208.00
HOGAR-004885,ENHOGAR,2026-08-13,01,0134,U,49,F,8,1345.00
HOGAR-004886,ENHOGAR,2026-08-14,02,0235,U,56,M,3,1482.00
HOGAR-004887,ENHOGAR,2026-08-15,03,0336,R,63,X,6,1619.00
HOGAR-004888,ENHOGAR,2026-08-16,04,0437,U,70,NR,1,1756.00
HOGAR-004889,ENHOGAR,2026-08-17,05,0538,U,77,F,4,1893.00
HOGAR-004890,ENHOGAR,2026-08-18,06,0639,R,84,M,7,2030.00
HOGAR-004891,ENHOGAR,2026-08-19,07,0740,U,18,X,2,2167.00
HOGAR-004892,ENHOGAR,2026-08-20,08,0841,U,25,NR,5,2304.00
HOGAR-004893,ENHOGAR,2026-08-21,09,0942,R,32,F,8,2441.00
HOGAR-004894,ENHOGAR,2026-08-22,10,1043,U,39,M,3,2578.00
HOGAR-004895,ENHOGAR,2026-08-23,11,1144,U,46,X,6,2715.00
HOGAR-004896,ENHOGAR,2026-08-24,12,1245,R,53,NR,1,2852.00
HOGAR-004897,ENHOGAR,2026-08-25,13,1346,U,60,F,4,2989.00
HOGAR-004898,ENHOGAR,2026-08-26,14,1447,U,67,M,7,3126.00
HOGAR-004899,ENHOGAR,2026-08-27,15,1548,R,74,X,2,3263.00
HOGAR-004900,ENHOGAR,2026-08-28,16,1649,U,81,NR,5,3400.00
HOGAR-004901,ENHOGAR,2026-08-01,17,1750,U,88,F,8,3537.00
HOGAR-004902,ENHOGAR,2026-08-02,18,1851,R,22,M,3,3674.00
HOGAR-004903,ENHOGAR,2026-08-03,19,1952,U,29,X,6,3811.00
HOGAR-004904,ENHOGAR,2026-08-04,20,2053,U,36,NR,1,3948.00
HOGAR-004905,ENHOGAR,2026-08-05,21,2154,R,43,F,4,4085.00
HOGAR-004906,ENHOGAR,2026-08-06,22,2255,U,50,M,7,4222.00
HOGAR-004907,ENHOGAR,2026-08-07,01,0156,U,57,X,2,4359.00
HOGAR-004908,ENHOGAR,2026-08-08,02,0257,R,64,NR,5,4496.00
HOGAR-004909,ENHOGAR,2026-08-09,03,0358,U,71,F,8,4633.00
HOGAR-004910,ENHOGAR,2026-08-10,04,0459,U,78,M,3,4770.00
HOGAR-004911,ENHOGAR,2026-08-11,05,0560,R,85,X,6,4907.00
HOGAR-004912,ENHOGAR,2026-08-12,06,0661,U,19,NR,1,5044.00
HOGAR-004913,ENHOGAR,2026-08-13,07,0762,U,26,F,4,5181.00
HOGAR-004914,ENHOGAR,2026-08-14,08,0863,R,33,M,7,5318.00
HOGAR-004915,ENHOGAR,2026-08-15,09,0964,U,40,X,2,5455.00
HOGAR-004916,ENHOGAR,2026-08-16,10,1065,U,47,NR,5,5592.00
HOGAR-004917,ENHOGAR,2026-08-17,11,1166,R,54,F,8,5729.00
HOGAR-004918,ENHOGAR,2026-08-18,12,1267,U,61,M,3,5866.00
HOGAR-004919,ENHOGAR,2026-08-19,13,1368,U,68,X,6,6003.00
HOGAR-004920,ENHOGAR,2026-08-20,14,1469,R,75,NR,1,6140.00
HOGAR-004921,ENHOGAR,2026-08-21,15,1570,U,82,F,4,6277.00
HOGAR-004922,ENHOGAR,2026-08-22,16,1671,U,89,M,7,6414.00
HOGAR-004923,ENHOGAR,2026-08-23,17,1772,R,23,X,2,6551.00
HOGAR-004924,ENHOGAR,2026-08-24,18,1873,U,30,NR,5,6688.00
HOGAR-004925,ENHOGAR,2026-08-25,19,1974,U,37,F,8,6825.00
HOGAR-004926,ENHOGAR,2026-08-26,20,2075,R,44,M,3,6962.00
HOGAR-004927,ENHOGAR,2026-08-27,21,2176,U,51,X,6,7099.00
HOGAR-004928,ENHOGAR,2026-08-28,22,2277,U,58,NR,1,7236.00
HOGAR-004929,ENHOGAR,2026-08-01,01,0178,R,65,F,4,7373.00
HOGAR-004930,ENHOGAR,2026-08-02,02,0279,U,72,M,7,7510.00
HOGAR-004931,ENHOGAR,2026-08-03,03,0380,U,79,X,2,7647.00
HOGAR-004932,ENHOGAR,2026-08-04,04,0481,R,86,NR,5,7784.00
HOGAR-004933,ENHOGAR,2026-08-05,05,0582,U,20,F,8,7921.00
HOGAR-004934,ENHOGAR,2026-08-06,06,0683,U,27,M,3,8058.00
HOGAR-004935,ENHOGAR,2026-08-07,07,0784,R,34,X,6,8195.00
HOGAR-004936,ENHOGAR,2026-08-08,08,0885,U,41,NR,1,8332.00
HOGAR-004937,ENHOGAR,2026-08-09,09,0986,U,48,F,4,8469.00
HOGAR-004938,ENHOGAR,2026-08-10,10,1087,R,55,M,7,1006.00
HOGAR-004939,ENHOGAR,2026-08-11,11,1188,U,62,X,2,1143.00
HOGAR-004940,ENHOGAR,2026-08-12,12,1289,U,69,NR,5,1280.00
HOGAR-004941,ENHOGAR,2026-08-13,13,1390,R,76,F,8,1417.00
HOGAR-004942,ENHOGAR,2026-08-14,14,1491,U,83,M,3,1554.00
HOGAR-004943,ENHOGAR,2026-08-15,15,1592,U,90,X,6,1691.00
HOGAR-004944,ENHOGAR,2026-08-16,16,1693,R,24,NR,1,1828.00
HOGAR-004945,ENHOGAR,2026-08-17,17,1794,U,31,F,4,1965.00
HOGAR-004946,ENHOGAR,2026-08-18,18,1895,U,38,M,7,2102.00
HOGAR-004947,ENHOGAR,2026-08-19,19,1996,R,45,X,2,2239.00
HOGAR-004948,ENHOGAR,2026-08-20,20,2097,U,52,NR,5,2376.00
HOGAR-004949,ENHOGAR,2026-08-21,21,2198,U,59,F,8,2513.00
HOGAR-004950,ENHOGAR,2026-08-22,22,2299,R,66,M,3,2650.00
HOGAR-004951,ENHOGAR,2026-08-23,01,0101,U,73,X,6,2787.00
HOGAR-004952,ENHOGAR,2026-08-24,02,0202,U,80,NR,1,2924.00
HOGAR-004953,ENHOGAR,2026-08-25,03,0303,R,87,F,4,3061.00
HOGAR-004954,ENHOGAR,2026-08-26,04,0404,U,21,M,7,3198.00
HOGAR-004955,ENHOGAR,2026-08-27,05,0505,U,28,X,2,3335.00
HOGAR-004956,ENHOGAR,2026-08-28,06,0606,R,35,NR,5,3472.00
HOGAR-004957,ENHOGAR,2026-08-01,07,0707,U,42,F,8,3609.00
HOGAR-004958,ENHOGAR,2026-08-02,08,0808,U,49,M,3,3746.00
HOGAR-004959,ENHOGAR,2026-08-03,09,0909,R,56,X,6,3883.00
HOGAR-004960,ENHOGAR,2026-08-04,10,1010,U,63,NR,1,4020.00
HOGAR-004961,ENHOGAR,2026-08-05,11,1111,U,70,F,4,4157.00
HOGAR-004962,ENHOGAR,2026-08-06,12,1212,R,77,M,7,4294.00
HOGAR-004963,ENHOGAR,2026-08-07,13,1313,U,84,X,2,4431.00
HOGAR-004964,ENHOGAR,2026-08-08,14,1414,U,18,NR,5,4568.00
HOGAR-004965,ENHOGAR,2026-08-09,15,1515,R,25,F,8,4705.00
HOGAR-004966,ENHOGAR,2026-08-10,16,1616,U,32,M,3,4842.00
HOGAR-004967,ENHOGAR,2026-08-11,17,1717,U,39,X,6,4979.00
HOGAR-004968,ENHOGAR,2026-08-12,18,1818,R,46,NR,1,5116.00
HOGAR-004969,ENHOGAR,2026-08-13,19,1919,U,53,F,4,5253.00
HOGAR-004970,ENHOGAR,2026-08-14,20,2020,U,60,M,7,5390.00
HOGAR-004971,ENHOGAR,2026-08-15,21,2121,R,67,X,2,5527.00
HOGAR-004972,ENHOGAR,2026-08-16,22,2222,U,74,NR,5,5664.00
HOGAR-004973,ENHOGAR,2026-08-17,01,0123,U,81,F,8,5801.00
HOGAR-004974,ENHOGAR,2026-08-18,02,0224,R,88,M,3,5938.00
HOGAR-004975,ENHOGAR,2026-08-19,03,0325,U,22,X,6,6075.00
HOGAR-004976,ENHOGAR,2026-08-20,04,0426,U,29,NR,1,6212.00
HOGAR-004977,ENHOGAR,2026-08-21,05,0527,R,36,F,4,6349.00
HOGAR-004978,ENHOGAR,2026-08-22,06,0628,U,43,M,7,6486.00
HOGAR-004979,ENHOGAR,2026-08-23,07,0729,U,50,X,2,6623.00
HOGAR-004980,ENHOGAR,2026-08-24,08,0830,R,57,NR,5,6760.00
HOGAR-004981,,2026-08-25,09,0931,U,64,F,8,6897.00
HOGAR-004982,ENHOGAR,2026-08-26,10,1032,U,71,M,3,7034.00
HOGAR-004983,ENHOGAR,2026-08-27,11,1133,R,78,X,6,7171.00
HOGAR-004984,ENHOGAR,2026-08-28,12,1234,U,85,NR,1,7308.00
HOGAR-004985,ENHOGAR,2026-08-01,13,1335,U,19,F,4,
HOGAR-004986,ENHOGAR,2026-08-02,14,1436,R,26,M,7,7582.00
HOGAR-004987,ENHOGAR,2026-08-03,15,1537,U,33,X,2,7719.00
HOGAR-004988,ENHOGAR,2026-08-04,16,1638,U,40,NR,5,7856.00
HOGAR-004989,ENHOGAR,2026-08-05,17,1739,R,47,F,8,7993.00
HOGAR-004990,ENHOGAR,2026-08-06,18,1840,U,54,M,3,8130.00
HOGAR-004991,ENHOGAR,2026-08-07,19,1941,U,61,X,6,8267.00
HOGAR-004992,ENHOGAR,2026-08-08,20,2042,R,68,NR,1,8404.00
HOGAR-004993,ENHOGAR,2026-08-09,21,2143,U,75,F,4,941.00
HOGAR-004994,ENHOGAR,2026-08-10,22,2244,U,82,M,7,1078.00
HOGAR-004995,ENHOGAR,2026-08-11,01,0145,R,89,X,2,1215.00
HOGAR-004996,ENHOGAR,2026-08-12,02,0246,U,23,NR,5,1352.00
HOGAR-004997,ENHOGAR,2026-08-13,03,0347,U,30,F,8,1489.00
HOGAR-004998,ENHOGAR,2026-08-14,04,0448,R,37,M,3,1626.00
HOGAR-004999,ENHOGAR,2026-08-15,05,0549,U,44,X,6,1763.00
HOGAR-005000,ENHOGAR,2026-08-16,06,0650,U,51,NR,1,1900.00
HOGAR-005001,ENHOGAR,2026-08-17,07,0751,R,58,F,4,2037.00
HOGAR-005002,ENHOGAR,2026-08-18,08,0852,U,65,M,7,2174.00
HOGAR-005003,ENHOGAR,2026-08-19,09,0953,U,72,X,2,2311.00
HOGAR-005004,ENHOGAR,2026-08-20,10,1054,R,79,NR,5,2448.00
HOGAR-005005,ENHOGAR,2026-08-21,11,1155,U,86,F,8,2585.00
HOGAR-005006,ENHOGAR,2026-08-22,12,1256,U,20,M,3,2722.00
HOGAR-005007,ENHOGAR,2026-08-23,13,1357,R,27,X,6,2859.00
HOGAR-005008,ENHOGAR,2026-08-24,14,1458,U,34,NR,1,2996.00
HOGAR-005009,ENHOGAR,2026-08-25,15,1559,U,41,F,4,3133.00
HOGAR-005010,ENHOGAR,2026-08-26,16,1660,R,48,M,7,3270.00
HOGAR-005011,ENHOGAR,2026-08-27,17,1761,U,55,X,2,3407.00
HOGAR-005012,ENHOGAR,2026-08-28,18,1862,U,62,NR,5,3544.00
HOGAR-005013,ENHOGAR,2026-08-01,19,1963,R,69,F,8,3681.00
HOGAR-005014,ENHOGAR,2026-08-02,20,2064,U,76,M,3,3818.00
HOGAR-005015,ENHOGAR,2026-08-03,21,2165,U,83,X,6,3955.00
HOGAR-005016,ENHOGAR,2026-08-04,22,2266,R,90,NR,1,4092.00
HOGAR-005017,ENHOGAR,2026-08-05,01,0167,U,24,F,4,4229.00
HOGAR-005018,ENHOGAR,2026-08-06,02,0268,U,31,M,7,4366.00
HOGAR-005019,ENHOGAR,2026-08-07,03,0369,R,38,X,2,4503.00
HOGAR-005020,ENHOGAR,2026-08-08,04,0470,U,45,NR,5,4640.00
HOGAR-005021,ENHOGAR,2026-08-09,05,0571,U,52,F,8,4777.00
HOGAR-005022,ENHOGAR,2026-08-10,06,0672,R,59,M,3,4914.00
HOGAR-005023,ENHOGAR,2026-08-11,07,0773,U,66,X,6,5051.00
HOGAR-005024,ENHOGAR,2026-08-12,08,0874,U,73,NR,1, 5188.00 
HOGAR-005025,ENHOGAR,2026-08-13,09,0975,R,80,F,4,5325.00
HOGAR-005026,ENHOGAR,2026-08-14,10,1076,U,87,M,7,5462.00
HOGAR-005027,ENHOGAR,2026-08-15,11,1177,U,21,X,2,5599.00
HOGAR-005028,ENHOGAR,2027-01-01,12,1278,R,28,NR,5,5736.00
HOGAR-005029,ENHOGAR,2026-08-17,13,1379,U,35,F,8,5873.00
HOGAR-005030,ENHOGAR,2026-08-18,14,1480,U,42,M,3,-25.00
HOGAR-005031,ENHOGAR,2026-08-19,15,1581,R,49,X,6,6147.00
HOGAR-005032,ENHOGAR,2026-08-20,16,1682,U,56,NR,1,6284.00
HOGAR-005033,ENHOGAR,2026-08-21,17,1783,U,63,F,4,6421.00
HOGAR-005034,ENHOGAR,2026-08-22,18,1884,R,70,M,7,6558.00
HOGAR-005035,ENHOGAR,2026-08-23,19,1985,U,77,X,2,6695.00
HOGAR-005036,ENHOGAR,2026-08-24,20,2086,U,84,NR,5,6832.00
HOGAR-005037,ENHOGAR,2026-08-25,21,2187,R,18,F,8,6969.00
HOGAR-005038,ENHOGAR,2026-08-26,22,2288,U,25,M,3,7106.00
HOGAR-005039,ENHOGAR,2026-08-27,01,0189,U,32,X,6,7243.00
HOGAR-005040,ENHOGAR,2026-08-28,02,0290,R,39,NR,1,7380.00
HOGAR-005041,ENHOGAR,2026-08-01,03,0391,U,46,F,4,7517.00
HOGAR-005042,ENHOGAR,2026-08-02,04,0492,U,53,M,7,7654.00
HOGAR-005043,ENHOGAR,2026-08-03,05,0593,R,60,X,2,7791.00
HOGAR-005044,ENHOGAR,2026-08-04,06,0694,U,67,NR,5,7928.00
HOGAR-005045,ENHOGAR,2026-08-05,07,0795,U,74,F,8,8065.00
HOGAR-005046,ENHOGAR,2026-08-06,08,0896,R,81,M,3,8202.00
HOGAR-005047,ENHOGAR,2026-08-07,09,0997,U,88,X,6,8339.00
HOGAR-005048,ENHOGAR,2026-08-08,10,1098,U,22,NR,1,8476.00
HOGAR-005049,ENHOGAR,2026-08-09,11,1199,R,29,F,4,1013.00
HOGAR-005050,ENHOGAR,2026-08-10,12,1201,U,36,M,7,1150.00
HOGAR-005051,ENHOGAR,2026-08-11,13,1302,U,43,X,2,1287.00
HOGAR-005052,ENHOGAR,2026-08-12,14,1403,R,50,NR,5,1424.00
HOGAR-005053,ENHOGAR,2026-08-13,15,1504,U,57,F,8,1561.00
HOGAR-005054,ENHOGAR,2026-08-14,16,1605,U,64,M,3,1698.00
HOGAR-005055,ENHOGAR,2026-08-15,17,1706,R,71,X,6,1835.00
HOGAR-005056,ENHOGAR,2026-08-16,18,1807,U,78,NR,1,1972.00
HOGAR-005057,ENHOGAR,2026-08-17,19,1908,U,85,F,4,2109.00
HOGAR-005058,ENHOGAR,2026-08-18,20,2009,R,19,M,7,2246.00
HOGAR-005059,ENHOGAR,2026-08-19,21,2110,U,26,X,2,2383.00
HOGAR-005060,ENHOGAR,2026-08-20,22,2211,U,33,NR,5,2520.00
HOGAR-005061,ENHOGAR,2026-08-21,01,0112,R,40,F,8,2657.00
HOGAR-005062,ENHOGAR,2026-08-22,02,0213,U,47,M,3,2794.00
HOGAR-005063,ENHOGAR,2026-08-23,03,0314,U,54,X,6,2931.00
HOGAR-005064,ENHOGAR,2026-08-24,04,0415,R,61,NR,1,3068.00
HOGAR-005065,ENHOGAR,2026-08-25,05,0516,U,68,F,4,3205.00
HOGAR-005066,ENHOGAR,2026-08-26,06,0617,U,75,M,7,3342.00
HOGAR-005067,ENHOGAR,2026-08-27,07,0718,R,82,X,2,3479.00
HOGAR-005068,ENHOGAR,2026-08-28,08,0819,U,89,NR,5,3616.00
HOGAR-005069,ENHOGAR,2026-08-01,09,0920,U,23,F,8,3753.00
HOGAR-005070,ENHOGAR,2026-08-02,10,1021,R,30,M,3,3890.00
HOGAR-005071,ENHOGAR,2026-08-03,11,1122,U,37,X,6,4027.00
HOGAR-005072,ENHOGAR,2026-08-04,12,1223,U,44,NR,1,4164.00
HOGAR-005073,ENHOGAR,2026-08-05,13,1324,R,51,F,4,4301.00
HOGAR-005074,ENHOGAR,2026-08-06,14,1425,U,58,M,7,4438.00
HOGAR-005075,ENHOGAR,2026-08-07,15,1526,U,65,X,2,4575.00
HOGAR-005076,ENHOGAR,2026-08-08,16,1627,R,72,NR,5,4712.00
HOGAR-005077,ENHOGAR,2026-08-09,17,1728,U,79,F,8,4849.00
HOGAR-005078,ENHOGAR,2026-08-10,18,1829,U,86,M,3,4986.00
HOGAR-005079,ENHOGAR,2026-08-11,19,1930,R,20,X,6,5123.00
HOGAR-005080,ENHOGAR,2026-08-12,20,2031,U,27,NR,1,5260.00
HOGAR-005081,ENHOGAR,2026-08-13,21,2132,U,34,F,4,5397.00
HOGAR-005082,ENHOGAR,2026-08-14,22,2233,R,41,M,7,5534.00
HOGAR-005083,ENHOGAR,2026-08-15,01,0134,U,48,X,2,5671.00
HOGAR-005084,ENHOGAR,2026-08-16,02,0235,U,55,NR,5,5808.00
HOGAR-005085,ENHOGAR,2026-08-17,03,0336,R,62,F,8,5945.00
HOGAR-005086,ENHOGAR,2026-08-18,04,0437,U,69,M,3,6082.00
HOGAR-005087,ENHOGAR,2026-08-19,05,0538,U,76,X,6,6219.00
HOGAR-005088,ENHOGAR,2026-08-20,06,0639,R,83,NR,1,6356.00
HOGAR-005089,ENHOGAR,2026-08-21,07,0740,U,90,F,4,6493.00
HOGAR-005090,ENHOGAR,2026-08-22,08,0841,U,24,M,7,6630.00
HOGAR-005091,ENHOGAR,2026-08-23,09,0942,R,31,X,2,6767.00
HOGAR-005092,ENHOGAR,2026-08-24,10,1043,U,38,NR,5,6904.00
HOGAR-005093,ENHOGAR,2026-08-25,11,1144,U,45,F,8,7041.00
HOGAR-005094,ENHOGAR,2026-08-26,12,1245,R,52,M,3,7178.00
HOGAR-005095,ENHOGAR,2026-08-27,13,1346,U,59,X,6,7315.00
HOGAR-005096,ENHOGAR,2026-08-28,14,1447,U,66,NR,1,7452.00
HOGAR-005097,ENHOGAR,2026-08-01,15,1548,R,73,F,4,7589.00
HOGAR-005098,ENHOGAR,2026-08-02,16,1649,U,80,M,7,7726.00
HOGAR-005099,ENHOGAR,2026-08-03,17,1750,U,87,X,2,7863.00
HOGAR-005100,ENHOGAR,2026-08-04,18,1851,R,21,NR,5,8000.00
HOGAR-005101,ENHOGAR,2026-08-05,19,1952,U,28,F,8,8137.00
HOGAR-005102,ENHOGAR,2026-08-06,20,2053,U,35,M,3,8274.00
HOGAR-005103,ENHOGAR,2026-08-07,21,2154,R,42,X,6,8411.00
HOGAR-005104,ENHOGAR,2026-08-08,22,2255,U,49,NR,1,948.00
HOGAR-005105,ENHOGAR,2026-08-09,01,0156,U,56,F,4,1085.00
HOGAR-005106,ENHOGAR,2026-08-10,02,0257,R,63,M,7,1222.00
HOGAR-005107,ENHOGAR,2026-08-11,03,0358,U,70,X,2,1359.00
HOGAR-005108,ENHOGAR,2026-08-12,04,0459,U,77,NR,5,1496.00
HOGAR-005109,ENHOGAR,2026-08-13,05,0560,R,84,F,8,1633.00
HOGAR-005110,ENHOGAR,2026-08-14,06,0661,U,18,M,3,1770.00
HOGAR-005111,ENHOGAR,2026-08-15,07,0762,U,25,X,6,1907.00
HOGAR-005112,ENHOGAR,2026-08-16,08,0863,R,32,NR,1,2044.00
HOGAR-005113,ENHOGAR,2026-08-17,09,0964,U,39,F,4,2181.00
HOGAR-005114,ENHOGAR,2026-08-18,10,1065,U,46,M,7,2318.00
HOGAR-005115,ENHOGAR,2026-08-19,11,1166,R,53,X,2,2455.00
HOGAR-005116,ENHOGAR,2026-08-20,12,1267,U,60,NR,5,2592.00
HOGAR-005117,ENHOGAR,2026-08-21,13,1368,U,67,F,8,2729.00
HOGAR-005118,ENHOGAR,2026-08-22,14,1469,R,74,M,3,2866.00
HOGAR-005119,ENHOGAR,2026-08-23,15,1570,U,81,X,6,3003.00
HOGAR-005120,ENHOGAR,2026-08-24,16,1671,U,88,NR,1,3140.00
HOGAR-005121,ENHOGAR,2026-08-25,17,1772,R,22,F,4,3277.00
HOGAR-005122,ENHOGAR,2026-08-26,18,1873,U,29,M,7,3414.00
HOGAR-005123,ENHOGAR,2026-08-27,19,1974,U,36,X,2,3551.00
HOGAR-005124,ENHOGAR,2026-08-28,20,2075,R,43,NR,5,3688.00
HOGAR-005125,ENHOGAR,2026-08-01,21,2176,U,50,F,8,3825.00
HOGAR-005126,ENHOGAR,2026-08-02,22,2277,U,57,M,3,3962.00
HOGAR-005127,ENHOGAR,2026-08-03,01,0178,R,64,X,6,4099.00
HOGAR-005128,ENHOGAR,2026-08-04,02,0279,U,71,NR,0,4236.00
HOGAR-005129,ENHOGAR,2026-08-05,03,0380,U,78,F,4,4373.00
HOGAR-005130,ENHOGAR,2026-08-06,04,0481,R,85,M,7,4510.00
HOGAR-005131,ENHOGAR,2026-08-07,05,0582,U,19,Z,2,4647.00
HOGAR-005132,ENHOGAR,2026-08-08,06,0683,U,26,NR,5,4784.00
HOGAR-005133,ENHOGAR,2026-08-09,07,0784,R,33,F,8,4921.00
HOGAR-005134,ENHOGAR,2026-08-10,08,0885,U,40,M,3,5058.00
HOGAR-005135,ENHOGAR,2026-08-11,09,0986,U,47,X,6,5195.00
HOGAR-005136,ENHOGAR,2026-08-12,10,1087,R,54,NR,1,5332.00
HOGAR-005137,ENHOGAR,2026-08-13,11,1188,U,61,F,4,5469.00
HOGAR/005138,ENHOGAR,2026-08-14,12,1289,U,68,M,7,5606.00
HOGAR-005139,ENHOGAR,2026-08-15,13,1390,R,75,X,2,5743.00
HOGAR-005140,ENHOGAR,2026-08-16,14,1491,U,82,NR,5,5880.00
HOGAR-005141,ENHOGAR,2026-08-17,15,1592,U,89,F,8,6017.00
HOGAR-005142,ENHOGAR,2026-08-18,16,1693,R,23,M,3,6154.00
HOGAR-005143,ENHOGAR,2026-08-19,17,1794,U,30,X,6,6291.00
HOGAR-005144,ENHOGAR,2026-08-20,18,1895,U,37,NR,1,6428.00
HOGAR-005145,ENHOGAR,2026-08-21,19,1996,R,44,F,4,6565.00
HOGAR-005146,ENHOGAR,2026-08-22,20,2097,U,51,M,7,6702.00
HOGAR-005147,ENHOGAR,2026-08-23,21,2198,U,58,X,2,6839.00
HOGAR-005148,ENHOGAR,2026-08-24,22,2299,R,65,NR,5,6976.00
HOGAR-005149,ENHOGAR,2026-08-25,01,0101,U,72,F,8,7113.00
HOGAR-005150,ENHOGAR,2026-08-26,02,0202,U,79,M,3,7250.00
HOGAR-005151,ENHOGAR,2026-08-27,03,0303,R,86,X,6,7387.00
HOGAR-005152,ENHOGAR,2026-08-28,04,0404,U,20,NR,1,7524.00
HOGAR-005153,ENHOGAR,2026-08-01,05,0505,U,27,F,4,7661.00
HOGAR-005154,ENHOGAR,2026-08-02,06,0606,R,34,M,7,7798.00
HOGAR-005155,ENHOGAR,2026-08-03,07,0707,U,41,X,2,7935.00
HOGAR-005156,ENHOGAR,2026-08-04,08,0808,U,48,NR,5,8072.00
HOGAR-005157,ENHOGAR,2026-08-05,09,0909,R,55,F,8,8209.00
HOGAR-005158,ENHOGAR,2026-08-06,10,1010,U,62,M,3,8346.00
HOGAR-005159,ENHOGAR,2026-08-07,11,1111,U,69,X,6,8483.00
HOGAR-005160,ENHOGAR,2026-08-08,12,1212,R,76,NR,1,1020.00
HOGAR-005161,ENHOGAR,2026-08-09,13,1313,U,83,F,4,1157.00
HOGAR-005162,ENHOGAR,2026-08-10,14,1414,U,90,M,7,1294.00
HOGAR-005163,ENHOGAR,2026-08-11,15,1515,R,24,X,2,1431.00
HOGAR-005164,ENHOGAR,2026-08-12,16,1616,U,31,NR,5,1568.00
HOGAR-005165,ENHOGAR,2026-08-13,17,1717,U,38,F,8,1705.00
HOGAR-005166,ENHOGAR,2026-08-14,18,1818,R,45,M,3,1842.00
HOGAR-005167,ENHOGAR,2026-08-15,19,1919,U,52,X,6,1979.00
HOGAR-005168,ENHOGAR,2026-08-16,20,2020,U,59,NR,1,2116.00
HOGAR-005169,ENHOGAR,2026-08-17,21,2121,R,66,F,4,2253.00
HOGAR-005170,ENHOGAR,2026-08-18,22,2222,U,73,M,7,2390.00
HOGAR-005171,ENHOGAR,2026-08-19,01,0123,U,80,X,2,2527.00
HOGAR-005172,ENHOGAR,2026-08-20,02,0224,R,87,NR,5,2664.00
HOGAR-005173,ENHOGAR,2026-08-21,03,0325,U,21,F,8,2801.00
HOGAR-005174,ENHOGAR,2026-08-22,04,0426,U,28,M,3,2938.00
HOGAR-005175,ENHOGAR,2026-08-23,05,0527,R,35,X,6,3075.00
HOGAR-005176,ENHOGAR,2026-08-24,06,0628,U,42,NR,1,3212.00
HOGAR-005177,ENHOGAR,2026-08-25,07,0729,U,49,F,4,3349.00
HOGAR-005178,ENHOGAR,2026-08-26,08,0830,R,56,M,7,3486.00
HOGAR-005179,ENHOGAR,2026-08-27,09,0931,U,63,X,2,3623.00
HOGAR-005180,ENHOGAR,2026-08-28,10,1032,U,70,NR,5,3760.00
HOGAR-005181,ENHOGAR,2026-08-01,11,1133,R,77,F,8, 3897.00 
HOGAR-005182,ENHOGAR,2026-08-02,12,1234,U,84,M,3,4034.00
HOGAR-005183,ENHOGAR,2026-08-03,13,1335,U,18,X,6,4171.00
HOGAR-005184,ENHOGAR,2026-08-04,14,1436,R,25,NR,1,4308.00
HOGAR-005185,ENHOGAR,2026-08-05,15,1537,U,32,F,4,4445.00
HOGAR-005186,ENHOGAR,2026-08-06,16,1638,U,39,M,7,4582.00
HOGAR-005187,ENHOGAR,2026-08-07,17,1739,R,46,X,2,4719.00
HOGAR-005188,ENHOGAR,2026-08-08,18,1840,U,53,NR,5,4856.00
HOGAR-005189,ENHOGAR,2026-08-09,19,1941,U,60,F,8,4993.00
HOGAR-005190,ENHOGAR,2026-08-10,20,2042,R,67,M,3,5130.00
HOGAR-005191,ENHOGAR,2026-08-11,21,2143,U,74,X,6,5267.00
HOGAR-005192,ENHOGAR,2026-08-12,22,2244,U,81,NR,1,5404.00
HOGAR-005193,ENHOGAR,2026-08-13,01,0145,R,88,F,4,5541.00
HOGAR-005194,ENHOGAR,2026-08-14,02,0246,U,22,M,7,5678.00
HOGAR-005195,ENHOGAR,2026-08-15,03,0347,U,29,X,2,5815.00
HOGAR-005196,ENHOGAR,2026-08-16,04,0448,R,36,NR,5,5952.00
HOGAR-005197,ENHOGAR,2026-08-17,05,0549,U,43,F,8,6089.00
HOGAR-005198,ENHOGAR,2026-08-18,06,0650,U,50,M,3,6226.00
HOGAR-005199,ENHOGAR,2026-08-19,07,0751,R,57,X,6,6363.00
HOGAR-005200,ENHOGAR,2026-08-20,08,0852,U,64,NR,1,6500.00
HOGAR-005201,ENHOGAR,2026-08-21,09,0953,U,71,F,4,6637.00
HOGAR-005202,ENHOGAR,2026-08-22,10,1054,R,78,M,7,6774.00
HOGAR-005203,ENHOGAR,2026-08-23,11,1155,U,85,X,2,6911.00
HOGAR-005204,ENHOGAR,2026-08-24,12,1256,U,19,NR,5,7048.00
HOGAR-005205,ENHOGAR,2026-08-25,13,1357,R,26,F,8,7185.00
HOGAR-005206,ENHOGAR,2026-08-26,14,1458,U,33,M,3,7322.00
HOGAR-005207,ENHOGAR,2026-08-27,15,1559,U,40,X,6,7459.00
HOGAR-005208,ENHOGAR,2026-08-28,16,1660,R,47,NR,1,7596.00
HOGAR-005209,ENHOGAR,2026-08-01,17,1761,U,54,F,4,7733.00
HOGAR-005210,ENHOGAR,2026-08-02,18,1862,U,61,M,7,7870.00
HOGAR-005211,ENHOGAR,2026-08-03,19,1963,R,68,X,2,8007.00
HOGAR-005212,ENHOGAR,2026-08-04,20,2064,U,75,NR,5,8144.00
HOGAR-005213,ENHOGAR,2026-08-05,21,2165,U,82,F,8,8281.00
HOGAR-005214,ENHOGAR,2026-08-06,22,2266,R,89,M,3,8418.00
HOGAR-005215,ENHOGAR,2026-08-07,01,0167,U,23,X,6,955.00
HOGAR-005216,ENHOGAR,2026-08-08,02,0268,U,30,NR,1,1092.00
HOGAR-005217,ENHOGAR,2026-08-09,03,0369,R,37,F,4,1229.00
HOGAR-005218,ENHOGAR,2026-08-10,04,0470,U,44,M,7,1366.00
HOGAR-005219,ENHOGAR,2026-08-11,05,0571,U,51,X,2,1503.00
HOGAR-005220,ENHOGAR,2026-08-12,06,0672,R,58,NR,5,1640.00
HOGAR-005221,ENHOGAR,2026-08-13,07,0773,U,65,F,8,1777.00
HOGAR-005222,ENHOGAR,2026-08-14,08,0874,U,72,M,3,1914.00
HOGAR-005223,ENHOGAR,2026-08-15,09,0975,R,79,X,6,2051.00
HOGAR-005224,ENHOGAR,2026-08-16,10,1076,U,86,NR,1,2188.00
HOGAR-005225,ENHOGAR,2026-08-17,11,1177,U,20,F,4,2325.00
HOGAR-005226,ENHOGAR,2026-08-18,12,1278,R,27,M,7,2462.00
HOGAR-005227,ENHOGAR,2026-08-19,13,1379,U,34,X,2,2599.00
HOGAR-005228,ENHOGAR,2026-08-20,14,1480,U,41,NR,5,2736.00
HOGAR-005229,ENHOGAR,2026-08-21,15,1581,R,48,F,8,2873.00
HOGAR-005230,ENHOGAR,2026-08-22,16,1682,U,55,M,3,3010.00
HOGAR-005231,ENHOGAR,2026-08-23,17,1783,U,62,X,6,3147.00
HOGAR-005232,ENHOGAR,2026-08-24,18,1884,R,69,NR,1,3284.00
HOGAR-005233,ENHOGAR,2026-08-25,19,1985,U,76,F,4,3421.00
HOGAR-005234,ENHOGAR,2026-08-26,20,2086,U,83,M,7,3558.00
HOGAR-005235,ENHOGAR,2026-08-27,21,2187,R,90,X,2,3695.00
HOGAR-005236,ENHOGAR,2026-08-28,22,2288,U,24,NR,5,3832.00
HOGAR-005237,ENHOGAR,2026-08-01,01,0189,U,31,F,8,3969.00
HOGAR-005238,ENHOGAR,2026-08-02,02,0290,R,38,M,3,4106.00
HOGAR-005239,ENHOGAR,2026-08-03,03,0391,U,45,X,6,4243.00
HOGAR-005240,ENHOGAR,2026-08-04,04,0492,U,52,NR,1,4380.00
HOGAR-005241,ENHOGAR,2026-08-05,05,0593,R,59,F,4,4517.00
HOGAR-005242,ENHOGAR,2026-08-06,06,0694,U,66,M,7,4654.00
HOGAR-005243,ENHOGAR,2026-08-07,07,0795,U,73,X,2,4791.00
HOGAR-005244,ENHOGAR,2026-08-08,08,0896,R,80,NR,5,4928.00
HOGAR-005245,ENHOGAR,2026-08-09,09,0997,U,87,F,8,5065.00
HOGAR-005246,ENHOGAR,2026-08-10,10,1098,U,21,M,3,5202.00
HOGAR-005247,ENHOGAR,2026-08-11,11,1199,R,28,X,6,5339.00
HOGAR-005248,ENHOGAR,2026-08-12,12,1201,U,35,NR,1,5476.00
HOGAR-005249,ENHOGAR,2026-08-13,13,1302,U,42,F,4,5613.00
HOGAR-005250,ENHOGAR,2026-08-14,14,1403,R,49,M,7,5750.00
HOGAR-005251,ENHOGAR,2026-08-15,15,1504,U,56,X,2,5887.00
HOGAR-005252,ENHOGAR,2026-08-16,16,1605,U,63,NR,5,6024.00
HOGAR-005253,ENHOGAR,2026-08-17,17,1706,R,70,F,8,6161.00
HOGAR-005254,ENHOGAR,2026-08-18,18,1807,U,77,M,3,6298.00
HOGAR-005255,ENHOGAR,2026-08-19,19,1908,U,84,X,6,6435.00
HOGAR-005256,ENHOGAR,2026-08-20,20,2009,R,18,NR,1,6572.00
HOGAR-005257,ENHOGAR,2026-08-21,21,2110,U,25,F,4,6709.00
HOGAR-005258,ENHOGAR,2026-08-22,22,2211,U,32,M,7,6846.00
HOGAR-005259,ENHOGAR,2026-08-23,01,0112,R,39,X,2,6983.00
HOGAR-005260,ENHOGAR,2026-08-24,02,0213,U,46,NR,5,7120.00
HOGAR-005261,ENHOGAR,2026-08-25,03,0314,U,53,F,8,7257.00
HOGAR-005262,ENHOGAR,2026-08-26,04,0415,R,60,M,3,7394.00
HOGAR-005263,ENHOGAR,2026-08-27,05,0516,U,67,X,6,7531.00
HOGAR-005264,ENHOGAR,2026-08-28,06,0617,U,74,NR,1,7668.00
HOGAR-005265,ENHOGAR,2026-08-01,07,0718,R,81,F,4,7805.00
HOGAR-005266,ENHOGAR,2026-08-02,08,0819,U,88,M,7,7942.00
HOGAR-005267,ENHOGAR,2026-08-03,09,0920,U,22,X,2,8079.00
HOGAR-005268,ENHOGAR,2026-08-04,10,1021,R,29,NR,5,8216.00
HOGAR-005269,ENHOGAR,2026-08-05,11,1122,U,36,F,8,8353.00
HOGAR-005270,ENHOGAR,2026-08-06,12,1223,U,43,M,3,8490.00
HOGAR-005271,ENHOGAR,2026-08-07,13,1324,R,50,X,6,1027.00
HOGAR-005272,ENHOGAR,2026-08-08,14,1425,U,57,NR,1,1164.00
HOGAR-005273,ENHOGAR,2026-08-09,15,1526,U,64,F,4,1301.00
HOGAR-005274,,2026-08-10,16,1627,R,71,M,7,1438.00
HOGAR-005275,ENHOGAR,2026-08-11,17,1728,U,78,X,2,1575.00
HOGAR-005276,ENHOGAR,2026-08-12,18,1829,U,85,NR,5,1712.00
HOGAR-005277,ENHOGAR,2026-08-13,19,1930,R,19,F,8,1849.00
HOGAR-005278,ENHOGAR,2026-08-14,20,2031,U,26,M,3,1986.00
HOGAR-005279,ENHOGAR,2026-08-15,21,2132,U,33,X,6,2123.00
HOGAR-005280,ENHOGAR,2026-08-16,22,2233,R,40,NR,1,2260.00
HOGAR-005281,ENHOGAR,2026-08-17,01,0134,U,47,F,4,2397.00
HOGAR-005282,ENHOGAR,2026-08-18,02,0235,U,54,M,7,2534.00
HOGAR-005283,ENHOGAR,2026-08-19,03,0336,R,61,X,2,2671.00
HOGAR-005284,ENHOGAR,2026-08-20,04,0437,U,68,NR,5,2808.00
HOGAR-005285,ENHOGAR,2026-08-21,05,0538,U,75,F,8,2945.00
HOGAR-005286,ENHOGAR,2026-08-22,06,0639,R,82,M,3,3082.00
HOGAR-005287,ENHOGAR,2026-08-23,07,0740,U,89,X,6,3219.00
HOGAR-005288,ENHOGAR,2026-08-24,08,0841,U,23,NR,1,3356.00
HOGAR-005289,ENHOGAR,2026-08-25,09,0942,R,30,F,4,3493.00
HOGAR-005290,ENHOGAR,2026-08-26,10,1043,U,37,M,7,3630.00
HOGAR-005291,ENHOGAR,2026-08-27,11,1144,U,44,X,2,3767.00
HOGAR-005292,ENHOGAR,2026-08-28,12,1245,R,51,NR,5,3904.00
HOGAR-005293,ENHOGAR,2026-08-01,13,1346,U,58,F,8,4041.00
HOGAR-005294,ENHOGAR,2026-08-02,14,1447,U,65,M,3,4178.00
HOGAR-005295,ENHOGAR,2026-08-03,15,1548,R,72,X,6,4315.00
HOGAR-005296,ENHOGAR,2026-08-04,16,1649,U,79,NR,1,4452.00
HOGAR-005297,ENHOGAR,2026-08-05,17,1750,U,86,F,4,4589.00
HOGAR-005298,ENHOGAR,2026-08-06,18,1851,R,20,M,7,4726.00
HOGAR-005299,ENHOGAR,2026-08-07,19,1952,U,27,X,2,4863.00
HOGAR-005300,ENHOGAR,2026-08-08,20,2053,U,34,NR,5,5000.00
HOGAR-005301,ENHOGAR,2026-08-09,21,2154,R,41,F,8,5137.00
HOGAR-005302,ENHOGAR,2026-08-10,22,2255,U,48,M,3,5274.00
HOGAR-005303,ENHOGAR,2026-08-11,01,0156,U,55,X,6,5411.00
HOGAR-005304,ENHOGAR,2026-08-12,02,0257,R,62,NR,1,5548.00
HOGAR-005305,ENHOGAR,2026-08-13,03,0358,U,69,F,4,5685.00
HOGAR-005306,ENHOGAR,2026-08-14,04,0459,U,76,M,7,5822.00
HOGAR-005307,ENHOGAR,2026-08-15,05,0560,R,83,X,2,5959.00
HOGAR-005308,ENHOGAR,2026-08-16,06,0661,U,90,NR,5,6096.00
HOGAR-005309,ENHOGAR,2026-08-17,07,0762,U,24,F,8,6233.00
HOGAR-005310,ENHOGAR,2026-08-18,08,0863,R,31,M,3,6370.00
HOGAR-005311,ENHOGAR,2026-08-19,09,0964,U,38,X,6,6507.00
HOGAR-005312,ENHOGAR,2026-08-20,10,1065,U,45,NR,1,6644.00
HOGAR-005313,ENHOGAR,2026-08-21,11,1166,R,52,F,4,6781.00
HOGAR-005314,ENHOGAR,2026-08-22,12,1267,U,59,M,7,6918.00
HOGAR-005315,ENHOGAR,2026-08-23,13,1368,U,66,X,2,7055.00
HOGAR-005316,ENHOGAR,2026-08-24,14,1469,R,73,NR,5,7192.00
HOGAR-005317,ENHOGAR,2026-08-25,15,1570,U,80,F,8,7329.00
HOGAR-005318,ENHOGAR,2026-08-26,16,1671,U,87,M,3,7466.00
HOGAR-005319,ENHOGAR,2026-08-27,17,1772,R,21,X,6,7603.00
HOGAR-005320,ENHOGAR,2026-08-28,18,1873,U,28,NR,1,7740.00
HOGAR-005321,ENHOGAR,2026-08-01,19,1974,U,35,F,4,7877.00
HOGAR-005322,ENHOGAR,2026-08-02,20,2075,R,135,M,7,8014.00
HOGAR-005323,ENHOGAR,2026-08-03,21,2176,U,49,X,2,8151.00
HOGAR-005324,ENHOGAR,2026-08-04,22,2277,U,56,NR,5,8288.00
HOGAR-005325,ENHOGAR,2026-08-05,01,0178,R,63,F,8,8425.00
HOGAR-005326,ENHOGAR,2026-08-06,02,0279,U,70,M,3,962.00
HOGAR-005327,ENHOGAR,2026-08-07,03,0380,U,77,X,6,1099.00
HOGAR-005328,ENHOGAR,2026-08-08,04,0481,R,84,NR,1,1236.00
HOGAR-005329,ENHOGAR,2026-08-09,05,0582,U,18,F,4,1373.00
HOGAR-005330,ENHOGAR,2026-08-10,06,0683,U,25,M,7,1510.00
HOGAR-005331,ENHOGAR,2026-08-11,07,0784,R,32,X,2,1647.00
HOGAR-005332,ENHOGAR,2026-08-12,08,0885,U,39,NR,5,1784.00
HOGAR-005333,ENHOGAR,2026-08-13,09,0986,U,46,F,8,1921.00
HOGAR-005334,ENHOGAR,2026-08-14,10,1087,R,53,M,3,2058.00
HOGAR-005335,ENHOGAR,2026-08-15,11,1188,U,60,X,6,2195.00
HOGAR-005336,ENHOGAR,2026-08-16,12,1289,U,67,NR,1,2332.00
HOGAR-005337,ENHOGAR,2026-08-17,13,1390,R,74,F,4,2469.00
HOGAR-005338,ENHOGAR,2026-08-18,14,1491,U,81,M,7, 2606.00 
HOGAR-005339,ENHOGAR,2026-08-19,15,1592,U,88,X,2,2743.00
HOGAR-005340,ENHOGAR,2026-08-20,16,1693,R,22,NR,5,2880.00
HOGAR-005341,ENHOGAR,2026-08-21,17,1794,U,29,F,8,3017.00
HOGAR-005342,ENHOGAR,2026-08-22,18,1895,U,36,M,3,3154.00
HOGAR-005343,ENHOGAR,2026-08-23,19,1996,R,43,X,6,3291.00
HOGAR-005344,ENHOGAR,2026-08-24,20,2097,U,50,NR,1,3428.00
HOGAR-005345,ENHOGAR,2026-08-25,21,2198,U,57,F,4,3565.00
HOGAR-005346,ENHOGAR,2026-08-26,22,2299,R,64,M,7,3702.00
HOGAR-005347,ENHOGAR,2026-08-27,01,0101,U,71,X,2,3839.00
HOGAR-005348,ENHOGAR,2026-08-28,02,0202,U,78,NR,5,3976.00
HOGAR-005349,ENHOGAR,2026-08-01,03,0303,R,85,F,8,4113.00
HOGAR-005350,ENHOGAR,2026-08-02,04,0404,U,19,M,3,4250.00
HOGAR-005351,ENHOGAR,2026-08-03,05,0505,U,26,X,6,4387.00
HOGAR-005352,ENHOGAR,2026-08-04,06,0606,R,33,NR,1,4524.00
HOGAR-005353,ENHOGAR,2026-08-05,07,0707,U,40,F,4,4661.00
HOGAR-005354,ENHOGAR,2026-08-06,08,0808,U,47,M,7,4798.00
HOGAR-005355,ENHOGAR,2026-08-07,09,0909,R,54,X,2,4935.00
HOGAR-005356,ENHOGAR,2026-08-08,10,1010,U,61,NR,5,5072.00
HOGAR-005357,ENHOGAR,2026-08-09,11,1111,U,68,F,8,5209.00
HOGAR-005358,ENHOGAR,2026-08-10,12,1212,R,75,M,3,5346.00
HOGAR-005359,ENHOGAR,2026-08-11,13,1313,U,82,X,6,5483.00
HOGAR-005360,ENHOGAR,2026-08-12,14,1414,U,89,NR,1,5620.00
HOGAR-005361,ENHOGAR,2026-08-13,15,1515,R,23,F,4,5757.00
HOGAR-005362,ENHOGAR,2026-08-14,16,1616,U,30,M,7,5894.00
HOGAR-005363,ENHOGAR,2026-08-15,17,1717,U,37,X,2,6031.00
HOGAR-005364,ENHOGAR,2026-08-16,18,1818,R,44,NR,5,6168.00
HOGAR-005365,ENHOGAR,2026-08-17,19,1919,U,51,F,8,6305.00
HOGAR-005366,ENHOGAR,2026-08-18,20,2020,U,58,M,3,6442.00
HOGAR-005367,ENHOGAR,2026-08-19,21,2121,R,65,X,6,6579.00
HOGAR-005368,ENHOGAR,2026-08-20,22,2222,U,72,NR,1,6716.00
HOGAR-005369,ENHOGAR,2026-08-21,01,0123,U,79,F,4,6853.00
HOGAR-005370,ENHOGAR,2026-08-22,02,0224,R,86,M,7,6990.00
HOGAR-005371,ENHOGAR,2026-08-23,03,0325,U,20,X,2,7127.00
HOGAR-005372,ENHOGAR,2026-08-24,04,0426,U,27,NR,5,7264.00
HOGAR-005373,ENHOGAR,2026-08-25,05,0527,R,34,F,8,7401.00
HOGAR-005374,ENHOGAR,2026-08-26,06,0628,U,41,M,3,7538.00
HOGAR-005375,ENHOGAR,2026-08-27,07,0729,U,48,X,6,7675.00
HOGAR-005376,ENHOGAR,2026-08-28,08,0830,R,55,NR,1,7812.00
HOGAR-005377,ENHOGAR,2026-08-01,09,0931,U,62,F,4,7949.00
HOGAR-005378,ENHOGAR,2026-08-02,10,1032,U,69,M,7,8086.00
HOGAR-005379,ENHOGAR,2026-08-03,11,1133,R,76,X,2,8223.00
HOGAR-005380,ENHOGAR,2026-08-04,12,1234,U,83,NR,5,8360.00
HOGAR-005381,ENHOGAR,2026-08-05,13,1335,U,90,F,8,8497.00
HOGAR-005382,ENHOGAR,2026-08-06,14,1436,R,24,M,3,1034.00
HOGAR-005383,ENHOGAR,2026-08-07,15,1537,U,31,X,6,1171.00
HOGAR-005384,ENHOGAR,2026-08-08,16,1638,U,38,NR,1,1308.00
HOGAR-005385,ENHOGAR,2026-08-09,17,1739,R,45,F,4,1445.00
HOGAR-005386,ENHOGAR,2026-08-10,18,1840,U,52,M,7,1582.00
HOGAR-005387,ENHOGAR,2026-08-11,19,1941,U,59,X,2,1719.00
HOGAR-005388,ENHOGAR,2026-08-12,20,2042,R,66,NR,5,1856.00
HOGAR-005389,ENHOGAR,2026-08-13,21,2143,U,73,F,8,1993.00
HOGAR-005390,ENHOGAR,2026-08-14,22,2244,U,80,M,3,2130.00
HOGAR-005391,ENHOGAR,2026-08-15,01,0145,R,87,X,6,2267.00
HOGAR-005392,ENHOGAR,2026-08-16,02,0246,U,21,NR,1,2404.00
HOGAR-005393,ENHOGAR,2026-08-17,03,0347,U,28,F,4,2541.00
HOGAR-005394,ENHOGAR,2026-08-18,04,0448,R,35,M,7,2678.00
HOGAR-005395,ENHOGAR,2026-08-19,05,0549,U,42,X,2,2815.00
HOGAR-005396,ENHOGAR,2026-08-20,06,0650,U,49,NR,5,2952.00
HOGAR-005397,ENHOGAR,2026-08-21,07,0751,R,56,F,8,3089.00
HOGAR-005398,ENHOGAR,2026-08-22,08,0852,U,63,M,3,3226.00
HOGAR-005399,ENHOGAR,2026-08-23,09,0953,U,70,X,6,3363.00
HOGAR-005400,ENHOGAR,2026-08-24,10,1054,R,77,NR,1,3500.00
HOGAR-005401,ENHOGAR,2026-08-25,11,1155,U,84,F,4,3637.00
HOGAR-005402,ENHOGAR,2026-08-26,12,1256,U,18,M,7,3774.00
HOGAR-005403,ENHOGAR,2026-08-27,13,1357,R,25,X,2,3911.00
HOGAR-005404,ENHOGAR,2026-08-28,14,1458,U,32,NR,5,4048.00
HOGAR-005405,ENHOGAR,2026-08-01,15,1559,U,39,F,8,4185.00
HOGAR-005406,ENHOGAR,2026-08-02,16,1660,R,46,M,3,4322.00
HOGAR-005407,ENHOGAR,2026-08-03,17,1761,U,53,X,6,4459.00
HOGAR-005408,ENHOGAR,2026-08-04,18,1862,U,60,NR,1,4596.00
HOGAR-005409,ENHOGAR,2026-08-05,19,1963,R,67,F,4,4733.00
HOGAR-005410,ENHOGAR,2026-08-06,20,2064,U,74,M,7,4870.00
HOGAR-005411,ENHOGAR,2026-08-07,21,2165,U,81,X,2,5007.00
HOGAR-005412,ENHOGAR,2026-08-08,22,2266,R,88,NR,5,5144.00
HOGAR-005413,ENHOGAR,2026-08-09,01,0167,U,22,F,8,5281.00
HOGAR-005414,ENHOGAR,2026-08-10,02,0268,U,29,M,3,5418.00
HOGAR-005415,ENHOGAR,2026-08-11,03,0369,R,36,X,6,5555.00
HOGAR-005416,ENHOGAR,2026-08-12,04,0470,U,43,NR,1,5692.00
HOGAR-005417,ENHOGAR,2026-08-13,05,0571,U,50,F,4,5829.00
HOGAR-005418,ENHOGAR,2026-08-14,06,0672,R,57,M,7,5966.00
HOGAR-005419,ENHOGAR,2026-08-15,07,0773,U,64,X,2,6103.00
HOGAR-005420,ENHOGAR,2026-08-16,08,0874,U,71,NR,5,6240.00
HOGAR-005421,ENHOGAR,2026-08-17,09,0975,R,78,F,8,6377.00
HOGAR-005422,ENHOGAR,2026-08-18,10,1076,U,85,M,3,6514.00
HOGAR-005423,ENHOGAR,2026-08-19,11,1177,U,19,X,6,6651.00
HOGAR-005424,ENHOGAR,2026-08-20,12,1278,R,26,NR,1,6788.00
HOGAR-005425,ENHOGAR,2026-08-21,13,1379,U,33,F,4,6925.00
HOGAR-005426,ENHOGAR,2026-08-22,14,1480,U,40,M,7,7062.00
HOGAR-005427,ENHOGAR,2026-08-23,15,1581,R,47,X,2,7199.00
HOGAR-005428,ENHOGAR,2026-08-24,16,1682,U,54,NR,5,7336.00
HOGAR-005429,ENHOGAR,2026-08-25,17,1783,U,61,F,8,7473.00
HOGAR-005430,ENHOGAR,2026-08-26,18,1884,R,68,M,3,7610.00
HOGAR-005431,ENHOGAR,2026-08-27,19,1985,U,75,X,6,7747.00
HOGAR-005432,ENHOGAR,2026-08-28,20,2086,U,82,NR,1,7884.00
HOGAR-005433,ENHOGAR,2026-08-01,21,2187,R,89,F,4,8021.00
HOGAR-005434,ENHOGAR,2026-08-02,22,2288,U,23,M,7,8158.00
HOGAR-005435,ENHOGAR,2026-08-03,01,0189,U,30,X,2,8295.00
HOGAR-005436,ENHOGAR,2026-08-04,02,0290,R,37,NR,5,8432.00
HOGAR-005437,ENHOGAR,2026-08-05,03,0391,U,44,F,8,969.00
HOGAR-005438,ENHOGAR,2026-08-06,04,0492,U,51,M,3,1106.00
HOGAR-000001,ENHOGAR,2026-08-07,05,0593,R,58,X,6,1243.00
HOGAR-005440,ENHOGAR,2026-08-08,06,0694,U,65,NR,1,1380.00
HOGAR-005441,ENHOGAR,2026-08-09,07,0795,U,72,F,4,1517.00
HOGAR-005442,ENHOGAR,2026-08-10,08,0896,R,79,M,7,1654.00
HOGAR-005443,ENHOGAR,2026-08-11,09,0997,U,86,X,2,1791.00
HOGAR-005444,ENHOGAR,2026-08-12,10,1098,U,20,NR,5,1928.00
HOGAR-005445,ENHOGAR,2026-08-13,11,1199,R,27,F,8,2065.00
HOGAR-005446,ENHOGAR,2026-08-14,12,1201,U,34,M,3,2202.00
HOGAR-005447,ENHOGAR,2027-01-01,13,1302,U,41,X,6,2339.00
HOGAR-005448,ENHOGAR,2026-08-16,14,1403,R,48,NR,1,2476.00
HOGAR-005449,ENHOGAR,2026-08-17,15,1504,U,55,F,4,2613.00
HOGAR-005450,ENHOGAR,2026-08-18,16,1605,U,62,M,7,2750.00
HOGAR-005451,ENHOGAR,2026-08-19,17,1706,R,69,X,2,2887.00
HOGAR-005452,ENHOGAR,2026-08-20,18,1807,U,76,NR,5,3024.00
HOGAR-005453,ENHOGAR,2026-08-21,19,1908,U,83,F,8,3161.00
HOGAR-005454,ENHOGAR,2026-08-22,20,2009,R,90,M,3,3298.00
HOGAR-005455,ENHOGAR,2026-08-23,21,2110,U,24,X,6,3435.00
HOGAR-005456,ENHOGAR,2026-08-24,22,2211,U,31,NR,1,3572.00
HOGAR-005457,ENHOGAR,2026-08-25,01,0112,R,38,F,4,3709.00
HOGAR-005458,ENHOGAR,2026-08-26,02,0213,U,45,M,7,3846.00
HOGAR-005459,ENHOGAR,2026-08-27,03,0314,U,52,X,2,3983.00
HOGAR-005460,ENHOGAR,2026-08-28,04,0415,R,59,NR,5,4120.00
HOGAR-005461,ENHOGAR,2026-08-01,05,0516,U,66,F,8,4257.00
HOGAR-005462,ENHOGAR,2026-08-02,06,0617,U,73,M,3,4394.00
HOGAR-005463,ENHOGAR,2026-08-03,07,0718,R,80,X,6,4531.00
HOGAR-005464,ENHOGAR,2026-08-04,08,0819,U,87,NR,1,4668.00
HOGAR-005465,ENHOGAR,2026-08-05,09,0920,U,21,F,4,4805.00
HOGAR-005466,ENHOGAR,2026-08-06,10,1021,X,28,M,7,4942.00
HOGAR-005467,ENHOGAR,2026-08-07,11,1122,U,35,X,2,5079.00
HOGAR-005468,ENHOGAR,2026-08-08,12,1223,U,42,NR,5,5216.00
HOGAR-005469,ENHOGAR,2026-08-09,13,1324,R,49,F,8,5353.00
HOGAR-005470,ENHOGAR,2026-08-10,14,1425,U,56,M,3,5490.00
HOGAR-005471,ENHOGAR,2026-08-11,15,1526,U,63,X,6,5627.00
HOGAR-005472,ENHOGAR,2026-08-12,16,1627,R,70,NR,1,5764.00
HOGAR-005473,ENHOGAR,2026-08-13,17,1728,U,77,F,4,5901.00
HOGAR-005474,ENHOGAR,2026-08-14,18,1829,U,84,M,7,6038.00
HOGAR-005475,ENHOGAR,2026-08-15,19,1930,R,18,X,2,6175.00
HOGAR-005476,ENHOGAR,2026-08-16,20,2031,U,25,NR,5,6312.00
HOGAR-005477,ENHOGAR,2026-08-17,21,2132,U,32,F,8,6449.00
HOGAR-005478,ENHOGAR,2026-08-18,22,2233,R,39,M,3,6586.00
HOGAR-005479,ENHOGAR,2026-08-19,01,0134,U,46,X,6,6723.00
HOGAR-005480,ENHOGAR,2026-08-20,02,0235,U,53,NR,1,6860.00
HOGAR-005481,ENHOGAR,2026-08-21,03,0336,R,60,F,4,6997.00
HOGAR-005482,ENHOGAR,2026-08-22,04,0437,U,67,M,7,7134.00
HOGAR-005483,ENHOGAR,2026-08-23,05,0538,U,74,X,2,7271.00
HOGAR-005484,ENHOGAR,2026-08-24,06,0639,R,81,NR,5,7408.00
HOGAR-005485,ENHOGAR,2026-08-25,07,0740,U,88,F,8,7545.00
HOGAR-005486,ENHOGAR,2026-08-26,08,0841,U,22,M,3,7682.00
HOGAR-005487,ENHOGAR,2026-08-27,09,0942,R,29,X,6,7819.00
HOGAR-005488,ENHOGAR,2026-08-28,10,1043,U,36,NR,1,7956.00
HOGAR-005489,ENHOGAR,2026-08-01,11,1144,U,43,F,4,8093.00
HOGAR-005490,ENHOGAR,2026-08-02,12,1245,R,50,M,7,8230.00
HOGAR-005491,ENHOGAR,2026-08-03,13,1346,U,57,X,2,8367.00
HOGAR-005492,ENHOGAR,2026-08-04,14,1447,U,64,NR,5,904.00
HOGAR-005493,ENHOGAR,2026-08-05,15,1548,R,71,F,8,1041.00
HOGAR-005494,ENHOGAR,2026-08-06,16,1649,U,78,M,3,1178.00
HOGAR-005495,ENHOGAR,2026-08-07,17,1750,U,85,X,6, 1315.00 
HOGAR-005496,ENHOGAR,2026-08-08,18,1851,R,19,NR,1,1452.00
HOGAR-005497,ENHOGAR,2026-08-09,19,1952,U,26,F,4,1589.00
HOGAR-005498,ENHOGAR,2026-08-10,20,2053,U,33,M,7,1726.00
HOGAR-005499,ENHOGAR,2026-08-11,21,2154,R,40,X,2,1863.00
HOGAR-005500,ENHOGAR,2026-08-12,22,2255,U,47,NR,5,2000.00
HOGAR-005501,ENHOGAR,2026-08-13,01,0156,U,54,F,8,2137.00
HOGAR-005502,ENHOGAR,2026-08-14,02,0257,R,61,M,3,2274.00
HOGAR-005503,ENHOGAR,2026-08-15,03,0358,U,68,X,6,2411.00
HOGAR-005504,ENHOGAR,2026-08-16,04,0459,U,75,NR,1,2548.00
HOGAR/005505,ENHOGAR,2026-08-17,05,0560,R,82,F,4,2685.00
HOGAR-005506,ENHOGAR,2026-08-18,06,0661,U,89,M,7,2822.00
HOGAR-005507,ENHOGAR,2026-08-19,07,0762,U,23,X,2,2959.00
HOGAR-005508,ENHOGAR,2026-08-20,08,0863,R,30,NR,5,3096.00
HOGAR-005509,ENHOGAR,2026-08-21,09,0964,U,37,F,8,3233.00
HOGAR-005510,ENHOGAR,2026-08-22,10,1065,U,44,M,3,3370.00
HOGAR-005511,ENHOGAR,2026-08-23,11,1166,R,51,X,6,3507.00
HOGAR-005512,ENHOGAR,2026-08-24,12,1267,U,58,NR,1,3644.00
HOGAR-005513,ENHOGAR,2026-08-25,13,1368,U,65,F,4,3781.00
HOGAR-005514,ENHOGAR,2026-08-26,14,1469,R,72,M,7,3918.00
HOGAR-005515,ENHOGAR,2026-08-27,15,1570,U,79,X,2,4055.00
HOGAR-005516,ENHOGAR,2026-08-28,16,1671,U,86,NR,5,4192.00
HOGAR-005517,ENHOGAR,2026-08-01,17,1772,R,20,F,8,4329.00
HOGAR-005518,ENHOGAR,2026-08-02,18,1873,U,27,M,3,4466.00
HOGAR-005519,ENHOGAR,2026-08-03,19,1974,U,34,X,6,4603.00
HOGAR-005520,ENHOGAR,2026-08-04,20,2075,R,41,NR,1,4740.00
HOGAR-005521,ENHOGAR,2026-08-05,21,2176,U,48,F,4,4877.00
HOGAR-005522,ENHOGAR,2026-08-06,22,2277,U,55,M,7,5014.00
HOGAR-005523,ENHOGAR,2026-08-07,01,0178,R,62,X,2,5151.00
HOGAR-005524,ENHOGAR,2026-08-08,02,0279,U,69,NR,5,5288.00
HOGAR-005525,ENHOGAR,2026-08-09,03,0380,U,76,F,8,5425.00
HOGAR-005526,ENHOGAR,2026-08-10,04,0481,R,83,M,3,5562.00
HOGAR-005527,ENHOGAR,2026-08-11,05,0582,U,90,X,6,5699.00
HOGAR-005528,ENHOGAR,2026-08-12,06,0683,U,24,NR,1,5836.00
HOGAR-005529,ENHOGAR,2026-08-13,07,0784,R,31,F,4,5973.00
HOGAR-005530,ENHOGAR,2026-08-14,08,0885,U,38,M,7,6110.00
HOGAR-005531,ENHOGAR,2026-08-15,09,0986,U,45,X,2,6247.00
HOGAR-005532,ENHOGAR,2026-08-16,10,1087,R,52,NR,5,6384.00
HOGAR-005533,ENHOGAR,2026-08-17,11,1188,U,59,F,8,-25.00
HOGAR-005534,ENHOGAR,2026-08-18,12,1289,U,66,M,3,6658.00
HOGAR-005535,ENHOGAR,2026-08-19,13,1390,R,73,X,6,6795.00
HOGAR-005536,ENHOGAR,2026-08-20,14,1491,U,80,NR,1,6932.00
HOGAR-005537,ENHOGAR,2026-08-21,15,1592,U,87,F,4,7069.00
HOGAR-005538,ENHOGAR,2026-08-22,16,1693,R,21,M,7,7206.00
HOGAR-005539,ENHOGAR,2026-08-23,17,1794,U,28,X,2,7343.00
HOGAR-005540,ENHOGAR,2026-08-24,18,1895,U,35,NR,5,7480.00
HOGAR-005541,ENHOGAR,2026-08-25,19,1996,R,42,F,8,7617.00
HOGAR-005542,ENHOGAR,2026-08-26,20,2097,U,49,M,3,7754.00
HOGAR-005543,ENHOGAR,2026-08-27,21,2198,U,56,X,6,7891.00
HOGAR-005544,ENHOGAR,2026-08-28,22,2299,R,63,NR,1,8028.00
HOGAR-005545,ENHOGAR,2026-08-01,01,0101,U,70,F,4,8165.00
HOGAR-005546,ENHOGAR,2026-08-02,02,0202,U,77,M,7,8302.00
HOGAR-005547,ENHOGAR,2026-08-03,03,0303,R,84,X,2,8439.00
HOGAR-005548,ENHOGAR,2026-08-04,04,0404,U,18,NR,5,976.00
HOGAR-005549,ENHOGAR,2026-08-05,05,0505,U,25,F,8,1113.00
HOGAR-005550,ENHOGAR,2026-08-06,06,0606,R,32,M,3,1250.00
HOGAR-005551,ENHOGAR,2026-08-07,07,0707,U,39,X,6,1387.00
HOGAR-005552,ENHOGAR,2026-08-08,08,0808,U,46,NR,1,1524.00
HOGAR-005553,ENHOGAR,2026-08-09,09,0909,R,53,F,4,1661.00
HOGAR-005554,ENHOGAR,2026-08-10,10,1010,U,60,M,7,1798.00
HOGAR-005555,ENHOGAR,2026-08-11,11,1111,U,67,X,2,1935.00
HOGAR-005556,ENHOGAR,2026-08-12,12,1212,R,74,NR,5,2072.00
HOGAR-005557,ENHOGAR,2026-08-13,13,1313,U,81,F,8,2209.00
HOGAR-005558,ENHOGAR,2026-08-14,14,1414,U,88,M,3,2346.00
HOGAR-005559,ENHOGAR,2026-08-15,15,1515,R,22,X,6,2483.00
HOGAR-005560,ENHOGAR,2026-08-16,16,1616,U,29,NR,1,2620.00
HOGAR-005561,ENHOGAR,2026-08-17,17,1717,U,36,F,4,2757.00
HOGAR-005562,ENHOGAR,2026-08-18,18,1818,R,43,M,7,2894.00
HOGAR-005563,ENHOGAR,2026-08-19,19,1919,U,50,X,2,3031.00
HOGAR-005564,ENHOGAR,2026-08-20,20,2020,U,57,NR,5,3168.00
HOGAR-005565,ENHOGAR,2026-08-21,21,2121,R,64,F,8,3305.00
HOGAR-005566,ENHOGAR,2026-08-22,22,2222,U,71,M,3,3442.00
HOGAR-005567,,2026-08-23,01,0123,U,78,X,6,3579.00
HOGAR-005568,ENHOGAR,2026-08-24,02,0224,R,85,NR,1,3716.00
HOGAR-005569,ENHOGAR,2026-08-25,03,0325,U,19,F,4,3853.00
HOGAR-005570,ENHOGAR,2026-08-26,04,0426,U,26,M,7,3990.00
HOGAR-005571,ENHOGAR,2026-08-27,05,0527,R,33,X,2,4127.00
HOGAR-005572,ENHOGAR,2026-08-28,06,0628,U,40,NR,5,4264.00
HOGAR-005573,ENHOGAR,2026-08-01,07,0729,U,47,F,8,4401.00
HOGAR-005574,ENHOGAR,2026-08-02,08,0830,R,54,M,3,4538.00
HOGAR-005575,ENHOGAR,2026-08-03,09,0931,U,61,X,6,4675.00
HOGAR-005576,ENHOGAR,2026-08-04,10,1032,U,68,NR,1,4812.00
HOGAR-005577,ENHOGAR,2026-08-05,11,1133,R,75,F,4,4949.00
HOGAR-005578,ENHOGAR,2026-08-06,12,1234,U,82,M,7,5086.00
HOGAR-005579,ENHOGAR,2026-08-07,13,1335,U,89,X,2,5223.00
HOGAR-005580,ENHOGAR,2026-08-08,14,1436,R,23,NR,5,5360.00
HOGAR-005581,ENHOGAR,2026-08-09,15,1537,U,30,F,8,5497.00
HOGAR-005582,ENHOGAR,2026-08-10,16,1638,U,37,M,3,5634.00
HOGAR-005583,ENHOGAR,2026-08-11,17,1739,R,44,X,6,5771.00
HOGAR-005584,ENHOGAR,2026-08-12,18,1840,U,51,NR,1,5908.00
HOGAR-005585,ENHOGAR,2026-08-13,19,1941,U,58,F,4,6045.00
HOGAR-005586,ENHOGAR,2026-08-14,20,2042,R,65,M,7,6182.00
HOGAR-005587,ENHOGAR,2026-08-15,21,2143,U,72,X,2,6319.00
HOGAR-005588,ENHOGAR,2026-08-16,22,2244,U,79,NR,5,6456.00
HOGAR-005589,ENHOGAR,2026-08-17,01,0145,R,86,F,8,6593.00
HOGAR-005590,ENHOGAR,2026-08-18,02,0246,U,20,M,3,6730.00
HOGAR-005591,ENHOGAR,2026-08-19,03,0347,U,27,X,6,6867.00
HOGAR-005592,ENHOGAR,2026-08-20,04,0448,R,34,NR,1,7004.00
HOGAR-005593,ENHOGAR,2026-08-21,05,0549,U,41,F,4,7141.00
HOGAR-005594,ENHOGAR,2026-08-22,06,0650,U,48,M,7,7278.00
HOGAR-005595,ENHOGAR,2026-08-23,07,0751,R,55,X,2,7415.00
HOGAR-005596,ENHOGAR,2026-08-24,08,0852,U,62,NR,5,7552.00
HOGAR-005597,ENHOGAR,2026-08-25,09,0953,U,69,F,8,7689.00
HOGAR-005598,ENHOGAR,2026-08-26,10,1054,R,76,M,3,7826.00
HOGAR-005599,ENHOGAR,2026-08-27,11,1155,U,83,X,6,7963.00
HOGAR-005600,ENHOGAR,2026-08-28,12,1256,U,90,NR,1,8100.00
HOGAR-005601,ENHOGAR,2026-08-01,13,1357,R,24,F,4,8237.00
HOGAR-005602,ENHOGAR,2026-08-02,14,1458,U,31,M,7,8374.00
HOGAR-005603,ENHOGAR,2026-08-03,15,1559,U,38,X,2,911.00
HOGAR-005604,ENHOGAR,2026-08-04,16,1660,R,45,NR,5,1048.00
HOGAR-005605,ENHOGAR,2026-08-05,17,1761,U,52,F,8,1185.00
HOGAR-005606,ENHOGAR,2026-08-06,18,1862,U,59,M,3,1322.00
HOGAR-005607,ENHOGAR,2026-08-07,19,1963,R,66,X,6,1459.00
HOGAR-005608,ENHOGAR,2026-08-08,20,2064,U,73,NR,1,1596.00
HOGAR-005609,ENHOGAR,2026-08-09,21,2165,U,80,F,4,1733.00
HOGAR-005610,ENHOGAR,2026-08-10,22,2266,R,87,M,7,1870.00
HOGAR-005611,ENHOGAR,2026-08-11,01,0167,U,21,X,2,2007.00
HOGAR-005612,ENHOGAR,2026-08-12,02,0268,U,28,NR,5,2144.00
HOGAR-005613,ENHOGAR,2026-08-13,03,0369,R,35,F,8,2281.00
HOGAR-005614,ENHOGAR,2026-08-14,04,0470,U,42,M,3,2418.00
HOGAR-005615,ENHOGAR,2026-08-15,05,0571,U,49,X,6,2555.00
HOGAR-005616,ENHOGAR,2026-08-16,06,0672,R,56,NR,1,2692.00
HOGAR-005617,ENHOGAR,2026-08-17,07,0773,U,63,F,4,2829.00
HOGAR-005618,ENHOGAR,2026-08-18,08,0874,U,70,M,7,2966.00
HOGAR-005619,ENHOGAR,2026-08-19,09,0975,R,77,X,2,3103.00
HOGAR-005620,ENHOGAR,2026-08-20,10,1076,U,84,NR,5,3240.00
HOGAR-005621,ENHOGAR,2026-08-21,11,1177,U,18,F,8,3377.00
HOGAR-005622,ENHOGAR,2026-08-22,12,1278,R,25,M,3,3514.00
HOGAR-005623,ENHOGAR,2026-08-23,13,1379,U,32,X,6,3651.00
HOGAR-005624,ENHOGAR,2026-08-24,14,1480,U,39,NR,1,3788.00
HOGAR-005625,ENHOGAR,2026-08-25,15,1581,R,46,F,4,3925.00
HOGAR-005626,ENHOGAR,2026-08-26,16,1682,U,53,M,7,4062.00
HOGAR-005627,ENHOGAR,2026-08-27,17,1783,U,60,X,2,4199.00
HOGAR-005628,ENHOGAR,2026-08-28,18,1884,R,67,NR,5,4336.00
HOGAR-005629,ENHOGAR,2026-08-01,19,1985,U,74,F,8,4473.00
HOGAR-005630,ENHOGAR,2026-08-02,20,2086,U,81,M,3,4610.00
HOGAR-005631,ENHOGAR,2026-08-03,21,2187,R,88,X,6,4747.00
HOGAR-005632,ENHOGAR,2026-08-04,22,2288,U,22,NR,1,4884.00
HOGAR-005633,ENHOGAR,2026-08-05,01,0189,U,29,F,4,5021.00
HOGAR-005634,ENHOGAR,2026-08-06,02,0290,R,36,M,7,5158.00
HOGAR-005635,ENHOGAR,2026-08-07,03,0391,U,43,X,2,5295.00
HOGAR-005636,ENHOGAR,2026-08-08,04,0492,U,50,NR,5,5432.00
HOGAR-005637,ENHOGAR,2026-08-09,05,0593,R,57,F,8,5569.00
HOGAR-005638,ENHOGAR,2026-08-10,06,0694,U,64,M,3,5706.00
HOGAR-005639,ENHOGAR,2026-08-11,07,0795,U,71,X,6,5843.00
HOGAR-005640,ENHOGAR,2026-08-12,08,0896,R,78,NR,1,5980.00
HOGAR-005641,ENHOGAR,2026-08-13,09,0997,U,85,F,4,6117.00
HOGAR-005642,ENHOGAR,2026-08-14,10,1098,U,19,M,7,6254.00
HOGAR-005643,ENHOGAR,2026-08-15,11,1199,R,26,X,2,6391.00
HOGAR-005644,ENHOGAR,2026-08-16,12,1201,U,33,NR,5,6528.00
HOGAR-005645,ENHOGAR,2026-08-17,13,1302,U,40,F,8,6665.00
HOGAR-005646,ENHOGAR,2026-08-18,14,1403,R,47,M,3,6802.00
HOGAR-005647,ENHOGAR,2026-08-19,15,1504,U,54,X,6,6939.00
HOGAR-005648,ENHOGAR,2026-08-20,16,1605,U,61,NR,1,7076.00
HOGAR-005649,ENHOGAR,2026-08-21,17,1706,R,68,F,4,7213.00
HOGAR-005650,ENHOGAR,2026-08-22,18,1807,U,75,M,7,7350.00
HOGAR-005651,ENHOGAR,2026-08-23,19,1908,U,82,X,2,7487.00
HOGAR-005652,ENHOGAR,2026-08-24,20,2009,R,89,NR,5, 7624.00 
HOGAR-005653,ENHOGAR,2026-08-25,21,2110,U,23,F,8,7761.00
HOGAR-005654,ENHOGAR,2026-08-26,22,2211,U,30,M,3,7898.00
HOGAR-005655,ENHOGAR,2026-08-27,01,0112,R,37,X,6,8035.00
HOGAR-005656,ENHOGAR,2026-08-28,02,0213,U,44,NR,1,8172.00
HOGAR-005657,ENHOGAR,2026-08-01,03,0314,U,51,F,4,8309.00
HOGAR-005658,ENHOGAR,2026-08-02,04,0415,R,58,M,7,8446.00
HOGAR-005659,ENHOGAR,2026-08-03,05,0516,U,65,X,2,983.00
HOGAR-005660,ENHOGAR,2026-08-04,06,0617,U,72,NR,5,1120.00
HOGAR-005661,ENHOGAR,2026-08-05,07,0718,R,79,F,8,1257.00
HOGAR-005662,ENHOGAR,2026-08-06,08,0819,U,86,M,3,1394.00
HOGAR-005663,ENHOGAR,2026-08-07,09,0920,U,20,X,6,1531.00
HOGAR-005664,ENHOGAR,2026-08-08,10,1021,R,27,NR,1,1668.00
HOGAR-005665,ENHOGAR,2026-08-09,11,1122,U,34,F,4,1805.00
HOGAR-005666,ENHOGAR,2026-08-10,12,1223,U,41,M,7,1942.00
HOGAR-005667,ENHOGAR,2026-08-11,13,1324,R,48,X,2,2079.00
HOGAR-005668,ENHOGAR,2026-08-12,14,1425,U,55,NR,5,2216.00
HOGAR-005669,ENHOGAR,2026-08-13,15,1526,U,62,F,8,2353.00
HOGAR-005670,ENHOGAR,2026-08-14,16,1627,R,69,M,3,2490.00
HOGAR-005671,ENHOGAR,2026-08-15,17,1728,U,76,X,6,2627.00
HOGAR-005672,ENHOGAR,2026-08-16,18,1829,U,83,NR,1,2764.00
HOGAR-005673,ENHOGAR,2026-08-17,19,1930,R,90,F,4,2901.00
HOGAR-005674,ENHOGAR,2026-08-18,20,2031,U,24,M,7,3038.00
HOGAR-005675,ENHOGAR,2026-08-19,21,2132,U,31,X,2,3175.00
HOGAR-005676,ENHOGAR,2026-08-20,22,2233,R,38,NR,5,3312.00
HOGAR-005677,ENHOGAR,2026-08-21,01,0134,U,45,F,8,3449.00
HOGAR-005678,ENHOGAR,2026-08-22,02,0235,U,52,M,3,3586.00
HOGAR-005679,ENHOGAR,2026-08-23,03,0336,R,59,X,6,3723.00
HOGAR-005680,ENHOGAR,2026-08-24,04,0437,U,66,NR,1,3860.00
HOGAR-005681,ENHOGAR,2026-08-25,05,0538,U,73,F,4,3997.00
HOGAR-005682,ENHOGAR,2026-08-26,06,0639,R,80,M,7,4134.00
HOGAR-005683,ENHOGAR,2026-08-27,07,0740,U,87,X,2,4271.00
HOGAR-005684,ENHOGAR,2026-08-28,08,0841,U,21,NR,5,4408.00
HOGAR-005685,ENHOGAR,2026-08-01,09,0942,R,28,F,8,4545.00
HOGAR-005686,ENHOGAR,2026-08-02,10,1043,U,35,M,3,4682.00
HOGAR-005687,ENHOGAR,2026-08-03,11,1144,U,42,X,6,4819.00
HOGAR-005688,ENHOGAR,2026-08-04,12,1245,R,49,NR,1,4956.00
HOGAR-005689,ENHOGAR,2026-08-05,13,1346,U,56,F,4,5093.00
HOGAR-005690,ENHOGAR,2026-08-06,14,1447,U,63,M,7,5230.00
HOGAR-005691,ENHOGAR,2026-08-07,15,1548,R,70,X,2,5367.00
HOGAR-005692,ENHOGAR,2026-08-08,16,1649,U,77,NR,5,5504.00
HOGAR-005693,ENHOGAR,2026-08-09,17,1750,U,84,F,8,5641.00
HOGAR-005694,ENHOGAR,2026-08-10,18,1851,R,18,M,3,5778.00
HOGAR-005695,ENHOGAR,2026-08-11,19,1952,U,25,X,6,5915.00
HOGAR-005696,ENHOGAR,2026-08-12,20,2053,U,32,NR,1,6052.00
HOGAR-005697,ENHOGAR,2026-08-13,21,2154,R,39,F,4,6189.00
HOGAR-005698,ENHOGAR,2026-08-14,22,2255,U,46,M,7,6326.00
HOGAR-005699,ENHOGAR,2026-08-15,01,0156,U,53,X,2,6463.00
HOGAR-005700,ENHOGAR,2026-08-16,02,0257,R,60,NR,5,6600.00
HOGAR-005701,ENHOGAR,2026-08-17,03,0358,U,67,F,8,6737.00
HOGAR-005702,ENHOGAR,2026-08-18,04,0459,U,74,M,3,6874.00
HOGAR-005703,ENHOGAR,2026-08-19,05,0560,R,81,X,6,7011.00
HOGAR-005704,ENHOGAR,2026-08-20,06,0661,U,88,NR,1,7148.00
HOGAR-005705,ENHOGAR,2026-08-21,07,0762,U,22,F,4,7285.00
HOGAR-005706,ENHOGAR,2026-08-22,08,0863,R,29,M,7,7422.00
HOGAR-005707,ENHOGAR,2026-08-23,09,0964,U,36,X,2,7559.00
HOGAR-005708,ENHOGAR,2026-08-24,10,1065,U,43,NR,5,7696.00
HOGAR-005709,ENHOGAR,2026-08-25,11,1166,R,50,F,8,7833.00
HOGAR-005710,ENHOGAR,2026-08-26,12,1267,U,57,M,3,7970.00
HOGAR-005711,ENHOGAR,2026-08-27,13,1368,U,64,X,6,8107.00
HOGAR-005712,ENHOGAR,2026-08-28,14,1469,R,71,NR,1,8244.00
HOGAR-005713,ENHOGAR,2026-08-01,15,1570,U,78,F,4,8381.00
HOGAR-005714,ENHOGAR,2026-08-02,16,1671,U,85,M,7,918.00
HOGAR-005715,ENHOGAR,2026-08-03,17,1772,R,19,X,2,1055.00
HOGAR-005716,ENHOGAR,2026-08-04,18,1873,U,26,NR,5,1192.00
HOGAR-005717,ENHOGAR,2026-08-05,19,1974,U,33,F,8,1329.00
HOGAR-005718,ENHOGAR,2026-08-06,20,2075,R,40,M,3,1466.00
HOGAR-005719,ENHOGAR,2026-08-07,21,2176,U,47,X,6,1603.00
HOGAR-005720,ENHOGAR,2026-08-08,22,2277,U,54,NR,1,1740.00
HOGAR-005721,ENHOGAR,2026-08-09,01,0178,R,61,F,4,1877.00
HOGAR-005722,ENHOGAR,2026-08-10,02,0279,U,68,M,7,2014.00
HOGAR-005723,ENHOGAR,2026-08-11,03,0380,U,75,X,2,2151.00
HOGAR-005724,ENHOGAR,2026-08-12,04,0481,R,82,NR,5,2288.00
HOGAR-005725,ENHOGAR,2026-08-13,05,0582,U,89,F,8,2425.00
HOGAR-005726,ENHOGAR,2026-08-14,06,0683,U,23,M,3,2562.00
HOGAR-005727,ENHOGAR,2026-08-15,07,0784,R,30,X,6,2699.00
HOGAR-005728,ENHOGAR,2026-08-16,08,0885,U,37,NR,1,2836.00
HOGAR-005729,ENHOGAR,2026-08-17,09,0986,U,44,F,4,2973.00
HOGAR-005730,ENHOGAR,2026-08-18,10,1087,R,51,M,7,3110.00
HOGAR-005731,ENHOGAR,2026-08-19,11,1188,U,58,X,2,3247.00
HOGAR-005732,ENHOGAR,2026-08-20,12,1289,U,65,NR,5,3384.00
HOGAR-005733,ENHOGAR,2026-08-21,13,1390,R,72,F,8,3521.00
HOGAR-005734,ENHOGAR,2026-08-22,14,1491,U,79,M,3,3658.00
HOGAR-005735,ENHOGAR,2026-08-23,15,1592,U,86,X,6,3795.00
HOGAR-005736,ENHOGAR,2026-08-24,16,1693,R,20,NR,1,3932.00
HOGAR-005737,ENHOGAR,2026-08-25,17,1794,U,27,F,4,4069.00
HOGAR-005738,ENHOGAR,2026-08-26,18,1895,U,34,M,7,4206.00
HOGAR-005739,ENHOGAR,2026-08-27,19,1996,R,41,X,2,4343.00
HOGAR-005740,ENHOGAR,2026-08-28,20,2097,U,48,NR,5,4480.00
HOGAR-005741,ENHOGAR,2026-08-01,21,2198,U,55,F,8,4617.00
HOGAR-005742,ENHOGAR,2026-08-02,22,2299,R,62,M,3,4754.00
HOGAR-005743,ENHOGAR,2026-08-03,01,0101,U,69,X,6,4891.00
HOGAR-005744,ENHOGAR,2026-08-04,02,0202,U,76,NR,1,5028.00
HOGAR-005745,ENHOGAR,2026-08-05,03,0303,R,83,F,4,5165.00
HOGAR-005746,ENHOGAR,2026-08-06,04,0404,U,90,M,7,5302.00
HOGAR-005747,ENHOGAR,2026-08-07,05,0505,U,24,X,2,5439.00
HOGAR-005748,ENHOGAR,2026-08-08,06,0606,R,31,NR,5,5576.00
HOGAR-005749,ENHOGAR,2026-08-09,07,0707,U,38,F,8,5713.00
HOGAR-005750,ENHOGAR,2026-08-10,08,0808,U,45,M,3,5850.00
HOGAR-005751,ENHOGAR,2026-08-11,09,0909,R,52,X,6,5987.00
HOGAR-005752,ENHOGAR,2026-08-12,10,1010,U,59,NR,1,6124.00
HOGAR-005753,ENHOGAR,2026-08-13,11,1111,U,66,F,4,6261.00
HOGAR-005754,ENHOGAR,2026-08-14,12,1212,R,73,M,7,6398.00
HOGAR-005755,ENHOGAR,2026-08-15,13,1313,U,80,X,2,6535.00
HOGAR-005756,ENHOGAR,2026-08-16,14,1414,U,87,NR,5,6672.00
HOGAR-005757,ENHOGAR,2026-08-17,15,1515,R,21,F,8,6809.00
HOGAR-005758,ENHOGAR,2026-08-18,16,1616,U,28,M,3,6946.00
HOGAR-005759,ENHOGAR,2026-08-19,17,1717,U,35,X,6,7083.00
HOGAR-005760,ENHOGAR,2026-08-20,18,1818,R,42,NR,1,7220.00
HOGAR-005761,ENHOGAR,2026-08-21,19,1919,U,49,F,4,7357.00
HOGAR-005762,ENHOGAR,2026-08-22,20,2020,U,56,M,7,7494.00
HOGAR-005763,ENHOGAR,2026-08-23,21,2121,R,63,X,2,7631.00
HOGAR-005764,ENHOGAR,2026-08-24,22,2222,U,70,NR,5,7768.00
HOGAR-005765,ENHOGAR,2026-08-25,01,0123,U,77,F,8,7905.00
HOGAR-005766,ENHOGAR,2026-08-26,02,0224,R,84,M,3,8042.00
HOGAR-005767,ENHOGAR,2026-08-27,03,0325,U,18,X,6,8179.00
HOGAR-005768,ENHOGAR,2026-08-28,04,0426,U,25,NR,1,8316.00
HOGAR-005769,ENHOGAR,2026-08-01,05,0527,R,32,F,0,8453.00
HOGAR-005770,ENHOGAR,2026-08-02,06,0628,U,39,M,7,990.00
HOGAR-005771,ENHOGAR,2026-08-03,07,0729,U,46,X,2,1127.00
HOGAR-005772,ENHOGAR,2026-08-04,08,0830,R,53,NR,5,1264.00
HOGAR-005773,ENHOGAR,2026-08-05,09,0931,U,60,F,8,1401.00
HOGAR-005774,ENHOGAR,2026-08-06,10,1032,U,67,M,3,1538.00
HOGAR-005775,ENHOGAR,2026-08-07,11,1133,R,74,X,6,1675.00
HOGAR-005776,ENHOGAR,2026-08-08,12,1234,U,81,NR,1,1812.00
HOGAR-005777,ENHOGAR,2026-08-09,13,1335,U,88,F,4,1949.00
HOGAR-005778,ENHOGAR,2026-08-10,14,1436,R,22,M,7,2086.00
HOGAR-005779,ENHOGAR,2026-08-11,15,1537,U,29,X,2,2223.00
HOGAR-005780,ENHOGAR,2026-08-12,16,1638,U,36,NR,5,2360.00
HOGAR-005781,ENHOGAR,2026-08-13,17,1739,R,43,F,8,2497.00
HOGAR-005782,ENHOGAR,2026-08-14,18,1840,U,50,M,3,2634.00
HOGAR-005783,ENHOGAR,2026-08-15,19,1941,U,57,X,6,2771.00
HOGAR-005784,ENHOGAR,2026-08-16,20,2042,R,64,NR,1,2908.00
HOGAR-005785,ENHOGAR,2026-08-17,21,2143,U,71,F,4,3045.00
HOGAR-005786,ENHOGAR,2026-08-18,22,2244,U,78,M,7,3182.00
HOGAR-005787,ENHOGAR,2026-08-19,01,0145,R,85,X,2,3319.00
HOGAR-005788,ENHOGAR,2026-08-20,02,0246,U,19,NR,5,3456.00
HOGAR-005789,ENHOGAR,2026-08-21,03,0347,U,26,F,8,3593.00
HOGAR-005790,ENHOGAR,2026-08-22,04,0448,R,33,M,3,3730.00
HOGAR-005791,ENHOGAR,2026-08-23,05,0549,U,40,X,6,3867.00
HOGAR-005792,ENHOGAR,2026-08-24,06,0650,U,47,NR,1,4004.00
HOGAR-005793,ENHOGAR,2026-08-25,07,0751,R,54,F,4,4141.00
HOGAR-005794,ENHOGAR,2026-08-26,08,0852,U,61,M,7,4278.00
HOGAR-005795,ENHOGAR,2026-08-27,09,0953,U,68,X,2,4415.00
HOGAR-005796,ENHOGAR,2026-08-28,10,1054,R,75,NR,5,4552.00
HOGAR-005797,ENHOGAR,2026-08-01,11,1155,U,82,F,8,4689.00
HOGAR-005798,ENHOGAR,2026-08-02,12,1256,U,89,M,3,4826.00
HOGAR-005799,ENHOGAR,2026-08-03,13,1357,R,23,X,6,4963.00
HOGAR-005800,ENHOGAR,2026-08-04,14,1458,U,30,NR,1,5100.00
HOGAR-005801,ENHOGAR,2026-08-05,15,1559,U,37,F,4,5237.00
HOGAR-005802,ENHOGAR,2026-08-06,16,1660,R,44,M,7,5374.00
HOGAR-005803,ENHOGAR,2026-08-07,17,1761,U,51,X,2,5511.00
HOGAR-005804,ENHOGAR,2026-08-08,18,1862,U,58,NR,5,5648.00
HOGAR-005805,ENHOGAR,2026-08-09,19,1963,R,65,F,8,5785.00
HOGAR-005806,ENHOGAR,2026-08-10,20,2064,U,72,M,3,5922.00
HOGAR-005807,ENHOGAR,2026-08-11,21,2165,U,79,X,6,6059.00
HOGAR-005808,ENHOGAR,2026-08-12,22,2266,R,86,NR,1,6196.00
HOGAR-005809,ENHOGAR,2026-08-13,01,0167,U,20,F,4, 6333.00 
HOGAR-005810,ENHOGAR,2026-08-14,02,0268,U,27,M,7,6470.00
HOGAR-005811,ENHOGAR,2026-08-15,03,0369,R,34,X,2,6607.00
HOGAR-005812,ENHOGAR,2026-08-16,04,0470,U,41,NR,5,6744.00
HOGAR-005813,ENHOGAR,2026-08-17,05,0571,U,48,F,8,6881.00
HOGAR-005814,ENHOGAR,2026-08-18,06,0672,R,55,M,3,7018.00
HOGAR-005815,ENHOGAR,2026-08-19,07,0773,U,62,X,6,7155.00
HOGAR-005816,ENHOGAR,2026-08-20,08,0874,U,69,NR,1,7292.00
HOGAR-005817,ENHOGAR,2026-08-21,09,0975,R,76,F,4,7429.00
HOGAR-005818,ENHOGAR,2026-08-22,10,1076,U,83,M,7,7566.00
HOGAR-005819,ENHOGAR,2026-08-23,11,1177,U,90,X,2,7703.00
HOGAR-005820,ENHOGAR,2026-08-24,12,1278,R,24,NR,5,7840.00
HOGAR-005821,ENHOGAR,2026-08-25,13,1379,U,31,F,8,7977.00
HOGAR-005822,ENHOGAR,2026-08-26,14,1480,U,38,M,3,8114.00
HOGAR-005823,ENHOGAR,2026-08-27,15,1581,R,45,X,6,8251.00
HOGAR-005824,ENHOGAR,2026-08-28,16,1682,U,52,NR,1,8388.00
HOGAR-005825,ENHOGAR,2026-08-01,17,1783,U,59,F,4,925.00
HOGAR-005826,ENHOGAR,2026-08-02,18,1884,R,66,M,7,1062.00
HOGAR-005827,ENHOGAR,2026-08-03,19,1985,U,73,X,2,1199.00
HOGAR-005828,ENHOGAR,2026-08-04,20,2086,U,80,NR,5,1336.00
HOGAR-005829,ENHOGAR,2026-08-05,21,2187,R,87,F,8,1473.00
HOGAR-005830,ENHOGAR,2026-08-06,22,2288,U,21,M,3,1610.00
HOGAR-005831,ENHOGAR,2026-08-07,01,0189,U,28,X,6,1747.00
HOGAR-005832,ENHOGAR,2026-08-08,02,0290,R,35,NR,1,1884.00
HOGAR-005833,ENHOGAR,2026-08-09,03,0391,U,42,F,4,2021.00
HOGAR-005834,ENHOGAR,2026-08-10,04,0492,U,49,M,7,2158.00
HOGAR-005835,ENHOGAR,2026-08-11,05,0593,R,56,X,2,2295.00
HOGAR-005836,ENHOGAR,2026-08-12,06,0694,U,63,NR,5,2432.00
HOGAR-005837,ENHOGAR,2026-08-13,07,0795,U,70,F,8,2569.00
HOGAR-005838,ENHOGAR,2026-08-14,08,0896,R,77,M,3,2706.00
HOGAR-005839,ENHOGAR,2026-08-15,09,0997,U,84,X,6,2843.00
HOGAR-005840,ENHOGAR,2026-08-16,10,1098,U,18,NR,1,2980.00
HOGAR-005841,ENHOGAR,2026-08-17,11,1199,R,25,F,4,3117.00
HOGAR-005842,ENHOGAR,2026-08-18,12,1201,U,32,M,7,3254.00
HOGAR-005843,ENHOGAR,2026-08-19,13,1302,U,39,X,2,3391.00
HOGAR-005844,ENHOGAR,2026-08-20,14,1403,R,46,NR,5,3528.00
HOGAR-005845,ENHOGAR,2026-08-21,15,1504,U,53,F,8,3665.00
HOGAR-005846,ENHOGAR,2026-08-22,16,1605,U,60,M,3,3802.00
HOGAR-005847,ENHOGAR,2026-08-23,17,1706,R,67,X,6,3939.00
HOGAR-005848,ENHOGAR,2026-08-24,18,1807,U,74,NR,1,4076.00
HOGAR-005849,ENHOGAR,2026-08-25,19,1908,U,81,F,4,4213.00
HOGAR-005850,ENHOGAR,2026-08-26,20,2009,R,88,M,7,4350.00
HOGAR-005851,ENHOGAR,2026-08-27,21,2110,U,22,X,2,4487.00
HOGAR-005852,ENHOGAR,2026-08-28,22,2211,U,29,NR,5,4624.00
HOGAR-005853,ENHOGAR,2026-08-01,01,0112,R,36,F,8,4761.00
HOGAR-005854,ENHOGAR,2026-08-02,02,0213,U,43,M,3,4898.00
HOGAR-005855,ENHOGAR,2026-08-03,03,0314,U,50,X,6,5035.00
HOGAR-005856,ENHOGAR,2026-08-04,04,0415,R,57,NR,1,5172.00
HOGAR-005857,ENHOGAR,2026-08-05,05,0516,U,64,F,4,5309.00
HOGAR-005858,ENHOGAR,2026-08-06,06,0617,U,71,M,7,5446.00
HOGAR-005859,ENHOGAR,2026-08-07,07,0718,R,78,X,2,5583.00
HOGAR-005860,,2026-08-08,08,0819,U,85,NR,5,5720.00
HOGAR-005861,ENHOGAR,2026-08-09,09,0920,U,19,F,8,5857.00
HOGAR-005862,ENHOGAR,2026-08-10,10,1021,R,26,M,3,5994.00
HOGAR-005863,ENHOGAR,2026-08-11,11,1122,U,33,X,6,6131.00
HOGAR-005864,ENHOGAR,2026-08-12,12,1223,U,40,Z,1,6268.00
HOGAR-005865,ENHOGAR,2026-08-13,13,1324,R,47,F,4,6405.00
HOGAR-005866,ENHOGAR,2027-01-01,14,1425,U,54,M,7,6542.00
HOGAR-005867,ENHOGAR,2026-08-15,15,1526,U,61,X,2,6679.00
HOGAR-005868,ENHOGAR,2026-08-16,16,1627,R,68,NR,5,6816.00
HOGAR-005869,ENHOGAR,2026-08-17,17,1728,U,75,F,8,6953.00
HOGAR-005870,ENHOGAR,2026-08-18,18,1829,U,82,M,3,7090.00
HOGAR-005871,ENHOGAR,2026-08-19,19,1930,R,89,X,6,7227.00
HOGAR/005872,ENHOGAR,2026-08-20,20,2031,U,23,NR,1,7364.00
HOGAR-005873,ENHOGAR,2026-08-21,21,2132,U,30,F,4,7501.00
HOGAR-005874,ENHOGAR,2026-08-22,22,2233,R,37,M,7,7638.00
HOGAR-005875,ENHOGAR,2026-08-23,01,0134,U,44,X,2,7775.00
HOGAR-005876,ENHOGAR,2026-08-24,02,0235,U,51,NR,5,7912.00
HOGAR-005877,ENHOGAR,2026-08-25,03,0336,R,58,F,8,8049.00
HOGAR-005878,ENHOGAR,2026-08-26,04,0437,U,65,M,3,8186.00
HOGAR-005879,ENHOGAR,2026-08-27,05,0538,U,72,X,6,8323.00
HOGAR-005880,ENHOGAR,2026-08-28,06,0639,R,79,NR,1,8460.00
HOGAR-005881,ENHOGAR,2026-08-01,07,0740,U,86,F,4,997.00
HOGAR-005882,ENHOGAR,2026-08-02,08,0841,U,20,M,7,1134.00
HOGAR-005883,ENHOGAR,2026-08-03,09,0942,R,27,X,2,1271.00
HOGAR-005884,ENHOGAR,2026-08-04,10,1043,U,34,NR,5,1408.00
HOGAR-005885,ENHOGAR,2026-08-05,11,1144,U,41,F,8,1545.00
HOGAR-005886,ENHOGAR,2026-08-06,12,1245,R,48,M,3,1682.00
HOGAR-005887,ENHOGAR,2026-08-07,13,1346,U,55,X,6,1819.00
HOGAR-005888,ENHOGAR,2026-08-08,14,1447,U,62,NR,1,1956.00
HOGAR-005889,ENHOGAR,2026-08-09,15,1548,R,69,F,4,2093.00
HOGAR-005890,ENHOGAR,2026-08-10,16,1649,U,76,M,7,2230.00
HOGAR-005891,ENHOGAR,2026-08-11,17,1750,U,83,X,2,2367.00
HOGAR-005892,ENHOGAR,2026-08-12,18,1851,R,90,NR,5,2504.00
HOGAR-005893,ENHOGAR,2026-08-13,19,1952,U,24,F,8,2641.00
HOGAR-005894,ENHOGAR,2026-08-14,20,2053,U,31,M,3,2778.00
HOGAR-005895,ENHOGAR,2026-08-15,21,2154,R,38,X,6,2915.00
HOGAR-005896,ENHOGAR,2026-08-16,22,2255,U,45,NR,1,3052.00
HOGAR-005897,ENHOGAR,2026-08-17,01,0156,U,52,F,4,3189.00
HOGAR-005898,ENHOGAR,2026-08-18,02,0257,R,59,M,7,3326.00
HOGAR-005899,ENHOGAR,2026-08-19,03,0358,U,66,X,2,3463.00
HOGAR-005900,ENHOGAR,2026-08-20,04,0459,U,73,NR,5,3600.00
HOGAR-005901,ENHOGAR,2026-08-21,05,0560,R,80,F,8,3737.00
HOGAR-005902,ENHOGAR,2026-08-22,06,0661,U,87,M,3,3874.00
HOGAR-005903,ENHOGAR,2026-08-23,07,0762,U,21,X,6,4011.00
HOGAR-005904,ENHOGAR,2026-08-24,08,0863,R,28,NR,1,4148.00
HOGAR-005905,ENHOGAR,2026-08-25,09,0964,U,35,F,4,4285.00
HOGAR-005906,ENHOGAR,2026-08-26,10,1065,U,42,M,7,4422.00
HOGAR-005907,ENHOGAR,2026-08-27,11,1166,R,49,X,2,4559.00
HOGAR-005908,ENHOGAR,2026-08-28,12,1267,U,56,NR,5,4696.00
HOGAR-005909,ENHOGAR,2026-08-01,13,1368,U,63,F,8,4833.00
HOGAR-005910,ENHOGAR,2026-08-02,14,1469,R,70,M,3,4970.00
HOGAR-005911,ENHOGAR,2026-08-03,15,1570,U,77,X,6,5107.00
HOGAR-005912,ENHOGAR,2026-08-04,16,1671,U,84,NR,1,5244.00
HOGAR-005913,ENHOGAR,2026-08-05,17,1772,R,18,F,4,5381.00
HOGAR-005914,ENHOGAR,2026-08-06,18,1873,U,25,M,7,5518.00
HOGAR-005915,ENHOGAR,2026-08-07,19,1974,U,32,X,2,5655.00
HOGAR-005916,ENHOGAR,2026-08-08,20,2075,R,39,NR,5,5792.00
HOGAR-005917,ENHOGAR,2026-08-09,21,2176,U,46,F,8,5929.00
HOGAR-005918,ENHOGAR,2026-08-10,22,2277,U,53,M,3,6066.00
HOGAR-005919,ENHOGAR,2026-08-11,01,0178,R,60,X,6,6203.00
HOGAR-005920,ENHOGAR,2026-08-12,02,0279,U,67,NR,1,6340.00
HOGAR-005921,ENHOGAR,2026-08-13,03,0380,U,74,F,4,6477.00
HOGAR-005922,ENHOGAR,2026-08-14,04,0481,R,81,M,7,6614.00
HOGAR-005923,ENHOGAR,2026-08-15,05,0582,U,88,X,2,6751.00
HOGAR-005924,ENHOGAR,2026-08-16,06,0683,U,22,NR,5,6888.00
HOGAR-005925,ENHOGAR,2026-08-17,07,0784,R,29,F,8,7025.00
HOGAR-005926,ENHOGAR,2026-08-18,08,0885,U,36,M,3,7162.00
HOGAR-005927,ENHOGAR,2026-08-19,09,0986,U,43,X,6,7299.00
HOGAR-005928,ENHOGAR,2026-08-20,10,1087,R,50,NR,1,7436.00
HOGAR-005929,ENHOGAR,2026-08-21,11,1188,U,57,F,4,7573.00
HOGAR-005930,ENHOGAR,2026-08-22,12,1289,U,64,M,7,7710.00
HOGAR-005931,ENHOGAR,2026-08-23,13,1390,R,71,X,2,7847.00
HOGAR-005932,ENHOGAR,2026-08-24,14,1491,U,78,NR,5,7984.00
HOGAR-005933,ENHOGAR,2026-08-25,15,1592,U,85,F,8,8121.00
HOGAR-005934,ENHOGAR,2026-08-26,16,1693,R,19,M,3,8258.00
HOGAR-005935,ENHOGAR,2026-08-27,17,1794,U,26,X,6,8395.00
HOGAR-005936,ENHOGAR,2026-08-28,18,1895,U,33,NR,1,932.00
HOGAR-005937,ENHOGAR,2026-08-01,19,1996,R,40,F,4,1069.00
HOGAR-005938,ENHOGAR,2026-08-02,20,2097,U,47,M,7,1206.00
HOGAR-005939,ENHOGAR,2026-08-03,21,2198,U,54,X,2,1343.00
HOGAR-005940,ENHOGAR,2026-08-04,22,2299,R,61,NR,5,1480.00
HOGAR-005941,ENHOGAR,2026-08-05,01,0101,U,68,F,8,1617.00
HOGAR-005942,ENHOGAR,2026-08-06,02,0202,U,75,M,3,1754.00
HOGAR-005943,ENHOGAR,2026-08-07,03,0303,R,82,X,6,1891.00
HOGAR-005944,ENHOGAR,2026-08-08,04,0404,U,89,NR,1,2028.00
HOGAR-005945,ENHOGAR,2026-08-09,05,0505,U,23,F,4,2165.00
HOGAR-005946,ENHOGAR,2026-08-10,06,0606,R,30,M,7,2302.00
HOGAR-005947,ENHOGAR,2026-08-11,07,0707,U,37,X,2,2439.00
HOGAR-005948,ENHOGAR,2026-08-12,08,0808,U,44,NR,5,2576.00
HOGAR-005949,ENHOGAR,2026-08-13,09,0909,R,51,F,8,2713.00
HOGAR-005950,ENHOGAR,2026-08-14,10,1010,U,58,M,3,2850.00
HOGAR-005951,ENHOGAR,2026-08-15,11,1111,U,65,X,6,2987.00
HOGAR-005952,ENHOGAR,2026-08-16,12,1212,R,72,NR,1,3124.00
HOGAR-005953,ENHOGAR,2026-08-17,13,1313,U,79,F,4,3261.00
HOGAR-005954,ENHOGAR,2026-08-18,14,1414,U,86,M,7,3398.00
HOGAR-005955,ENHOGAR,2026-08-19,15,1515,R,20,X,2,3535.00
HOGAR-005956,ENHOGAR,2026-08-20,16,1616,U,27,NR,5,3672.00
HOGAR-005957,ENHOGAR,2026-08-21,17,1717,U,34,F,8,3809.00
HOGAR-005958,ENHOGAR,2026-08-22,18,1818,R,41,M,3,3946.00
HOGAR-005959,ENHOGAR,2026-08-23,19,1919,U,48,X,6,4083.00
HOGAR-005960,ENHOGAR,2026-08-24,20,2020,U,55,NR,1,4220.00
HOGAR-005961,ENHOGAR,2026-08-25,21,2121,R,62,F,4,4357.00
HOGAR-005962,ENHOGAR,2026-08-26,22,2222,U,69,M,7,4494.00
HOGAR-005963,ENHOGAR,2026-08-27,01,0123,U,76,X,2,4631.00
HOGAR-005964,ENHOGAR,2026-08-28,02,0224,R,83,NR,5,4768.00
HOGAR-005965,ENHOGAR,2026-08-01,03,0325,U,90,F,8,4905.00
HOGAR-005966,ENHOGAR,2026-08-02,04,0426,U,24,M,3, 5042.00 
HOGAR-005967,ENHOGAR,2026-08-03,05,0527,R,31,X,6,5179.00
HOGAR-005968,ENHOGAR,2026-08-04,06,0628,U,38,NR,1,5316.00
HOGAR-005969,ENHOGAR,2026-08-05,07,0729,U,45,F,4,5453.00
HOGAR-005970,ENHOGAR,2026-08-06,08,0830,R,52,M,7,5590.00
HOGAR-005971,ENHOGAR,2026-08-07,09,0931,U,59,X,2,5727.00
HOGAR-005972,ENHOGAR,2026-08-08,10,1032,U,66,NR,5,5864.00
HOGAR-005973,ENHOGAR,2026-08-09,11,1133,R,73,F,8,6001.00
HOGAR-005974,ENHOGAR,2026-08-10,12,1234,U,80,M,3,6138.00
HOGAR-005975,ENHOGAR,2026-08-11,13,1335,U,87,X,6,6275.00
HOGAR-005976,ENHOGAR,2026-08-12,14,1436,R,21,NR,1,6412.00
HOGAR-005977,ENHOGAR,2026-08-13,15,1537,U,28,F,4,6549.00
HOGAR-005978,ENHOGAR,2026-08-14,16,1638,U,35,M,7,6686.00
HOGAR-005979,ENHOGAR,2026-08-15,17,1739,R,42,X,2,6823.00
HOGAR-005980,ENHOGAR,2026-08-16,18,1840,U,49,NR,5,6960.00
HOGAR-005981,ENHOGAR,2026-08-17,19,1941,U,56,F,8,7097.00
HOGAR-005982,ENHOGAR,2026-08-18,20,2042,R,63,M,3,
HOGAR-005983,ENHOGAR,2026-08-19,21,2143,U,70,X,6,7371.00
HOGAR-005984,ENHOGAR,2026-08-20,22,2244,U,77,NR,1,7508.00
HOGAR-005985,ENHOGAR,2026-08-21,01,0145,R,84,F,4,7645.00
HOGAR-005986,ENHOGAR,2026-08-22,02,0246,U,18,M,7,7782.00
HOGAR-005987,ENHOGAR,2026-08-23,03,0347,U,25,X,2,7919.00
HOGAR-005988,ENHOGAR,2026-08-24,04,0448,R,32,NR,5,8056.00
HOGAR-005989,ENHOGAR,2026-08-25,05,0549,U,39,F,8,8193.00
HOGAR-005990,ENHOGAR,2026-08-26,06,0650,U,46,M,3,8330.00
HOGAR-005991,ENHOGAR,2026-08-27,07,0751,R,53,X,6,8467.00
HOGAR-005992,ENHOGAR,2026-08-28,08,0852,U,60,NR,1,1004.00
HOGAR-005993,ENHOGAR,2026-08-01,09,0953,U,67,F,4,1141.00
HOGAR-005994,ENHOGAR,2026-08-02,10,1054,R,74,M,7,1278.00
HOGAR-005995,ENHOGAR,2026-08-03,11,1155,U,81,X,2,1415.00
HOGAR-005996,ENHOGAR,2026-08-04,12,1256,U,88,NR,5,1552.00
HOGAR-005997,ENHOGAR,2026-08-05,13,1357,R,22,F,8,1689.00
HOGAR-005998,ENHOGAR,2026-08-06,14,1458,U,29,M,3,1826.00
HOGAR-005999,ENHOGAR,2026-08-07,15,1559,U,36,X,6,1963.00
HOGAR-006000,ENHOGAR,2026-08-08,16,1660,R,43,NR,1,2100.00
HOGAR-006001,ENHOGAR,2026-08-09,17,1761,U,50,F,4,2237.00
HOGAR-006002,ENHOGAR,2026-08-10,18,1862,U,57,M,7,2374.00
HOGAR-006003,ENHOGAR,2026-08-11,19,1963,R,64,X,2,2511.00
HOGAR-006004,ENHOGAR,2026-08-12,20,2064,U,71,NR,5,2648.00
HOGAR-006005,ENHOGAR,2026-08-13,21,2165,U,78,F,8,2785.00
HOGAR-006006,ENHOGAR,2026-08-14,22,2266,R,85,M,3,2922.00
HOGAR-006007,ENHOGAR,2026-08-15,01,0167,U,19,X,6,3059.00
HOGAR-006008,ENHOGAR,2026-08-16,02,0268,U,26,NR,1,3196.00
HOGAR-006009,ENHOGAR,2026-08-17,03,0369,R,33,F,4,3333.00
HOGAR-006010,ENHOGAR,2026-08-18,04,0470,U,40,M,7,3470.00
HOGAR-006011,ENHOGAR,2026-08-19,05,0571,U,47,X,2,3607.00
HOGAR-006012,ENHOGAR,2026-08-20,06,0672,R,54,NR,5,3744.00
HOGAR-006013,ENHOGAR,2026-08-21,07,0773,U,61,F,8,3881.00
HOGAR-006014,ENHOGAR,2026-08-22,08,0874,U,68,M,3,4018.00
HOGAR-006015,ENHOGAR,2026-08-23,09,0975,R,75,X,6,4155.00
HOGAR-006016,ENHOGAR,2026-08-24,10,1076,U,82,NR,1,4292.00
HOGAR-006017,ENHOGAR,2026-08-25,11,1177,U,89,F,4,4429.00
HOGAR-006018,ENHOGAR,2026-08-26,12,1278,R,23,M,7,4566.00
HOGAR-006019,ENHOGAR,2026-08-27,13,1379,U,30,X,2,4703.00
HOGAR-006020,ENHOGAR,2026-08-28,14,1480,U,37,NR,5,4840.00
HOGAR-006021,ENHOGAR,2026-08-01,15,1581,R,44,F,8,4977.00
HOGAR-006022,ENHOGAR,2026-08-02,16,1682,U,51,M,3,5114.00
HOGAR-006023,ENHOGAR,2026-08-03,17,1783,U,58,X,6,5251.00
HOGAR-006024,ENHOGAR,2026-08-04,18,1884,R,65,NR,1,5388.00
HOGAR-006025,ENHOGAR,2026-08-05,19,1985,U,72,F,4,5525.00
HOGAR-006026,ENHOGAR,2026-08-06,20,2086,U,79,M,7,5662.00
HOGAR-006027,ENHOGAR,2026-08-07,21,2187,R,86,X,2,5799.00
HOGAR-006028,ENHOGAR,2026-08-08,22,2288,U,20,NR,5,5936.00
HOGAR-006029,ENHOGAR,2026-08-09,01,0189,U,27,F,8,6073.00
HOGAR-006030,ENHOGAR,2026-08-10,02,0290,R,34,M,3,6210.00
HOGAR-006031,ENHOGAR,2026-08-11,03,0391,U,41,X,6,6347.00
HOGAR-006032,ENHOGAR,2026-08-12,04,0492,U,48,NR,1,6484.00
HOGAR-006033,ENHOGAR,2026-08-13,05,0593,R,55,F,4,6621.00
HOGAR-006034,ENHOGAR,2026-08-14,06,0694,U,62,M,7,6758.00
HOGAR-006035,ENHOGAR,2026-08-15,07,0795,U,69,X,2,6895.00
HOGAR-006036,ENHOGAR,2026-08-16,08,0896,R,76,NR,5,-25.00
HOGAR-006037,ENHOGAR,2026-08-17,09,0997,U,83,F,8,7169.00
HOGAR-006038,ENHOGAR,2026-08-18,10,1098,U,90,M,3,7306.00
HOGAR-006039,ENHOGAR,2026-08-19,11,1199,R,24,X,6,7443.00
HOGAR-006040,ENHOGAR,2026-08-20,12,1201,U,31,NR,1,7580.00
HOGAR-006041,ENHOGAR,2026-08-21,13,1302,U,38,F,4,7717.00
HOGAR-006042,ENHOGAR,2026-08-22,14,1403,R,45,M,7,7854.00
HOGAR-006043,ENHOGAR,2026-08-23,15,1504,U,52,X,2,7991.00
HOGAR-006044,ENHOGAR,2026-08-24,16,1605,U,59,NR,5,8128.00
HOGAR-006045,ENHOGAR,2026-08-25,17,1706,R,66,F,8,8265.00
HOGAR-006046,ENHOGAR,2026-08-26,18,1807,U,73,M,3,8402.00
HOGAR-006047,ENHOGAR,2026-08-27,19,1908,U,80,X,6,939.00
HOGAR-006048,ENHOGAR,2026-08-28,20,2009,R,87,NR,1,1076.00
HOGAR-006049,ENHOGAR,2026-08-01,21,2110,U,21,F,4,1213.00
HOGAR-006050,ENHOGAR,2026-08-02,22,2211,U,28,M,7,1350.00
HOGAR-006051,ENHOGAR,2026-08-03,01,0112,R,35,X,2,1487.00
HOGAR-006052,ENHOGAR,2026-08-04,02,0213,U,42,NR,5,1624.00
HOGAR-006053,ENHOGAR,2026-08-05,03,0314,U,49,F,8,1761.00
HOGAR-006054,ENHOGAR,2026-08-06,04,0415,R,56,M,3,1898.00
HOGAR-006055,ENHOGAR,2026-08-07,05,0516,U,63,X,6,2035.00
HOGAR-006056,ENHOGAR,2026-08-08,06,0617,U,70,NR,1,2172.00
HOGAR-006057,ENHOGAR,2026-08-09,07,0718,R,77,F,4,2309.00
HOGAR-006058,ENHOGAR,2026-08-10,08,0819,U,84,M,7,2446.00
HOGAR-006059,ENHOGAR,2026-08-11,09,0920,U,18,X,2,2583.00
HOGAR-006060,ENHOGAR,2026-08-12,10,1021,R,25,NR,5,2720.00
HOGAR-006061,ENHOGAR,2026-08-13,11,1122,U,32,F,8,2857.00
HOGAR-006062,ENHOGAR,2026-08-14,12,1223,U,39,M,3,2994.00
HOGAR-006063,ENHOGAR,2026-08-15,13,1324,R,46,X,6,3131.00
HOGAR-006064,ENHOGAR,2026-08-16,14,1425,U,53,NR,1,3268.00
HOGAR-006065,ENHOGAR,2026-08-17,15,1526,U,60,F,4,3405.00
HOGAR-006066,ENHOGAR,2026-08-18,16,1627,R,67,M,7,3542.00
HOGAR-006067,ENHOGAR,2026-08-19,17,1728,U,74,X,2,3679.00
HOGAR-006068,ENHOGAR,2026-08-20,18,1829,U,81,NR,5,3816.00
HOGAR-006069,ENHOGAR,2026-08-21,19,1930,R,88,F,8,3953.00
HOGAR-006070,ENHOGAR,2026-08-22,20,2031,U,22,M,3,4090.00
HOGAR-006071,ENHOGAR,2026-08-23,21,2132,U,29,X,6,4227.00
HOGAR-006072,ENHOGAR,2026-08-24,22,2233,R,36,NR,1,4364.00
HOGAR-006073,ENHOGAR,2026-08-25,01,0134,U,43,F,4,4501.00
HOGAR-006074,ENHOGAR,2026-08-26,02,0235,U,50,M,7,4638.00
HOGAR-006075,ENHOGAR,2026-08-27,03,0336,R,57,X,2,4775.00
HOGAR-006076,ENHOGAR,2026-08-28,04,0437,U,64,NR,5,4912.00
HOGAR-006077,ENHOGAR,2026-08-01,05,0538,U,71,F,8,5049.00
HOGAR-006078,ENHOGAR,2026-08-02,06,0639,R,78,M,3,5186.00
HOGAR-006079,ENHOGAR,2026-08-03,07,0740,U,85,X,6,5323.00
HOGAR-006080,ENHOGAR,2026-08-04,08,0841,U,19,NR,1,5460.00
HOGAR-006081,ENHOGAR,2026-08-05,09,0942,R,26,F,4,5597.00
HOGAR-006082,ENHOGAR,2026-08-06,10,1043,U,33,M,7,5734.00
HOGAR-006083,ENHOGAR,2026-08-07,11,1144,U,40,X,2,5871.00
HOGAR-006084,ENHOGAR,2026-08-08,12,1245,R,47,NR,5,6008.00
HOGAR-006085,ENHOGAR,2026-08-09,13,1346,U,54,F,8,6145.00
HOGAR-006086,ENHOGAR,2026-08-10,14,1447,U,61,M,3,6282.00
HOGAR-006087,ENHOGAR,2026-08-11,15,1548,R,68,X,6,6419.00
HOGAR-006088,ENHOGAR,2026-08-12,16,1649,U,75,NR,1,6556.00
HOGAR-006089,ENHOGAR,2026-08-13,17,1750,U,82,F,4,6693.00
HOGAR-006090,ENHOGAR,2026-08-14,18,1851,R,89,M,7,6830.00
HOGAR-006091,ENHOGAR,2026-08-15,19,1952,U,23,X,2,6967.00
HOGAR-006092,ENHOGAR,2026-08-16,20,2053,U,30,NR,5,7104.00
HOGAR-006093,ENHOGAR,2026-08-17,21,2154,R,37,F,8,7241.00
HOGAR-006094,ENHOGAR,2026-08-18,22,2255,U,44,M,3,7378.00
HOGAR-006095,ENHOGAR,2026-08-19,01,0156,U,51,X,6,7515.00
HOGAR-006096,ENHOGAR,2026-08-20,02,0257,R,58,NR,1,7652.00
HOGAR-006097,ENHOGAR,2026-08-21,03,0358,U,65,F,4,7789.00
HOGAR-006098,ENHOGAR,2026-08-22,04,0459,U,72,M,7,7926.00
HOGAR-006099,ENHOGAR,2026-08-23,05,0560,R,79,X,2,8063.00
HOGAR-006100,ENHOGAR,2026-08-24,06,0661,U,86,NR,5,8200.00
HOGAR-006101,ENHOGAR,2026-08-25,07,0762,U,20,F,8,8337.00
HOGAR-006102,ENHOGAR,2026-08-26,08,0863,R,27,M,3,8474.00
HOGAR-006103,ENHOGAR,2026-08-27,09,0964,U,34,X,6,1011.00
HOGAR-006104,ENHOGAR,2026-08-28,10,1065,U,41,NR,1,1148.00
HOGAR-006105,ENHOGAR,2026-08-01,11,1166,R,48,F,4,1285.00
HOGAR-006106,ENHOGAR,2026-08-02,12,1267,U,55,M,7,1422.00
HOGAR-006107,ENHOGAR,2026-08-03,13,1368,U,62,X,2,1559.00
HOGAR-006108,ENHOGAR,2026-08-04,14,1469,R,69,NR,5,1696.00
HOGAR-006109,ENHOGAR,2026-08-05,15,1570,U,76,F,8,1833.00
HOGAR-006110,ENHOGAR,2026-08-06,16,1671,U,83,M,3,1970.00
HOGAR-006111,ENHOGAR,2026-08-07,17,1772,R,90,X,6,2107.00
HOGAR-006112,ENHOGAR,2026-08-08,18,1873,U,24,NR,1,2244.00
HOGAR-006113,ENHOGAR,2026-08-09,19,1974,U,31,F,4,2381.00
HOGAR-006114,ENHOGAR,2026-08-10,20,2075,R,38,M,7,2518.00
HOGAR-006115,ENHOGAR,2026-08-11,21,2176,U,45,X,2,2655.00
HOGAR-006116,ENHOGAR,2026-08-12,22,2277,U,52,NR,5,2792.00
HOGAR-006117,ENHOGAR,2026-08-13,01,0178,R,59,F,8,2929.00
HOGAR-006118,ENHOGAR,2026-08-14,02,0279,U,66,M,3,3066.00
HOGAR-006119,ENHOGAR,2026-08-15,03,0380,U,73,X,6,3203.00
HOGAR-006120,ENHOGAR,2026-08-16,04,0481,R,80,NR,1,3340.00
HOGAR-006121,ENHOGAR,2026-08-17,05,0582,U,87,F,4,3477.00
HOGAR-006122,ENHOGAR,2026-08-18,06,0683,U,21,M,7,3614.00
HOGAR-006123,ENHOGAR,2026-08-19,07,0784,R,28,X,2, 3751.00 
HOGAR-006124,ENHOGAR,2026-08-20,08,0885,U,35,NR,5,3888.00
HOGAR-006125,ENHOGAR,2026-08-21,09,0986,U,42,F,8,4025.00
HOGAR-006126,ENHOGAR,2026-08-22,10,1087,R,49,M,3,4162.00
HOGAR-006127,ENHOGAR,2026-08-23,11,1188,U,56,X,6,4299.00
HOGAR-006128,ENHOGAR,2026-08-24,12,1289,U,63,NR,1,4436.00
HOGAR-006129,ENHOGAR,2026-08-25,13,1390,R,70,F,4,4573.00
HOGAR-006130,ENHOGAR,2026-08-26,14,1491,U,77,M,7,4710.00
HOGAR-006131,ENHOGAR,2026-08-27,15,1592,U,84,X,2,4847.00
HOGAR-006132,ENHOGAR,2026-08-28,16,1693,R,18,NR,5,4984.00
HOGAR-006133,ENHOGAR,2026-08-01,17,1794,U,25,F,8,5121.00
HOGAR-006134,ENHOGAR,2026-08-02,18,1895,U,32,M,3,5258.00
HOGAR-006135,ENHOGAR,2026-08-03,19,1996,R,39,X,6,5395.00
HOGAR-006136,ENHOGAR,2026-08-04,20,2097,U,46,NR,1,5532.00
HOGAR-006137,ENHOGAR,2026-08-05,21,2198,U,53,F,4,5669.00
HOGAR-006138,ENHOGAR,2026-08-06,22,2299,R,60,M,7,5806.00
HOGAR-006139,ENHOGAR,2026-08-07,01,0101,U,67,X,2,5943.00
HOGAR-006140,ENHOGAR,2026-08-08,02,0202,U,74,NR,5,6080.00
HOGAR-006141,ENHOGAR,2026-08-09,03,0303,R,81,F,8,6217.00
HOGAR-006142,ENHOGAR,2026-08-10,04,0404,U,88,M,3,6354.00
HOGAR-006143,ENHOGAR,2026-08-11,05,0505,U,22,X,6,6491.00
HOGAR-006144,ENHOGAR,2026-08-12,06,0606,R,29,NR,1,6628.00
HOGAR-006145,ENHOGAR,2026-08-13,07,0707,U,36,F,4,6765.00
HOGAR-006146,ENHOGAR,2026-08-14,08,0808,U,43,M,7,6902.00
HOGAR-006147,ENHOGAR,2026-08-15,09,0909,R,50,X,2,7039.00
HOGAR-006148,ENHOGAR,2026-08-16,10,1010,U,57,NR,5,7176.00
HOGAR-006149,ENHOGAR,2026-08-17,11,1111,U,64,F,8,7313.00
HOGAR-006150,ENHOGAR,2026-08-18,12,1212,R,71,M,3,7450.00
HOGAR-006151,ENHOGAR,2026-08-19,13,1313,U,78,X,6,7587.00
HOGAR-006152,ENHOGAR,2026-08-20,14,1414,U,85,NR,1,7724.00
HOGAR-006153,,2026-08-21,15,1515,R,19,F,4,7861.00
HOGAR-006154,ENHOGAR,2026-08-22,16,1616,U,26,M,7,7998.00
HOGAR-006155,ENHOGAR,2026-08-23,17,1717,U,33,X,2,8135.00
HOGAR-006156,ENHOGAR,2026-08-24,18,1818,R,40,NR,5,8272.00
HOGAR-006157,ENHOGAR,2026-08-25,19,1919,U,47,F,8,8409.00
HOGAR-006158,ENHOGAR,2026-08-26,20,2020,U,54,M,3,946.00
HOGAR-006159,ENHOGAR,2026-08-27,21,2121,R,61,X,6,1083.00
HOGAR-006160,ENHOGAR,2026-08-28,22,2222,U,68,NR,1,1220.00
HOGAR-006161,ENHOGAR,2026-08-01,01,0123,U,75,F,4,1357.00
HOGAR-006162,ENHOGAR,2026-08-02,02,0224,R,82,M,7,1494.00
HOGAR-006163,ENHOGAR,2026-08-03,03,0325,U,89,X,2,1631.00
HOGAR-006164,ENHOGAR,2026-08-04,04,0426,U,23,NR,5,1768.00
HOGAR-006165,ENHOGAR,2026-08-05,05,0527,R,30,F,8,1905.00
HOGAR-006166,ENHOGAR,2026-08-06,06,0628,U,37,M,3,2042.00
HOGAR-006167,ENHOGAR,2026-08-07,07,0729,U,44,X,6,2179.00
HOGAR-006168,ENHOGAR,2026-08-08,08,0830,R,51,NR,1,2316.00
HOGAR-006169,ENHOGAR,2026-08-09,09,0931,U,58,F,4,2453.00
HOGAR-006170,ENHOGAR,2026-08-10,10,1032,U,65,M,7,2590.00
HOGAR-006171,ENHOGAR,2026-08-11,11,1133,R,72,X,2,2727.00
HOGAR-006172,ENHOGAR,2026-08-12,12,1234,U,79,NR,5,2864.00
HOGAR-006173,ENHOGAR,2026-08-13,13,1335,U,86,F,8,3001.00
HOGAR-006174,ENHOGAR,2026-08-14,14,1436,R,20,M,3,3138.00
HOGAR-006175,ENHOGAR,2026-08-15,15,1537,U,27,X,6,3275.00
HOGAR-006176,ENHOGAR,2026-08-16,16,1638,U,34,NR,1,3412.00
HOGAR-006177,ENHOGAR,2026-08-17,17,1739,R,41,F,4,3549.00
HOGAR-006178,ENHOGAR,2026-08-18,18,1840,U,48,M,7,3686.00
HOGAR-006179,ENHOGAR,2026-08-19,19,1941,U,55,X,2,3823.00
HOGAR-006180,ENHOGAR,2026-08-20,20,2042,R,62,NR,5,3960.00
HOGAR-006181,ENHOGAR,2026-08-21,21,2143,U,69,F,8,4097.00
HOGAR-006182,ENHOGAR,2026-08-22,22,2244,U,76,M,3,4234.00
HOGAR-006183,ENHOGAR,2026-08-23,01,0145,R,83,X,6,4371.00
HOGAR-006184,ENHOGAR,2026-08-24,02,0246,U,90,NR,1,4508.00
HOGAR-006185,ENHOGAR,2026-08-25,03,0347,U,24,F,4,4645.00
HOGAR-006186,ENHOGAR,2026-08-26,04,0448,R,31,M,7,4782.00
HOGAR-006187,ENHOGAR,2026-08-27,05,0549,U,38,X,2,4919.00
HOGAR-006188,ENHOGAR,2026-08-28,06,0650,U,45,NR,5,5056.00
HOGAR-006189,ENHOGAR,2026-08-01,07,0751,R,52,F,8,5193.00
HOGAR-006190,ENHOGAR,2026-08-02,08,0852,U,59,M,3,5330.00
HOGAR-006191,ENHOGAR,2026-08-03,09,0953,U,66,X,6,5467.00
HOGAR-006192,ENHOGAR,2026-08-04,10,1054,R,73,NR,1,5604.00
HOGAR-006193,ENHOGAR,2026-08-05,11,1155,U,80,F,4,5741.00
HOGAR-006194,ENHOGAR,2026-08-06,12,1256,U,87,M,7,5878.00
HOGAR-006195,ENHOGAR,2026-08-07,13,1357,R,21,X,2,6015.00
HOGAR-006196,ENHOGAR,2026-08-08,14,1458,U,28,NR,5,6152.00
HOGAR-006197,ENHOGAR,2026-08-09,15,1559,U,35,F,8,6289.00
HOGAR-006198,ENHOGAR,2026-08-10,16,1660,R,42,M,3,6426.00
HOGAR-006199,ENHOGAR,2026-08-11,17,1761,U,49,X,6,6563.00
HOGAR-006200,ENHOGAR,2026-08-12,18,1862,U,56,NR,1,6700.00
HOGAR-006201,ENHOGAR,2026-08-13,19,1963,R,63,F,4,6837.00
HOGAR-006202,ENHOGAR,2026-08-14,20,2064,U,70,M,7,6974.00
HOGAR-006203,ENHOGAR,2026-08-15,21,2165,U,77,X,2,7111.00
HOGAR-006204,ENHOGAR,2026-08-16,22,2266,R,84,NR,5,7248.00
HOGAR-006205,ENHOGAR,2026-08-17,01,0167,U,18,F,8,7385.00
HOGAR-006206,ENHOGAR,2026-08-18,02,0268,U,25,M,3,7522.00
HOGAR-006207,ENHOGAR,2026-08-19,03,0369,R,32,X,6,7659.00
HOGAR-006208,ENHOGAR,2026-08-20,04,0470,U,39,NR,1,7796.00
HOGAR-006209,ENHOGAR,2026-08-21,05,0571,U,135,F,4,7933.00
HOGAR-006210,ENHOGAR,2026-08-22,06,0672,R,53,M,7,8070.00
HOGAR-006211,ENHOGAR,2026-08-23,07,0773,U,60,X,2,8207.00
HOGAR-006212,ENHOGAR,2026-08-24,08,0874,U,67,NR,5,8344.00
HOGAR-006213,ENHOGAR,2026-08-25,09,0975,R,74,F,8,8481.00
HOGAR-006214,ENHOGAR,2026-08-26,10,1076,U,81,M,3,1018.00
HOGAR-006215,ENHOGAR,2026-08-27,11,1177,U,88,X,6,1155.00
HOGAR-000001,ENHOGAR,2026-08-28,12,1278,R,22,NR,1,1292.00
HOGAR-006217,ENHOGAR,2026-08-01,13,1379,U,29,F,4,1429.00
HOGAR-006218,ENHOGAR,2026-08-02,14,1480,U,36,M,7,1566.00
HOGAR-006219,ENHOGAR,2026-08-03,15,1581,R,43,X,2,1703.00
HOGAR-006220,ENHOGAR,2026-08-04,16,1682,U,50,NR,5,1840.00
HOGAR-006221,ENHOGAR,2026-08-05,17,1783,U,57,F,8,1977.00
HOGAR-006222,ENHOGAR,2026-08-06,18,1884,R,64,M,3,2114.00
HOGAR-006223,ENHOGAR,2026-08-07,19,1985,U,71,X,6,2251.00
HOGAR-006224,ENHOGAR,2026-08-08,20,2086,U,78,NR,1,2388.00
HOGAR-006225,ENHOGAR,2026-08-09,21,2187,R,85,F,4,2525.00
HOGAR-006226,ENHOGAR,2026-08-10,22,2288,U,19,M,7,2662.00
HOGAR-006227,ENHOGAR,2026-08-11,01,0189,U,26,X,2,2799.00
HOGAR-006228,ENHOGAR,2026-08-12,02,0290,R,33,NR,5,2936.00
HOGAR-006229,ENHOGAR,2026-08-13,03,0391,U,40,F,8,3073.00
HOGAR-006230,ENHOGAR,2026-08-14,04,0492,U,47,M,3,3210.00
HOGAR-006231,ENHOGAR,2026-08-15,05,0593,R,54,X,6,3347.00
HOGAR-006232,ENHOGAR,2026-08-16,06,0694,U,61,NR,1,3484.00
HOGAR-006233,ENHOGAR,2026-08-17,07,0795,U,68,F,4,3621.00
HOGAR-006234,ENHOGAR,2026-08-18,08,0896,R,75,M,7,3758.00
HOGAR-006235,ENHOGAR,2026-08-19,09,0997,U,82,X,2,3895.00
HOGAR-006236,ENHOGAR,2026-08-20,10,1098,U,89,NR,5,4032.00
HOGAR-006237,ENHOGAR,2026-08-21,11,1199,R,23,F,8,4169.00
HOGAR-006238,ENHOGAR,2026-08-22,12,1201,U,30,M,3,4306.00
HOGAR/006239,ENHOGAR,2026-08-23,13,1302,U,37,X,6,4443.00
HOGAR-006240,ENHOGAR,2026-08-24,14,1403,R,44,NR,1,4580.00
HOGAR-006241,ENHOGAR,2026-08-25,15,1504,U,51,F,4,4717.00
HOGAR-006242,ENHOGAR,2026-08-26,16,1605,U,58,M,7,4854.00
HOGAR-006243,ENHOGAR,2026-08-27,17,1706,R,65,X,2,4991.00
HOGAR-006244,ENHOGAR,2026-08-28,18,1807,U,72,NR,5,5128.00
HOGAR-006245,ENHOGAR,2026-08-01,19,1908,U,79,F,8,5265.00
HOGAR-006246,ENHOGAR,2026-08-02,20,2009,R,86,M,3,5402.00
HOGAR-006247,ENHOGAR,2026-08-03,21,2110,U,20,X,6,5539.00
HOGAR-006248,ENHOGAR,2026-08-04,22,2211,U,27,NR,1,5676.00
HOGAR-006249,ENHOGAR,2026-08-05,01,0112,R,34,F,4,5813.00
HOGAR-006250,ENHOGAR,2026-08-06,02,0213,U,41,M,7,5950.00
HOGAR-006251,ENHOGAR,2026-08-07,03,0314,U,48,X,2,6087.00
HOGAR-006252,ENHOGAR,2026-08-08,04,0415,R,55,NR,5,6224.00
HOGAR-006253,ENHOGAR,2026-08-09,05,0516,U,62,F,8,6361.00
HOGAR-006254,ENHOGAR,2026-08-10,06,0617,U,69,M,3,6498.00
HOGAR-006255,ENHOGAR,2026-08-11,07,0718,R,76,X,6,6635.00
HOGAR-006256,ENHOGAR,2026-08-12,08,0819,U,83,NR,1,6772.00
HOGAR-006257,ENHOGAR,2026-08-13,09,0920,U,90,F,4,6909.00
HOGAR-006258,ENHOGAR,2026-08-14,10,1021,R,24,M,7,7046.00
HOGAR-006259,ENHOGAR,2026-08-15,11,1122,U,31,X,2,7183.00
HOGAR-006260,ENHOGAR,2026-08-16,12,1223,U,38,NR,5,7320.00
HOGAR-006261,ENHOGAR,2026-08-17,13,1324,R,45,F,8,7457.00
HOGAR-006262,ENHOGAR,2026-08-18,14,1425,U,52,M,3,7594.00
HOGAR-006263,ENHOGAR,2026-08-19,15,1526,U,59,X,6,7731.00
HOGAR-006264,ENHOGAR,2026-08-20,16,1627,R,66,NR,1,7868.00
HOGAR-006265,ENHOGAR,2026-08-21,17,1728,U,73,F,4,8005.00
HOGAR-006266,ENHOGAR,2026-08-22,18,1829,U,80,M,7,8142.00
HOGAR-006267,ENHOGAR,2026-08-23,19,1930,R,87,X,2,8279.00
HOGAR-006268,ENHOGAR,2026-08-24,20,2031,U,21,NR,5,8416.00
HOGAR-006269,ENHOGAR,2026-08-25,21,2132,U,28,F,8,953.00
HOGAR-006270,ENHOGAR,2026-08-26,22,2233,R,35,M,3,1090.00
HOGAR-006271,ENHOGAR,2026-08-27,01,0134,U,42,X,6,1227.00
HOGAR-006272,ENHOGAR,2026-08-28,02,0235,U,49,NR,1,1364.00
HOGAR-006273,ENHOGAR,2026-08-01,03,0336,R,56,F,4,1501.00
HOGAR-006274,ENHOGAR,2026-08-02,04,0437,U,63,M,7,1638.00
HOGAR-006275,ENHOGAR,2026-08-03,05,0538,U,70,X,2,1775.00
HOGAR-006276,ENHOGAR,2026-08-04,06,0639,R,77,NR,5,1912.00
HOGAR-006277,ENHOGAR,2026-08-05,07,0740,U,84,F,8,2049.00
HOGAR-006278,ENHOGAR,2026-08-06,08,0841,U,18,M,3,2186.00
HOGAR-006279,ENHOGAR,2026-08-07,09,0942,R,25,X,6,2323.00
HOGAR-006280,ENHOGAR,2026-08-08,10,1043,U,32,NR,1, 2460.00 
HOGAR-006281,ENHOGAR,2026-08-09,11,1144,U,39,F,4,2597.00
HOGAR-006282,ENHOGAR,2026-08-10,12,1245,R,46,M,7,2734.00
HOGAR-006283,ENHOGAR,2026-08-11,13,1346,U,53,X,2,2871.00
HOGAR-006284,ENHOGAR,2026-08-12,14,1447,U,60,NR,5,3008.00
HOGAR-006285,ENHOGAR,2027-01-01,15,1548,R,67,F,8,3145.00
HOGAR-006286,ENHOGAR,2026-08-14,16,1649,U,74,M,3,3282.00
HOGAR-006287,ENHOGAR,2026-08-15,17,1750,U,81,X,6,3419.00
HOGAR-006288,ENHOGAR,2026-08-16,18,1851,R,88,NR,1,3556.00
HOGAR-006289,ENHOGAR,2026-08-17,19,1952,U,22,F,4,3693.00
HOGAR-006290,ENHOGAR,2026-08-18,20,2053,U,29,M,7,3830.00
HOGAR-006291,ENHOGAR,2026-08-19,21,2154,R,36,X,2,3967.00
HOGAR-006292,ENHOGAR,2026-08-20,22,2255,U,43,NR,5,4104.00
HOGAR-006293,ENHOGAR,2026-08-21,01,0156,U,50,F,8,4241.00
HOGAR-006294,ENHOGAR,2026-08-22,02,0257,R,57,M,3,4378.00
HOGAR-006295,ENHOGAR,2026-08-23,03,0358,U,64,X,6,4515.00
HOGAR-006296,ENHOGAR,2026-08-24,04,0459,U,71,NR,1,4652.00
HOGAR-006297,ENHOGAR,2026-08-25,05,0560,R,78,F,4,4789.00
HOGAR-006298,ENHOGAR,2026-08-26,06,0661,U,85,M,7,4926.00
HOGAR-006299,ENHOGAR,2026-08-27,07,0762,U,19,X,2,5063.00
HOGAR-006300,ENHOGAR,2026-08-28,08,0863,R,26,NR,5,5200.00
HOGAR-006301,ENHOGAR,2026-08-01,09,0964,U,33,F,8,5337.00
HOGAR-006302,ENHOGAR,2026-08-02,10,1065,U,40,M,3,5474.00
HOGAR-006303,ENHOGAR,2026-08-03,11,1166,R,47,X,6,5611.00
HOGAR-006304,ENHOGAR,2026-08-04,12,1267,U,54,NR,1,5748.00
HOGAR-006305,ENHOGAR,2026-08-05,13,1368,U,61,F,4,5885.00
HOGAR-006306,ENHOGAR,2026-08-06,14,1469,R,68,M,7,6022.00
HOGAR-006307,ENHOGAR,2026-08-07,15,1570,U,75,X,2,6159.00
HOGAR-006308,ENHOGAR,2026-08-08,16,1671,U,82,NR,5,6296.00
HOGAR-006309,ENHOGAR,2026-08-09,17,1772,R,89,F,8,6433.00
HOGAR-006310,ENHOGAR,2026-08-10,18,1873,U,23,M,3,6570.00
HOGAR-006311,ENHOGAR,2026-08-11,19,1974,U,30,X,6,6707.00
HOGAR-006312,ENHOGAR,2026-08-12,20,2075,R,37,NR,1,6844.00
HOGAR-006313,ENHOGAR,2026-08-13,21,2176,U,44,F,4,6981.00
HOGAR-006314,ENHOGAR,2026-08-14,22,2277,U,51,M,7,7118.00
HOGAR-006315,ENHOGAR,2026-08-15,01,0178,R,58,X,2,7255.00
HOGAR-006316,ENHOGAR,2026-08-16,02,0279,U,65,NR,5,7392.00
HOGAR-006317,ENHOGAR,2026-08-17,03,0380,U,72,F,8,7529.00
HOGAR-006318,ENHOGAR,2026-08-18,04,0481,R,79,M,3,7666.00
HOGAR-006319,ENHOGAR,2026-08-19,05,0582,U,86,X,6,7803.00
HOGAR-006320,ENHOGAR,2026-08-20,06,0683,U,20,NR,1,7940.00
HOGAR-006321,ENHOGAR,2026-08-21,07,0784,R,27,F,4,8077.00
HOGAR-006322,ENHOGAR,2026-08-22,08,0885,U,34,M,7,8214.00
HOGAR-006323,ENHOGAR,2026-08-23,09,0986,U,41,X,2,8351.00
HOGAR-006324,ENHOGAR,2026-08-24,10,1087,R,48,NR,5,8488.00
HOGAR-006325,ENHOGAR,2026-08-25,11,1188,U,55,F,8,1025.00
HOGAR-006326,ENHOGAR,2026-08-26,12,1289,U,62,M,3,1162.00
HOGAR-006327,ENHOGAR,2026-08-27,13,1390,R,69,X,6,1299.00
HOGAR-006328,ENHOGAR,2026-08-28,14,1491,U,76,NR,1,1436.00
HOGAR-006329,ENHOGAR,2026-08-01,15,1592,U,83,F,4,1573.00
HOGAR-006330,ENHOGAR,2026-08-02,16,1693,R,90,M,7,1710.00
HOGAR-006331,ENHOGAR,2026-08-03,17,1794,U,24,X,2,1847.00
HOGAR-006332,ENHOGAR,2026-08-04,18,1895,U,31,NR,5,1984.00
HOGAR-006333,ENHOGAR,2026-08-05,19,1996,R,38,F,8,2121.00
HOGAR-006334,ENHOGAR,2026-08-06,20,2097,U,45,M,3,2258.00
HOGAR-006335,ENHOGAR,2026-08-07,21,2198,U,52,X,6,2395.00
HOGAR-006336,ENHOGAR,2026-08-08,22,2299,R,59,NR,1,2532.00
HOGAR-006337,ENHOGAR,2026-08-09,01,0101,U,66,F,4,2669.00
HOGAR-006338,ENHOGAR,2026-08-10,02,0202,U,73,M,7,2806.00
HOGAR-006339,ENHOGAR,2026-08-11,03,0303,R,80,X,2,2943.00
HOGAR-006340,ENHOGAR,2026-08-12,04,0404,U,87,NR,5,3080.00
HOGAR-006341,ENHOGAR,2026-08-13,05,0505,U,21,F,8,3217.00
HOGAR-006342,ENHOGAR,2026-08-14,06,0606,R,28,M,3,3354.00
HOGAR-006343,ENHOGAR,2026-08-15,07,0707,U,35,X,6,3491.00
HOGAR-006344,ENHOGAR,2026-08-16,08,0808,U,42,NR,1,3628.00
HOGAR-006345,ENHOGAR,2026-08-17,09,0909,R,49,F,4,3765.00
HOGAR-006346,ENHOGAR,2026-08-18,10,1010,U,56,M,7,3902.00
HOGAR-006347,ENHOGAR,2026-08-19,11,1111,U,63,X,2,4039.00
HOGAR-006348,ENHOGAR,2026-08-20,12,1212,R,70,NR,5,4176.00
HOGAR-006349,ENHOGAR,2026-08-21,13,1313,U,77,F,8,4313.00
HOGAR-006350,ENHOGAR,2026-08-22,14,1414,U,84,M,3,4450.00
HOGAR-006351,ENHOGAR,2026-08-23,15,1515,R,18,X,6,4587.00
HOGAR-006352,ENHOGAR,2026-08-24,16,1616,U,25,NR,1,4724.00
HOGAR-006353,ENHOGAR,2026-08-25,17,1717,U,32,F,4,4861.00
HOGAR-006354,ENHOGAR,2026-08-26,18,1818,R,39,M,7,4998.00
HOGAR-006355,ENHOGAR,2026-08-27,19,1919,U,46,X,2,5135.00
HOGAR-006356,ENHOGAR,2026-08-28,20,2020,U,53,NR,5,5272.00
HOGAR-006357,ENHOGAR,2026-08-01,21,2121,R,60,F,8,5409.00
HOGAR-006358,ENHOGAR,2026-08-02,22,2222,U,67,M,3,5546.00
HOGAR-006359,ENHOGAR,2026-08-03,01,0123,U,74,X,6,5683.00
HOGAR-006360,ENHOGAR,2026-08-04,02,0224,R,81,NR,1,5820.00
HOGAR-006361,ENHOGAR,2026-08-05,03,0325,U,88,F,4,5957.00
HOGAR-006362,ENHOGAR,2026-08-06,04,0426,U,22,M,7,6094.00
HOGAR-006363,ENHOGAR,2026-08-07,05,0527,R,29,X,2,6231.00
HOGAR-006364,ENHOGAR,2026-08-08,06,0628,U,36,NR,5,6368.00
HOGAR-006365,ENHOGAR,2026-08-09,07,0729,U,43,F,8,6505.00
HOGAR-006366,ENHOGAR,2026-08-10,08,0830,R,50,M,3,6642.00
HOGAR-006367,ENHOGAR,2026-08-11,09,0931,U,57,X,6,6779.00
HOGAR-006368,ENHOGAR,2026-08-12,10,1032,U,64,NR,1,6916.00
HOGAR-006369,ENHOGAR,2026-08-13,11,1133,R,71,F,4,7053.00
HOGAR-006370,ENHOGAR,2026-08-14,12,1234,U,78,M,7,7190.00
HOGAR-006371,ENHOGAR,2026-08-15,13,1335,U,85,X,2,7327.00
HOGAR-006372,ENHOGAR,2026-08-16,14,1436,R,19,NR,5,7464.00
HOGAR-006373,ENHOGAR,2026-08-17,15,1537,U,26,F,8,7601.00
HOGAR-006374,ENHOGAR,2026-08-18,16,1638,U,33,M,3,7738.00
HOGAR-006375,ENHOGAR,2026-08-19,17,1739,R,40,X,6,7875.00
HOGAR-006376,ENHOGAR,2026-08-20,18,1840,U,47,NR,1,8012.00
HOGAR-006377,ENHOGAR,2026-08-21,19,1941,X,54,F,4,8149.00
HOGAR-006378,ENHOGAR,2026-08-22,20,2042,R,61,M,7,8286.00
HOGAR-006379,ENHOGAR,2026-08-23,21,2143,U,68,X,2,8423.00
HOGAR-006380,ENHOGAR,2026-08-24,22,2244,U,75,NR,5,960.00
HOGAR-006381,ENHOGAR,2026-08-25,01,0145,R,82,F,8,1097.00
HOGAR-006382,ENHOGAR,2026-08-26,02,0246,U,89,M,3,1234.00
HOGAR-006383,ENHOGAR,2026-08-27,03,0347,U,23,X,6,1371.00
HOGAR-006384,ENHOGAR,2026-08-28,04,0448,R,30,NR,1,1508.00
HOGAR-006385,ENHOGAR,2026-08-01,05,0549,U,37,F,4,1645.00
HOGAR-006386,ENHOGAR,2026-08-02,06,0650,U,44,M,7,1782.00
HOGAR-006387,ENHOGAR,2026-08-03,07,0751,R,51,X,2,1919.00
HOGAR-006388,ENHOGAR,2026-08-04,08,0852,U,58,NR,5,2056.00
HOGAR-006389,ENHOGAR,2026-08-05,09,0953,U,65,F,8,2193.00
HOGAR-006390,ENHOGAR,2026-08-06,10,1054,R,72,M,3,2330.00
HOGAR-006391,ENHOGAR,2026-08-07,11,1155,U,79,X,6,2467.00
HOGAR-006392,ENHOGAR,2026-08-08,12,1256,U,86,NR,1,2604.00
HOGAR-006393,ENHOGAR,2026-08-09,13,1357,R,20,F,4,2741.00
HOGAR-006394,ENHOGAR,2026-08-10,14,1458,U,27,M,7,2878.00
HOGAR-006395,ENHOGAR,2026-08-11,15,1559,U,34,X,2,3015.00
HOGAR-006396,ENHOGAR,2026-08-12,16,1660,R,41,NR,5,3152.00
HOGAR-006397,ENHOGAR,2026-08-13,17,1761,U,48,F,8,3289.00
HOGAR-006398,ENHOGAR,2026-08-14,18,1862,U,55,M,3,3426.00
HOGAR-006399,ENHOGAR,2026-08-15,19,1963,R,62,X,6,3563.00
HOGAR-006400,ENHOGAR,2026-08-16,20,2064,U,69,NR,1,3700.00
HOGAR-006401,ENHOGAR,2026-08-17,21,2165,U,76,F,4,3837.00
HOGAR-006402,ENHOGAR,2026-08-18,22,2266,R,83,M,7,3974.00
HOGAR-006403,ENHOGAR,2026-08-19,01,0167,U,90,X,2,4111.00
HOGAR-006404,ENHOGAR,2026-08-20,02,0268,U,24,NR,5,4248.00
HOGAR-006405,ENHOGAR,2026-08-21,03,0369,R,31,F,8,4385.00
HOGAR-006406,ENHOGAR,2026-08-22,04,0470,U,38,M,3,4522.00
HOGAR-006407,ENHOGAR,2026-08-23,05,0571,U,45,X,6,4659.00
HOGAR-006408,ENHOGAR,2026-08-24,06,0672,R,52,NR,1,4796.00
HOGAR-006409,ENHOGAR,2026-08-25,07,0773,U,59,F,4,4933.00
HOGAR-006410,ENHOGAR,2026-08-26,08,0874,U,66,M,0,5070.00
HOGAR-006411,ENHOGAR,2026-08-27,09,0975,R,73,X,2,5207.00
HOGAR-006412,ENHOGAR,2026-08-28,10,1076,U,80,NR,5,5344.00
HOGAR-006413,ENHOGAR,2026-08-01,11,1177,U,87,F,8,5481.00
HOGAR-006414,ENHOGAR,2026-08-02,12,1278,R,21,M,3,5618.00
HOGAR-006415,ENHOGAR,2026-08-03,13,1379,U,28,X,6,5755.00
HOGAR-006416,ENHOGAR,2026-08-04,14,1480,U,35,NR,1,5892.00
HOGAR-006417,ENHOGAR,2026-08-05,15,1581,R,42,F,4,6029.00
HOGAR-006418,ENHOGAR,2026-08-06,16,1682,U,49,M,7,6166.00
HOGAR-006419,ENHOGAR,2026-08-07,17,1783,U,56,X,2,6303.00
HOGAR-006420,ENHOGAR,2026-08-08,18,1884,R,63,NR,5,6440.00
HOGAR-006421,ENHOGAR,2026-08-09,19,1985,U,70,F,8,6577.00
HOGAR-006422,ENHOGAR,2026-08-10,20,2086,U,77,M,3,6714.00
HOGAR-006423,ENHOGAR,2026-08-11,21,2187,R,84,X,6,6851.00
HOGAR-006424,ENHOGAR,2026-08-12,22,2288,U,18,NR,1,6988.00
HOGAR-006425,ENHOGAR,2026-08-13,01,0189,U,25,F,4,7125.00
HOGAR-006426,ENHOGAR,2026-08-14,02,0290,R,32,M,7,7262.00
HOGAR-006427,ENHOGAR,2026-08-15,03,0391,U,39,X,2,7399.00
HOGAR-006428,ENHOGAR,2026-08-16,04,0492,U,46,NR,5,7536.00
HOGAR-006429,ENHOGAR,2026-08-17,05,0593,R,53,F,8,7673.00
HOGAR-006430,ENHOGAR,2026-08-18,06,0694,U,60,M,3,7810.00
HOGAR-006431,ENHOGAR,2026-08-19,07,0795,U,67,X,6,7947.00
HOGAR-006432,ENHOGAR,2026-08-20,08,0896,R,74,NR,1,8084.00
HOGAR-006433,ENHOGAR,2026-08-21,09,0997,U,81,F,4,8221.00
HOGAR-006434,ENHOGAR,2026-08-22,10,1098,U,88,M,7,8358.00
HOGAR-006435,ENHOGAR,2026-08-23,11,1199,R,22,X,2,8495.00
HOGAR-006436,ENHOGAR,2026-08-24,12,1201,U,29,NR,5,1032.00
HOGAR-006437,ENHOGAR,2026-08-25,13,1302,U,36,F,8, 1169.00 
HOGAR-006438,ENHOGAR,2026-08-26,14,1403,R,43,M,3,1306.00
HOGAR-006439,ENHOGAR,2026-08-27,15,1504,U,50,X,6,1443.00
HOGAR-006440,ENHOGAR,2026-08-28,16,1605,U,57,NR,1,1580.00
HOGAR-006441,ENHOGAR,2026-08-01,17,1706,R,64,F,4,1717.00
HOGAR-006442,ENHOGAR,2026-08-02,18,1807,U,71,M,7,1854.00
HOGAR-006443,ENHOGAR,2026-08-03,19,1908,U,78,X,2,1991.00
HOGAR-006444,ENHOGAR,2026-08-04,20,2009,R,85,NR,5,2128.00
HOGAR-006445,ENHOGAR,2026-08-05,21,2110,U,19,F,8,2265.00
HOGAR-006446,,2026-08-06,22,2211,U,26,M,3,2402.00
HOGAR-006447,ENHOGAR,2026-08-07,01,0112,R,33,X,6,2539.00
HOGAR-006448,ENHOGAR,2026-08-08,02,0213,U,40,NR,1,2676.00
HOGAR-006449,ENHOGAR,2026-08-09,03,0314,U,47,F,4,2813.00
HOGAR-006450,ENHOGAR,2026-08-10,04,0415,R,54,M,7,2950.00
HOGAR-006451,ENHOGAR,2026-08-11,05,0516,U,61,X,2,3087.00
HOGAR-006452,ENHOGAR,2026-08-12,06,0617,U,68,NR,5,3224.00
HOGAR-006453,ENHOGAR,2026-08-13,07,0718,R,75,F,8,3361.00
HOGAR-006454,ENHOGAR,2026-08-14,08,0819,U,82,M,3,3498.00
HOGAR-006455,ENHOGAR,2026-08-15,09,0920,U,89,X,6,3635.00
HOGAR-006456,ENHOGAR,2026-08-16,10,1021,R,23,NR,1,3772.00
HOGAR-006457,ENHOGAR,2026-08-17,11,1122,U,30,F,4,3909.00
HOGAR-006458,ENHOGAR,2026-08-18,12,1223,U,37,M,7,4046.00
HOGAR-006459,ENHOGAR,2026-08-19,13,1324,R,44,X,2,4183.00
HOGAR-006460,ENHOGAR,2026-08-20,14,1425,U,51,NR,5,4320.00
HOGAR-006461,ENHOGAR,2026-08-21,15,1526,U,58,F,8,4457.00
HOGAR-006462,ENHOGAR,2026-08-22,16,1627,R,65,M,3,4594.00
HOGAR-006463,ENHOGAR,2026-08-23,17,1728,U,72,X,6,4731.00
HOGAR-006464,ENHOGAR,2026-08-24,18,1829,U,79,NR,1,4868.00
HOGAR-006465,ENHOGAR,2026-08-25,19,1930,R,86,F,4,5005.00
HOGAR-006466,ENHOGAR,2026-08-26,20,2031,U,20,M,7,5142.00
HOGAR-006467,ENHOGAR,2026-08-27,21,2132,U,27,X,2,5279.00
HOGAR-006468,ENHOGAR,2026-08-28,22,2233,R,34,NR,5,5416.00
HOGAR-006469,ENHOGAR,2026-08-01,01,0134,U,41,F,8,5553.00
HOGAR-006470,ENHOGAR,2026-08-02,02,0235,U,48,M,3,5690.00
HOGAR-006471,ENHOGAR,2026-08-03,03,0336,R,55,X,6,5827.00
HOGAR-006472,ENHOGAR,2026-08-04,04,0437,U,62,NR,1,5964.00
HOGAR-006473,ENHOGAR,2026-08-05,05,0538,U,69,F,4,6101.00
HOGAR-006474,ENHOGAR,2026-08-06,06,0639,R,76,M,7,6238.00
HOGAR-006475,ENHOGAR,2026-08-07,07,0740,U,83,X,2,6375.00
HOGAR-006476,ENHOGAR,2026-08-08,08,0841,U,90,NR,5,6512.00
HOGAR-006477,ENHOGAR,2026-08-09,09,0942,R,24,F,8,6649.00
HOGAR-006478,ENHOGAR,2026-08-10,10,1043,U,31,M,3,6786.00
HOGAR-006479,ENHOGAR,2026-08-11,11,1144,U,38,X,6,6923.00
HOGAR-006480,ENHOGAR,2026-08-12,12,1245,R,45,NR,1,7060.00
HOGAR-006481,ENHOGAR,2026-08-13,13,1346,U,52,F,4,7197.00
HOGAR-006482,ENHOGAR,2026-08-14,14,1447,U,59,M,7,7334.00
HOGAR-006483,ENHOGAR,2026-08-15,15,1548,R,66,X,2,7471.00
HOGAR-006484,ENHOGAR,2026-08-16,16,1649,U,73,NR,5,7608.00
HOGAR-006485,ENHOGAR,2026-08-17,17,1750,U,80,F,8,7745.00
HOGAR-006486,ENHOGAR,2026-08-18,18,1851,R,87,M,3,7882.00
HOGAR-006487,ENHOGAR,2026-08-19,19,1952,U,21,X,6,8019.00
HOGAR-006488,ENHOGAR,2026-08-20,20,2053,U,28,NR,1,8156.00
HOGAR-006489,ENHOGAR,2026-08-21,21,2154,R,35,F,4,8293.00
HOGAR-006490,ENHOGAR,2026-08-22,22,2255,U,42,M,7,8430.00
HOGAR-006491,ENHOGAR,2026-08-23,01,0156,U,49,X,2,967.00
HOGAR-006492,ENHOGAR,2026-08-24,02,0257,R,56,NR,5,1104.00
HOGAR-006493,ENHOGAR,2026-08-25,03,0358,U,63,F,8,1241.00
HOGAR-006494,ENHOGAR,2026-08-26,04,0459,U,70,M,3,1378.00
HOGAR-006495,ENHOGAR,2026-08-27,05,0560,R,77,X,6,1515.00
HOGAR-006496,ENHOGAR,2026-08-28,06,0661,U,84,NR,1,1652.00
HOGAR-006497,ENHOGAR,2026-08-01,07,0762,U,18,F,4,1789.00
HOGAR-006498,ENHOGAR,2026-08-02,08,0863,R,25,M,7,1926.00
HOGAR-006499,ENHOGAR,2026-08-03,09,0964,U,32,X,2,2063.00
HOGAR-006500,ENHOGAR,2026-08-04,10,1065,U,39,NR,5,2200.00
HOGAR-006501,ENHOGAR,2026-08-05,11,1166,R,46,F,8,2337.00
HOGAR-006502,ENHOGAR,2026-08-06,12,1267,U,53,M,3,2474.00
HOGAR-006503,ENHOGAR,2026-08-07,13,1368,U,60,X,6,2611.00
HOGAR-006504,ENHOGAR,2026-08-08,14,1469,R,67,NR,1,2748.00
HOGAR-006505,ENHOGAR,2026-08-09,15,1570,U,74,F,4,2885.00
HOGAR-006506,ENHOGAR,2026-08-10,16,1671,U,81,M,7,3022.00
HOGAR-006507,ENHOGAR,2026-08-11,17,1772,R,88,X,2,3159.00
HOGAR-006508,ENHOGAR,2026-08-12,18,1873,U,22,NR,5,3296.00
HOGAR-006509,ENHOGAR,2026-08-13,19,1974,U,29,F,8,3433.00
HOGAR-006510,ENHOGAR,2026-08-14,20,2075,R,36,M,3,3570.00
HOGAR-006511,ENHOGAR,2026-08-15,21,2176,U,43,X,6,3707.00
HOGAR-006512,ENHOGAR,2026-08-16,22,2277,U,50,NR,1,3844.00
HOGAR-006513,ENHOGAR,2026-08-17,01,0178,R,57,F,4,3981.00
HOGAR-006514,ENHOGAR,2026-08-18,02,0279,U,64,M,7,4118.00
HOGAR-006515,ENHOGAR,2026-08-19,03,0380,U,71,X,2,4255.00
HOGAR-006516,ENHOGAR,2026-08-20,04,0481,R,78,NR,5,4392.00
HOGAR-006517,ENHOGAR,2026-08-21,05,0582,U,85,F,8,4529.00
HOGAR-006518,ENHOGAR,2026-08-22,06,0683,U,19,M,3,4666.00
HOGAR-006519,ENHOGAR,2026-08-23,07,0784,R,26,X,6,4803.00
HOGAR-006520,ENHOGAR,2026-08-24,08,0885,U,33,NR,1,4940.00
HOGAR-006521,ENHOGAR,2026-08-25,09,0986,U,40,F,4,5077.00
HOGAR-006522,ENHOGAR,2026-08-26,10,1087,R,47,M,7,5214.00
HOGAR-006523,ENHOGAR,2026-08-27,11,1188,U,54,X,2,5351.00
HOGAR-006524,ENHOGAR,2026-08-28,12,1289,U,61,NR,5,5488.00
HOGAR-006525,ENHOGAR,2026-08-01,13,1390,R,68,F,8,5625.00
HOGAR-006526,ENHOGAR,2026-08-02,14,1491,U,75,M,3,5762.00
HOGAR-006527,ENHOGAR,2026-08-03,15,1592,U,82,X,6,5899.00
HOGAR-006528,ENHOGAR,2026-08-04,16,1693,R,89,NR,1,6036.00
HOGAR-006529,ENHOGAR,2026-08-05,17,1794,U,23,F,4,6173.00
HOGAR-006530,ENHOGAR,2026-08-06,18,1895,U,30,M,7,6310.00
HOGAR-006531,ENHOGAR,2026-08-07,19,1996,R,37,X,2,6447.00
HOGAR-006532,ENHOGAR,2026-08-08,20,2097,U,44,NR,5,6584.00
HOGAR-006533,ENHOGAR,2026-08-09,21,2198,U,51,F,8,6721.00
HOGAR-006534,ENHOGAR,2026-08-10,22,2299,R,58,M,3,6858.00
HOGAR-006535,ENHOGAR,2026-08-11,01,0101,U,65,X,6,6995.00
HOGAR-006536,ENHOGAR,2026-08-12,02,0202,U,72,NR,1,7132.00
HOGAR-006537,ENHOGAR,2026-08-13,03,0303,R,79,F,4,7269.00
HOGAR-006538,ENHOGAR,2026-08-14,04,0404,U,86,M,7,7406.00
HOGAR-006539,ENHOGAR,2026-08-15,05,0505,U,20,X,2,-25.00
HOGAR-006540,ENHOGAR,2026-08-16,06,0606,R,27,NR,5,7680.00
HOGAR-006541,ENHOGAR,2026-08-17,07,0707,U,34,F,8,7817.00
HOGAR-006542,ENHOGAR,2026-08-18,08,0808,U,41,M,3,7954.00
HOGAR-006543,ENHOGAR,2026-08-19,09,0909,R,48,X,6,8091.00
HOGAR-006544,ENHOGAR,2026-08-20,10,1010,U,55,NR,1,8228.00
HOGAR-006545,ENHOGAR,2026-08-21,11,1111,U,62,F,4,8365.00
HOGAR-006546,ENHOGAR,2026-08-22,12,1212,R,69,M,7,902.00
HOGAR-006547,ENHOGAR,2026-08-23,13,1313,U,76,X,2,1039.00
HOGAR-006548,ENHOGAR,2026-08-24,14,1414,U,83,NR,5,1176.00
HOGAR-006549,ENHOGAR,2026-08-25,15,1515,R,90,F,8,1313.00
HOGAR-006550,ENHOGAR,2026-08-26,16,1616,U,24,M,3,1450.00
HOGAR-006551,ENHOGAR,2026-08-27,17,1717,U,31,X,6,1587.00
HOGAR-006552,ENHOGAR,2026-08-28,18,1818,R,38,NR,1,1724.00
HOGAR-006553,ENHOGAR,2026-08-01,19,1919,U,45,F,4,1861.00
HOGAR-006554,ENHOGAR,2026-08-02,20,2020,U,52,M,7,1998.00
HOGAR-006555,ENHOGAR,2026-08-03,21,2121,R,59,X,2,2135.00
HOGAR-006556,ENHOGAR,2026-08-04,22,2222,U,66,NR,5,2272.00
HOGAR-006557,ENHOGAR,2026-08-05,01,0123,U,73,F,8,2409.00
HOGAR-006558,ENHOGAR,2026-08-06,02,0224,R,80,M,3,2546.00
HOGAR-006559,ENHOGAR,2026-08-07,03,0325,U,87,X,6,2683.00
HOGAR-006560,ENHOGAR,2026-08-08,04,0426,U,21,NR,1,2820.00
HOGAR-006561,ENHOGAR,2026-08-09,05,0527,R,28,F,4,2957.00
HOGAR-006562,ENHOGAR,2026-08-10,06,0628,U,35,M,7,3094.00
HOGAR-006563,ENHOGAR,2026-08-11,07,0729,U,42,X,2,3231.00
HOGAR-006564,ENHOGAR,2026-08-12,08,0830,R,49,NR,5,3368.00
HOGAR-006565,ENHOGAR,2026-08-13,09,0931,U,56,F,8,3505.00
HOGAR-006566,ENHOGAR,2026-08-14,10,1032,U,63,M,3,3642.00
HOGAR-006567,ENHOGAR,2026-08-15,11,1133,R,70,X,6,3779.00
HOGAR-006568,ENHOGAR,2026-08-16,12,1234,U,77,NR,1,3916.00
HOGAR-006569,ENHOGAR,2026-08-17,13,1335,U,84,F,4,4053.00
HOGAR-006570,ENHOGAR,2026-08-18,14,1436,R,18,M,7,4190.00
HOGAR-006571,ENHOGAR,2026-08-19,15,1537,U,25,X,2,4327.00
HOGAR-006572,ENHOGAR,2026-08-20,16,1638,U,32,NR,5,4464.00
HOGAR-006573,ENHOGAR,2026-08-21,17,1739,R,39,F,8,4601.00
HOGAR-006574,ENHOGAR,2026-08-22,18,1840,U,46,M,3,4738.00
HOGAR-006575,ENHOGAR,2026-08-23,19,1941,U,53,X,6,4875.00
HOGAR-006576,ENHOGAR,2026-08-24,20,2042,R,60,NR,1,5012.00
HOGAR-006577,ENHOGAR,2026-08-25,21,2143,U,67,F,4,5149.00
HOGAR-006578,ENHOGAR,2026-08-26,22,2244,U,74,M,7,5286.00
HOGAR-006579,ENHOGAR,2026-08-27,01,0145,R,81,X,2,5423.00
HOGAR-006580,ENHOGAR,2026-08-28,02,0246,U,88,NR,5,5560.00
HOGAR-006581,ENHOGAR,2026-08-01,03,0347,U,22,F,8,5697.00
HOGAR-006582,ENHOGAR,2026-08-02,04,0448,R,29,M,3,5834.00
HOGAR-006583,ENHOGAR,2026-08-03,05,0549,U,36,X,6,5971.00
HOGAR-006584,ENHOGAR,2026-08-04,06,0650,U,43,NR,1,6108.00
HOGAR-006585,ENHOGAR,2026-08-05,07,0751,R,50,F,4,6245.00
HOGAR-006586,ENHOGAR,2026-08-06,08,0852,U,57,M,7,6382.00
HOGAR-006587,ENHOGAR,2026-08-07,09,0953,U,64,X,2,6519.00
HOGAR-006588,ENHOGAR,2026-08-08,10,1054,R,71,NR,5,6656.00
HOGAR-006589,ENHOGAR,2026-08-09,11,1155,U,78,F,8,6793.00
HOGAR-006590,ENHOGAR,2026-08-10,12,1256,U,85,M,3,6930.00
HOGAR-006591,ENHOGAR,2026-08-11,13,1357,R,19,X,6,7067.00
HOGAR-006592,ENHOGAR,2026-08-12,14,1458,U,26,NR,1,7204.00
HOGAR-006593,ENHOGAR,2026-08-13,15,1559,U,33,F,4,7341.00
HOGAR-006594,ENHOGAR,2026-08-14,16,1660,R,40,M,7, 7478.00 
HOGAR-006595,ENHOGAR,2026-08-15,17,1761,U,47,X,2,7615.00
HOGAR-006596,ENHOGAR,2026-08-16,18,1862,U,54,NR,5,7752.00
HOGAR-006597,ENHOGAR,2026-08-17,19,1963,R,61,Z,8,7889.00
HOGAR-006598,ENHOGAR,2026-08-18,20,2064,U,68,M,3,8026.00
HOGAR-006599,ENHOGAR,2026-08-19,21,2165,U,75,X,6,8163.00
HOGAR-006600,ENHOGAR,2026-08-20,22,2266,R,82,NR,1,8300.00
HOGAR-006601,ENHOGAR,2026-08-21,01,0167,U,89,F,4,8437.00
HOGAR-006602,ENHOGAR,2026-08-22,02,0268,U,23,M,7,974.00
HOGAR-006603,ENHOGAR,2026-08-23,03,0369,R,30,X,2,1111.00
HOGAR-006604,ENHOGAR,2026-08-24,04,0470,U,37,NR,5,1248.00
HOGAR-006605,ENHOGAR,2026-08-25,05,0571,U,44,F,8,1385.00
HOGAR/006606,ENHOGAR,2026-08-26,06,0672,R,51,M,3,1522.00
HOGAR-006607,ENHOGAR,2026-08-27,07,0773,U,58,X,6,1659.00
HOGAR-006608,ENHOGAR,2026-08-28,08,0874,U,65,NR,1,1796.00
HOGAR-006609,ENHOGAR,2026-08-01,09,0975,R,72,F,4,1933.00
HOGAR-006610,ENHOGAR,2026-08-02,10,1076,U,79,M,7,2070.00
HOGAR-006611,ENHOGAR,2026-08-03,11,1177,U,86,X,2,2207.00
HOGAR-006612,ENHOGAR,2026-08-04,12,1278,R,20,NR,5,2344.00
HOGAR-006613,ENHOGAR,2026-08-05,13,1379,U,27,F,8,2481.00
HOGAR-006614,ENHOGAR,2026-08-06,14,1480,U,34,M,3,2618.00
HOGAR-006615,ENHOGAR,2026-08-07,15,1581,R,41,X,6,2755.00
HOGAR-006616,ENHOGAR,2026-08-08,16,1682,U,48,NR,1,2892.00
HOGAR-006617,ENHOGAR,2026-08-09,17,1783,U,55,F,4,3029.00
HOGAR-006618,ENHOGAR,2026-08-10,18,1884,R,62,M,7,3166.00
HOGAR-006619,ENHOGAR,2026-08-11,19,1985,U,69,X,2,3303.00
HOGAR-006620,ENHOGAR,2026-08-12,20,2086,U,76,NR,5,3440.00
HOGAR-006621,ENHOGAR,2026-08-13,21,2187,R,83,F,8,3577.00
HOGAR-006622,ENHOGAR,2026-08-14,22,2288,U,90,M,3,3714.00
HOGAR-006623,ENHOGAR,2026-08-15,01,0189,U,24,X,6,3851.00
HOGAR-006624,ENHOGAR,2026-08-16,02,0290,R,31,NR,1,3988.00
HOGAR-006625,ENHOGAR,2026-08-17,03,0391,U,38,F,4,4125.00
HOGAR-006626,ENHOGAR,2026-08-18,04,0492,U,45,M,7,4262.00
HOGAR-006627,ENHOGAR,2026-08-19,05,0593,R,52,X,2,4399.00
HOGAR-006628,ENHOGAR,2026-08-20,06,0694,U,59,NR,5,4536.00
HOGAR-006629,ENHOGAR,2026-08-21,07,0795,U,66,F,8,4673.00
HOGAR-006630,ENHOGAR,2026-08-22,08,0896,R,73,M,3,4810.00
HOGAR-006631,ENHOGAR,2026-08-23,09,0997,U,80,X,6,4947.00
HOGAR-006632,ENHOGAR,2026-08-24,10,1098,U,87,NR,1,5084.00
HOGAR-006633,ENHOGAR,2026-08-25,11,1199,R,21,F,4,5221.00
HOGAR-006634,ENHOGAR,2026-08-26,12,1201,U,28,M,7,5358.00
HOGAR-006635,ENHOGAR,2026-08-27,13,1302,U,35,X,2,5495.00
HOGAR-006636,ENHOGAR,2026-08-28,14,1403,R,42,NR,5,5632.00
HOGAR-006637,ENHOGAR,2026-08-01,15,1504,U,49,F,8,5769.00
HOGAR-006638,ENHOGAR,2026-08-02,16,1605,U,56,M,3,5906.00
HOGAR-006639,ENHOGAR,2026-08-03,17,1706,R,63,X,6,6043.00
HOGAR-006640,ENHOGAR,2026-08-04,18,1807,U,70,NR,1,6180.00
HOGAR-006641,ENHOGAR,2026-08-05,19,1908,U,77,F,4,6317.00
HOGAR-006642,ENHOGAR,2026-08-06,20,2009,R,84,M,7,6454.00
HOGAR-006643,ENHOGAR,2026-08-07,21,2110,U,18,X,2,6591.00
HOGAR-006644,ENHOGAR,2026-08-08,22,2211,U,25,NR,5,6728.00
HOGAR-006645,ENHOGAR,2026-08-09,01,0112,R,32,F,8,6865.00
HOGAR-006646,ENHOGAR,2026-08-10,02,0213,U,39,M,3,7002.00
HOGAR-006647,ENHOGAR,2026-08-11,03,0314,U,46,X,6,7139.00
HOGAR-006648,ENHOGAR,2026-08-12,04,0415,R,53,NR,1,7276.00
HOGAR-006649,ENHOGAR,2026-08-13,05,0516,U,60,F,4,7413.00
HOGAR-006650,ENHOGAR,2026-08-14,06,0617,U,67,M,7,7550.00
HOGAR-006651,ENHOGAR,2026-08-15,07,0718,R,74,X,2,7687.00
HOGAR-006652,ENHOGAR,2026-08-16,08,0819,U,81,NR,5,7824.00
HOGAR-006653,ENHOGAR,2026-08-17,09,0920,U,88,F,8,7961.00
HOGAR-006654,ENHOGAR,2026-08-18,10,1021,R,22,M,3,8098.00
HOGAR-006655,ENHOGAR,2026-08-19,11,1122,U,29,X,6,8235.00
HOGAR-006656,ENHOGAR,2026-08-20,12,1223,U,36,NR,1,8372.00
HOGAR-006657,ENHOGAR,2026-08-21,13,1324,R,43,F,4,909.00
HOGAR-006658,ENHOGAR,2026-08-22,14,1425,U,50,M,7,1046.00
HOGAR-006659,ENHOGAR,2026-08-23,15,1526,U,57,X,2,1183.00
HOGAR-006660,ENHOGAR,2026-08-24,16,1627,R,64,NR,5,1320.00
HOGAR-006661,ENHOGAR,2026-08-25,17,1728,U,71,F,8,1457.00
HOGAR-006662,ENHOGAR,2026-08-26,18,1829,U,78,M,3,1594.00
HOGAR-006663,ENHOGAR,2026-08-27,19,1930,R,85,X,6,1731.00
HOGAR-006664,ENHOGAR,2026-08-28,20,2031,U,19,NR,1,1868.00
HOGAR-006665,ENHOGAR,2026-08-01,21,2132,U,26,F,4,2005.00
HOGAR-006666,ENHOGAR,2026-08-02,22,2233,R,33,M,7,2142.00
HOGAR-006667,ENHOGAR,2026-08-03,01,0134,U,40,X,2,2279.00
HOGAR-006668,ENHOGAR,2026-08-04,02,0235,U,47,NR,5,2416.00
HOGAR-006669,ENHOGAR,2026-08-05,03,0336,R,54,F,8,2553.00
HOGAR-006670,ENHOGAR,2026-08-06,04,0437,U,61,M,3,2690.00
HOGAR-006671,ENHOGAR,2026-08-07,05,0538,U,68,X,6,2827.00
HOGAR-006672,ENHOGAR,2026-08-08,06,0639,R,75,NR,1,2964.00
HOGAR-006673,ENHOGAR,2026-08-09,07,0740,U,82,F,4,3101.00
HOGAR-006674,ENHOGAR,2026-08-10,08,0841,U,89,M,7,3238.00
HOGAR-006675,ENHOGAR,2026-08-11,09,0942,R,23,X,2,3375.00
HOGAR-006676,ENHOGAR,2026-08-12,10,1043,U,30,NR,5,3512.00
HOGAR-006677,ENHOGAR,2026-08-13,11,1144,U,37,F,8,3649.00
HOGAR-006678,ENHOGAR,2026-08-14,12,1245,R,44,M,3,3786.00
HOGAR-006679,ENHOGAR,2026-08-15,13,1346,U,51,X,6,3923.00
HOGAR-006680,ENHOGAR,2026-08-16,14,1447,U,58,NR,1,4060.00
HOGAR-006681,ENHOGAR,2026-08-17,15,1548,R,65,F,4,4197.00
HOGAR-006682,ENHOGAR,2026-08-18,16,1649,U,72,M,7,4334.00
HOGAR-006683,ENHOGAR,2026-08-19,17,1750,U,79,X,2,4471.00
HOGAR-006684,ENHOGAR,2026-08-20,18,1851,R,86,NR,5,4608.00
HOGAR-006685,ENHOGAR,2026-08-21,19,1952,U,20,F,8,4745.00
HOGAR-006686,ENHOGAR,2026-08-22,20,2053,U,27,M,3,4882.00
HOGAR-006687,ENHOGAR,2026-08-23,21,2154,R,34,X,6,5019.00
HOGAR-006688,ENHOGAR,2026-08-24,22,2255,U,41,NR,1,5156.00
HOGAR-006689,ENHOGAR,2026-08-25,01,0156,U,48,F,4,5293.00
HOGAR-006690,ENHOGAR,2026-08-26,02,0257,R,55,M,7,5430.00
HOGAR-006691,ENHOGAR,2026-08-27,03,0358,U,62,X,2,5567.00
HOGAR-006692,ENHOGAR,2026-08-28,04,0459,U,69,NR,5,5704.00
HOGAR-006693,ENHOGAR,2026-08-01,05,0560,R,76,F,8,5841.00
HOGAR-006694,ENHOGAR,2026-08-02,06,0661,U,83,M,3,5978.00
HOGAR-006695,ENHOGAR,2026-08-03,07,0762,U,90,X,6,6115.00
HOGAR-006696,ENHOGAR,2026-08-04,08,0863,R,24,NR,1,6252.00
HOGAR-006697,ENHOGAR,2026-08-05,09,0964,U,31,F,4,6389.00
HOGAR-006698,ENHOGAR,2026-08-06,10,1065,U,38,M,7,6526.00
HOGAR-006699,ENHOGAR,2026-08-07,11,1166,R,45,X,2,6663.00
HOGAR-006700,ENHOGAR,2026-08-08,12,1267,U,52,NR,5,6800.00
HOGAR-006701,ENHOGAR,2026-08-09,13,1368,U,59,F,8,6937.00
HOGAR-006702,ENHOGAR,2026-08-10,14,1469,R,66,M,3,7074.00
HOGAR-006703,ENHOGAR,2026-08-11,15,1570,U,73,X,6,7211.00
HOGAR-006704,ENHOGAR,2027-01-01,16,1671,U,80,NR,1,7348.00
HOGAR-006705,ENHOGAR,2026-08-13,17,1772,R,87,F,4,7485.00
HOGAR-006706,ENHOGAR,2026-08-14,18,1873,U,21,M,7,7622.00
HOGAR-006707,ENHOGAR,2026-08-15,19,1974,U,28,X,2,7759.00
HOGAR-006708,ENHOGAR,2026-08-16,20,2075,R,35,NR,5,7896.00
HOGAR-006709,ENHOGAR,2026-08-17,21,2176,U,42,F,8,8033.00
HOGAR-006710,ENHOGAR,2026-08-18,22,2277,U,49,M,3,8170.00
HOGAR-006711,ENHOGAR,2026-08-19,01,0178,R,56,X,6,8307.00
HOGAR-006712,ENHOGAR,2026-08-20,02,0279,U,63,NR,1,8444.00
HOGAR-006713,ENHOGAR,2026-08-21,03,0380,U,70,F,4,981.00
HOGAR-006714,ENHOGAR,2026-08-22,04,0481,R,77,M,7,1118.00
HOGAR-006715,ENHOGAR,2026-08-23,05,0582,U,84,X,2,1255.00
HOGAR-006716,ENHOGAR,2026-08-24,06,0683,U,18,NR,5,1392.00
HOGAR-006717,ENHOGAR,2026-08-25,07,0784,R,25,F,8,1529.00
HOGAR-006718,ENHOGAR,2026-08-26,08,0885,U,32,M,3,1666.00
HOGAR-006719,ENHOGAR,2026-08-27,09,0986,U,39,X,6,1803.00
HOGAR-006720,ENHOGAR,2026-08-28,10,1087,R,46,NR,1,1940.00
HOGAR-006721,ENHOGAR,2026-08-01,11,1188,U,53,F,4,2077.00
HOGAR-006722,ENHOGAR,2026-08-02,12,1289,U,60,M,7,2214.00
HOGAR-006723,ENHOGAR,2026-08-03,13,1390,R,67,X,2,2351.00
HOGAR-006724,ENHOGAR,2026-08-04,14,1491,U,74,NR,5,2488.00
HOGAR-006725,ENHOGAR,2026-08-05,15,1592,U,81,F,8,2625.00
HOGAR-006726,ENHOGAR,2026-08-06,16,1693,R,88,M,3,2762.00
HOGAR-006727,ENHOGAR,2026-08-07,17,1794,U,22,X,6,2899.00
HOGAR-006728,ENHOGAR,2026-08-08,18,1895,U,29,NR,1,3036.00
HOGAR-006729,ENHOGAR,2026-08-09,19,1996,R,36,F,4,3173.00
HOGAR-006730,ENHOGAR,2026-08-10,20,2097,U,43,M,7,3310.00
HOGAR-006731,ENHOGAR,2026-08-11,21,2198,U,50,X,2,3447.00
HOGAR-006732,ENHOGAR,2026-08-12,22,2299,R,57,NR,5,3584.00
HOGAR-006733,ENHOGAR,2026-08-13,01,0101,U,64,F,8,3721.00
HOGAR-006734,ENHOGAR,2026-08-14,02,0202,U,71,M,3,3858.00
HOGAR-006735,ENHOGAR,2026-08-15,03,0303,R,78,X,6,3995.00
HOGAR-006736,ENHOGAR,2026-08-16,04,0404,U,85,NR,1,4132.00
HOGAR-006737,ENHOGAR,2026-08-17,05,0505,U,19,F,4,4269.00
HOGAR-006738,ENHOGAR,2026-08-18,06,0606,R,26,M,7,4406.00
HOGAR-006739,,2026-08-19,07,0707,U,33,X,2,4543.00
HOGAR-006740,ENHOGAR,2026-08-20,08,0808,U,40,NR,5,4680.00
HOGAR-006741,ENHOGAR,2026-08-21,09,0909,R,47,F,8,4817.00
HOGAR-006742,ENHOGAR,2026-08-22,10,1010,U,54,M,3,4954.00
HOGAR-006743,ENHOGAR,2026-08-23,11,1111,U,61,X,6,5091.00
HOGAR-006744,ENHOGAR,2026-08-24,12,1212,R,68,NR,1,5228.00
HOGAR-006745,ENHOGAR,2026-08-25,13,1313,U,75,F,4,5365.00
HOGAR-006746,ENHOGAR,2026-08-26,14,1414,U,82,M,7,5502.00
HOGAR-006747,ENHOGAR,2026-08-27,15,1515,R,89,X,2,5639.00
HOGAR-006748,ENHOGAR,2026-08-28,16,1616,U,23,NR,5,5776.00
HOGAR-006749,ENHOGAR,2026-08-01,17,1717,U,30,F,8,5913.00
HOGAR-006750,ENHOGAR,2026-08-02,18,1818,R,37,M,3,6050.00
HOGAR-006751,ENHOGAR,2026-08-03,19,1919,U,44,X,6, 6187.00 
HOGAR-006752,ENHOGAR,2026-08-04,20,2020,U,51,NR,1,6324.00
HOGAR-006753,ENHOGAR,2026-08-05,21,2121,R,58,F,4,6461.00
HOGAR-006754,ENHOGAR,2026-08-06,22,2222,U,65,M,7,6598.00
HOGAR-006755,ENHOGAR,2026-08-07,01,0123,U,72,X,2,6735.00
HOGAR-006756,ENHOGAR,2026-08-08,02,0224,R,79,NR,5,6872.00
HOGAR-006757,ENHOGAR,2026-08-09,03,0325,U,86,F,8,7009.00
HOGAR-006758,ENHOGAR,2026-08-10,04,0426,U,20,M,3,7146.00
HOGAR-006759,ENHOGAR,2026-08-11,05,0527,R,27,X,6,7283.00
HOGAR-006760,ENHOGAR,2026-08-12,06,0628,U,34,NR,1,7420.00
HOGAR-006761,ENHOGAR,2026-08-13,07,0729,U,41,F,4,7557.00
HOGAR-006762,ENHOGAR,2026-08-14,08,0830,R,48,M,7,7694.00
HOGAR-006763,ENHOGAR,2026-08-15,09,0931,U,55,X,2,7831.00
HOGAR-006764,ENHOGAR,2026-08-16,10,1032,U,62,NR,5,7968.00
HOGAR-006765,ENHOGAR,2026-08-17,11,1133,R,69,F,8,8105.00
HOGAR-006766,ENHOGAR,2026-08-18,12,1234,U,76,M,3,8242.00
HOGAR-006767,ENHOGAR,2026-08-19,13,1335,U,83,X,6,8379.00
HOGAR-006768,ENHOGAR,2026-08-20,14,1436,R,90,NR,1,916.00
HOGAR-006769,ENHOGAR,2026-08-21,15,1537,U,24,F,4,1053.00
HOGAR-006770,ENHOGAR,2026-08-22,16,1638,U,31,M,7,1190.00
HOGAR-006771,ENHOGAR,2026-08-23,17,1739,R,38,X,2,1327.00
HOGAR-006772,ENHOGAR,2026-08-24,18,1840,U,45,NR,5,1464.00
HOGAR-006773,ENHOGAR,2026-08-25,19,1941,U,52,F,8,1601.00
HOGAR-006774,ENHOGAR,2026-08-26,20,2042,R,59,M,3,1738.00
HOGAR-006775,ENHOGAR,2026-08-27,21,2143,U,66,X,6,1875.00
HOGAR-006776,ENHOGAR,2026-08-28,22,2244,U,73,NR,1,2012.00
HOGAR-006777,ENHOGAR,2026-08-01,01,0145,R,80,F,4,2149.00
HOGAR-006778,ENHOGAR,2026-08-02,02,0246,U,87,M,7,2286.00
HOGAR-006779,ENHOGAR,2026-08-03,03,0347,U,21,X,2,2423.00
HOGAR-006780,ENHOGAR,2026-08-04,04,0448,R,28,NR,5,2560.00
HOGAR-006781,ENHOGAR,2026-08-05,05,0549,U,35,F,8,2697.00
HOGAR-006782,ENHOGAR,2026-08-06,06,0650,U,42,M,3,2834.00
HOGAR-006783,ENHOGAR,2026-08-07,07,0751,R,49,X,6,2971.00
HOGAR-006784,ENHOGAR,2026-08-08,08,0852,U,56,NR,1,3108.00
HOGAR-006785,ENHOGAR,2026-08-09,09,0953,U,63,F,4,3245.00
HOGAR-006786,ENHOGAR,2026-08-10,10,1054,R,70,M,7,3382.00
HOGAR-006787,ENHOGAR,2026-08-11,11,1155,U,77,X,2,3519.00
HOGAR-006788,ENHOGAR,2026-08-12,12,1256,U,84,NR,5,3656.00
HOGAR-006789,ENHOGAR,2026-08-13,13,1357,R,18,F,8,3793.00
HOGAR-006790,ENHOGAR,2026-08-14,14,1458,U,25,M,3,3930.00
HOGAR-006791,ENHOGAR,2026-08-15,15,1559,U,32,X,6,4067.00
HOGAR-006792,ENHOGAR,2026-08-16,16,1660,R,39,NR,1,4204.00
HOGAR-006793,ENHOGAR,2026-08-17,17,1761,U,46,F,4,4341.00
HOGAR-006794,ENHOGAR,2026-08-18,18,1862,U,53,M,7,4478.00
HOGAR-006795,ENHOGAR,2026-08-19,19,1963,R,60,X,2,4615.00
HOGAR-006796,ENHOGAR,2026-08-20,20,2064,U,67,NR,5,4752.00
HOGAR-006797,ENHOGAR,2026-08-21,21,2165,U,74,F,8,4889.00
HOGAR-006798,ENHOGAR,2026-08-22,22,2266,R,81,M,3,5026.00
HOGAR-006799,ENHOGAR,2026-08-23,01,0167,U,88,X,6,5163.00
HOGAR-006800,ENHOGAR,2026-08-24,02,0268,U,22,NR,1,5300.00
HOGAR-006801,ENHOGAR,2026-08-25,03,0369,R,29,F,4,5437.00
HOGAR-006802,ENHOGAR,2026-08-26,04,0470,U,36,M,7,5574.00
HOGAR-006803,ENHOGAR,2026-08-27,05,0571,U,43,X,2,5711.00
HOGAR-006804,ENHOGAR,2026-08-28,06,0672,R,50,NR,5,5848.00
HOGAR-006805,ENHOGAR,2026-08-01,07,0773,U,57,F,8,5985.00
HOGAR-006806,ENHOGAR,2026-08-02,08,0874,U,64,M,3,6122.00
HOGAR-006807,ENHOGAR,2026-08-03,09,0975,R,71,X,6,6259.00
HOGAR-006808,ENHOGAR,2026-08-04,10,1076,U,78,NR,1,6396.00
HOGAR-006809,ENHOGAR,2026-08-05,11,1177,U,85,F,4,6533.00
HOGAR-006810,ENHOGAR,2026-08-06,12,1278,R,19,M,7,6670.00
HOGAR-006811,ENHOGAR,2026-08-07,13,1379,U,26,X,2,6807.00
HOGAR-006812,ENHOGAR,2026-08-08,14,1480,U,33,NR,5,6944.00
HOGAR-006813,ENHOGAR,2026-08-09,15,1581,R,40,F,8,7081.00
HOGAR-006814,ENHOGAR,2026-08-10,16,1682,U,47,M,3,7218.00
HOGAR-006815,ENHOGAR,2026-08-11,17,1783,U,54,X,6,7355.00
HOGAR-006816,ENHOGAR,2026-08-12,18,1884,R,61,NR,1,7492.00
HOGAR-006817,ENHOGAR,2026-08-13,19,1985,U,68,F,4,7629.00
HOGAR-006818,ENHOGAR,2026-08-14,20,2086,U,75,M,7,7766.00
HOGAR-006819,ENHOGAR,2026-08-15,21,2187,R,82,X,2,7903.00
HOGAR-006820,ENHOGAR,2026-08-16,22,2288,U,89,NR,5,8040.00
HOGAR-006821,ENHOGAR,2026-08-17,01,0189,U,23,F,8,8177.00
HOGAR-006822,ENHOGAR,2026-08-18,02,0290,R,30,M,3,8314.00
HOGAR-006823,ENHOGAR,2026-08-19,03,0391,U,37,X,6,8451.00
HOGAR-006824,ENHOGAR,2026-08-20,04,0492,U,44,NR,1,988.00
HOGAR-006825,ENHOGAR,2026-08-21,05,0593,R,51,F,4,1125.00
HOGAR-006826,ENHOGAR,2026-08-22,06,0694,U,58,M,7,1262.00
HOGAR-006827,ENHOGAR,2026-08-23,07,0795,U,65,X,2,1399.00
HOGAR-006828,ENHOGAR,2026-08-24,08,0896,R,72,NR,5,1536.00
HOGAR-006829,ENHOGAR,2026-08-25,09,0997,U,79,F,8,1673.00
HOGAR-006830,ENHOGAR,2026-08-26,10,1098,U,86,M,3,1810.00
HOGAR-006831,ENHOGAR,2026-08-27,11,1199,R,20,X,6,1947.00
HOGAR-006832,ENHOGAR,2026-08-28,12,1201,U,27,NR,1,2084.00
HOGAR-006833,ENHOGAR,2026-08-01,13,1302,U,34,F,4,2221.00
HOGAR-006834,ENHOGAR,2026-08-02,14,1403,R,41,M,7,2358.00
HOGAR-006835,ENHOGAR,2026-08-03,15,1504,U,48,X,2,2495.00
HOGAR-006836,ENHOGAR,2026-08-04,16,1605,U,55,NR,5,2632.00
HOGAR-006837,ENHOGAR,2026-08-05,17,1706,R,62,F,8,2769.00
HOGAR-006838,ENHOGAR,2026-08-06,18,1807,U,69,M,3,2906.00
HOGAR-006839,ENHOGAR,2026-08-07,19,1908,U,76,X,6,3043.00
HOGAR-006840,ENHOGAR,2026-08-08,20,2009,R,83,NR,1,3180.00
HOGAR-006841,ENHOGAR,2026-08-09,21,2110,U,90,F,4,3317.00
HOGAR-006842,ENHOGAR,2026-08-10,22,2211,U,24,M,7,3454.00
HOGAR-006843,ENHOGAR,2026-08-11,01,0112,R,31,X,2,3591.00
HOGAR-006844,ENHOGAR,2026-08-12,02,0213,U,38,NR,5,3728.00
HOGAR-006845,ENHOGAR,2026-08-13,03,0314,U,45,F,8,3865.00
HOGAR-006846,ENHOGAR,2026-08-14,04,0415,R,52,M,3,4002.00
HOGAR-006847,ENHOGAR,2026-08-15,05,0516,U,59,X,6,4139.00
HOGAR-006848,ENHOGAR,2026-08-16,06,0617,U,66,NR,1,4276.00
HOGAR-006849,ENHOGAR,2026-08-17,07,0718,R,73,F,4,4413.00
HOGAR-006850,ENHOGAR,2026-08-18,08,0819,U,80,M,7,4550.00
HOGAR-006851,ENHOGAR,2026-08-19,09,0920,U,87,X,2,4687.00
HOGAR-006852,ENHOGAR,2026-08-20,10,1021,R,21,NR,5,4824.00
HOGAR-006853,ENHOGAR,2026-08-21,11,1122,U,28,F,8,4961.00
HOGAR-006854,ENHOGAR,2026-08-22,12,1223,U,35,M,3,5098.00
HOGAR-006855,ENHOGAR,2026-08-23,13,1324,R,42,X,6,5235.00
HOGAR-006856,ENHOGAR,2026-08-24,14,1425,U,49,NR,1,5372.00
HOGAR-006857,ENHOGAR,2026-08-25,15,1526,U,56,F,4,5509.00
HOGAR-006858,ENHOGAR,2026-08-26,16,1627,R,63,M,7,5646.00
HOGAR-006859,ENHOGAR,2026-08-27,17,1728,U,70,X,2,5783.00
HOGAR-006860,ENHOGAR,2026-08-28,18,1829,U,77,NR,5,5920.00
HOGAR-006861,ENHOGAR,2026-08-01,19,1930,R,84,F,8,6057.00
HOGAR-006862,ENHOGAR,2026-08-02,20,2031,U,18,M,3,6194.00
HOGAR-006863,ENHOGAR,2026-08-03,21,2132,U,25,X,6,6331.00
HOGAR-006864,ENHOGAR,2026-08-04,22,2233,R,32,NR,1,6468.00
HOGAR-006865,ENHOGAR,2026-08-05,01,0134,U,39,F,4,6605.00
HOGAR-006866,ENHOGAR,2026-08-06,02,0235,U,46,M,7,6742.00
HOGAR-006867,ENHOGAR,2026-08-07,03,0336,R,53,X,2,6879.00
HOGAR-006868,ENHOGAR,2026-08-08,04,0437,U,60,NR,5,7016.00
HOGAR-006869,ENHOGAR,2026-08-09,05,0538,U,67,F,8,7153.00
HOGAR-006870,ENHOGAR,2026-08-10,06,0639,R,74,M,3,7290.00
HOGAR-006871,ENHOGAR,2026-08-11,07,0740,U,81,X,6,7427.00
HOGAR-006872,ENHOGAR,2026-08-12,08,0841,U,88,NR,1,7564.00
HOGAR-006873,ENHOGAR,2026-08-13,09,0942,R,22,F,4,7701.00
HOGAR-006874,ENHOGAR,2026-08-14,10,1043,U,29,M,7,7838.00
HOGAR-006875,ENHOGAR,2026-08-15,11,1144,U,36,X,2,7975.00
HOGAR-006876,ENHOGAR,2026-08-16,12,1245,R,43,NR,5,8112.00
HOGAR-006877,ENHOGAR,2026-08-17,13,1346,U,50,F,8,8249.00
HOGAR-006878,ENHOGAR,2026-08-18,14,1447,U,57,M,3,8386.00
HOGAR-006879,ENHOGAR,2026-08-19,15,1548,R,64,X,6,923.00
HOGAR-006880,ENHOGAR,2026-08-20,16,1649,U,71,NR,1,1060.00
HOGAR-006881,ENHOGAR,2026-08-21,17,1750,U,78,F,4,1197.00
HOGAR-006882,ENHOGAR,2026-08-22,18,1851,R,85,M,7,1334.00
HOGAR-006883,ENHOGAR,2026-08-23,19,1952,U,19,X,2,1471.00
HOGAR-006884,ENHOGAR,2026-08-24,20,2053,U,26,NR,5,1608.00
HOGAR-006885,ENHOGAR,2026-08-25,21,2154,R,33,F,8,1745.00
HOGAR-006886,ENHOGAR,2026-08-26,22,2255,U,40,M,3,1882.00
HOGAR-006887,ENHOGAR,2026-08-27,01,0156,U,47,X,6,2019.00
HOGAR-006888,ENHOGAR,2026-08-28,02,0257,R,54,NR,1,2156.00
HOGAR-006889,ENHOGAR,2026-08-01,03,0358,U,61,F,4,2293.00
HOGAR-006890,ENHOGAR,2026-08-02,04,0459,U,68,M,7,2430.00
HOGAR-006891,ENHOGAR,2026-08-03,05,0560,R,75,X,2,2567.00
HOGAR-006892,ENHOGAR,2026-08-04,06,0661,U,82,NR,5,2704.00
HOGAR-006893,ENHOGAR,2026-08-05,07,0762,U,89,F,8,2841.00
HOGAR-006894,ENHOGAR,2026-08-06,08,0863,R,23,M,3,2978.00
HOGAR-006895,ENHOGAR,2026-08-07,09,0964,U,30,X,6,3115.00
HOGAR-006896,ENHOGAR,2026-08-08,10,1065,U,37,NR,1,3252.00
HOGAR-006897,ENHOGAR,2026-08-09,11,1166,R,44,F,4,3389.00
HOGAR-006898,ENHOGAR,2026-08-10,12,1267,U,51,M,7,3526.00
HOGAR-006899,ENHOGAR,2026-08-11,13,1368,U,58,X,2,3663.00
HOGAR-006900,ENHOGAR,2026-08-12,14,1469,R,65,NR,5,3800.00
HOGAR-006901,ENHOGAR,2026-08-13,15,1570,U,72,F,8,3937.00
HOGAR-006902,ENHOGAR,2026-08-14,16,1671,U,79,M,3,4074.00
HOGAR-006903,ENHOGAR,2026-08-15,17,1772,R,86,X,6,4211.00
HOGAR-006904,ENHOGAR,2026-08-16,18,1873,U,20,NR,1,4348.00
HOGAR-006905,ENHOGAR,2026-08-17,19,1974,U,27,F,4,4485.00
HOGAR-006906,ENHOGAR,2026-08-18,20,2075,R,34,M,7,4622.00
HOGAR-006907,ENHOGAR,2026-08-19,21,2176,U,41,X,2,4759.00
HOGAR-006908,ENHOGAR,2026-08-20,22,2277,U,48,NR,5, 4896.00 
HOGAR-006909,ENHOGAR,2026-08-21,01,0178,R,55,F,8,5033.00
HOGAR-006910,ENHOGAR,2026-08-22,02,0279,U,62,M,3,5170.00
HOGAR-006911,ENHOGAR,2026-08-23,03,0380,U,69,X,6,5307.00
HOGAR-006912,ENHOGAR,2026-08-24,04,0481,R,76,NR,1,5444.00
HOGAR-006913,ENHOGAR,2026-08-25,05,0582,U,83,F,4,5581.00
HOGAR-006914,ENHOGAR,2026-08-26,06,0683,U,90,M,7,5718.00
HOGAR-006915,ENHOGAR,2026-08-27,07,0784,R,24,X,2,5855.00
HOGAR-006916,ENHOGAR,2026-08-28,08,0885,U,31,NR,5,5992.00
HOGAR-006917,ENHOGAR,2026-08-01,09,0986,U,38,F,8,6129.00
HOGAR-006918,ENHOGAR,2026-08-02,10,1087,R,45,M,3,6266.00
HOGAR-006919,ENHOGAR,2026-08-03,11,1188,U,52,X,6,6403.00
HOGAR-006920,ENHOGAR,2026-08-04,12,1289,U,59,NR,1,6540.00
HOGAR-006921,ENHOGAR,2026-08-05,13,1390,R,66,F,4,6677.00
HOGAR-006922,ENHOGAR,2026-08-06,14,1491,U,73,M,7,6814.00
HOGAR-006923,ENHOGAR,2026-08-07,15,1592,U,80,X,2,6951.00
HOGAR-006924,ENHOGAR,2026-08-08,16,1693,R,87,NR,5,7088.00
HOGAR-006925,ENHOGAR,2026-08-09,17,1794,U,21,F,8,7225.00
HOGAR-006926,ENHOGAR,2026-08-10,18,1895,U,28,M,3,7362.00
HOGAR-006927,ENHOGAR,2026-08-11,19,1996,R,35,X,6,7499.00
HOGAR-006928,ENHOGAR,2026-08-12,20,2097,U,42,NR,1,7636.00
HOGAR-006929,ENHOGAR,2026-08-13,21,2198,U,49,F,4,7773.00
HOGAR-006930,ENHOGAR,2026-08-14,22,2299,R,56,M,7,7910.00
HOGAR-006931,ENHOGAR,2026-08-15,01,0101,U,63,X,2,8047.00
HOGAR-006932,ENHOGAR,2026-08-16,02,0202,U,70,NR,5,8184.00
HOGAR-006933,ENHOGAR,2026-08-17,03,0303,R,77,F,8,8321.00
HOGAR-006934,ENHOGAR,2026-08-18,04,0404,U,84,M,3,8458.00
HOGAR-006935,ENHOGAR,2026-08-19,05,0505,U,18,X,6,995.00
HOGAR-006936,ENHOGAR,2026-08-20,06,0606,R,25,NR,1,1132.00
HOGAR-006937,ENHOGAR,2026-08-21,07,0707,U,32,F,4,1269.00
HOGAR-006938,ENHOGAR,2026-08-22,08,0808,U,39,M,7,1406.00
HOGAR-006939,ENHOGAR,2026-08-23,09,0909,R,46,X,2,1543.00
HOGAR-006940,ENHOGAR,2026-08-24,10,1010,U,53,NR,5,1680.00
HOGAR-006941,ENHOGAR,2026-08-25,11,1111,U,60,F,8,1817.00
HOGAR-006942,ENHOGAR,2026-08-26,12,1212,R,67,M,3,1954.00
HOGAR-006943,ENHOGAR,2026-08-27,13,1313,U,74,X,6,2091.00
HOGAR-006944,ENHOGAR,2026-08-28,14,1414,U,81,NR,1,2228.00
HOGAR-006945,ENHOGAR,2026-08-01,15,1515,R,88,F,4,2365.00
HOGAR-006946,ENHOGAR,2026-08-02,16,1616,U,22,M,7,2502.00
HOGAR-006947,ENHOGAR,2026-08-03,17,1717,U,29,X,2,2639.00
HOGAR-006948,ENHOGAR,2026-08-04,18,1818,R,36,NR,5,2776.00
HOGAR-006949,ENHOGAR,2026-08-05,19,1919,U,43,F,8,2913.00
HOGAR-006950,ENHOGAR,2026-08-06,20,2020,U,50,M,3,3050.00
HOGAR-006951,ENHOGAR,2026-08-07,21,2121,R,57,X,6,3187.00
HOGAR-006952,ENHOGAR,2026-08-08,22,2222,U,64,NR,1,3324.00
HOGAR-006953,ENHOGAR,2026-08-09,01,0123,U,71,F,4,3461.00
HOGAR-006954,ENHOGAR,2026-08-10,02,0224,R,78,M,7,3598.00
HOGAR-006955,ENHOGAR,2026-08-11,03,0325,U,85,X,2,3735.00
HOGAR-006956,ENHOGAR,2026-08-12,04,0426,U,19,NR,5,3872.00
HOGAR-006957,ENHOGAR,2026-08-13,05,0527,R,26,F,8,4009.00
HOGAR-006958,ENHOGAR,2026-08-14,06,0628,U,33,M,3,4146.00
HOGAR-006959,ENHOGAR,2026-08-15,07,0729,U,40,X,6,4283.00
HOGAR-006960,ENHOGAR,2026-08-16,08,0830,R,47,NR,1,4420.00
HOGAR-006961,ENHOGAR,2026-08-17,09,0931,U,54,F,4,4557.00
HOGAR-006962,ENHOGAR,2026-08-18,10,1032,U,61,M,7,4694.00
HOGAR-006963,ENHOGAR,2026-08-19,11,1133,R,68,X,2,4831.00
HOGAR-006964,ENHOGAR,2026-08-20,12,1234,U,75,NR,5,4968.00
HOGAR-006965,ENHOGAR,2026-08-21,13,1335,U,82,F,8,5105.00
HOGAR-006966,ENHOGAR,2026-08-22,14,1436,R,89,M,3,5242.00
HOGAR-006967,ENHOGAR,2026-08-23,15,1537,U,23,X,6,5379.00
HOGAR-006968,ENHOGAR,2026-08-24,16,1638,U,30,NR,1,5516.00
HOGAR-006969,ENHOGAR,2026-08-25,17,1739,R,37,F,4,5653.00
HOGAR-006970,ENHOGAR,2026-08-26,18,1840,U,44,M,7,5790.00
HOGAR-006971,ENHOGAR,2026-08-27,19,1941,U,51,X,2,5927.00
HOGAR-006972,ENHOGAR,2026-08-28,20,2042,R,58,NR,5,6064.00
HOGAR/006973,ENHOGAR,2026-08-01,21,2143,U,65,F,8,6201.00
HOGAR-006974,ENHOGAR,2026-08-02,22,2244,U,72,M,3,6338.00
HOGAR-006975,ENHOGAR,2026-08-03,01,0145,R,79,X,6,6475.00
HOGAR-006976,ENHOGAR,2026-08-04,02,0246,U,86,NR,1,6612.00
HOGAR-006977,ENHOGAR,2026-08-05,03,0347,U,20,F,4,6749.00
HOGAR-006978,ENHOGAR,2026-08-06,04,0448,R,27,M,7,6886.00
HOGAR-006979,ENHOGAR,2026-08-07,05,0549,U,34,X,2,
HOGAR-006980,ENHOGAR,2026-08-08,06,0650,U,41,NR,5,7160.00
HOGAR-006981,ENHOGAR,2026-08-09,07,0751,R,48,F,8,7297.00
HOGAR-006982,ENHOGAR,2026-08-10,08,0852,U,55,M,3,7434.00
HOGAR-006983,ENHOGAR,2026-08-11,09,0953,U,62,X,6,7571.00
HOGAR-006984,ENHOGAR,2026-08-12,10,1054,R,69,NR,1,7708.00
HOGAR-006985,ENHOGAR,2026-08-13,11,1155,U,76,F,4,7845.00
HOGAR-006986,ENHOGAR,2026-08-14,12,1256,U,83,M,7,7982.00
HOGAR-006987,ENHOGAR,2026-08-15,13,1357,R,90,X,2,8119.00
HOGAR-006988,ENHOGAR,2026-08-16,14,1458,U,24,NR,5,8256.00
HOGAR-006989,ENHOGAR,2026-08-17,15,1559,U,31,F,8,8393.00
HOGAR-006990,ENHOGAR,2026-08-18,16,1660,R,38,M,3,930.00
HOGAR-006991,ENHOGAR,2026-08-19,17,1761,U,45,X,6,1067.00
HOGAR-006992,ENHOGAR,2026-08-20,18,1862,U,52,NR,1,1204.00
HOGAR-000001,ENHOGAR,2026-08-21,19,1963,R,59,F,4,1341.00
HOGAR-006994,ENHOGAR,2026-08-22,20,2064,U,66,M,7,1478.00
HOGAR-006995,ENHOGAR,2026-08-23,21,2165,U,73,X,2,1615.00
HOGAR-006996,ENHOGAR,2026-08-24,22,2266,R,80,NR,5,1752.00
HOGAR-006997,ENHOGAR,2026-08-25,01,0167,U,87,F,8,1889.00
HOGAR-006998,ENHOGAR,2026-08-26,02,0268,U,21,M,3,2026.00
HOGAR-006999,ENHOGAR,2026-08-27,03,0369,R,28,X,6,2163.00
HOGAR-007000,ENHOGAR,2026-08-28,04,0470,U,35,NR,1,2300.00
HOGAR-007001,ENHOGAR,2026-08-01,05,0571,U,42,F,4,2437.00
HOGAR-007002,ENHOGAR,2026-08-02,06,0672,R,49,M,7,2574.00
HOGAR-007003,ENHOGAR,2026-08-03,07,0773,U,56,X,2,2711.00
HOGAR-007004,ENHOGAR,2026-08-04,08,0874,U,63,NR,5,2848.00
HOGAR-007005,ENHOGAR,2026-08-05,09,0975,R,70,F,8,2985.00
HOGAR-007006,ENHOGAR,2026-08-06,10,1076,U,77,M,3,3122.00
HOGAR-007007,ENHOGAR,2026-08-07,11,1177,U,84,X,6,3259.00
HOGAR-007008,ENHOGAR,2026-08-08,12,1278,R,18,NR,1,3396.00
HOGAR-007009,ENHOGAR,2026-08-09,13,1379,U,25,F,4,3533.00
HOGAR-007010,ENHOGAR,2026-08-10,14,1480,U,32,M,7,3670.00
HOGAR-007011,ENHOGAR,2026-08-11,15,1581,R,39,X,2,3807.00
HOGAR-007012,ENHOGAR,2026-08-12,16,1682,U,46,NR,5,3944.00
HOGAR-007013,ENHOGAR,2026-08-13,17,1783,U,53,F,8,4081.00
HOGAR-007014,ENHOGAR,2026-08-14,18,1884,R,60,M,3,4218.00
HOGAR-007015,ENHOGAR,2026-08-15,19,1985,U,67,X,6,4355.00
HOGAR-007016,ENHOGAR,2026-08-16,20,2086,U,74,NR,1,4492.00
HOGAR-007017,ENHOGAR,2026-08-17,21,2187,R,81,F,4,4629.00
HOGAR-007018,ENHOGAR,2026-08-18,22,2288,U,88,M,7,4766.00
HOGAR-007019,ENHOGAR,2026-08-19,01,0189,U,22,X,2,4903.00
HOGAR-007020,ENHOGAR,2026-08-20,02,0290,R,29,NR,5,5040.00
HOGAR-007021,ENHOGAR,2026-08-21,03,0391,U,36,F,8,5177.00
HOGAR-007022,ENHOGAR,2026-08-22,04,0492,U,43,M,3,5314.00
HOGAR-007023,ENHOGAR,2026-08-23,05,0593,R,50,X,6,5451.00
HOGAR-007024,ENHOGAR,2026-08-24,06,0694,U,57,NR,1,5588.00
HOGAR-007025,ENHOGAR,2026-08-25,07,0795,U,64,F,4,5725.00
HOGAR-007026,ENHOGAR,2026-08-26,08,0896,R,71,M,7,5862.00
HOGAR-007027,ENHOGAR,2026-08-27,09,0997,U,78,X,2,5999.00
HOGAR-007028,ENHOGAR,2026-08-28,10,1098,U,85,NR,5,6136.00
HOGAR-007029,ENHOGAR,2026-08-01,11,1199,R,19,F,8,6273.00
HOGAR-007030,ENHOGAR,2026-08-02,12,1201,U,26,M,3,6410.00
HOGAR-007031,ENHOGAR,2026-08-03,13,1302,U,33,X,6,6547.00
HOGAR-007032,,2026-08-04,14,1403,R,40,NR,1,6684.00
HOGAR-007033,ENHOGAR,2026-08-05,15,1504,U,47,F,4,6821.00
HOGAR-007034,ENHOGAR,2026-08-06,16,1605,U,54,M,7,6958.00
HOGAR-007035,ENHOGAR,2026-08-07,17,1706,R,61,X,2,7095.00
HOGAR-007036,ENHOGAR,2026-08-08,18,1807,U,68,NR,5,7232.00
HOGAR-007037,ENHOGAR,2026-08-09,19,1908,U,75,F,8,7369.00
HOGAR-007038,ENHOGAR,2026-08-10,20,2009,R,82,M,3,7506.00
HOGAR-007039,ENHOGAR,2026-08-11,21,2110,U,89,X,6,7643.00
HOGAR-007040,ENHOGAR,2026-08-12,22,2211,U,23,NR,1,7780.00
HOGAR-007041,ENHOGAR,2026-08-13,01,0112,R,30,F,4,7917.00
HOGAR-007042,ENHOGAR,2026-08-14,02,0213,U,37,M,7,-25.00
HOGAR-007043,ENHOGAR,2026-08-15,03,0314,U,44,X,2,8191.00
HOGAR-007044,ENHOGAR,2026-08-16,04,0415,R,51,NR,5,8328.00
HOGAR-007045,ENHOGAR,2026-08-17,05,0516,U,58,F,8,8465.00
HOGAR-007046,ENHOGAR,2026-08-18,06,0617,U,65,M,3,1002.00
HOGAR-007047,ENHOGAR,2026-08-19,07,0718,R,72,X,6,1139.00
HOGAR-007048,ENHOGAR,2026-08-20,08,0819,U,79,NR,1,1276.00
HOGAR-007049,ENHOGAR,2026-08-21,09,0920,U,86,F,4,1413.00
HOGAR-007050,ENHOGAR,2026-08-22,10,1021,R,20,M,7,1550.00
HOGAR-007051,ENHOGAR,2026-08-23,11,1122,U,27,X,0,1687.00
HOGAR-007052,ENHOGAR,2026-08-24,12,1223,U,34,NR,5,1824.00
HOGAR-007053,ENHOGAR,2026-08-25,13,1324,R,41,F,8,1961.00
HOGAR-007054,ENHOGAR,2026-08-26,14,1425,U,48,M,3,2098.00
HOGAR-007055,ENHOGAR,2026-08-27,15,1526,U,55,X,6,2235.00
HOGAR-007056,ENHOGAR,2026-08-28,16,1627,R,62,NR,1,2372.00
HOGAR-007057,ENHOGAR,2026-08-01,17,1728,U,69,F,4,2509.00
HOGAR-007058,ENHOGAR,2026-08-02,18,1829,U,76,M,7,2646.00
HOGAR-007059,ENHOGAR,2026-08-03,19,1930,R,83,X,2,2783.00
HOGAR-007060,ENHOGAR,2026-08-04,20,2031,U,90,NR,5,2920.00
HOGAR-007061,ENHOGAR,2026-08-05,21,2132,U,24,F,8,3057.00
HOGAR-007062,ENHOGAR,2026-08-06,22,2233,R,31,M,3,3194.00
HOGAR-007063,ENHOGAR,2026-08-07,01,0134,U,38,X,6,3331.00
HOGAR-007064,ENHOGAR,2026-08-08,02,0235,U,45,NR,1,3468.00
HOGAR-007065,ENHOGAR,2026-08-09,03,0336,R,52,F,4, 3605.00 
HOGAR-007066,ENHOGAR,2026-08-10,04,0437,U,59,M,7,3742.00
HOGAR-007067,ENHOGAR,2026-08-11,05,0538,U,66,X,2,3879.00
HOGAR-007068,ENHOGAR,2026-08-12,06,0639,R,73,NR,5,4016.00
HOGAR-007069,ENHOGAR,2026-08-13,07,0740,U,80,F,8,4153.00
HOGAR-007070,ENHOGAR,2026-08-14,08,0841,U,87,M,3,4290.00
HOGAR-007071,ENHOGAR,2026-08-15,09,0942,R,21,X,6,4427.00
HOGAR-007072,ENHOGAR,2026-08-16,10,1043,U,28,NR,1,4564.00
HOGAR-007073,ENHOGAR,2026-08-17,11,1144,U,35,F,4,4701.00
HOGAR-007074,ENHOGAR,2026-08-18,12,1245,R,42,M,7,4838.00
HOGAR-007075,ENHOGAR,2026-08-19,13,1346,U,49,X,2,4975.00
HOGAR-007076,ENHOGAR,2026-08-20,14,1447,U,56,NR,5,5112.00
HOGAR-007077,ENHOGAR,2026-08-21,15,1548,R,63,F,8,5249.00
HOGAR-007078,ENHOGAR,2026-08-22,16,1649,U,70,M,3,5386.00
HOGAR-007079,ENHOGAR,2026-08-23,17,1750,U,77,X,6,5523.00
HOGAR-007080,ENHOGAR,2026-08-24,18,1851,R,84,NR,1,5660.00
HOGAR-007081,ENHOGAR,2026-08-25,19,1952,U,18,F,4,5797.00
HOGAR-007082,ENHOGAR,2026-08-26,20,2053,U,25,M,7,5934.00
HOGAR-007083,ENHOGAR,2026-08-27,21,2154,R,32,X,2,6071.00
HOGAR-007084,ENHOGAR,2026-08-28,22,2255,U,39,NR,5,6208.00
HOGAR-007085,ENHOGAR,2026-08-01,01,0156,U,46,F,8,6345.00
HOGAR-007086,ENHOGAR,2026-08-02,02,0257,R,53,M,3,6482.00
HOGAR-007087,ENHOGAR,2026-08-03,03,0358,U,60,X,6,6619.00
HOGAR-007088,ENHOGAR,2026-08-04,04,0459,U,67,NR,1,6756.00
HOGAR-007089,ENHOGAR,2026-08-05,05,0560,R,74,F,4,6893.00
HOGAR-007090,ENHOGAR,2026-08-06,06,0661,U,81,M,7,7030.00
HOGAR-007091,ENHOGAR,2026-08-07,07,0762,U,88,X,2,7167.00
HOGAR-007092,ENHOGAR,2026-08-08,08,0863,R,22,NR,5,7304.00
HOGAR-007093,ENHOGAR,2026-08-09,09,0964,U,29,F,8,7441.00
HOGAR-007094,ENHOGAR,2026-08-10,10,1065,U,36,M,3,7578.00
HOGAR-007095,ENHOGAR,2026-08-11,11,1166,R,43,X,6,7715.00
HOGAR-007096,ENHOGAR,2026-08-12,12,1267,U,135,NR,1,7852.00
HOGAR-007097,ENHOGAR,2026-08-13,13,1368,U,57,F,4,7989.00
HOGAR-007098,ENHOGAR,2026-08-14,14,1469,R,64,M,7,8126.00
HOGAR-007099,ENHOGAR,2026-08-15,15,1570,U,71,X,2,8263.00
HOGAR-007100,ENHOGAR,2026-08-16,16,1671,U,78,NR,5,8400.00
HOGAR-007101,ENHOGAR,2026-08-17,17,1772,R,85,F,8,937.00
HOGAR-007102,ENHOGAR,2026-08-18,18,1873,U,19,M,3,1074.00
HOGAR-007103,ENHOGAR,2026-08-19,19,1974,U,26,X,6,1211.00
HOGAR-007104,ENHOGAR,2026-08-20,20,2075,R,33,NR,1,1348.00
HOGAR-007105,ENHOGAR,2026-08-21,21,2176,U,40,F,4,1485.00
HOGAR-007106,ENHOGAR,2026-08-22,22,2277,U,47,M,7,1622.00
HOGAR-007107,ENHOGAR,2026-08-23,01,0178,R,54,X,2,1759.00
HOGAR-007108,ENHOGAR,2026-08-24,02,0279,U,61,NR,5,1896.00
HOGAR-007109,ENHOGAR,2026-08-25,03,0380,U,68,F,8,2033.00
HOGAR-007110,ENHOGAR,2026-08-26,04,0481,R,75,M,3,2170.00
HOGAR-007111,ENHOGAR,2026-08-27,05,0582,U,82,X,6,2307.00
HOGAR-007112,ENHOGAR,2026-08-28,06,0683,U,89,NR,1,2444.00
HOGAR-007113,ENHOGAR,2026-08-01,07,0784,R,23,F,4,2581.00
HOGAR-007114,ENHOGAR,2026-08-02,08,0885,U,30,M,7,2718.00
HOGAR-007115,ENHOGAR,2026-08-03,09,0986,U,37,X,2,2855.00
HOGAR-007116,ENHOGAR,2026-08-04,10,1087,R,44,NR,5,2992.00
HOGAR-007117,ENHOGAR,2026-08-05,11,1188,U,51,F,8,3129.00
HOGAR-007118,ENHOGAR,2026-08-06,12,1289,U,58,M,3,3266.00
HOGAR-007119,ENHOGAR,2026-08-07,13,1390,R,65,X,6,3403.00
HOGAR-007120,ENHOGAR,2026-08-08,14,1491,U,72,NR,1,3540.00
HOGAR-007121,ENHOGAR,2026-08-09,15,1592,U,79,F,4,3677.00
HOGAR-007122,ENHOGAR,2026-08-10,16,1693,R,86,M,7,3814.00
HOGAR-007123,ENHOGAR,2027-01-01,17,1794,U,20,X,2,3951.00
HOGAR-007124,ENHOGAR,2026-08-12,18,1895,U,27,NR,5,4088.00
HOGAR-007125,ENHOGAR,2026-08-13,19,1996,R,34,F,8,4225.00
HOGAR-007126,ENHOGAR,2026-08-14,20,2097,U,41,M,3,4362.00
HOGAR-007127,ENHOGAR,2026-08-15,21,2198,U,48,X,6,4499.00
HOGAR-007128,ENHOGAR,2026-08-16,22,2299,R,55,NR,1,4636.00
HOGAR-007129,ENHOGAR,2026-08-17,01,0101,U,62,F,4,4773.00
HOGAR-007130,ENHOGAR,2026-08-18,02,0202,U,69,M,7,4910.00
HOGAR-007131,ENHOGAR,2026-08-19,03,0303,R,76,X,2,5047.00
HOGAR-007132,ENHOGAR,2026-08-20,04,0404,U,83,NR,5,5184.00
HOGAR-007133,ENHOGAR,2026-08-21,05,0505,U,90,F,8,5321.00
HOGAR-007134,ENHOGAR,2026-08-22,06,0606,R,24,M,3,5458.00
HOGAR-007135,ENHOGAR,2026-08-23,07,0707,U,31,X,6,5595.00
HOGAR-007136,ENHOGAR,2026-08-24,08,0808,U,38,NR,1,5732.00
HOGAR-007137,ENHOGAR,2026-08-25,09,0909,R,45,F,4,5869.00
HOGAR-007138,ENHOGAR,2026-08-26,10,1010,U,52,M,7,6006.00
HOGAR-007139,ENHOGAR,2026-08-27,11,1111,U,59,X,2,6143.00
HOGAR-007140,ENHOGAR,2026-08-28,12,1212,R,66,NR,5,6280.00
HOGAR-007141,ENHOGAR,2026-08-01,13,1313,U,73,F,8,6417.00
HOGAR-007142,ENHOGAR,2026-08-02,14,1414,U,80,M,3,6554.00
HOGAR-007143,ENHOGAR,2026-08-03,15,1515,R,87,X,6,6691.00
HOGAR-007144,ENHOGAR,2026-08-04,16,1616,U,21,NR,1,6828.00
HOGAR-007145,ENHOGAR,2026-08-05,17,1717,U,28,F,4,6965.00
HOGAR-007146,ENHOGAR,2026-08-06,18,1818,R,35,M,7,7102.00
HOGAR-007147,ENHOGAR,2026-08-07,19,1919,U,42,X,2,7239.00
HOGAR-007148,ENHOGAR,2026-08-08,20,2020,U,49,NR,5,7376.00
HOGAR-007149,ENHOGAR,2026-08-09,21,2121,R,56,F,8,7513.00
HOGAR-007150,ENHOGAR,2026-08-10,22,2222,U,63,M,3,7650.00
HOGAR-007151,ENHOGAR,2026-08-11,01,0123,U,70,X,6,7787.00
HOGAR-007152,ENHOGAR,2026-08-12,02,0224,R,77,NR,1,7924.00
HOGAR-007153,ENHOGAR,2026-08-13,03,0325,U,84,F,4,8061.00
HOGAR-007154,ENHOGAR,2026-08-14,04,0426,U,18,M,7,8198.00
HOGAR-007155,ENHOGAR,2026-08-15,05,0527,R,25,X,2,8335.00
HOGAR-007156,ENHOGAR,2026-08-16,06,0628,U,32,NR,5,8472.00
HOGAR-007157,ENHOGAR,2026-08-17,07,0729,U,39,F,8,1009.00
HOGAR-007158,ENHOGAR,2026-08-18,08,0830,R,46,M,3,1146.00
HOGAR-007159,ENHOGAR,2026-08-19,09,0931,U,53,X,6,1283.00
HOGAR-007160,ENHOGAR,2026-08-20,10,1032,U,60,NR,1,1420.00
HOGAR-007161,ENHOGAR,2026-08-21,11,1133,R,67,F,4,1557.00
HOGAR-007162,ENHOGAR,2026-08-22,12,1234,U,74,M,7,1694.00
HOGAR-007163,ENHOGAR,2026-08-23,13,1335,U,81,X,2,1831.00
HOGAR-007164,ENHOGAR,2026-08-24,14,1436,R,88,NR,5,1968.00
HOGAR-007165,ENHOGAR,2026-08-25,15,1537,U,22,F,8,2105.00
HOGAR-007166,ENHOGAR,2026-08-26,16,1638,U,29,M,3,2242.00
HOGAR-007167,ENHOGAR,2026-08-27,17,1739,R,36,X,6,2379.00
HOGAR-007168,ENHOGAR,2026-08-28,18,1840,U,43,NR,1,2516.00
HOGAR-007169,ENHOGAR,2026-08-01,19,1941,U,50,F,4,2653.00
HOGAR-007170,ENHOGAR,2026-08-02,20,2042,R,57,M,7,2790.00
HOGAR-007171,ENHOGAR,2026-08-03,21,2143,U,64,X,2,2927.00
HOGAR-007172,ENHOGAR,2026-08-04,22,2244,U,71,NR,5,3064.00
HOGAR-007173,ENHOGAR,2026-08-05,01,0145,R,78,F,8,3201.00
HOGAR-007174,ENHOGAR,2026-08-06,02,0246,U,85,M,3,3338.00
HOGAR-007175,ENHOGAR,2026-08-07,03,0347,U,19,X,6,3475.00
HOGAR-007176,ENHOGAR,2026-08-08,04,0448,R,26,NR,1,3612.00
HOGAR-007177,ENHOGAR,2026-08-09,05,0549,U,33,F,4,3749.00
HOGAR-007178,ENHOGAR,2026-08-10,06,0650,U,40,M,7,3886.00
HOGAR-007179,ENHOGAR,2026-08-11,07,0751,R,47,X,2,4023.00
HOGAR-007180,ENHOGAR,2026-08-12,08,0852,U,54,NR,5,4160.00
HOGAR-007181,ENHOGAR,2026-08-13,09,0953,U,61,F,8,4297.00
HOGAR-007182,ENHOGAR,2026-08-14,10,1054,R,68,M,3,4434.00
HOGAR-007183,ENHOGAR,2026-08-15,11,1155,U,75,X,6,4571.00
HOGAR-007184,ENHOGAR,2026-08-16,12,1256,U,82,NR,1,4708.00
HOGAR-007185,ENHOGAR,2026-08-17,13,1357,R,89,F,4,4845.00
HOGAR-007186,ENHOGAR,2026-08-18,14,1458,U,23,M,7,4982.00
HOGAR-007187,ENHOGAR,2026-08-19,15,1559,U,30,X,2,5119.00
HOGAR-007188,ENHOGAR,2026-08-20,16,1660,R,37,NR,5,5256.00
HOGAR-007189,ENHOGAR,2026-08-21,17,1761,U,44,F,8,5393.00
HOGAR-007190,ENHOGAR,2026-08-22,18,1862,U,51,M,3,5530.00
HOGAR-007191,ENHOGAR,2026-08-23,19,1963,R,58,X,6,5667.00
HOGAR-007192,ENHOGAR,2026-08-24,20,2064,U,65,NR,1,5804.00
HOGAR-007193,ENHOGAR,2026-08-25,21,2165,U,72,F,4,5941.00
HOGAR-007194,ENHOGAR,2026-08-26,22,2266,R,79,M,7,6078.00
HOGAR-007195,ENHOGAR,2026-08-27,01,0167,U,86,X,2,6215.00
HOGAR-007196,ENHOGAR,2026-08-28,02,0268,U,20,NR,5,6352.00
HOGAR-007197,ENHOGAR,2026-08-01,03,0369,R,27,F,8,6489.00
HOGAR-007198,ENHOGAR,2026-08-02,04,0470,U,34,M,3,6626.00
HOGAR-007199,ENHOGAR,2026-08-03,05,0571,U,41,X,6,6763.00
HOGAR-007200,ENHOGAR,2026-08-04,06,0672,R,48,NR,1,6900.00
HOGAR-007201,ENHOGAR,2026-08-05,07,0773,U,55,F,4,7037.00
HOGAR-007202,ENHOGAR,2026-08-06,08,0874,U,62,M,7,7174.00
HOGAR-007203,ENHOGAR,2026-08-07,09,0975,R,69,X,2,7311.00
HOGAR-007204,ENHOGAR,2026-08-08,10,1076,U,76,NR,5,7448.00
HOGAR-007205,ENHOGAR,2026-08-09,11,1177,U,83,F,8,7585.00
HOGAR-007206,ENHOGAR,2026-08-10,12,1278,R,90,M,3,7722.00
HOGAR-007207,ENHOGAR,2026-08-11,13,1379,U,24,X,6,7859.00
HOGAR-007208,ENHOGAR,2026-08-12,14,1480,U,31,NR,1,7996.00
HOGAR-007209,ENHOGAR,2026-08-13,15,1581,R,38,F,4,8133.00
HOGAR-007210,ENHOGAR,2026-08-14,16,1682,U,45,M,7,8270.00
HOGAR-007211,ENHOGAR,2026-08-15,17,1783,U,52,X,2,8407.00
HOGAR-007212,ENHOGAR,2026-08-16,18,1884,R,59,NR,5,944.00
HOGAR-007213,ENHOGAR,2026-08-17,19,1985,U,66,F,8,1081.00
HOGAR-007214,ENHOGAR,2026-08-18,20,2086,U,73,M,3,1218.00
HOGAR-007215,ENHOGAR,2026-08-19,21,2187,R,80,X,6,1355.00
HOGAR-007216,ENHOGAR,2026-08-20,22,2288,U,87,NR,1,1492.00
HOGAR-007217,ENHOGAR,2026-08-21,01,0189,U,21,F,4,1629.00
HOGAR-007218,ENHOGAR,2026-08-22,02,0290,R,28,M,7,1766.00
HOGAR-007219,ENHOGAR,2026-08-23,03,0391,U,35,X,2,1903.00
HOGAR-007220,ENHOGAR,2026-08-24,04,0492,U,42,NR,5,2040.00
HOGAR-007221,ENHOGAR,2026-08-25,05,0593,R,49,F,8,2177.00
HOGAR-007222,ENHOGAR,2026-08-26,06,0694,U,56,M,3, 2314.00 
HOGAR-007223,ENHOGAR,2026-08-27,07,0795,U,63,X,6,2451.00
HOGAR-007224,ENHOGAR,2026-08-28,08,0896,R,70,NR,1,2588.00
HOGAR-007225,ENHOGAR,2026-08-01,09,0997,U,77,F,4,2725.00
HOGAR-007226,ENHOGAR,2026-08-02,10,1098,U,84,M,7,2862.00
HOGAR-007227,ENHOGAR,2026-08-03,11,1199,R,18,X,2,2999.00
HOGAR-007228,ENHOGAR,2026-08-04,12,1201,U,25,NR,5,3136.00
HOGAR-007229,ENHOGAR,2026-08-05,13,1302,U,32,F,8,3273.00
HOGAR-007230,ENHOGAR,2026-08-06,14,1403,R,39,M,3,3410.00
HOGAR-007231,ENHOGAR,2026-08-07,15,1504,U,46,X,6,3547.00
HOGAR-007232,ENHOGAR,2026-08-08,16,1605,U,53,NR,1,3684.00
HOGAR-007233,ENHOGAR,2026-08-09,17,1706,R,60,F,4,3821.00
HOGAR-007234,ENHOGAR,2026-08-10,18,1807,U,67,M,7,3958.00
HOGAR-007235,ENHOGAR,2026-08-11,19,1908,U,74,X,2,4095.00
HOGAR-007236,ENHOGAR,2026-08-12,20,2009,R,81,NR,5,4232.00
HOGAR-007237,ENHOGAR,2026-08-13,21,2110,U,88,F,8,4369.00
HOGAR-007238,ENHOGAR,2026-08-14,22,2211,U,22,M,3,4506.00
HOGAR-007239,ENHOGAR,2026-08-15,01,0112,R,29,X,6,4643.00
HOGAR-007240,ENHOGAR,2026-08-16,02,0213,U,36,NR,1,4780.00
HOGAR-007241,ENHOGAR,2026-08-17,03,0314,U,43,F,4,4917.00
HOGAR-007242,ENHOGAR,2026-08-18,04,0415,R,50,M,7,5054.00
HOGAR-007243,ENHOGAR,2026-08-19,05,0516,U,57,X,2,5191.00
HOGAR-007244,ENHOGAR,2026-08-20,06,0617,U,64,NR,5,5328.00
HOGAR-007245,ENHOGAR,2026-08-21,07,0718,R,71,F,8,5465.00
HOGAR-007246,ENHOGAR,2026-08-22,08,0819,U,78,M,3,5602.00
HOGAR-007247,ENHOGAR,2026-08-23,09,0920,U,85,X,6,5739.00
HOGAR-007248,ENHOGAR,2026-08-24,10,1021,R,19,NR,1,5876.00
HOGAR-007249,ENHOGAR,2026-08-25,11,1122,U,26,F,4,6013.00
HOGAR-007250,ENHOGAR,2026-08-26,12,1223,U,33,M,7,6150.00
HOGAR-007251,ENHOGAR,2026-08-27,13,1324,R,40,X,2,6287.00
HOGAR-007252,ENHOGAR,2026-08-28,14,1425,U,47,NR,5,6424.00
HOGAR-007253,ENHOGAR,2026-08-01,15,1526,U,54,F,8,6561.00
HOGAR-007254,ENHOGAR,2026-08-02,16,1627,R,61,M,3,6698.00
HOGAR-007255,ENHOGAR,2026-08-03,17,1728,U,68,X,6,6835.00
HOGAR-007256,ENHOGAR,2026-08-04,18,1829,U,75,NR,1,6972.00
HOGAR-007257,ENHOGAR,2026-08-05,19,1930,R,82,F,4,7109.00
HOGAR-007258,ENHOGAR,2026-08-06,20,2031,U,89,M,7,7246.00
HOGAR-007259,ENHOGAR,2026-08-07,21,2132,U,23,X,2,7383.00
HOGAR-007260,ENHOGAR,2026-08-08,22,2233,R,30,NR,5,7520.00
HOGAR-007261,ENHOGAR,2026-08-09,01,0134,U,37,F,8,7657.00
HOGAR-007262,ENHOGAR,2026-08-10,02,0235,U,44,M,3,7794.00
HOGAR-007263,ENHOGAR,2026-08-11,03,0336,R,51,X,6,7931.00
HOGAR-007264,ENHOGAR,2026-08-12,04,0437,U,58,NR,1,8068.00
HOGAR-007265,ENHOGAR,2026-08-13,05,0538,U,65,F,4,8205.00
HOGAR-007266,ENHOGAR,2026-08-14,06,0639,R,72,M,7,8342.00
HOGAR-007267,ENHOGAR,2026-08-15,07,0740,U,79,X,2,8479.00
HOGAR-007268,ENHOGAR,2026-08-16,08,0841,U,86,NR,5,1016.00
HOGAR-007269,ENHOGAR,2026-08-17,09,0942,R,20,F,8,1153.00
HOGAR-007270,ENHOGAR,2026-08-18,10,1043,U,27,M,3,1290.00
HOGAR-007271,ENHOGAR,2026-08-19,11,1144,U,34,X,6,1427.00
HOGAR-007272,ENHOGAR,2026-08-20,12,1245,R,41,NR,1,1564.00
HOGAR-007273,ENHOGAR,2026-08-21,13,1346,U,48,F,4,1701.00
HOGAR-007274,ENHOGAR,2026-08-22,14,1447,U,55,M,7,1838.00
HOGAR-007275,ENHOGAR,2026-08-23,15,1548,R,62,X,2,1975.00
HOGAR-007276,ENHOGAR,2026-08-24,16,1649,U,69,NR,5,2112.00
HOGAR-007277,ENHOGAR,2026-08-25,17,1750,U,76,F,8,2249.00
HOGAR-007278,ENHOGAR,2026-08-26,18,1851,R,83,M,3,2386.00
HOGAR-007279,ENHOGAR,2026-08-27,19,1952,U,90,X,6,2523.00
HOGAR-007280,ENHOGAR,2026-08-28,20,2053,U,24,NR,1,2660.00
HOGAR-007281,ENHOGAR,2026-08-01,21,2154,R,31,F,4,2797.00
HOGAR-007282,ENHOGAR,2026-08-02,22,2255,U,38,M,7,2934.00
HOGAR-007283,ENHOGAR,2026-08-03,01,0156,U,45,X,2,3071.00
HOGAR-007284,ENHOGAR,2026-08-04,02,0257,R,52,NR,5,3208.00
HOGAR-007285,ENHOGAR,2026-08-05,03,0358,U,59,F,8,3345.00
HOGAR-007286,ENHOGAR,2026-08-06,04,0459,U,66,M,3,3482.00
HOGAR-007287,ENHOGAR,2026-08-07,05,0560,R,73,X,6,3619.00
HOGAR-007288,ENHOGAR,2026-08-08,06,0661,X,80,NR,1,3756.00
HOGAR-007289,ENHOGAR,2026-08-09,07,0762,U,87,F,4,3893.00
HOGAR-007290,ENHOGAR,2026-08-10,08,0863,R,21,M,7,4030.00
HOGAR-007291,ENHOGAR,2026-08-11,09,0964,U,28,X,2,4167.00
HOGAR-007292,ENHOGAR,2026-08-12,10,1065,U,35,NR,5,4304.00
HOGAR-007293,ENHOGAR,2026-08-13,11,1166,R,42,F,8,4441.00
HOGAR-007294,ENHOGAR,2026-08-14,12,1267,U,49,M,3,4578.00
HOGAR-007295,ENHOGAR,2026-08-15,13,1368,U,56,X,6,4715.00
HOGAR-007296,ENHOGAR,2026-08-16,14,1469,R,63,NR,1,4852.00
HOGAR-007297,ENHOGAR,2026-08-17,15,1570,U,70,F,4,4989.00
HOGAR-007298,ENHOGAR,2026-08-18,16,1671,U,77,M,7,5126.00
HOGAR-007299,ENHOGAR,2026-08-19,17,1772,R,84,X,2,5263.00
HOGAR-007300,ENHOGAR,2026-08-20,18,1873,U,18,NR,5,5400.00
HOGAR-007301,ENHOGAR,2026-08-21,19,1974,U,25,F,8,5537.00
HOGAR-007302,ENHOGAR,2026-08-22,20,2075,R,32,M,3,5674.00
HOGAR-007303,ENHOGAR,2026-08-23,21,2176,U,39,X,6,5811.00
HOGAR-007304,ENHOGAR,2026-08-24,22,2277,U,46,NR,1,5948.00
HOGAR-007305,ENHOGAR,2026-08-25,01,0178,R,53,F,4,6085.00
HOGAR-007306,ENHOGAR,2026-08-26,02,0279,U,60,M,7,6222.00
HOGAR-007307,ENHOGAR,2026-08-27,03,0380,U,67,X,2,6359.00
HOGAR-007308,ENHOGAR,2026-08-28,04,0481,R,74,NR,5,6496.00
HOGAR-007309,ENHOGAR,2026-08-01,05,0582,U,81,F,8,6633.00
HOGAR-007310,ENHOGAR,2026-08-02,06,0683,U,88,M,3,6770.00
HOGAR-007311,ENHOGAR,2026-08-03,07,0784,R,22,X,6,6907.00
HOGAR-007312,ENHOGAR,2026-08-04,08,0885,U,29,NR,1,7044.00
HOGAR-007313,ENHOGAR,2026-08-05,09,0986,U,36,F,4,7181.00
HOGAR-007314,ENHOGAR,2026-08-06,10,1087,R,43,M,7,7318.00
HOGAR-007315,ENHOGAR,2026-08-07,11,1188,U,50,X,2,7455.00
HOGAR-007316,ENHOGAR,2026-08-08,12,1289,U,57,NR,5,7592.00
HOGAR-007317,ENHOGAR,2026-08-09,13,1390,R,64,F,8,7729.00
HOGAR-007318,ENHOGAR,2026-08-10,14,1491,U,71,M,3,7866.00
HOGAR-007319,ENHOGAR,2026-08-11,15,1592,U,78,X,6,8003.00
HOGAR-007320,ENHOGAR,2026-08-12,16,1693,R,85,NR,1,8140.00
HOGAR-007321,ENHOGAR,2026-08-13,17,1794,U,19,F,4,8277.00
HOGAR-007322,ENHOGAR,2026-08-14,18,1895,U,26,M,7,8414.00
HOGAR-007323,ENHOGAR,2026-08-15,19,1996,R,33,X,2,951.00
HOGAR-007324,ENHOGAR,2026-08-16,20,2097,U,40,NR,5,1088.00
HOGAR-007325,,2026-08-17,21,2198,U,47,F,8,1225.00
HOGAR-007326,ENHOGAR,2026-08-18,22,2299,R,54,M,3,1362.00
HOGAR-007327,ENHOGAR,2026-08-19,01,0101,U,61,X,6,1499.00
HOGAR-007328,ENHOGAR,2026-08-20,02,0202,U,68,NR,1,1636.00
HOGAR-007329,ENHOGAR,2026-08-21,03,0303,R,75,F,4,1773.00
HOGAR-007330,ENHOGAR,2026-08-22,04,0404,U,82,Z,7,1910.00
HOGAR-007331,ENHOGAR,2026-08-23,05,0505,U,89,X,2,2047.00
HOGAR-007332,ENHOGAR,2026-08-24,06,0606,R,23,NR,5,2184.00
HOGAR-007333,ENHOGAR,2026-08-25,07,0707,U,30,F,8,2321.00
HOGAR-007334,ENHOGAR,2026-08-26,08,0808,U,37,M,3,2458.00
HOGAR-007335,ENHOGAR,2026-08-27,09,0909,R,44,X,6,2595.00
HOGAR-007336,ENHOGAR,2026-08-28,10,1010,U,51,NR,1,2732.00
HOGAR-007337,ENHOGAR,2026-08-01,11,1111,U,58,F,4,2869.00
HOGAR-007338,ENHOGAR,2026-08-02,12,1212,R,65,M,7,3006.00
HOGAR-007339,ENHOGAR,2026-08-03,13,1313,U,72,X,2,3143.00
HOGAR/007340,ENHOGAR,2026-08-04,14,1414,U,79,NR,5,3280.00
HOGAR-007341,ENHOGAR,2026-08-05,15,1515,R,86,F,8,3417.00
HOGAR-007342,ENHOGAR,2026-08-06,16,1616,U,20,M,3,3554.00
HOGAR-007343,ENHOGAR,2026-08-07,17,1717,U,27,X,6,3691.00
HOGAR-007344,ENHOGAR,2026-08-08,18,1818,R,34,NR,1,3828.00
HOGAR-007345,ENHOGAR,2026-08-09,19,1919,U,41,F,4,3965.00
HOGAR-007346,ENHOGAR,2026-08-10,20,2020,U,48,M,7,4102.00
HOGAR-007347,ENHOGAR,2026-08-11,21,2121,R,55,X,2,4239.00
HOGAR-007348,ENHOGAR,2026-08-12,22,2222,U,62,NR,5,4376.00
HOGAR-007349,ENHOGAR,2026-08-13,01,0123,U,69,F,8,4513.00
HOGAR-007350,ENHOGAR,2026-08-14,02,0224,R,76,M,3,4650.00
HOGAR-007351,ENHOGAR,2026-08-15,03,0325,U,83,X,6,4787.00
HOGAR-007352,ENHOGAR,2026-08-16,04,0426,U,90,NR,1,4924.00
HOGAR-007353,ENHOGAR,2026-08-17,05,0527,R,24,F,4,5061.00
HOGAR-007354,ENHOGAR,2026-08-18,06,0628,U,31,M,7,5198.00
HOGAR-007355,ENHOGAR,2026-08-19,07,0729,U,38,X,2,5335.00
HOGAR-007356,ENHOGAR,2026-08-20,08,0830,R,45,NR,5,5472.00
HOGAR-007357,ENHOGAR,2026-08-21,09,0931,U,52,F,8,5609.00
HOGAR-007358,ENHOGAR,2026-08-22,10,1032,U,59,M,3,5746.00
HOGAR-007359,ENHOGAR,2026-08-23,11,1133,R,66,X,6,5883.00
HOGAR-007360,ENHOGAR,2026-08-24,12,1234,U,73,NR,1,6020.00
HOGAR-007361,ENHOGAR,2026-08-25,13,1335,U,80,F,4,6157.00
HOGAR-007362,ENHOGAR,2026-08-26,14,1436,R,87,M,7,6294.00
HOGAR-007363,ENHOGAR,2026-08-27,15,1537,U,21,X,2,6431.00
HOGAR-007364,ENHOGAR,2026-08-28,16,1638,U,28,NR,5,6568.00
HOGAR-007365,ENHOGAR,2026-08-01,17,1739,R,35,F,8,6705.00
HOGAR-007366,ENHOGAR,2026-08-02,18,1840,U,42,M,3,6842.00
HOGAR-007367,ENHOGAR,2026-08-03,19,1941,U,49,X,6,6979.00
HOGAR-007368,ENHOGAR,2026-08-04,20,2042,R,56,NR,1,7116.00
HOGAR-007369,ENHOGAR,2026-08-05,21,2143,U,63,F,4,7253.00
HOGAR-007370,ENHOGAR,2026-08-06,22,2244,U,70,M,7,7390.00
HOGAR-007371,ENHOGAR,2026-08-07,01,0145,R,77,X,2,7527.00
HOGAR-007372,ENHOGAR,2026-08-08,02,0246,U,84,NR,5,7664.00
HOGAR-007373,ENHOGAR,2026-08-09,03,0347,U,18,F,8,7801.00
HOGAR-007374,ENHOGAR,2026-08-10,04,0448,R,25,M,3,7938.00
HOGAR-007375,ENHOGAR,2026-08-11,05,0549,U,32,X,6,8075.00
HOGAR-007376,ENHOGAR,2026-08-12,06,0650,U,39,NR,1,8212.00
HOGAR-007377,ENHOGAR,2026-08-13,07,0751,R,46,F,4,8349.00
HOGAR-007378,ENHOGAR,2026-08-14,08,0852,U,53,M,7,8486.00
HOGAR-007379,ENHOGAR,2026-08-15,09,0953,U,60,X,2, 1023.00 
HOGAR-007380,ENHOGAR,2026-08-16,10,1054,R,67,NR,5,1160.00
HOGAR-007381,ENHOGAR,2026-08-17,11,1155,U,74,F,8,1297.00
HOGAR-007382,ENHOGAR,2026-08-18,12,1256,U,81,M,3,1434.00
HOGAR-007383,ENHOGAR,2026-08-19,13,1357,R,88,X,6,1571.00
HOGAR-007384,ENHOGAR,2026-08-20,14,1458,U,22,NR,1,1708.00
HOGAR-007385,ENHOGAR,2026-08-21,15,1559,U,29,F,4,1845.00
HOGAR-007386,ENHOGAR,2026-08-22,16,1660,R,36,M,7,1982.00
HOGAR-007387,ENHOGAR,2026-08-23,17,1761,U,43,X,2,2119.00
HOGAR-007388,ENHOGAR,2026-08-24,18,1862,U,50,NR,5,2256.00
HOGAR-007389,ENHOGAR,2026-08-25,19,1963,R,57,F,8,2393.00
HOGAR-007390,ENHOGAR,2026-08-26,20,2064,U,64,M,3,2530.00
HOGAR-007391,ENHOGAR,2026-08-27,21,2165,U,71,X,6,2667.00
HOGAR-007392,ENHOGAR,2026-08-28,22,2266,R,78,NR,1,2804.00
HOGAR-007393,ENHOGAR,2026-08-01,01,0167,U,85,F,4,2941.00
HOGAR-007394,ENHOGAR,2026-08-02,02,0268,U,19,M,7,3078.00
HOGAR-007395,ENHOGAR,2026-08-03,03,0369,R,26,X,2,3215.00
HOGAR-007396,ENHOGAR,2026-08-04,04,0470,U,33,NR,5,3352.00
HOGAR-007397,ENHOGAR,2026-08-05,05,0571,U,40,F,8,3489.00
HOGAR-007398,ENHOGAR,2026-08-06,06,0672,R,47,M,3,3626.00
HOGAR-007399,ENHOGAR,2026-08-07,07,0773,U,54,X,6,3763.00
HOGAR-007400,ENHOGAR,2026-08-08,08,0874,U,61,NR,1,3900.00
HOGAR-007401,ENHOGAR,2026-08-09,09,0975,R,68,F,4,4037.00
HOGAR-007402,ENHOGAR,2026-08-10,10,1076,U,75,M,7,4174.00
HOGAR-007403,ENHOGAR,2026-08-11,11,1177,U,82,X,2,4311.00
HOGAR-007404,ENHOGAR,2026-08-12,12,1278,R,89,NR,5,4448.00
HOGAR-007405,ENHOGAR,2026-08-13,13,1379,U,23,F,8,4585.00
HOGAR-007406,ENHOGAR,2026-08-14,14,1480,U,30,M,3,4722.00
HOGAR-007407,ENHOGAR,2026-08-15,15,1581,R,37,X,6,4859.00
HOGAR-007408,ENHOGAR,2026-08-16,16,1682,U,44,NR,1,4996.00
HOGAR-007409,ENHOGAR,2026-08-17,17,1783,U,51,F,4,5133.00
HOGAR-007410,ENHOGAR,2026-08-18,18,1884,R,58,M,7,5270.00
HOGAR-007411,ENHOGAR,2026-08-19,19,1985,U,65,X,2,5407.00
HOGAR-007412,ENHOGAR,2026-08-20,20,2086,U,72,NR,5,5544.00
HOGAR-007413,ENHOGAR,2026-08-21,21,2187,R,79,F,8,5681.00
HOGAR-007414,ENHOGAR,2026-08-22,22,2288,U,86,M,3,5818.00
HOGAR-007415,ENHOGAR,2026-08-23,01,0189,U,20,X,6,5955.00
HOGAR-007416,ENHOGAR,2026-08-24,02,0290,R,27,NR,1,6092.00
HOGAR-007417,ENHOGAR,2026-08-25,03,0391,U,34,F,4,6229.00
HOGAR-007418,ENHOGAR,2026-08-26,04,0492,U,41,M,7,6366.00
HOGAR-007419,ENHOGAR,2026-08-27,05,0593,R,48,X,2,6503.00
HOGAR-007420,ENHOGAR,2026-08-28,06,0694,U,55,NR,5,6640.00
HOGAR-007421,ENHOGAR,2026-08-01,07,0795,U,62,F,8,6777.00
HOGAR-007422,ENHOGAR,2026-08-02,08,0896,R,69,M,3,6914.00
HOGAR-007423,ENHOGAR,2026-08-03,09,0997,U,76,X,6,7051.00
HOGAR-007424,ENHOGAR,2026-08-04,10,1098,U,83,NR,1,7188.00
HOGAR-007425,ENHOGAR,2026-08-05,11,1199,R,90,F,4,7325.00
HOGAR-007426,ENHOGAR,2026-08-06,12,1201,U,24,M,7,7462.00
HOGAR-007427,ENHOGAR,2026-08-07,13,1302,U,31,X,2,7599.00
HOGAR-007428,ENHOGAR,2026-08-08,14,1403,R,38,NR,5,7736.00
HOGAR-007429,ENHOGAR,2026-08-09,15,1504,U,45,F,8,7873.00
HOGAR-007430,ENHOGAR,2026-08-10,16,1605,U,52,M,3,8010.00
HOGAR-007431,ENHOGAR,2026-08-11,17,1706,R,59,X,6,8147.00
HOGAR-007432,ENHOGAR,2026-08-12,18,1807,U,66,NR,1,8284.00
HOGAR-007433,ENHOGAR,2026-08-13,19,1908,U,73,F,4,8421.00
HOGAR-007434,ENHOGAR,2026-08-14,20,2009,R,80,M,7,958.00
HOGAR-007435,ENHOGAR,2026-08-15,21,2110,U,87,X,2,1095.00
HOGAR-007436,ENHOGAR,2026-08-16,22,2211,U,21,NR,5,1232.00
HOGAR-007437,ENHOGAR,2026-08-17,01,0112,R,28,F,8,1369.00
HOGAR-007438,ENHOGAR,2026-08-18,02,0213,U,35,M,3,1506.00
HOGAR-007439,ENHOGAR,2026-08-19,03,0314,U,42,X,6,1643.00
HOGAR-007440,ENHOGAR,2026-08-20,04,0415,R,49,NR,1,1780.00
HOGAR-007441,ENHOGAR,2026-08-21,05,0516,U,56,F,4,1917.00
HOGAR-007442,ENHOGAR,2026-08-22,06,0617,U,63,M,7,2054.00
HOGAR-007443,ENHOGAR,2026-08-23,07,0718,R,70,X,2,2191.00
HOGAR-007444,ENHOGAR,2026-08-24,08,0819,U,77,NR,5,2328.00
HOGAR-007445,ENHOGAR,2026-08-25,09,0920,U,84,F,8,2465.00
HOGAR-007446,ENHOGAR,2026-08-26,10,1021,R,18,M,3,2602.00
HOGAR-007447,ENHOGAR,2026-08-27,11,1122,U,25,X,6,2739.00
HOGAR-007448,ENHOGAR,2026-08-28,12,1223,U,32,NR,1,2876.00
HOGAR-007449,ENHOGAR,2026-08-01,13,1324,R,39,F,4,3013.00
HOGAR-007450,ENHOGAR,2026-08-02,14,1425,U,46,M,7,3150.00
HOGAR-007451,ENHOGAR,2026-08-03,15,1526,U,53,X,2,3287.00
HOGAR-007452,ENHOGAR,2026-08-04,16,1627,R,60,NR,5,3424.00
HOGAR-007453,ENHOGAR,2026-08-05,17,1728,U,67,F,8,3561.00
HOGAR-007454,ENHOGAR,2026-08-06,18,1829,U,74,M,3,3698.00
HOGAR-007455,ENHOGAR,2026-08-07,19,1930,R,81,X,6,3835.00
HOGAR-007456,ENHOGAR,2026-08-08,20,2031,U,88,NR,1,3972.00
HOGAR-007457,ENHOGAR,2026-08-09,21,2132,U,22,F,4,4109.00
HOGAR-007458,ENHOGAR,2026-08-10,22,2233,R,29,M,7,4246.00
HOGAR-007459,ENHOGAR,2026-08-11,01,0134,U,36,X,2,4383.00
HOGAR-007460,ENHOGAR,2026-08-12,02,0235,U,43,NR,5,4520.00
HOGAR-007461,ENHOGAR,2026-08-13,03,0336,R,50,F,8,4657.00
HOGAR-007462,ENHOGAR,2026-08-14,04,0437,U,57,M,3,4794.00
HOGAR-007463,ENHOGAR,2026-08-15,05,0538,U,64,X,6,4931.00
HOGAR-007464,ENHOGAR,2026-08-16,06,0639,R,71,NR,1,5068.00
HOGAR-007465,ENHOGAR,2026-08-17,07,0740,U,78,F,4,5205.00
HOGAR-007466,ENHOGAR,2026-08-18,08,0841,U,85,M,7,5342.00
HOGAR-007467,ENHOGAR,2026-08-19,09,0942,R,19,X,2,5479.00
HOGAR-007468,ENHOGAR,2026-08-20,10,1043,U,26,NR,5,5616.00
HOGAR-007469,ENHOGAR,2026-08-21,11,1144,U,33,F,8,5753.00
HOGAR-007470,ENHOGAR,2026-08-22,12,1245,R,40,M,3,5890.00
HOGAR-007471,ENHOGAR,2026-08-23,13,1346,U,47,X,6,6027.00
HOGAR-007472,ENHOGAR,2026-08-24,14,1447,U,54,NR,1,6164.00
HOGAR-007473,ENHOGAR,2026-08-25,15,1548,R,61,F,4,6301.00
HOGAR-007474,ENHOGAR,2026-08-26,16,1649,U,68,M,7,6438.00
HOGAR-007475,ENHOGAR,2026-08-27,17,1750,U,75,X,2,6575.00
HOGAR-007476,ENHOGAR,2026-08-28,18,1851,R,82,NR,5,6712.00
HOGAR-007477,ENHOGAR,2026-08-01,19,1952,U,89,F,8,6849.00
HOGAR-007478,ENHOGAR,2026-08-02,20,2053,U,23,M,3,6986.00
HOGAR-007479,ENHOGAR,2026-08-03,21,2154,R,30,X,6,7123.00
HOGAR-007480,ENHOGAR,2026-08-04,22,2255,U,37,NR,1,7260.00
HOGAR-007481,ENHOGAR,2026-08-05,01,0156,U,44,F,4,7397.00
HOGAR-007482,ENHOGAR,2026-08-06,02,0257,R,51,M,7,7534.00
HOGAR-007483,ENHOGAR,2026-08-07,03,0358,U,58,X,2,7671.00
HOGAR-007484,ENHOGAR,2026-08-08,04,0459,U,65,NR,5,7808.00
HOGAR-007485,ENHOGAR,2026-08-09,05,0560,R,72,F,8,7945.00
HOGAR-007486,ENHOGAR,2026-08-10,06,0661,U,79,M,3,8082.00
HOGAR-007487,ENHOGAR,2026-08-11,07,0762,U,86,X,6,8219.00
HOGAR-007488,ENHOGAR,2026-08-12,08,0863,R,20,NR,1,8356.00
HOGAR-007489,ENHOGAR,2026-08-13,09,0964,U,27,F,4,8493.00
HOGAR-007490,ENHOGAR,2026-08-14,10,1065,U,34,M,7,1030.00
HOGAR-007491,ENHOGAR,2026-08-15,11,1166,R,41,X,2,1167.00
HOGAR-007492,ENHOGAR,2026-08-16,12,1267,U,48,NR,5,1304.00
HOGAR-007493,ENHOGAR,2026-08-17,13,1368,U,55,F,8,1441.00
HOGAR-007494,ENHOGAR,2026-08-18,14,1469,R,62,M,3,1578.00
HOGAR-007495,ENHOGAR,2026-08-19,15,1570,U,69,X,6,1715.00
HOGAR-007496,ENHOGAR,2026-08-20,16,1671,U,76,NR,1,1852.00
HOGAR-007497,ENHOGAR,2026-08-21,17,1772,R,83,F,4,1989.00
HOGAR-007498,ENHOGAR,2026-08-22,18,1873,U,90,M,7,2126.00
HOGAR-007499,ENHOGAR,2026-08-23,19,1974,U,24,X,2,2263.00
HOGAR-007500,ENHOGAR,2026-08-24,20,2075,R,31,NR,5,2400.00
HOGAR-007501,ENHOGAR,2026-08-25,21,2176,U,38,F,8,2537.00
HOGAR-007502,ENHOGAR,2026-08-26,22,2277,U,45,M,3,2674.00
HOGAR-007503,ENHOGAR,2026-08-27,01,0178,R,52,X,6,2811.00
HOGAR-007504,ENHOGAR,2026-08-28,02,0279,U,59,NR,1,2948.00
HOGAR-007505,ENHOGAR,2026-08-01,03,0380,U,66,F,4,3085.00
HOGAR-007506,ENHOGAR,2026-08-02,04,0481,R,73,M,7,3222.00
HOGAR-007507,ENHOGAR,2026-08-03,05,0582,U,80,X,2,3359.00
HOGAR-007508,ENHOGAR,2026-08-04,06,0683,U,87,NR,5,3496.00
HOGAR-007509,ENHOGAR,2026-08-05,07,0784,R,21,F,8,3633.00
HOGAR-007510,ENHOGAR,2026-08-06,08,0885,U,28,M,3,3770.00
HOGAR-007511,ENHOGAR,2026-08-07,09,0986,U,35,X,6,3907.00
HOGAR-007512,ENHOGAR,2026-08-08,10,1087,R,42,NR,1,4044.00
HOGAR-007513,ENHOGAR,2026-08-09,11,1188,U,49,F,4,4181.00
HOGAR-007514,ENHOGAR,2026-08-10,12,1289,U,56,M,7,4318.00
HOGAR-007515,ENHOGAR,2026-08-11,13,1390,R,63,X,2,4455.00
HOGAR-007516,ENHOGAR,2026-08-12,14,1491,U,70,NR,5,4592.00
HOGAR-007517,ENHOGAR,2026-08-13,15,1592,U,77,F,8,4729.00
HOGAR-007518,ENHOGAR,2026-08-14,16,1693,R,84,M,3,4866.00
HOGAR-007519,ENHOGAR,2026-08-15,17,1794,U,18,X,6,5003.00
HOGAR-007520,ENHOGAR,2026-08-16,18,1895,U,25,NR,1,5140.00
HOGAR-007521,ENHOGAR,2026-08-17,19,1996,R,32,F,4,5277.00
HOGAR-007522,ENHOGAR,2026-08-18,20,2097,U,39,M,7,5414.00
HOGAR-007523,ENHOGAR,2026-08-19,21,2198,U,46,X,2,5551.00
HOGAR-007524,ENHOGAR,2026-08-20,22,2299,R,53,NR,5,5688.00
HOGAR-007525,ENHOGAR,2026-08-21,01,0101,U,60,F,8,5825.00
HOGAR-007526,ENHOGAR,2026-08-22,02,0202,U,67,M,3,5962.00
HOGAR-007527,ENHOGAR,2026-08-23,03,0303,R,74,X,6,6099.00
HOGAR-007528,ENHOGAR,2026-08-24,04,0404,U,81,NR,1,6236.00
HOGAR-007529,ENHOGAR,2026-08-25,05,0505,U,88,F,4,6373.00
HOGAR-007530,ENHOGAR,2026-08-26,06,0606,R,22,M,7,6510.00
HOGAR-007531,ENHOGAR,2026-08-27,07,0707,U,29,X,2,6647.00
HOGAR-007532,ENHOGAR,2026-08-28,08,0808,U,36,NR,5,6784.00
HOGAR-007533,ENHOGAR,2026-08-01,09,0909,R,43,F,8,6921.00
HOGAR-007534,ENHOGAR,2026-08-02,10,1010,U,50,M,3,7058.00
HOGAR-007535,ENHOGAR,2026-08-03,11,1111,U,57,X,6,7195.00
HOGAR-007536,ENHOGAR,2026-08-04,12,1212,R,64,NR,1, 7332.00 
HOGAR-007537,ENHOGAR,2026-08-05,13,1313,U,71,F,4,7469.00
HOGAR-007538,ENHOGAR,2026-08-06,14,1414,U,78,M,7,7606.00
HOGAR-007539,ENHOGAR,2026-08-07,15,1515,R,85,X,2,7743.00
HOGAR-007540,ENHOGAR,2026-08-08,16,1616,U,19,NR,5,7880.00
HOGAR-007541,ENHOGAR,2026-08-09,17,1717,U,26,F,8,8017.00
HOGAR-007542,ENHOGAR,2027-01-01,18,1818,R,33,M,3,8154.00
HOGAR-007543,ENHOGAR,2026-08-11,19,1919,U,40,X,6,8291.00
HOGAR-007544,ENHOGAR,2026-08-12,20,2020,U,47,NR,1,8428.00
HOGAR-007545,ENHOGAR,2026-08-13,21,2121,R,54,F,4,-25.00
HOGAR-007546,ENHOGAR,2026-08-14,22,2222,U,61,M,7,1102.00
HOGAR-007547,ENHOGAR,2026-08-15,01,0123,U,68,X,2,1239.00
HOGAR-007548,ENHOGAR,2026-08-16,02,0224,R,75,NR,5,1376.00
HOGAR-007549,ENHOGAR,2026-08-17,03,0325,U,82,F,8,1513.00
HOGAR-007550,ENHOGAR,2026-08-18,04,0426,U,89,M,3,1650.00
HOGAR-007551,ENHOGAR,2026-08-19,05,0527,R,23,X,6,1787.00
HOGAR-007552,ENHOGAR,2026-08-20,06,0628,U,30,NR,1,1924.00
HOGAR-007553,ENHOGAR,2026-08-21,07,0729,U,37,F,4,2061.00
HOGAR-007554,ENHOGAR,2026-08-22,08,0830,R,44,M,7,2198.00
HOGAR-007555,ENHOGAR,2026-08-23,09,0931,U,51,X,2,2335.00
HOGAR-007556,ENHOGAR,2026-08-24,10,1032,U,58,NR,5,2472.00
HOGAR-007557,ENHOGAR,2026-08-25,11,1133,R,65,F,8,2609.00
HOGAR-007558,ENHOGAR,2026-08-26,12,1234,U,72,M,3,2746.00
HOGAR-007559,ENHOGAR,2026-08-27,13,1335,U,79,X,6,2883.00
HOGAR-007560,ENHOGAR,2026-08-28,14,1436,R,86,NR,1,3020.00
HOGAR-007561,ENHOGAR,2026-08-01,15,1537,U,20,F,4,3157.00
HOGAR-007562,ENHOGAR,2026-08-02,16,1638,U,27,M,7,3294.00
HOGAR-007563,ENHOGAR,2026-08-03,17,1739,R,34,X,2,3431.00
HOGAR-007564,ENHOGAR,2026-08-04,18,1840,U,41,NR,5,3568.00
HOGAR-007565,ENHOGAR,2026-08-05,19,1941,U,48,F,8,3705.00
HOGAR-007566,ENHOGAR,2026-08-06,20,2042,R,55,M,3,3842.00
HOGAR-007567,ENHOGAR,2026-08-07,21,2143,U,62,X,6,3979.00
HOGAR-007568,ENHOGAR,2026-08-08,22,2244,U,69,NR,1,4116.00
HOGAR-007569,ENHOGAR,2026-08-09,01,0145,R,76,F,4,4253.00
HOGAR-007570,ENHOGAR,2026-08-10,02,0246,U,83,M,7,4390.00
HOGAR-007571,ENHOGAR,2026-08-11,03,0347,U,90,X,2,4527.00
HOGAR-007572,ENHOGAR,2026-08-12,04,0448,R,24,NR,5,4664.00
HOGAR-007573,ENHOGAR,2026-08-13,05,0549,U,31,F,8,4801.00
HOGAR-007574,ENHOGAR,2026-08-14,06,0650,U,38,M,3,4938.00
HOGAR-007575,ENHOGAR,2026-08-15,07,0751,R,45,X,6,5075.00
HOGAR-007576,ENHOGAR,2026-08-16,08,0852,U,52,NR,1,5212.00
HOGAR-007577,ENHOGAR,2026-08-17,09,0953,U,59,F,4,5349.00
HOGAR-007578,ENHOGAR,2026-08-18,10,1054,R,66,M,7,5486.00
HOGAR-007579,ENHOGAR,2026-08-19,11,1155,U,73,X,2,5623.00
HOGAR-007580,ENHOGAR,2026-08-20,12,1256,U,80,NR,5,5760.00
HOGAR-007581,ENHOGAR,2026-08-21,13,1357,R,87,F,8,5897.00
HOGAR-007582,ENHOGAR,2026-08-22,14,1458,U,21,M,3,6034.00
HOGAR-007583,ENHOGAR,2026-08-23,15,1559,U,28,X,6,6171.00
HOGAR-007584,ENHOGAR,2026-08-24,16,1660,R,35,NR,1,6308.00
HOGAR-007585,ENHOGAR,2026-08-25,17,1761,U,42,F,4,6445.00
HOGAR-007586,ENHOGAR,2026-08-26,18,1862,U,49,M,7,6582.00
HOGAR-007587,ENHOGAR,2026-08-27,19,1963,R,56,X,2,6719.00
HOGAR-007588,ENHOGAR,2026-08-28,20,2064,U,63,NR,5,6856.00
HOGAR-007589,ENHOGAR,2026-08-01,21,2165,U,70,F,8,6993.00
HOGAR-007590,ENHOGAR,2026-08-02,22,2266,R,77,M,3,7130.00
HOGAR-007591,ENHOGAR,2026-08-03,01,0167,U,84,X,6,7267.00
HOGAR-007592,ENHOGAR,2026-08-04,02,0268,U,18,NR,1,7404.00
HOGAR-007593,ENHOGAR,2026-08-05,03,0369,R,25,F,4,7541.00
HOGAR-007594,ENHOGAR,2026-08-06,04,0470,U,32,M,7,7678.00
HOGAR-007595,ENHOGAR,2026-08-07,05,0571,U,39,X,2,7815.00
HOGAR-007596,ENHOGAR,2026-08-08,06,0672,R,46,NR,5,7952.00
HOGAR-007597,ENHOGAR,2026-08-09,07,0773,U,53,F,8,8089.00
HOGAR-007598,ENHOGAR,2026-08-10,08,0874,U,60,M,3,8226.00
HOGAR-007599,ENHOGAR,2026-08-11,09,0975,R,67,X,6,8363.00
HOGAR-007600,ENHOGAR,2026-08-12,10,1076,U,74,NR,1,900.00
HOGAR-007601,ENHOGAR,2026-08-13,11,1177,U,81,F,4,1037.00
HOGAR-007602,ENHOGAR,2026-08-14,12,1278,R,88,M,7,1174.00
HOGAR-007603,ENHOGAR,2026-08-15,13,1379,U,22,X,2,1311.00
HOGAR-007604,ENHOGAR,2026-08-16,14,1480,U,29,NR,5,1448.00
HOGAR-007605,ENHOGAR,2026-08-17,15,1581,R,36,F,8,1585.00
HOGAR-007606,ENHOGAR,2026-08-18,16,1682,U,43,M,3,1722.00
HOGAR-007607,ENHOGAR,2026-08-19,17,1783,U,50,X,6,1859.00
HOGAR-007608,ENHOGAR,2026-08-20,18,1884,R,57,NR,1,1996.00
HOGAR-007609,ENHOGAR,2026-08-21,19,1985,U,64,F,4,2133.00
HOGAR-007610,ENHOGAR,2026-08-22,20,2086,U,71,M,7,2270.00
HOGAR-007611,ENHOGAR,2026-08-23,21,2187,R,78,X,2,2407.00
HOGAR-007612,ENHOGAR,2026-08-24,22,2288,U,85,NR,5,2544.00
HOGAR-007613,ENHOGAR,2026-08-25,01,0189,U,19,F,8,2681.00
HOGAR-007614,ENHOGAR,2026-08-26,02,0290,R,26,M,3,2818.00
HOGAR-007615,ENHOGAR,2026-08-27,03,0391,U,33,X,6,2955.00
HOGAR-007616,ENHOGAR,2026-08-28,04,0492,U,40,NR,1,3092.00
HOGAR-007617,ENHOGAR,2026-08-01,05,0593,R,47,F,4,3229.00
HOGAR-007618,,2026-08-02,06,0694,U,54,M,7,3366.00
HOGAR-007619,ENHOGAR,2026-08-03,07,0795,U,61,X,2,3503.00
HOGAR-007620,ENHOGAR,2026-08-04,08,0896,R,68,NR,5,3640.00
HOGAR-007621,ENHOGAR,2026-08-05,09,0997,U,75,F,8,3777.00
HOGAR-007622,ENHOGAR,2026-08-06,10,1098,U,82,M,3,3914.00
HOGAR-007623,ENHOGAR,2026-08-07,11,1199,R,89,X,6,4051.00
HOGAR-007624,ENHOGAR,2026-08-08,12,1201,U,23,NR,1,4188.00
HOGAR-007625,ENHOGAR,2026-08-09,13,1302,U,30,F,4,4325.00
HOGAR-007626,ENHOGAR,2026-08-10,14,1403,R,37,M,7,4462.00
HOGAR-007627,ENHOGAR,2026-08-11,15,1504,U,44,X,2,4599.00
HOGAR-007628,ENHOGAR,2026-08-12,16,1605,U,51,NR,5,4736.00
HOGAR-007629,ENHOGAR,2026-08-13,17,1706,R,58,F,8,4873.00
HOGAR-007630,ENHOGAR,2026-08-14,18,1807,U,65,M,3,5010.00
HOGAR-007631,ENHOGAR,2026-08-15,19,1908,U,72,X,6,5147.00
HOGAR-007632,ENHOGAR,2026-08-16,20,2009,R,79,NR,1,5284.00
HOGAR-007633,ENHOGAR,2026-08-17,21,2110,U,86,F,4,5421.00
HOGAR-007634,ENHOGAR,2026-08-18,22,2211,U,20,M,7,5558.00
HOGAR-007635,ENHOGAR,2026-08-19,01,0112,R,27,X,2,5695.00
HOGAR-007636,ENHOGAR,2026-08-20,02,0213,U,34,NR,5,5832.00
HOGAR-007637,ENHOGAR,2026-08-21,03,0314,U,41,F,8,5969.00
HOGAR-007638,ENHOGAR,2026-08-22,04,0415,R,48,M,3,6106.00
HOGAR-007639,ENHOGAR,2026-08-23,05,0516,U,55,X,6,6243.00
HOGAR-007640,ENHOGAR,2026-08-24,06,0617,U,62,NR,1,6380.00
HOGAR-007641,ENHOGAR,2026-08-25,07,0718,R,69,F,4,6517.00
HOGAR-007642,ENHOGAR,2026-08-26,08,0819,U,76,M,7,6654.00
HOGAR-007643,ENHOGAR,2026-08-27,09,0920,U,83,X,2,6791.00
HOGAR-007644,ENHOGAR,2026-08-28,10,1021,R,90,NR,5,6928.00
HOGAR-007645,ENHOGAR,2026-08-01,11,1122,U,24,F,8,7065.00
HOGAR-007646,ENHOGAR,2026-08-02,12,1223,U,31,M,3,7202.00
HOGAR-007647,ENHOGAR,2026-08-03,13,1324,R,38,X,6,7339.00
HOGAR-007648,ENHOGAR,2026-08-04,14,1425,U,45,NR,1,7476.00
HOGAR-007649,ENHOGAR,2026-08-05,15,1526,U,52,F,4,7613.00
HOGAR-007650,ENHOGAR,2026-08-06,16,1627,R,59,M,7,7750.00
HOGAR-007651,ENHOGAR,2026-08-07,17,1728,U,66,X,2,7887.00
HOGAR-007652,ENHOGAR,2026-08-08,18,1829,U,73,NR,5,8024.00
HOGAR-007653,ENHOGAR,2026-08-09,19,1930,R,80,F,8,8161.00
HOGAR-007654,ENHOGAR,2026-08-10,20,2031,U,87,M,3,8298.00
HOGAR-007655,ENHOGAR,2026-08-11,21,2132,U,21,X,6,8435.00
HOGAR-007656,ENHOGAR,2026-08-12,22,2233,R,28,NR,1,972.00
HOGAR-007657,ENHOGAR,2026-08-13,01,0134,U,35,F,4,1109.00
HOGAR-007658,ENHOGAR,2026-08-14,02,0235,U,42,M,7,1246.00
HOGAR-007659,ENHOGAR,2026-08-15,03,0336,R,49,X,2,1383.00
HOGAR-007660,ENHOGAR,2026-08-16,04,0437,U,56,NR,5,1520.00
HOGAR-007661,ENHOGAR,2026-08-17,05,0538,U,63,F,8,1657.00
HOGAR-007662,ENHOGAR,2026-08-18,06,0639,R,70,M,3,1794.00
HOGAR-007663,ENHOGAR,2026-08-19,07,0740,U,77,X,6,1931.00
HOGAR-007664,ENHOGAR,2026-08-20,08,0841,U,84,NR,1,2068.00
HOGAR-007665,ENHOGAR,2026-08-21,09,0942,R,18,F,4,2205.00
HOGAR-007666,ENHOGAR,2026-08-22,10,1043,U,25,M,7,2342.00
HOGAR-007667,ENHOGAR,2026-08-23,11,1144,U,32,X,2,2479.00
HOGAR-007668,ENHOGAR,2026-08-24,12,1245,R,39,NR,5,2616.00
HOGAR-007669,ENHOGAR,2026-08-25,13,1346,U,46,F,8,2753.00
HOGAR-007670,ENHOGAR,2026-08-26,14,1447,U,53,M,3,2890.00
HOGAR-007671,ENHOGAR,2026-08-27,15,1548,R,60,X,6,3027.00
HOGAR-007672,ENHOGAR,2026-08-28,16,1649,U,67,NR,1,3164.00
HOGAR-007673,ENHOGAR,2026-08-01,17,1750,U,74,F,4,3301.00
HOGAR-007674,ENHOGAR,2026-08-02,18,1851,R,81,M,7,3438.00
HOGAR-007675,ENHOGAR,2026-08-03,19,1952,U,88,X,2,3575.00
HOGAR-007676,ENHOGAR,2026-08-04,20,2053,U,22,NR,5,3712.00
HOGAR-007677,ENHOGAR,2026-08-05,21,2154,R,29,F,8,3849.00
HOGAR-007678,ENHOGAR,2026-08-06,22,2255,U,36,M,3,3986.00
HOGAR-007679,ENHOGAR,2026-08-07,01,0156,U,43,X,6,4123.00
HOGAR-007680,ENHOGAR,2026-08-08,02,0257,R,50,NR,1,4260.00
HOGAR-007681,ENHOGAR,2026-08-09,03,0358,U,57,F,4,4397.00
HOGAR-007682,ENHOGAR,2026-08-10,04,0459,U,64,M,7,4534.00
HOGAR-007683,ENHOGAR,2026-08-11,05,0560,R,71,X,2,4671.00
HOGAR-007684,ENHOGAR,2026-08-12,06,0661,U,78,NR,5,4808.00
HOGAR-007685,ENHOGAR,2026-08-13,07,0762,U,85,F,8,4945.00
HOGAR-007686,ENHOGAR,2026-08-14,08,0863,R,19,M,3,5082.00
HOGAR-007687,ENHOGAR,2026-08-15,09,0964,U,26,X,6,5219.00
HOGAR-007688,ENHOGAR,2026-08-16,10,1065,U,33,NR,1,5356.00
HOGAR-007689,ENHOGAR,2026-08-17,11,1166,R,40,F,4,5493.00
HOGAR-007690,ENHOGAR,2026-08-18,12,1267,U,47,M,7,5630.00
HOGAR-007691,ENHOGAR,2026-08-19,13,1368,U,54,X,2,5767.00
HOGAR-007692,ENHOGAR,2026-08-20,14,1469,R,61,NR,0,5904.00
HOGAR-007693,ENHOGAR,2026-08-21,15,1570,U,68,F,8, 6041.00 
HOGAR-007694,ENHOGAR,2026-08-22,16,1671,U,75,M,3,6178.00
HOGAR-007695,ENHOGAR,2026-08-23,17,1772,R,82,X,6,6315.00
HOGAR-007696,ENHOGAR,2026-08-24,18,1873,U,89,NR,1,6452.00
HOGAR-007697,ENHOGAR,2026-08-25,19,1974,U,23,F,4,6589.00
HOGAR-007698,ENHOGAR,2026-08-26,20,2075,R,30,M,7,6726.00
HOGAR-007699,ENHOGAR,2026-08-27,21,2176,U,37,X,2,6863.00
HOGAR-007700,ENHOGAR,2026-08-28,22,2277,U,44,NR,5,7000.00
HOGAR-007701,ENHOGAR,2026-08-01,01,0178,R,51,F,8,7137.00
HOGAR-007702,ENHOGAR,2026-08-02,02,0279,U,58,M,3,7274.00
HOGAR-007703,ENHOGAR,2026-08-03,03,0380,U,65,X,6,7411.00
HOGAR-007704,ENHOGAR,2026-08-04,04,0481,R,72,NR,1,7548.00
HOGAR-007705,ENHOGAR,2026-08-05,05,0582,U,79,F,4,7685.00
HOGAR-007706,ENHOGAR,2026-08-06,06,0683,U,86,M,7,7822.00
HOGAR/007707,ENHOGAR,2026-08-07,07,0784,R,20,X,2,7959.00
HOGAR-007708,ENHOGAR,2026-08-08,08,0885,U,27,NR,5,8096.00
HOGAR-007709,ENHOGAR,2026-08-09,09,0986,U,34,F,8,8233.00
HOGAR-007710,ENHOGAR,2026-08-10,10,1087,R,41,M,3,8370.00
HOGAR-007711,ENHOGAR,2026-08-11,11,1188,U,48,X,6,907.00
HOGAR-007712,ENHOGAR,2026-08-12,12,1289,U,55,NR,1,1044.00
HOGAR-007713,ENHOGAR,2026-08-13,13,1390,R,62,F,4,1181.00
HOGAR-007714,ENHOGAR,2026-08-14,14,1491,U,69,M,7,1318.00
HOGAR-007715,ENHOGAR,2026-08-15,15,1592,U,76,X,2,1455.00
HOGAR-007716,ENHOGAR,2026-08-16,16,1693,R,83,NR,5,1592.00
HOGAR-007717,ENHOGAR,2026-08-17,17,1794,U,90,F,8,1729.00
HOGAR-007718,ENHOGAR,2026-08-18,18,1895,U,24,M,3,1866.00
HOGAR-007719,ENHOGAR,2026-08-19,19,1996,R,31,X,6,2003.00
HOGAR-007720,ENHOGAR,2026-08-20,20,2097,U,38,NR,1,2140.00
HOGAR-007721,ENHOGAR,2026-08-21,21,2198,U,45,F,4,2277.00
HOGAR-007722,ENHOGAR,2026-08-22,22,2299,R,52,M,7,2414.00
HOGAR-007723,ENHOGAR,2026-08-23,01,0101,U,59,X,2,2551.00
HOGAR-007724,ENHOGAR,2026-08-24,02,0202,U,66,NR,5,2688.00
HOGAR-007725,ENHOGAR,2026-08-25,03,0303,R,73,F,8,2825.00
HOGAR-007726,ENHOGAR,2026-08-26,04,0404,U,80,M,3,2962.00
HOGAR-007727,ENHOGAR,2026-08-27,05,0505,U,87,X,6,3099.00
HOGAR-007728,ENHOGAR,2026-08-28,06,0606,R,21,NR,1,3236.00
HOGAR-007729,ENHOGAR,2026-08-01,07,0707,U,28,F,4,3373.00
HOGAR-007730,ENHOGAR,2026-08-02,08,0808,U,35,M,7,3510.00
HOGAR-007731,ENHOGAR,2026-08-03,09,0909,R,42,X,2,3647.00
HOGAR-007732,ENHOGAR,2026-08-04,10,1010,U,49,NR,5,3784.00
HOGAR-007733,ENHOGAR,2026-08-05,11,1111,U,56,F,8,3921.00
HOGAR-007734,ENHOGAR,2026-08-06,12,1212,R,63,M,3,4058.00
HOGAR-007735,ENHOGAR,2026-08-07,13,1313,U,70,X,6,4195.00
HOGAR-007736,ENHOGAR,2026-08-08,14,1414,U,77,NR,1,4332.00
HOGAR-007737,ENHOGAR,2026-08-09,15,1515,R,84,F,4,4469.00
HOGAR-007738,ENHOGAR,2026-08-10,16,1616,U,18,M,7,4606.00
HOGAR-007739,ENHOGAR,2026-08-11,17,1717,U,25,X,2,4743.00
HOGAR-007740,ENHOGAR,2026-08-12,18,1818,R,32,NR,5,4880.00
HOGAR-007741,ENHOGAR,2026-08-13,19,1919,U,39,F,8,5017.00
HOGAR-007742,ENHOGAR,2026-08-14,20,2020,U,46,M,3,5154.00
HOGAR-007743,ENHOGAR,2026-08-15,21,2121,R,53,X,6,5291.00
HOGAR-007744,ENHOGAR,2026-08-16,22,2222,U,60,NR,1,5428.00
HOGAR-007745,ENHOGAR,2026-08-17,01,0123,U,67,F,4,5565.00
HOGAR-007746,ENHOGAR,2026-08-18,02,0224,R,74,M,7,5702.00
HOGAR-007747,ENHOGAR,2026-08-19,03,0325,U,81,X,2,5839.00
HOGAR-007748,ENHOGAR,2026-08-20,04,0426,U,88,NR,5,5976.00
HOGAR-007749,ENHOGAR,2026-08-21,05,0527,R,22,F,8,6113.00
HOGAR-007750,ENHOGAR,2026-08-22,06,0628,U,29,M,3,6250.00
HOGAR-007751,ENHOGAR,2026-08-23,07,0729,U,36,X,6,6387.00
HOGAR-007752,ENHOGAR,2026-08-24,08,0830,R,43,NR,1,6524.00
HOGAR-007753,ENHOGAR,2026-08-25,09,0931,U,50,F,4,6661.00
HOGAR-007754,ENHOGAR,2026-08-26,10,1032,U,57,M,7,6798.00
HOGAR-007755,ENHOGAR,2026-08-27,11,1133,R,64,X,2,6935.00
HOGAR-007756,ENHOGAR,2026-08-28,12,1234,U,71,NR,5,7072.00
HOGAR-007757,ENHOGAR,2026-08-01,13,1335,U,78,F,8,7209.00
HOGAR-007758,ENHOGAR,2026-08-02,14,1436,R,85,M,3,7346.00
HOGAR-007759,ENHOGAR,2026-08-03,15,1537,U,19,X,6,7483.00
HOGAR-007760,ENHOGAR,2026-08-04,16,1638,U,26,NR,1,7620.00
HOGAR-007761,ENHOGAR,2026-08-05,17,1739,R,33,F,4,7757.00
HOGAR-007762,ENHOGAR,2026-08-06,18,1840,U,40,M,7,7894.00
HOGAR-007763,ENHOGAR,2026-08-07,19,1941,U,47,X,2,8031.00
HOGAR-007764,ENHOGAR,2026-08-08,20,2042,R,54,NR,5,8168.00
HOGAR-007765,ENHOGAR,2026-08-09,21,2143,U,61,F,8,8305.00
HOGAR-007766,ENHOGAR,2026-08-10,22,2244,U,68,M,3,8442.00
HOGAR-007767,ENHOGAR,2026-08-11,01,0145,R,75,X,6,979.00
HOGAR-007768,ENHOGAR,2026-08-12,02,0246,U,82,NR,1,1116.00
HOGAR-007769,ENHOGAR,2026-08-13,03,0347,U,89,F,4,1253.00
HOGAR-000001,ENHOGAR,2026-08-14,04,0448,R,23,M,7,1390.00
HOGAR-007771,ENHOGAR,2026-08-15,05,0549,U,30,X,2,1527.00
HOGAR-007772,ENHOGAR,2026-08-16,06,0650,U,37,NR,5,1664.00
HOGAR-007773,ENHOGAR,2026-08-17,07,0751,R,44,F,8,1801.00
HOGAR-007774,ENHOGAR,2026-08-18,08,0852,U,51,M,3,1938.00
HOGAR-007775,ENHOGAR,2026-08-19,09,0953,U,58,X,6,2075.00
HOGAR-007776,ENHOGAR,2026-08-20,10,1054,R,65,NR,1,2212.00
HOGAR-007777,ENHOGAR,2026-08-21,11,1155,U,72,F,4,2349.00
HOGAR-007778,ENHOGAR,2026-08-22,12,1256,U,79,M,7,2486.00
HOGAR-007779,ENHOGAR,2026-08-23,13,1357,R,86,X,2,2623.00
HOGAR-007780,ENHOGAR,2026-08-24,14,1458,U,20,NR,5,2760.00
HOGAR-007781,ENHOGAR,2026-08-25,15,1559,U,27,F,8,2897.00
HOGAR-007782,ENHOGAR,2026-08-26,16,1660,R,34,M,3,3034.00
HOGAR-007783,ENHOGAR,2026-08-27,17,1761,U,41,X,6,3171.00
HOGAR-007784,ENHOGAR,2026-08-28,18,1862,U,48,NR,1,3308.00
HOGAR-007785,ENHOGAR,2026-08-01,19,1963,R,55,F,4,3445.00
HOGAR-007786,ENHOGAR,2026-08-02,20,2064,U,62,M,7,3582.00
HOGAR-007787,ENHOGAR,2026-08-03,21,2165,U,69,X,2,3719.00
HOGAR-007788,ENHOGAR,2026-08-04,22,2266,R,76,NR,5,3856.00
HOGAR-007789,ENHOGAR,2026-08-05,01,0167,U,83,F,8,3993.00
HOGAR-007790,ENHOGAR,2026-08-06,02,0268,U,90,M,3,4130.00
HOGAR-007791,ENHOGAR,2026-08-07,03,0369,R,24,X,6,4267.00
HOGAR-007792,ENHOGAR,2026-08-08,04,0470,U,31,NR,1,4404.00
HOGAR-007793,ENHOGAR,2026-08-09,05,0571,U,38,F,4,4541.00
HOGAR-007794,ENHOGAR,2026-08-10,06,0672,R,45,M,7,4678.00
HOGAR-007795,ENHOGAR,2026-08-11,07,0773,U,52,X,2,4815.00
HOGAR-007796,ENHOGAR,2026-08-12,08,0874,U,59,NR,5,4952.00
HOGAR-007797,ENHOGAR,2026-08-13,09,0975,R,66,F,8,5089.00
HOGAR-007798,ENHOGAR,2026-08-14,10,1076,U,73,M,3,5226.00
HOGAR-007799,ENHOGAR,2026-08-15,11,1177,U,80,X,6,5363.00
HOGAR-007800,ENHOGAR,2026-08-16,12,1278,R,87,NR,1,5500.00
HOGAR-007801,ENHOGAR,2026-08-17,13,1379,U,21,F,4,5637.00
HOGAR-007802,ENHOGAR,2026-08-18,14,1480,U,28,M,7,5774.00
HOGAR-007803,ENHOGAR,2026-08-19,15,1581,R,35,X,2,5911.00
HOGAR-007804,ENHOGAR,2026-08-20,16,1682,U,42,NR,5,6048.00
HOGAR-007805,ENHOGAR,2026-08-21,17,1783,U,49,F,8,6185.00
HOGAR-007806,ENHOGAR,2026-08-22,18,1884,R,56,M,3,6322.00
HOGAR-007807,ENHOGAR,2026-08-23,19,1985,U,63,X,6,6459.00
HOGAR-007808,ENHOGAR,2026-08-24,20,2086,U,70,NR,1,6596.00
HOGAR-007809,ENHOGAR,2026-08-25,21,2187,R,77,F,4,6733.00
HOGAR-007810,ENHOGAR,2026-08-26,22,2288,U,84,M,7,6870.00
HOGAR-007811,ENHOGAR,2026-08-27,01,0189,U,18,X,2,7007.00
HOGAR-007812,ENHOGAR,2026-08-28,02,0290,R,25,NR,5,7144.00
HOGAR-007813,ENHOGAR,2026-08-01,03,0391,U,32,F,8,7281.00
HOGAR-007814,ENHOGAR,2026-08-02,04,0492,U,39,M,3,7418.00
HOGAR-007815,ENHOGAR,2026-08-03,05,0593,R,46,X,6,7555.00
HOGAR-007816,ENHOGAR,2026-08-04,06,0694,U,53,NR,1,7692.00
HOGAR-007817,ENHOGAR,2026-08-05,07,0795,U,60,F,4,7829.00
HOGAR-007818,ENHOGAR,2026-08-06,08,0896,R,67,M,7,7966.00
HOGAR-007819,ENHOGAR,2026-08-07,09,0997,U,74,X,2,8103.00
HOGAR-007820,ENHOGAR,2026-08-08,10,1098,U,81,NR,5,8240.00
HOGAR-007821,ENHOGAR,2026-08-09,11,1199,R,88,F,8,8377.00
HOGAR-007822,ENHOGAR,2026-08-10,12,1201,U,22,M,3,914.00
HOGAR-007823,ENHOGAR,2026-08-11,13,1302,U,29,X,6,1051.00
HOGAR-007824,ENHOGAR,2026-08-12,14,1403,R,36,NR,1,1188.00
HOGAR-007825,ENHOGAR,2026-08-13,15,1504,U,43,F,4,1325.00
HOGAR-007826,ENHOGAR,2026-08-14,16,1605,U,50,M,7,1462.00
HOGAR-007827,ENHOGAR,2026-08-15,17,1706,R,57,X,2,1599.00
HOGAR-007828,ENHOGAR,2026-08-16,18,1807,U,64,NR,5,1736.00
HOGAR-007829,ENHOGAR,2026-08-17,19,1908,U,71,F,8,1873.00
HOGAR-007830,ENHOGAR,2026-08-18,20,2009,R,78,M,3,2010.00
HOGAR-007831,ENHOGAR,2026-08-19,21,2110,U,85,X,6,2147.00
HOGAR-007832,ENHOGAR,2026-08-20,22,2211,U,19,NR,1,2284.00
HOGAR-007833,ENHOGAR,2026-08-21,01,0112,R,26,F,4,2421.00
HOGAR-007834,ENHOGAR,2026-08-22,02,0213,U,33,M,7,2558.00
HOGAR-007835,ENHOGAR,2026-08-23,03,0314,U,40,X,2,2695.00
HOGAR-007836,ENHOGAR,2026-08-24,04,0415,R,47,NR,5,2832.00
HOGAR-007837,ENHOGAR,2026-08-25,05,0516,U,54,F,8,2969.00
HOGAR-007838,ENHOGAR,2026-08-26,06,0617,U,61,M,3,3106.00
HOGAR-007839,ENHOGAR,2026-08-27,07,0718,R,68,X,6,3243.00
HOGAR-007840,ENHOGAR,2026-08-28,08,0819,U,75,NR,1,3380.00
HOGAR-007841,ENHOGAR,2026-08-01,09,0920,U,82,F,4,3517.00
HOGAR-007842,ENHOGAR,2026-08-02,10,1021,R,89,M,7,3654.00
HOGAR-007843,ENHOGAR,2026-08-03,11,1122,U,23,X,2,3791.00
HOGAR-007844,ENHOGAR,2026-08-04,12,1223,U,30,NR,5,3928.00
HOGAR-007845,ENHOGAR,2026-08-05,13,1324,R,37,F,8,4065.00
HOGAR-007846,ENHOGAR,2026-08-06,14,1425,U,44,M,3,4202.00
HOGAR-007847,ENHOGAR,2026-08-07,15,1526,U,51,X,6,4339.00
HOGAR-007848,ENHOGAR,2026-08-08,16,1627,R,58,NR,1,4476.00
HOGAR-007849,ENHOGAR,2026-08-09,17,1728,U,65,F,4,4613.00
HOGAR-007850,ENHOGAR,2026-08-10,18,1829,U,72,M,7, 4750.00 
HOGAR-007851,ENHOGAR,2026-08-11,19,1930,R,79,X,2,4887.00
HOGAR-007852,ENHOGAR,2026-08-12,20,2031,U,86,NR,5,5024.00
HOGAR-007853,ENHOGAR,2026-08-13,21,2132,U,20,F,8,5161.00
HOGAR-007854,ENHOGAR,2026-08-14,22,2233,R,27,M,3,5298.00
HOGAR-007855,ENHOGAR,2026-08-15,01,0134,U,34,X,6,5435.00
HOGAR-007856,ENHOGAR,2026-08-16,02,0235,U,41,NR,1,5572.00
HOGAR-007857,ENHOGAR,2026-08-17,03,0336,R,48,F,4,5709.00
HOGAR-007858,ENHOGAR,2026-08-18,04,0437,U,55,M,7,5846.00
HOGAR-007859,ENHOGAR,2026-08-19,05,0538,U,62,X,2,5983.00
HOGAR-007860,ENHOGAR,2026-08-20,06,0639,R,69,NR,5,6120.00
HOGAR-007861,ENHOGAR,2026-08-21,07,0740,U,76,F,8,6257.00
HOGAR-007862,ENHOGAR,2026-08-22,08,0841,U,83,M,3,6394.00
HOGAR-007863,ENHOGAR,2026-08-23,09,0942,R,90,X,6,6531.00
HOGAR-007864,ENHOGAR,2026-08-24,10,1043,U,24,NR,1,6668.00
HOGAR-007865,ENHOGAR,2026-08-25,11,1144,U,31,F,4,6805.00
HOGAR-007866,ENHOGAR,2026-08-26,12,1245,R,38,M,7,6942.00
HOGAR-007867,ENHOGAR,2026-08-27,13,1346,U,45,X,2,7079.00
HOGAR-007868,ENHOGAR,2026-08-28,14,1447,U,52,NR,5,7216.00
HOGAR-007869,ENHOGAR,2026-08-01,15,1548,R,59,F,8,7353.00
HOGAR-007870,ENHOGAR,2026-08-02,16,1649,U,66,M,3,7490.00
HOGAR-007871,ENHOGAR,2026-08-03,17,1750,U,73,X,6,7627.00
HOGAR-007872,ENHOGAR,2026-08-04,18,1851,R,80,NR,1,7764.00
HOGAR-007873,ENHOGAR,2026-08-05,19,1952,U,87,F,4,7901.00
HOGAR-007874,ENHOGAR,2026-08-06,20,2053,U,21,M,7,8038.00
HOGAR-007875,ENHOGAR,2026-08-07,21,2154,R,28,X,2,8175.00
HOGAR-007876,ENHOGAR,2026-08-08,22,2255,U,35,NR,5,8312.00
HOGAR-007877,ENHOGAR,2026-08-09,01,0156,U,42,F,8,8449.00
HOGAR-007878,ENHOGAR,2026-08-10,02,0257,R,49,M,3,986.00
HOGAR-007879,ENHOGAR,2026-08-11,03,0358,U,56,X,6,1123.00
HOGAR-007880,ENHOGAR,2026-08-12,04,0459,U,63,NR,1,1260.00
HOGAR-007881,ENHOGAR,2026-08-13,05,0560,R,70,F,4,1397.00
HOGAR-007882,ENHOGAR,2026-08-14,06,0661,U,77,M,7,1534.00
HOGAR-007883,ENHOGAR,2026-08-15,07,0762,U,84,X,2,1671.00
HOGAR-007884,ENHOGAR,2026-08-16,08,0863,R,18,NR,5,1808.00
HOGAR-007885,ENHOGAR,2026-08-17,09,0964,U,25,F,8,1945.00
HOGAR-007886,ENHOGAR,2026-08-18,10,1065,U,32,M,3,2082.00
HOGAR-007887,ENHOGAR,2026-08-19,11,1166,R,39,X,6,2219.00
HOGAR-007888,ENHOGAR,2026-08-20,12,1267,U,46,NR,1,2356.00
HOGAR-007889,ENHOGAR,2026-08-21,13,1368,U,53,F,4,2493.00
HOGAR-007890,ENHOGAR,2026-08-22,14,1469,R,60,M,7,2630.00
HOGAR-007891,ENHOGAR,2026-08-23,15,1570,U,67,X,2,2767.00
HOGAR-007892,ENHOGAR,2026-08-24,16,1671,U,74,NR,5,2904.00
HOGAR-007893,ENHOGAR,2026-08-25,17,1772,R,81,F,8,3041.00
HOGAR-007894,ENHOGAR,2026-08-26,18,1873,U,88,M,3,3178.00
HOGAR-007895,ENHOGAR,2026-08-27,19,1974,U,22,X,6,3315.00
HOGAR-007896,ENHOGAR,2026-08-28,20,2075,R,29,NR,1,3452.00
HOGAR-007897,ENHOGAR,2026-08-01,21,2176,U,36,F,4,3589.00
HOGAR-007898,ENHOGAR,2026-08-02,22,2277,U,43,M,7,3726.00
HOGAR-007899,ENHOGAR,2026-08-03,01,0178,R,50,X,2,3863.00
HOGAR-007900,ENHOGAR,2026-08-04,02,0279,U,57,NR,5,4000.00
HOGAR-007901,ENHOGAR,2026-08-05,03,0380,U,64,F,8,4137.00
HOGAR-007902,ENHOGAR,2026-08-06,04,0481,R,71,M,3,4274.00
HOGAR-007903,ENHOGAR,2026-08-07,05,0582,U,78,X,6,4411.00
HOGAR-007904,ENHOGAR,2026-08-08,06,0683,U,85,NR,1,4548.00
HOGAR-007905,ENHOGAR,2026-08-09,07,0784,R,19,F,4,4685.00
HOGAR-007906,ENHOGAR,2026-08-10,08,0885,U,26,M,7,4822.00
HOGAR-007907,ENHOGAR,2026-08-11,09,0986,U,33,X,2,4959.00
HOGAR-007908,ENHOGAR,2026-08-12,10,1087,R,40,NR,5,5096.00
HOGAR-007909,ENHOGAR,2026-08-13,11,1188,U,47,F,8,5233.00
HOGAR-007910,ENHOGAR,2026-08-14,12,1289,U,54,M,3,5370.00
HOGAR-007911,,2026-08-15,13,1390,R,61,X,6,5507.00
HOGAR-007912,ENHOGAR,2026-08-16,14,1491,U,68,NR,1,5644.00
HOGAR-007913,ENHOGAR,2026-08-17,15,1592,U,75,F,4,5781.00
HOGAR-007914,ENHOGAR,2026-08-18,16,1693,R,82,M,7,5918.00
HOGAR-007915,ENHOGAR,2026-08-19,17,1794,U,89,X,2,6055.00
HOGAR-007916,ENHOGAR,2026-08-20,18,1895,U,23,NR,5,6192.00
HOGAR-007917,ENHOGAR,2026-08-21,19,1996,R,30,F,8,6329.00
HOGAR-007918,ENHOGAR,2026-08-22,20,2097,U,37,M,3,6466.00
HOGAR-007919,ENHOGAR,2026-08-23,21,2198,U,44,X,6,6603.00
HOGAR-007920,ENHOGAR,2026-08-24,22,2299,R,51,NR,1,6740.00
HOGAR-007921,ENHOGAR,2026-08-25,01,0101,U,58,F,4,6877.00
HOGAR-007922,ENHOGAR,2026-08-26,02,0202,U,65,M,7,7014.00
HOGAR-007923,ENHOGAR,2026-08-27,03,0303,R,72,X,2,7151.00
HOGAR-007924,ENHOGAR,2026-08-28,04,0404,U,79,NR,5,7288.00
HOGAR-007925,ENHOGAR,2026-08-01,05,0505,U,86,F,8,7425.00
HOGAR-007926,ENHOGAR,2026-08-02,06,0606,R,20,M,3,7562.00
HOGAR-007927,ENHOGAR,2026-08-03,07,0707,U,27,X,6,7699.00
HOGAR-007928,ENHOGAR,2026-08-04,08,0808,U,34,NR,1,7836.00
HOGAR-007929,ENHOGAR,2026-08-05,09,0909,R,41,F,4,7973.00
HOGAR-007930,ENHOGAR,2026-08-06,10,1010,U,48,M,7,8110.00
HOGAR-007931,ENHOGAR,2026-08-07,11,1111,U,55,X,2,8247.00
HOGAR-007932,ENHOGAR,2026-08-08,12,1212,R,62,NR,5,8384.00
HOGAR-007933,ENHOGAR,2026-08-09,13,1313,U,69,F,8,921.00
HOGAR-007934,ENHOGAR,2026-08-10,14,1414,U,76,M,3,1058.00
HOGAR-007935,ENHOGAR,2026-08-11,15,1515,R,83,X,6,1195.00
HOGAR-007936,ENHOGAR,2026-08-12,16,1616,U,90,NR,1,1332.00
HOGAR-007937,ENHOGAR,2026-08-13,17,1717,U,24,F,4,1469.00
HOGAR-007938,ENHOGAR,2026-08-14,18,1818,R,31,M,7,1606.00
HOGAR-007939,ENHOGAR,2026-08-15,19,1919,U,38,X,2,1743.00
HOGAR-007940,ENHOGAR,2026-08-16,20,2020,U,45,NR,5,1880.00
HOGAR-007941,ENHOGAR,2026-08-17,21,2121,R,52,F,8,2017.00
HOGAR-007942,ENHOGAR,2026-08-18,22,2222,U,59,M,3,2154.00
HOGAR-007943,ENHOGAR,2026-08-19,01,0123,U,66,X,6,2291.00
HOGAR-007944,ENHOGAR,2026-08-20,02,0224,R,73,NR,1,2428.00
HOGAR-007945,ENHOGAR,2026-08-21,03,0325,U,80,F,4,2565.00
HOGAR-007946,ENHOGAR,2026-08-22,04,0426,U,87,M,7,2702.00
HOGAR-007947,ENHOGAR,2026-08-23,05,0527,R,21,X,2,2839.00
HOGAR-007948,ENHOGAR,2026-08-24,06,0628,U,28,NR,5,2976.00
HOGAR-007949,ENHOGAR,2026-08-25,07,0729,U,35,F,8,3113.00
HOGAR-007950,ENHOGAR,2026-08-26,08,0830,R,42,M,3,3250.00
HOGAR-007951,ENHOGAR,2026-08-27,09,0931,U,49,X,6,3387.00
HOGAR-007952,ENHOGAR,2026-08-28,10,1032,U,56,NR,1,3524.00
HOGAR-007953,ENHOGAR,2026-08-01,11,1133,R,63,F,4,3661.00
HOGAR-007954,ENHOGAR,2026-08-02,12,1234,U,70,M,7,3798.00
HOGAR-007955,ENHOGAR,2026-08-03,13,1335,U,77,X,2,3935.00
HOGAR-007956,ENHOGAR,2026-08-04,14,1436,R,84,NR,5,4072.00
HOGAR-007957,ENHOGAR,2026-08-05,15,1537,U,18,F,8,4209.00
HOGAR-007958,ENHOGAR,2026-08-06,16,1638,U,25,M,3,4346.00
HOGAR-007959,ENHOGAR,2026-08-07,17,1739,R,32,X,6,4483.00
HOGAR-007960,ENHOGAR,2026-08-08,18,1840,U,39,NR,1,4620.00
HOGAR-007961,ENHOGAR,2027-01-01,19,1941,U,46,F,4,4757.00
HOGAR-007962,ENHOGAR,2026-08-10,20,2042,R,53,M,7,4894.00
HOGAR-007963,ENHOGAR,2026-08-11,21,2143,U,60,X,2,5031.00
HOGAR-007964,ENHOGAR,2026-08-12,22,2244,U,67,NR,5,5168.00
HOGAR-007965,ENHOGAR,2026-08-13,01,0145,R,74,F,8,5305.00
HOGAR-007966,ENHOGAR,2026-08-14,02,0246,U,81,M,3,5442.00
HOGAR-007967,ENHOGAR,2026-08-15,03,0347,U,88,X,6,5579.00
HOGAR-007968,ENHOGAR,2026-08-16,04,0448,R,22,NR,1,5716.00
HOGAR-007969,ENHOGAR,2026-08-17,05,0549,U,29,F,4,5853.00
HOGAR-007970,ENHOGAR,2026-08-18,06,0650,U,36,M,7,5990.00
HOGAR-007971,ENHOGAR,2026-08-19,07,0751,R,43,X,2,6127.00
HOGAR-007972,ENHOGAR,2026-08-20,08,0852,U,50,NR,5,6264.00
HOGAR-007973,ENHOGAR,2026-08-21,09,0953,U,57,F,8,6401.00
HOGAR-007974,ENHOGAR,2026-08-22,10,1054,R,64,M,3,6538.00
HOGAR-007975,ENHOGAR,2026-08-23,11,1155,U,71,X,6,6675.00
HOGAR-007976,ENHOGAR,2026-08-24,12,1256,U,78,NR,1,
HOGAR-007977,ENHOGAR,2026-08-25,13,1357,R,85,F,4,6949.00
HOGAR-007978,ENHOGAR,2026-08-26,14,1458,U,19,M,7,7086.00
HOGAR-007979,ENHOGAR,2026-08-27,15,1559,U,26,X,2,7223.00
HOGAR-007980,ENHOGAR,2026-08-28,16,1660,R,33,NR,5,7360.00
HOGAR-007981,ENHOGAR,2026-08-01,17,1761,U,40,F,8,7497.00
HOGAR-007982,ENHOGAR,2026-08-02,18,1862,U,47,M,3,7634.00
HOGAR-007983,ENHOGAR,2026-08-03,19,1963,R,135,X,6,7771.00
HOGAR-007984,ENHOGAR,2026-08-04,20,2064,U,61,NR,1,7908.00
HOGAR-007985,ENHOGAR,2026-08-05,21,2165,U,68,F,4,8045.00
HOGAR-007986,ENHOGAR,2026-08-06,22,2266,R,75,M,7,8182.00
HOGAR-007987,ENHOGAR,2026-08-07,01,0167,U,82,X,2,8319.00
HOGAR-007988,ENHOGAR,2026-08-08,02,0268,U,89,NR,5,8456.00
HOGAR-007989,ENHOGAR,2026-08-09,03,0369,R,23,F,8,993.00
HOGAR-007990,ENHOGAR,2026-08-10,04,0470,U,30,M,3,1130.00
HOGAR-007991,ENHOGAR,2026-08-11,05,0571,U,37,X,6,1267.00
HOGAR-007992,ENHOGAR,2026-08-12,06,0672,R,44,NR,1,1404.00
HOGAR-007993,ENHOGAR,2026-08-13,07,0773,U,51,F,4,1541.00
HOGAR-007994,ENHOGAR,2026-08-14,08,0874,U,58,M,7,1678.00
HOGAR-007995,ENHOGAR,2026-08-15,09,0975,R,65,X,2,1815.00
HOGAR-007996,ENHOGAR,2026-08-16,10,1076,U,72,NR,5,1952.00
HOGAR-007997,ENHOGAR,2026-08-17,11,1177,U,79,F,8,2089.00
HOGAR-007998,ENHOGAR,2026-08-18,12,1278,R,86,M,3,2226.00
HOGAR-007999,ENHOGAR,2026-08-19,13,1379,U,20,X,6,2363.00
HOGAR-008000,ENHOGAR,2026-08-20,14,1480,U,27,NR,1,2500.00
HOGAR-008001,ENHOGAR,2026-08-21,15,1581,R,34,F,4,2637.00
HOGAR-008002,ENHOGAR,2026-08-22,16,1682,U,41,M,7,2774.00
HOGAR-008003,ENHOGAR,2026-08-23,17,1783,U,48,X,2,2911.00
HOGAR-008004,ENHOGAR,2026-08-24,18,1884,R,55,NR,5,3048.00
HOGAR-008005,ENHOGAR,2026-08-25,19,1985,U,62,F,8,3185.00
HOGAR-008006,ENHOGAR,2026-08-26,20,2086,U,69,M,3,3322.00
HOGAR-008007,ENHOGAR,2026-08-27,21,2187,R,76,X,6, 3459.00 
HOGAR-008008,ENHOGAR,2026-08-28,22,2288,U,83,NR,1,3596.00
HOGAR-008009,ENHOGAR,2026-08-01,01,0189,U,90,F,4,3733.00
HOGAR-008010,ENHOGAR,2026-08-02,02,0290,R,24,M,7,3870.00
HOGAR-008011,ENHOGAR,2026-08-03,03,0391,U,31,X,2,4007.00
HOGAR-008012,ENHOGAR,2026-08-04,04,0492,U,38,NR,5,4144.00
HOGAR-008013,ENHOGAR,2026-08-05,05,0593,R,45,F,8,4281.00
HOGAR-008014,ENHOGAR,2026-08-06,06,0694,U,52,M,3,4418.00
HOGAR-008015,ENHOGAR,2026-08-07,07,0795,U,59,X,6,4555.00
HOGAR-008016,ENHOGAR,2026-08-08,08,0896,R,66,NR,1,4692.00
HOGAR-008017,ENHOGAR,2026-08-09,09,0997,U,73,F,4,4829.00
HOGAR-008018,ENHOGAR,2026-08-10,10,1098,U,80,M,7,4966.00
HOGAR-008019,ENHOGAR,2026-08-11,11,1199,R,87,X,2,5103.00
HOGAR-008020,ENHOGAR,2026-08-12,12,1201,U,21,NR,5,5240.00
HOGAR-008021,ENHOGAR,2026-08-13,13,1302,U,28,F,8,5377.00
HOGAR-008022,ENHOGAR,2026-08-14,14,1403,R,35,M,3,5514.00
HOGAR-008023,ENHOGAR,2026-08-15,15,1504,U,42,X,6,5651.00
HOGAR-008024,ENHOGAR,2026-08-16,16,1605,U,49,NR,1,5788.00
HOGAR-008025,ENHOGAR,2026-08-17,17,1706,R,56,F,4,5925.00
HOGAR-008026,ENHOGAR,2026-08-18,18,1807,U,63,M,7,6062.00
HOGAR-008027,ENHOGAR,2026-08-19,19,1908,U,70,X,2,6199.00
HOGAR-008028,ENHOGAR,2026-08-20,20,2009,R,77,NR,5,6336.00
HOGAR-008029,ENHOGAR,2026-08-21,21,2110,U,84,F,8,6473.00
HOGAR-008030,ENHOGAR,2026-08-22,22,2211,U,18,M,3,6610.00
HOGAR-008031,ENHOGAR,2026-08-23,01,0112,R,25,X,6,6747.00
HOGAR-008032,ENHOGAR,2026-08-24,02,0213,U,32,NR,1,6884.00
HOGAR-008033,ENHOGAR,2026-08-25,03,0314,U,39,F,4,7021.00
HOGAR-008034,ENHOGAR,2026-08-26,04,0415,R,46,M,7,7158.00
HOGAR-008035,ENHOGAR,2026-08-27,05,0516,U,53,X,2,7295.00
HOGAR-008036,ENHOGAR,2026-08-28,06,0617,U,60,NR,5,7432.00
HOGAR-008037,ENHOGAR,2026-08-01,07,0718,R,67,F,8,7569.00
HOGAR-008038,ENHOGAR,2026-08-02,08,0819,U,74,M,3,7706.00
HOGAR-008039,ENHOGAR,2026-08-03,09,0920,U,81,X,6,7843.00
HOGAR-008040,ENHOGAR,2026-08-04,10,1021,R,88,NR,1,7980.00
HOGAR-008041,ENHOGAR,2026-08-05,11,1122,U,22,F,4,8117.00
HOGAR-008042,ENHOGAR,2026-08-06,12,1223,U,29,M,7,8254.00
HOGAR-008043,ENHOGAR,2026-08-07,13,1324,R,36,X,2,8391.00
HOGAR-008044,ENHOGAR,2026-08-08,14,1425,U,43,NR,5,928.00
HOGAR-008045,ENHOGAR,2026-08-09,15,1526,U,50,F,8,1065.00
HOGAR-008046,ENHOGAR,2026-08-10,16,1627,R,57,M,3,1202.00
HOGAR-008047,ENHOGAR,2026-08-11,17,1728,U,64,X,6,1339.00
HOGAR-008048,ENHOGAR,2026-08-12,18,1829,U,71,NR,1,-25.00
HOGAR-008049,ENHOGAR,2026-08-13,19,1930,R,78,F,4,1613.00
HOGAR-008050,ENHOGAR,2026-08-14,20,2031,U,85,M,7,1750.00
HOGAR-008051,ENHOGAR,2026-08-15,21,2132,U,19,X,2,1887.00
HOGAR-008052,ENHOGAR,2026-08-16,22,2233,R,26,NR,5,2024.00
HOGAR-008053,ENHOGAR,2026-08-17,01,0134,U,33,F,8,2161.00
HOGAR-008054,ENHOGAR,2026-08-18,02,0235,U,40,M,3,2298.00
HOGAR-008055,ENHOGAR,2026-08-19,03,0336,R,47,X,6,2435.00
HOGAR-008056,ENHOGAR,2026-08-20,04,0437,U,54,NR,1,2572.00
HOGAR-008057,ENHOGAR,2026-08-21,05,0538,U,61,F,4,2709.00
HOGAR-008058,ENHOGAR,2026-08-22,06,0639,R,68,M,7,2846.00
HOGAR-008059,ENHOGAR,2026-08-23,07,0740,U,75,X,2,2983.00
HOGAR-008060,ENHOGAR,2026-08-24,08,0841,U,82,NR,5,3120.00
HOGAR-008061,ENHOGAR,2026-08-25,09,0942,R,89,F,8,3257.00
HOGAR-008062,ENHOGAR,2026-08-26,10,1043,U,23,M,3,3394.00
HOGAR-008063,ENHOGAR,2026-08-27,11,1144,U,30,Z,6,3531.00
HOGAR-008064,ENHOGAR,2026-08-28,12,1245,R,37,NR,1,3668.00
HOGAR-008065,ENHOGAR,2026-08-01,13,1346,U,44,F,4,3805.00
HOGAR-008066,ENHOGAR,2026-08-02,14,1447,U,51,M,7,3942.00
HOGAR-008067,ENHOGAR,2026-08-03,15,1548,R,58,X,2,4079.00
HOGAR-008068,ENHOGAR,2026-08-04,16,1649,U,65,NR,5,4216.00
HOGAR-008069,ENHOGAR,2026-08-05,17,1750,U,72,F,8,4353.00
HOGAR-008070,ENHOGAR,2026-08-06,18,1851,R,79,M,3,4490.00
HOGAR-008071,ENHOGAR,2026-08-07,19,1952,U,86,X,6,4627.00
HOGAR-008072,ENHOGAR,2026-08-08,20,2053,U,20,NR,1,4764.00
HOGAR-008073,ENHOGAR,2026-08-09,21,2154,R,27,F,4,4901.00
HOGAR/008074,ENHOGAR,2026-08-10,22,2255,U,34,M,7,5038.00
HOGAR-008075,ENHOGAR,2026-08-11,01,0156,U,41,X,2,5175.00
HOGAR-008076,ENHOGAR,2026-08-12,02,0257,R,48,NR,5,5312.00
HOGAR-008077,ENHOGAR,2026-08-13,03,0358,U,55,F,8,5449.00
HOGAR-008078,ENHOGAR,2026-08-14,04,0459,U,62,M,3,5586.00
HOGAR-008079,ENHOGAR,2026-08-15,05,0560,R,69,X,6,5723.00
HOGAR-008080,ENHOGAR,2026-08-16,06,0661,U,76,NR,1,5860.00
HOGAR-008081,ENHOGAR,2026-08-17,07,0762,U,83,F,4,5997.00
HOGAR-008082,ENHOGAR,2026-08-18,08,0863,R,90,M,7,6134.00
HOGAR-008083,ENHOGAR,2026-08-19,09,0964,U,24,X,2,6271.00
HOGAR-008084,ENHOGAR,2026-08-20,10,1065,U,31,NR,5,6408.00
HOGAR-008085,ENHOGAR,2026-08-21,11,1166,R,38,F,8,6545.00
HOGAR-008086,ENHOGAR,2026-08-22,12,1267,U,45,M,3,6682.00
HOGAR-008087,ENHOGAR,2026-08-23,13,1368,U,52,X,6,6819.00
HOGAR-008088,ENHOGAR,2026-08-24,14,1469,R,59,NR,1,6956.00
HOGAR-008089,ENHOGAR,2026-08-25,15,1570,U,66,F,4,7093.00
HOGAR-008090,ENHOGAR,2026-08-26,16,1671,U,73,M,7,7230.00
HOGAR-008091,ENHOGAR,2026-08-27,17,1772,R,80,X,2,7367.00
HOGAR-008092,ENHOGAR,2026-08-28,18,1873,U,87,NR,5,7504.00
HOGAR-008093,ENHOGAR,2026-08-01,19,1974,U,21,F,8,7641.00
HOGAR-008094,ENHOGAR,2026-08-02,20,2075,R,28,M,3,7778.00
HOGAR-008095,ENHOGAR,2026-08-03,21,2176,U,35,X,6,7915.00
HOGAR-008096,ENHOGAR,2026-08-04,22,2277,U,42,NR,1,8052.00
HOGAR-008097,ENHOGAR,2026-08-05,01,0178,R,49,F,4,8189.00
HOGAR-008098,ENHOGAR,2026-08-06,02,0279,U,56,M,7,8326.00
HOGAR-008099,ENHOGAR,2026-08-07,03,0380,U,63,X,2,8463.00
HOGAR-008100,ENHOGAR,2026-08-08,04,0481,R,70,NR,5,1000.00
HOGAR-008101,ENHOGAR,2026-08-09,05,0582,U,77,F,8,1137.00
HOGAR-008102,ENHOGAR,2026-08-10,06,0683,U,84,M,3,1274.00
HOGAR-008103,ENHOGAR,2026-08-11,07,0784,R,18,X,6,1411.00
HOGAR-008104,ENHOGAR,2026-08-12,08,0885,U,25,NR,1,1548.00
HOGAR-008105,ENHOGAR,2026-08-13,09,0986,U,32,F,4,1685.00
HOGAR-008106,ENHOGAR,2026-08-14,10,1087,R,39,M,7,1822.00
HOGAR-008107,ENHOGAR,2026-08-15,11,1188,U,46,X,2,1959.00
HOGAR-008108,ENHOGAR,2026-08-16,12,1289,U,53,NR,5,2096.00
HOGAR-008109,ENHOGAR,2026-08-17,13,1390,R,60,F,8,2233.00
HOGAR-008110,ENHOGAR,2026-08-18,14,1491,U,67,M,3,2370.00
HOGAR-008111,ENHOGAR,2026-08-19,15,1592,U,74,X,6,2507.00
HOGAR-008112,ENHOGAR,2026-08-20,16,1693,R,81,NR,1,2644.00
HOGAR-008113,ENHOGAR,2026-08-21,17,1794,U,88,F,4,2781.00
HOGAR-008114,ENHOGAR,2026-08-22,18,1895,U,22,M,7,2918.00
HOGAR-008115,ENHOGAR,2026-08-23,19,1996,R,29,X,2,3055.00
HOGAR-008116,ENHOGAR,2026-08-24,20,2097,U,36,NR,5,3192.00
HOGAR-008117,ENHOGAR,2026-08-25,21,2198,U,43,F,8,3329.00
HOGAR-008118,ENHOGAR,2026-08-26,22,2299,R,50,M,3,3466.00
HOGAR-008119,ENHOGAR,2026-08-27,01,0101,U,57,X,6,3603.00
HOGAR-008120,ENHOGAR,2026-08-28,02,0202,U,64,NR,1,3740.00
HOGAR-008121,ENHOGAR,2026-08-01,03,0303,R,71,F,4,3877.00
HOGAR-008122,ENHOGAR,2026-08-02,04,0404,U,78,M,7,4014.00
HOGAR-008123,ENHOGAR,2026-08-03,05,0505,U,85,X,2,4151.00
HOGAR-008124,ENHOGAR,2026-08-04,06,0606,R,19,NR,5,4288.00
HOGAR-008125,ENHOGAR,2026-08-05,07,0707,U,26,F,8,4425.00
HOGAR-008126,ENHOGAR,2026-08-06,08,0808,U,33,M,3,4562.00
HOGAR-008127,ENHOGAR,2026-08-07,09,0909,R,40,X,6,4699.00
HOGAR-008128,ENHOGAR,2026-08-08,10,1010,U,47,NR,1,4836.00
HOGAR-008129,ENHOGAR,2026-08-09,11,1111,U,54,F,4,4973.00
HOGAR-008130,ENHOGAR,2026-08-10,12,1212,R,61,M,7,5110.00
HOGAR-008131,ENHOGAR,2026-08-11,13,1313,U,68,X,2,5247.00
HOGAR-008132,ENHOGAR,2026-08-12,14,1414,U,75,NR,5,5384.00
HOGAR-008133,ENHOGAR,2026-08-13,15,1515,R,82,F,8,5521.00
HOGAR-008134,ENHOGAR,2026-08-14,16,1616,U,89,M,3,5658.00
HOGAR-008135,ENHOGAR,2026-08-15,17,1717,U,23,X,6,5795.00
HOGAR-008136,ENHOGAR,2026-08-16,18,1818,R,30,NR,1,5932.00
HOGAR-008137,ENHOGAR,2026-08-17,19,1919,U,37,F,4,6069.00
HOGAR-008138,ENHOGAR,2026-08-18,20,2020,U,44,M,7,6206.00
HOGAR-008139,ENHOGAR,2026-08-19,21,2121,R,51,X,2,6343.00
HOGAR-008140,ENHOGAR,2026-08-20,22,2222,U,58,NR,5,6480.00
HOGAR-008141,ENHOGAR,2026-08-21,01,0123,U,65,F,8,6617.00
HOGAR-008142,ENHOGAR,2026-08-22,02,0224,R,72,M,3,6754.00
HOGAR-008143,ENHOGAR,2026-08-23,03,0325,U,79,X,6,6891.00
HOGAR-008144,ENHOGAR,2026-08-24,04,0426,U,86,NR,1,7028.00
HOGAR-008145,ENHOGAR,2026-08-25,05,0527,R,20,F,4,7165.00
HOGAR-008146,ENHOGAR,2026-08-26,06,0628,U,27,M,7,7302.00
HOGAR-008147,ENHOGAR,2026-08-27,07,0729,U,34,X,2,7439.00
HOGAR-008148,ENHOGAR,2026-08-28,08,0830,R,41,NR,5,7576.00
HOGAR-008149,ENHOGAR,2026-08-01,09,0931,U,48,F,8,7713.00
HOGAR-008150,ENHOGAR,2026-08-02,10,1032,U,55,M,3,7850.00
HOGAR-008151,ENHOGAR,2026-08-03,11,1133,R,62,X,6,7987.00
HOGAR-008152,ENHOGAR,2026-08-04,12,1234,U,69,NR,1,8124.00
HOGAR-008153,ENHOGAR,2026-08-05,13,1335,U,76,F,4,8261.00
HOGAR-008154,ENHOGAR,2026-08-06,14,1436,R,83,M,7,8398.00
HOGAR-008155,ENHOGAR,2026-08-07,15,1537,U,90,X,2,935.00
HOGAR-008156,ENHOGAR,2026-08-08,16,1638,U,24,NR,5,1072.00
HOGAR-008157,ENHOGAR,2026-08-09,17,1739,R,31,F,8,1209.00
HOGAR-008158,ENHOGAR,2026-08-10,18,1840,U,38,M,3,1346.00
HOGAR-008159,ENHOGAR,2026-08-11,19,1941,U,45,X,6,1483.00
HOGAR-008160,ENHOGAR,2026-08-12,20,2042,R,52,NR,1,1620.00
HOGAR-008161,ENHOGAR,2026-08-13,21,2143,U,59,F,4,1757.00
HOGAR-008162,ENHOGAR,2026-08-14,22,2244,U,66,M,7,1894.00
HOGAR-008163,ENHOGAR,2026-08-15,01,0145,R,73,X,2,2031.00
HOGAR-008164,ENHOGAR,2026-08-16,02,0246,U,80,NR,5, 2168.00 
HOGAR-008165,ENHOGAR,2026-08-17,03,0347,U,87,F,8,2305.00
HOGAR-008166,ENHOGAR,2026-08-18,04,0448,R,21,M,3,2442.00
HOGAR-008167,ENHOGAR,2026-08-19,05,0549,U,28,X,6,2579.00
HOGAR-008168,ENHOGAR,2026-08-20,06,0650,U,35,NR,1,2716.00
HOGAR-008169,ENHOGAR,2026-08-21,07,0751,R,42,F,4,2853.00
HOGAR-008170,ENHOGAR,2026-08-22,08,0852,U,49,M,7,2990.00
HOGAR-008171,ENHOGAR,2026-08-23,09,0953,U,56,X,2,3127.00
HOGAR-008172,ENHOGAR,2026-08-24,10,1054,R,63,NR,5,3264.00
HOGAR-008173,ENHOGAR,2026-08-25,11,1155,U,70,F,8,3401.00
HOGAR-008174,ENHOGAR,2026-08-26,12,1256,U,77,M,3,3538.00
HOGAR-008175,ENHOGAR,2026-08-27,13,1357,R,84,X,6,3675.00
HOGAR-008176,ENHOGAR,2026-08-28,14,1458,U,18,NR,1,3812.00
HOGAR-008177,ENHOGAR,2026-08-01,15,1559,U,25,F,4,3949.00
HOGAR-008178,ENHOGAR,2026-08-02,16,1660,R,32,M,7,4086.00
HOGAR-008179,ENHOGAR,2026-08-03,17,1761,U,39,X,2,4223.00
HOGAR-008180,ENHOGAR,2026-08-04,18,1862,U,46,NR,5,4360.00
HOGAR-008181,ENHOGAR,2026-08-05,19,1963,R,53,F,8,4497.00
HOGAR-008182,ENHOGAR,2026-08-06,20,2064,U,60,M,3,4634.00
HOGAR-008183,ENHOGAR,2026-08-07,21,2165,U,67,X,6,4771.00
HOGAR-008184,ENHOGAR,2026-08-08,22,2266,R,74,NR,1,4908.00
HOGAR-008185,ENHOGAR,2026-08-09,01,0167,U,81,F,4,5045.00
HOGAR-008186,ENHOGAR,2026-08-10,02,0268,U,88,M,7,5182.00
HOGAR-008187,ENHOGAR,2026-08-11,03,0369,R,22,X,2,5319.00
HOGAR-008188,ENHOGAR,2026-08-12,04,0470,U,29,NR,5,5456.00
HOGAR-008189,ENHOGAR,2026-08-13,05,0571,U,36,F,8,5593.00
HOGAR-008190,ENHOGAR,2026-08-14,06,0672,R,43,M,3,5730.00
HOGAR-008191,ENHOGAR,2026-08-15,07,0773,U,50,X,6,5867.00
HOGAR-008192,ENHOGAR,2026-08-16,08,0874,U,57,NR,1,6004.00
HOGAR-008193,ENHOGAR,2026-08-17,09,0975,R,64,F,4,6141.00
HOGAR-008194,ENHOGAR,2026-08-18,10,1076,U,71,M,7,6278.00
HOGAR-008195,ENHOGAR,2026-08-19,11,1177,U,78,X,2,6415.00
HOGAR-008196,ENHOGAR,2026-08-20,12,1278,R,85,NR,5,6552.00
HOGAR-008197,ENHOGAR,2026-08-21,13,1379,U,19,F,8,6689.00
HOGAR-008198,ENHOGAR,2026-08-22,14,1480,U,26,M,3,6826.00
HOGAR-008199,ENHOGAR,2026-08-23,15,1581,X,33,X,6,6963.00
HOGAR-008200,ENHOGAR,2026-08-24,16,1682,U,40,NR,1,7100.00
HOGAR-008201,ENHOGAR,2026-08-25,17,1783,U,47,F,4,7237.00
HOGAR-008202,ENHOGAR,2026-08-26,18,1884,R,54,M,7,7374.00
HOGAR-008203,ENHOGAR,2026-08-27,19,1985,U,61,X,2,7511.00
HOGAR-008204,,2026-08-28,20,2086,U,68,NR,5,7648.00
HOGAR-008205,ENHOGAR,2026-08-01,21,2187,R,75,F,8,7785.00
HOGAR-008206,ENHOGAR,2026-08-02,22,2288,U,82,M,3,7922.00
HOGAR-008207,ENHOGAR,2026-08-03,01,0189,U,89,X,6,8059.00
HOGAR-008208,ENHOGAR,2026-08-04,02,0290,R,23,NR,1,8196.00
HOGAR-008209,ENHOGAR,2026-08-05,03,0391,U,30,F,4,8333.00
HOGAR-008210,ENHOGAR,2026-08-06,04,0492,U,37,M,7,8470.00
HOGAR-008211,ENHOGAR,2026-08-07,05,0593,R,44,X,2,1007.00
HOGAR-008212,ENHOGAR,2026-08-08,06,0694,U,51,NR,5,1144.00
HOGAR-008213,ENHOGAR,2026-08-09,07,0795,U,58,F,8,1281.00
HOGAR-008214,ENHOGAR,2026-08-10,08,0896,R,65,M,3,1418.00
HOGAR-008215,ENHOGAR,2026-08-11,09,0997,U,72,X,6,1555.00
HOGAR-008216,ENHOGAR,2026-08-12,10,1098,U,79,NR,1,1692.00
HOGAR-008217,ENHOGAR,2026-08-13,11,1199,R,86,F,4,1829.00
HOGAR-008218,ENHOGAR,2026-08-14,12,1201,U,20,M,7,1966.00
HOGAR-008219,ENHOGAR,2026-08-15,13,1302,U,27,X,2,2103.00
HOGAR-008220,ENHOGAR,2026-08-16,14,1403,R,34,NR,5,2240.00
HOGAR-008221,ENHOGAR,2026-08-17,15,1504,U,41,F,8,2377.00
HOGAR-008222,ENHOGAR,2026-08-18,16,1605,U,48,M,3,2514.00
HOGAR-008223,ENHOGAR,2026-08-19,17,1706,R,55,X,6,2651.00
HOGAR-008224,ENHOGAR,2026-08-20,18,1807,U,62,NR,1,2788.00
HOGAR-008225,ENHOGAR,2026-08-21,19,1908,U,69,F,4,2925.00
HOGAR-008226,ENHOGAR,2026-08-22,20,2009,R,76,M,7,3062.00
HOGAR-008227,ENHOGAR,2026-08-23,21,2110,U,83,X,2,3199.00
HOGAR-008228,ENHOGAR,2026-08-24,22,2211,U,90,NR,5,3336.00
HOGAR-008229,ENHOGAR,2026-08-25,01,0112,R,24,F,8,3473.00
HOGAR-008230,ENHOGAR,2026-08-26,02,0213,U,31,M,3,3610.00
HOGAR-008231,ENHOGAR,2026-08-27,03,0314,U,38,X,6,3747.00
HOGAR-008232,ENHOGAR,2026-08-28,04,0415,R,45,NR,1,3884.00
HOGAR-008233,ENHOGAR,2026-08-01,05,0516,U,52,F,4,4021.00
HOGAR-008234,ENHOGAR,2026-08-02,06,0617,U,59,M,7,4158.00
HOGAR-008235,ENHOGAR,2026-08-03,07,0718,R,66,X,2,4295.00
HOGAR-008236,ENHOGAR,2026-08-04,08,0819,U,73,NR,5,4432.00
HOGAR-008237,ENHOGAR,2026-08-05,09,0920,U,80,F,8,4569.00
HOGAR-008238,ENHOGAR,2026-08-06,10,1021,R,87,M,3,4706.00
HOGAR-008239,ENHOGAR,2026-08-07,11,1122,U,21,X,6,4843.00
HOGAR-008240,ENHOGAR,2026-08-08,12,1223,U,28,NR,1,4980.00
HOGAR-008241,ENHOGAR,2026-08-09,13,1324,R,35,F,4,5117.00
HOGAR-008242,ENHOGAR,2026-08-10,14,1425,U,42,M,7,5254.00
HOGAR-008243,ENHOGAR,2026-08-11,15,1526,U,49,X,2,5391.00
HOGAR-008244,ENHOGAR,2026-08-12,16,1627,R,56,NR,5,5528.00
HOGAR-008245,ENHOGAR,2026-08-13,17,1728,U,63,F,8,5665.00
HOGAR-008246,ENHOGAR,2026-08-14,18,1829,U,70,M,3,5802.00
HOGAR-008247,ENHOGAR,2026-08-15,19,1930,R,77,X,6,5939.00
HOGAR-008248,ENHOGAR,2026-08-16,20,2031,U,84,NR,1,6076.00
HOGAR-008249,ENHOGAR,2026-08-17,21,2132,U,18,F,4,6213.00
HOGAR-008250,ENHOGAR,2026-08-18,22,2233,R,25,M,7,6350.00
HOGAR-008251,ENHOGAR,2026-08-19,01,0134,U,32,X,2,6487.00
HOGAR-008252,ENHOGAR,2026-08-20,02,0235,U,39,NR,5,6624.00
HOGAR-008253,ENHOGAR,2026-08-21,03,0336,R,46,F,8,6761.00
HOGAR-008254,ENHOGAR,2026-08-22,04,0437,U,53,M,3,6898.00
HOGAR-008255,ENHOGAR,2026-08-23,05,0538,U,60,X,6,7035.00
HOGAR-008256,ENHOGAR,2026-08-24,06,0639,R,67,NR,1,7172.00
HOGAR-008257,ENHOGAR,2026-08-25,07,0740,U,74,F,4,7309.00
HOGAR-008258,ENHOGAR,2026-08-26,08,0841,U,81,M,7,7446.00
HOGAR-008259,ENHOGAR,2026-08-27,09,0942,R,88,X,2,7583.00
HOGAR-008260,ENHOGAR,2026-08-28,10,1043,U,22,NR,5,7720.00
HOGAR-008261,ENHOGAR,2026-08-01,11,1144,U,29,F,8,7857.00
HOGAR-008262,ENHOGAR,2026-08-02,12,1245,R,36,M,3,7994.00
HOGAR-008263,ENHOGAR,2026-08-03,13,1346,U,43,X,6,8131.00
HOGAR-008264,ENHOGAR,2026-08-04,14,1447,U,50,NR,1,8268.00
HOGAR-008265,ENHOGAR,2026-08-05,15,1548,R,57,F,4,8405.00
HOGAR-008266,ENHOGAR,2026-08-06,16,1649,U,64,M,7,942.00
HOGAR-008267,ENHOGAR,2026-08-07,17,1750,U,71,X,2,1079.00
HOGAR-008268,ENHOGAR,2026-08-08,18,1851,R,78,NR,5,1216.00
HOGAR-008269,ENHOGAR,2026-08-09,19,1952,U,85,F,8,1353.00
HOGAR-008270,ENHOGAR,2026-08-10,20,2053,U,19,M,3,1490.00
HOGAR-008271,ENHOGAR,2026-08-11,21,2154,R,26,X,6,1627.00
HOGAR-008272,ENHOGAR,2026-08-12,22,2255,U,33,NR,1,1764.00
HOGAR-008273,ENHOGAR,2026-08-13,01,0156,U,40,F,4,1901.00
HOGAR-008274,ENHOGAR,2026-08-14,02,0257,R,47,M,7,2038.00
HOGAR-008275,ENHOGAR,2026-08-15,03,0358,U,54,X,2,2175.00
HOGAR-008276,ENHOGAR,2026-08-16,04,0459,U,61,NR,5,2312.00
HOGAR-008277,ENHOGAR,2026-08-17,05,0560,R,68,F,8,2449.00
HOGAR-008278,ENHOGAR,2026-08-18,06,0661,U,75,M,3,2586.00
HOGAR-008279,ENHOGAR,2026-08-19,07,0762,U,82,X,6,2723.00
HOGAR-008280,ENHOGAR,2026-08-20,08,0863,R,89,NR,1,2860.00
HOGAR-008281,ENHOGAR,2026-08-21,09,0964,U,23,F,4,2997.00
HOGAR-008282,ENHOGAR,2026-08-22,10,1065,U,30,M,7,3134.00
HOGAR-008283,ENHOGAR,2026-08-23,11,1166,R,37,X,2,3271.00
HOGAR-008284,ENHOGAR,2026-08-24,12,1267,U,44,NR,5,3408.00
HOGAR-008285,ENHOGAR,2026-08-25,13,1368,U,51,F,8,3545.00
HOGAR-008286,ENHOGAR,2026-08-26,14,1469,R,58,M,3,3682.00
HOGAR-008287,ENHOGAR,2026-08-27,15,1570,U,65,X,6,3819.00
HOGAR-008288,ENHOGAR,2026-08-28,16,1671,U,72,NR,1,3956.00
HOGAR-008289,ENHOGAR,2026-08-01,17,1772,R,79,F,4,4093.00
HOGAR-008290,ENHOGAR,2026-08-02,18,1873,U,86,M,7,4230.00
HOGAR-008291,ENHOGAR,2026-08-03,19,1974,U,20,X,2,4367.00
HOGAR-008292,ENHOGAR,2026-08-04,20,2075,R,27,NR,5,4504.00
HOGAR-008293,ENHOGAR,2026-08-05,21,2176,U,34,F,8,4641.00
HOGAR-008294,ENHOGAR,2026-08-06,22,2277,U,41,M,3,4778.00
HOGAR-008295,ENHOGAR,2026-08-07,01,0178,R,48,X,6,4915.00
HOGAR-008296,ENHOGAR,2026-08-08,02,0279,U,55,NR,1,5052.00
HOGAR-008297,ENHOGAR,2026-08-09,03,0380,U,62,F,4,5189.00
HOGAR-008298,ENHOGAR,2026-08-10,04,0481,R,69,M,7,5326.00
HOGAR-008299,ENHOGAR,2026-08-11,05,0582,U,76,X,2,5463.00
HOGAR-008300,ENHOGAR,2026-08-12,06,0683,U,83,NR,5,5600.00
HOGAR-008301,ENHOGAR,2026-08-13,07,0784,R,90,F,8,5737.00
HOGAR-008302,ENHOGAR,2026-08-14,08,0885,U,24,M,3,5874.00
HOGAR-008303,ENHOGAR,2026-08-15,09,0986,U,31,X,6,6011.00
HOGAR-008304,ENHOGAR,2026-08-16,10,1087,R,38,NR,1,6148.00
HOGAR-008305,ENHOGAR,2026-08-17,11,1188,U,45,F,4,6285.00
HOGAR-008306,ENHOGAR,2026-08-18,12,1289,U,52,M,7,6422.00
HOGAR-008307,ENHOGAR,2026-08-19,13,1390,R,59,X,2,6559.00
HOGAR-008308,ENHOGAR,2026-08-20,14,1491,U,66,NR,5,6696.00
HOGAR-008309,ENHOGAR,2026-08-21,15,1592,U,73,F,8,6833.00
HOGAR-008310,ENHOGAR,2026-08-22,16,1693,R,80,M,3,6970.00
HOGAR-008311,ENHOGAR,2026-08-23,17,1794,U,87,X,6,7107.00
HOGAR-008312,ENHOGAR,2026-08-24,18,1895,U,21,NR,1,7244.00
HOGAR-008313,ENHOGAR,2026-08-25,19,1996,R,28,F,4,7381.00
HOGAR-008314,ENHOGAR,2026-08-26,20,2097,U,35,M,7,7518.00
HOGAR-008315,ENHOGAR,2026-08-27,21,2198,U,42,X,2,7655.00
HOGAR-008316,ENHOGAR,2026-08-28,22,2299,R,49,NR,5,7792.00
HOGAR-008317,ENHOGAR,2026-08-01,01,0101,U,56,F,8,7929.00
HOGAR-008318,ENHOGAR,2026-08-02,02,0202,U,63,M,3,8066.00
HOGAR-008319,ENHOGAR,2026-08-03,03,0303,R,70,X,6,8203.00
HOGAR-008320,ENHOGAR,2026-08-04,04,0404,U,77,NR,1,8340.00
HOGAR-008321,ENHOGAR,2026-08-05,05,0505,U,84,F,4, 8477.00 
HOGAR-008322,ENHOGAR,2026-08-06,06,0606,R,18,M,7,1014.00
HOGAR-008323,ENHOGAR,2026-08-07,07,0707,U,25,X,2,1151.00
HOGAR-008324,ENHOGAR,2026-08-08,08,0808,U,32,NR,5,1288.00
HOGAR-008325,ENHOGAR,2026-08-09,09,0909,R,39,F,8,1425.00
HOGAR-008326,ENHOGAR,2026-08-10,10,1010,U,46,M,3,1562.00
HOGAR-008327,ENHOGAR,2026-08-11,11,1111,U,53,X,6,1699.00
HOGAR-008328,ENHOGAR,2026-08-12,12,1212,R,60,NR,1,1836.00
HOGAR-008329,ENHOGAR,2026-08-13,13,1313,U,67,F,4,1973.00
HOGAR-008330,ENHOGAR,2026-08-14,14,1414,U,74,M,7,2110.00
HOGAR-008331,ENHOGAR,2026-08-15,15,1515,R,81,X,2,2247.00
HOGAR-008332,ENHOGAR,2026-08-16,16,1616,U,88,NR,5,2384.00
HOGAR-008333,ENHOGAR,2026-08-17,17,1717,U,22,F,0,2521.00
HOGAR-008334,ENHOGAR,2026-08-18,18,1818,R,29,M,3,2658.00
HOGAR-008335,ENHOGAR,2026-08-19,19,1919,U,36,X,6,2795.00
HOGAR-008336,ENHOGAR,2026-08-20,20,2020,U,43,NR,1,2932.00
HOGAR-008337,ENHOGAR,2026-08-21,21,2121,R,50,F,4,3069.00
HOGAR-008338,ENHOGAR,2026-08-22,22,2222,U,57,M,7,3206.00
HOGAR-008339,ENHOGAR,2026-08-23,01,0123,U,64,X,2,3343.00
HOGAR-008340,ENHOGAR,2026-08-24,02,0224,R,71,NR,5,3480.00
HOGAR-008341,ENHOGAR,2026-08-25,03,0325,U,78,F,8,3617.00
HOGAR-008342,ENHOGAR,2026-08-26,04,0426,U,85,M,3,3754.00
HOGAR-008343,ENHOGAR,2026-08-27,05,0527,R,19,X,6,3891.00
HOGAR-008344,ENHOGAR,2026-08-28,06,0628,U,26,NR,1,4028.00
HOGAR-008345,ENHOGAR,2026-08-01,07,0729,U,33,F,4,4165.00
HOGAR-008346,ENHOGAR,2026-08-02,08,0830,R,40,M,7,4302.00
HOGAR-008347,ENHOGAR,2026-08-03,09,0931,U,47,X,2,4439.00
HOGAR-008348,ENHOGAR,2026-08-04,10,1032,U,54,NR,5,4576.00
HOGAR-008349,ENHOGAR,2026-08-05,11,1133,R,61,F,8,4713.00
HOGAR-008350,ENHOGAR,2026-08-06,12,1234,U,68,M,3,4850.00
HOGAR-008351,ENHOGAR,2026-08-07,13,1335,U,75,X,6,4987.00
HOGAR-008352,ENHOGAR,2026-08-08,14,1436,R,82,NR,1,5124.00
HOGAR-008353,ENHOGAR,2026-08-09,15,1537,U,89,F,4,5261.00
HOGAR-008354,ENHOGAR,2026-08-10,16,1638,U,23,M,7,5398.00
HOGAR-008355,ENHOGAR,2026-08-11,17,1739,R,30,X,2,5535.00
HOGAR-008356,ENHOGAR,2026-08-12,18,1840,U,37,NR,5,5672.00
HOGAR-008357,ENHOGAR,2026-08-13,19,1941,U,44,F,8,5809.00
HOGAR-008358,ENHOGAR,2026-08-14,20,2042,R,51,M,3,5946.00
HOGAR-008359,ENHOGAR,2026-08-15,21,2143,U,58,X,6,6083.00
HOGAR-008360,ENHOGAR,2026-08-16,22,2244,U,65,NR,1,6220.00
HOGAR-008361,ENHOGAR,2026-08-17,01,0145,R,72,F,4,6357.00
HOGAR-008362,ENHOGAR,2026-08-18,02,0246,U,79,M,7,6494.00
HOGAR-008363,ENHOGAR,2026-08-19,03,0347,U,86,X,2,6631.00
HOGAR-008364,ENHOGAR,2026-08-20,04,0448,R,20,NR,5,6768.00
HOGAR-008365,ENHOGAR,2026-08-21,05,0549,U,27,F,8,6905.00
HOGAR-008366,ENHOGAR,2026-08-22,06,0650,U,34,M,3,7042.00
HOGAR-008367,ENHOGAR,2026-08-23,07,0751,R,41,X,6,7179.00
HOGAR-008368,ENHOGAR,2026-08-24,08,0852,U,48,NR,1,7316.00
HOGAR-008369,ENHOGAR,2026-08-25,09,0953,U,55,F,4,7453.00
HOGAR-008370,ENHOGAR,2026-08-26,10,1054,R,62,M,7,7590.00
HOGAR-008371,ENHOGAR,2026-08-27,11,1155,U,69,X,2,7727.00
HOGAR-008372,ENHOGAR,2026-08-28,12,1256,U,76,NR,5,7864.00
HOGAR-008373,ENHOGAR,2026-08-01,13,1357,R,83,F,8,8001.00
HOGAR-008374,ENHOGAR,2026-08-02,14,1458,U,90,M,3,8138.00
HOGAR-008375,ENHOGAR,2026-08-03,15,1559,U,24,X,6,8275.00
HOGAR-008376,ENHOGAR,2026-08-04,16,1660,R,31,NR,1,8412.00
HOGAR-008377,ENHOGAR,2026-08-05,17,1761,U,38,F,4,949.00
HOGAR-008378,ENHOGAR,2026-08-06,18,1862,U,45,M,7,1086.00
HOGAR-008379,ENHOGAR,2026-08-07,19,1963,R,52,X,2,1223.00
HOGAR-008380,ENHOGAR,2027-01-01,20,2064,U,59,NR,5,1360.00
HOGAR-008381,ENHOGAR,2026-08-09,21,2165,U,66,F,8,1497.00
HOGAR-008382,ENHOGAR,2026-08-10,22,2266,R,73,M,3,1634.00
HOGAR-008383,ENHOGAR,2026-08-11,01,0167,U,80,X,6,1771.00
HOGAR-008384,ENHOGAR,2026-08-12,02,0268,U,87,NR,1,1908.00
HOGAR-008385,ENHOGAR,2026-08-13,03,0369,R,21,F,4,2045.00
HOGAR-008386,ENHOGAR,2026-08-14,04,0470,U,28,M,7,2182.00
HOGAR-008387,ENHOGAR,2026-08-15,05,0571,U,35,X,2,2319.00
HOGAR-008388,ENHOGAR,2026-08-16,06,0672,R,42,NR,5,2456.00
HOGAR-008389,ENHOGAR,2026-08-17,07,0773,U,49,F,8,2593.00
HOGAR-008390,ENHOGAR,2026-08-18,08,0874,U,56,M,3,2730.00
HOGAR-008391,ENHOGAR,2026-08-19,09,0975,R,63,X,6,2867.00
HOGAR-008392,ENHOGAR,2026-08-20,10,1076,U,70,NR,1,3004.00
HOGAR-008393,ENHOGAR,2026-08-21,11,1177,U,77,F,4,3141.00
HOGAR-008394,ENHOGAR,2026-08-22,12,1278,R,84,M,7,3278.00
HOGAR-008395,ENHOGAR,2026-08-23,13,1379,U,18,X,2,3415.00
HOGAR-008396,ENHOGAR,2026-08-24,14,1480,U,25,NR,5,3552.00
HOGAR-008397,ENHOGAR,2026-08-25,15,1581,R,32,F,8,3689.00
HOGAR-008398,ENHOGAR,2026-08-26,16,1682,U,39,M,3,3826.00
HOGAR-008399,ENHOGAR,2026-08-27,17,1783,U,46,X,6,3963.00
HOGAR-008400,ENHOGAR,2026-08-28,18,1884,R,53,NR,1,4100.00
HOGAR-008401,ENHOGAR,2026-08-01,19,1985,U,60,F,4,4237.00
HOGAR-008402,ENHOGAR,2026-08-02,20,2086,U,67,M,7,4374.00
HOGAR-008403,ENHOGAR,2026-08-03,21,2187,R,74,X,2,4511.00
HOGAR-008404,ENHOGAR,2026-08-04,22,2288,U,81,NR,5,4648.00
HOGAR-008405,ENHOGAR,2026-08-05,01,0189,U,88,F,8,4785.00
HOGAR-008406,ENHOGAR,2026-08-06,02,0290,R,22,M,3,4922.00
HOGAR-008407,ENHOGAR,2026-08-07,03,0391,U,29,X,6,5059.00
HOGAR-008408,ENHOGAR,2026-08-08,04,0492,U,36,NR,1,5196.00
HOGAR-008409,ENHOGAR,2026-08-09,05,0593,R,43,F,4,5333.00
HOGAR-008410,ENHOGAR,2026-08-10,06,0694,U,50,M,7,5470.00
HOGAR-008411,ENHOGAR,2026-08-11,07,0795,U,57,X,2,5607.00
HOGAR-008412,ENHOGAR,2026-08-12,08,0896,R,64,NR,5,5744.00
HOGAR-008413,ENHOGAR,2026-08-13,09,0997,U,71,F,8,5881.00
HOGAR-008414,ENHOGAR,2026-08-14,10,1098,U,78,M,3,6018.00
HOGAR-008415,ENHOGAR,2026-08-15,11,1199,R,85,X,6,6155.00
HOGAR-008416,ENHOGAR,2026-08-16,12,1201,U,19,NR,1,6292.00
HOGAR-008417,ENHOGAR,2026-08-17,13,1302,U,26,F,4,6429.00
HOGAR-008418,ENHOGAR,2026-08-18,14,1403,R,33,M,7,6566.00
HOGAR-008419,ENHOGAR,2026-08-19,15,1504,U,40,X,2,6703.00
HOGAR-008420,ENHOGAR,2026-08-20,16,1605,U,47,NR,5,6840.00
HOGAR-008421,ENHOGAR,2026-08-21,17,1706,R,54,F,8,6977.00
HOGAR-008422,ENHOGAR,2026-08-22,18,1807,U,61,M,3,7114.00
HOGAR-008423,ENHOGAR,2026-08-23,19,1908,U,68,X,6,7251.00
HOGAR-008424,ENHOGAR,2026-08-24,20,2009,R,75,NR,1,7388.00
HOGAR-008425,ENHOGAR,2026-08-25,21,2110,U,82,F,4,7525.00
HOGAR-008426,ENHOGAR,2026-08-26,22,2211,U,89,M,7,7662.00
HOGAR-008427,ENHOGAR,2026-08-27,01,0112,R,23,X,2,7799.00
HOGAR-008428,ENHOGAR,2026-08-28,02,0213,U,30,NR,5,7936.00
HOGAR-008429,ENHOGAR,2026-08-01,03,0314,U,37,F,8,8073.00
HOGAR-008430,ENHOGAR,2026-08-02,04,0415,R,44,M,3,8210.00
HOGAR-008431,ENHOGAR,2026-08-03,05,0516,U,51,X,6,8347.00
HOGAR-008432,ENHOGAR,2026-08-04,06,0617,U,58,NR,1,8484.00
HOGAR-008433,ENHOGAR,2026-08-05,07,0718,R,65,F,4,1021.00
HOGAR-008434,ENHOGAR,2026-08-06,08,0819,U,72,M,7,1158.00
HOGAR-008435,ENHOGAR,2026-08-07,09,0920,U,79,X,2,1295.00
HOGAR-008436,ENHOGAR,2026-08-08,10,1021,R,86,NR,5,1432.00
HOGAR-008437,ENHOGAR,2026-08-09,11,1122,U,20,F,8,1569.00
HOGAR-008438,ENHOGAR,2026-08-10,12,1223,U,27,M,3,1706.00
HOGAR-008439,ENHOGAR,2026-08-11,13,1324,R,34,X,6,1843.00
HOGAR-008440,ENHOGAR,2026-08-12,14,1425,U,41,NR,1,1980.00
HOGAR/008441,ENHOGAR,2026-08-13,15,1526,U,48,F,4,2117.00
HOGAR-008442,ENHOGAR,2026-08-14,16,1627,R,55,M,7,2254.00
HOGAR-008443,ENHOGAR,2026-08-15,17,1728,U,62,X,2,2391.00
HOGAR-008444,ENHOGAR,2026-08-16,18,1829,U,69,NR,5,2528.00
HOGAR-008445,ENHOGAR,2026-08-17,19,1930,R,76,F,8,2665.00
HOGAR-008446,ENHOGAR,2026-08-18,20,2031,U,83,M,3,2802.00
HOGAR-008447,ENHOGAR,2026-08-19,21,2132,U,90,X,6,2939.00
HOGAR-008448,ENHOGAR,2026-08-20,22,2233,R,24,NR,1,3076.00
HOGAR-008449,ENHOGAR,2026-08-21,01,0134,U,31,F,4,3213.00
HOGAR-008450,ENHOGAR,2026-08-22,02,0235,U,38,M,7,3350.00
HOGAR-008451,ENHOGAR,2026-08-23,03,0336,R,45,X,2,3487.00
HOGAR-008452,ENHOGAR,2026-08-24,04,0437,U,52,NR,5,3624.00
HOGAR-008453,ENHOGAR,2026-08-25,05,0538,U,59,F,8,3761.00
HOGAR-008454,ENHOGAR,2026-08-26,06,0639,R,66,M,3,3898.00
HOGAR-008455,ENHOGAR,2026-08-27,07,0740,U,73,X,6,4035.00
HOGAR-008456,ENHOGAR,2026-08-28,08,0841,U,80,NR,1,4172.00
HOGAR-008457,ENHOGAR,2026-08-01,09,0942,R,87,F,4,4309.00
HOGAR-008458,ENHOGAR,2026-08-02,10,1043,U,21,M,7,4446.00
HOGAR-008459,ENHOGAR,2026-08-03,11,1144,U,28,X,2,4583.00
HOGAR-008460,ENHOGAR,2026-08-04,12,1245,R,35,NR,5,4720.00
HOGAR-008461,ENHOGAR,2026-08-05,13,1346,U,42,F,8,4857.00
HOGAR-008462,ENHOGAR,2026-08-06,14,1447,U,49,M,3,4994.00
HOGAR-008463,ENHOGAR,2026-08-07,15,1548,R,56,X,6,5131.00
HOGAR-008464,ENHOGAR,2026-08-08,16,1649,U,63,NR,1,5268.00
HOGAR-008465,ENHOGAR,2026-08-09,17,1750,U,70,F,4,5405.00
HOGAR-008466,ENHOGAR,2026-08-10,18,1851,R,77,M,7,5542.00
HOGAR-008467,ENHOGAR,2026-08-11,19,1952,U,84,X,2,5679.00
HOGAR-008468,ENHOGAR,2026-08-12,20,2053,U,18,NR,5,5816.00
HOGAR-008469,ENHOGAR,2026-08-13,21,2154,R,25,F,8,5953.00
HOGAR-008470,ENHOGAR,2026-08-14,22,2255,U,32,M,3,6090.00
HOGAR-008471,ENHOGAR,2026-08-15,01,0156,U,39,X,6,6227.00
HOGAR-008472,ENHOGAR,2026-08-16,02,0257,R,46,NR,1,6364.00
HOGAR-008473,ENHOGAR,2026-08-17,03,0358,U,53,F,4,6501.00
HOGAR-008474,ENHOGAR,2026-08-18,04,0459,U,60,M,7,6638.00
HOGAR-008475,ENHOGAR,2026-08-19,05,0560,R,67,X,2,6775.00
HOGAR-008476,ENHOGAR,2026-08-20,06,0661,U,74,NR,5,6912.00
HOGAR-008477,ENHOGAR,2026-08-21,07,0762,U,81,F,8,7049.00
HOGAR-008478,ENHOGAR,2026-08-22,08,0863,R,88,M,3, 7186.00 
HOGAR-008479,ENHOGAR,2026-08-23,09,0964,U,22,X,6,7323.00
HOGAR-008480,ENHOGAR,2026-08-24,10,1065,U,29,NR,1,7460.00
HOGAR-008481,ENHOGAR,2026-08-25,11,1166,R,36,F,4,7597.00
HOGAR-008482,ENHOGAR,2026-08-26,12,1267,U,43,M,7,7734.00
HOGAR-008483,ENHOGAR,2026-08-27,13,1368,U,50,X,2,7871.00
HOGAR-008484,ENHOGAR,2026-08-28,14,1469,R,57,NR,5,8008.00
HOGAR-008485,ENHOGAR,2026-08-01,15,1570,U,64,F,8,8145.00
HOGAR-008486,ENHOGAR,2026-08-02,16,1671,U,71,M,3,8282.00
HOGAR-008487,ENHOGAR,2026-08-03,17,1772,R,78,X,6,8419.00
HOGAR-008488,ENHOGAR,2026-08-04,18,1873,U,85,NR,1,956.00
HOGAR-008489,ENHOGAR,2026-08-05,19,1974,U,19,F,4,1093.00
HOGAR-008490,ENHOGAR,2026-08-06,20,2075,R,26,M,7,1230.00
HOGAR-008491,ENHOGAR,2026-08-07,21,2176,U,33,X,2,1367.00
HOGAR-008492,ENHOGAR,2026-08-08,22,2277,U,40,NR,5,1504.00
HOGAR-008493,ENHOGAR,2026-08-09,01,0178,R,47,F,8,1641.00
HOGAR-008494,ENHOGAR,2026-08-10,02,0279,U,54,M,3,1778.00
HOGAR-008495,ENHOGAR,2026-08-11,03,0380,U,61,X,6,1915.00
HOGAR-008496,ENHOGAR,2026-08-12,04,0481,R,68,NR,1,2052.00
HOGAR-008497,,2026-08-13,05,0582,U,75,F,4,2189.00
HOGAR-008498,ENHOGAR,2026-08-14,06,0683,U,82,M,7,2326.00
HOGAR-008499,ENHOGAR,2026-08-15,07,0784,R,89,X,2,2463.00
HOGAR-008500,ENHOGAR,2026-08-16,08,0885,U,23,NR,5,2600.00
HOGAR-008501,ENHOGAR,2026-08-17,09,0986,U,30,F,8,2737.00
HOGAR-008502,ENHOGAR,2026-08-18,10,1087,R,37,M,3,2874.00
HOGAR-008503,ENHOGAR,2026-08-19,11,1188,U,44,X,6,3011.00
HOGAR-008504,ENHOGAR,2026-08-20,12,1289,U,51,NR,1,3148.00
HOGAR-008505,ENHOGAR,2026-08-21,13,1390,R,58,F,4,3285.00
HOGAR-008506,ENHOGAR,2026-08-22,14,1491,U,65,M,7,3422.00
HOGAR-008507,ENHOGAR,2026-08-23,15,1592,U,72,X,2,3559.00
HOGAR-008508,ENHOGAR,2026-08-24,16,1693,R,79,NR,5,3696.00
HOGAR-008509,ENHOGAR,2026-08-25,17,1794,U,86,F,8,3833.00
HOGAR-008510,ENHOGAR,2026-08-26,18,1895,U,20,M,3,3970.00
HOGAR-008511,ENHOGAR,2026-08-27,19,1996,R,27,X,6,4107.00
HOGAR-008512,ENHOGAR,2026-08-28,20,2097,U,34,NR,1,4244.00
HOGAR-008513,ENHOGAR,2026-08-01,21,2198,U,41,F,4,4381.00
HOGAR-008514,ENHOGAR,2026-08-02,22,2299,R,48,M,7,4518.00
HOGAR-008515,ENHOGAR,2026-08-03,01,0101,U,55,X,2,4655.00
HOGAR-008516,ENHOGAR,2026-08-04,02,0202,U,62,NR,5,4792.00
HOGAR-008517,ENHOGAR,2026-08-05,03,0303,R,69,F,8,4929.00
HOGAR-008518,ENHOGAR,2026-08-06,04,0404,U,76,M,3,5066.00
HOGAR-008519,ENHOGAR,2026-08-07,05,0505,U,83,X,6,5203.00
HOGAR-008520,ENHOGAR,2026-08-08,06,0606,R,90,NR,1,5340.00
HOGAR-008521,ENHOGAR,2026-08-09,07,0707,U,24,F,4,5477.00
HOGAR-008522,ENHOGAR,2026-08-10,08,0808,U,31,M,7,5614.00
HOGAR-008523,ENHOGAR,2026-08-11,09,0909,R,38,X,2,5751.00
HOGAR-008524,ENHOGAR,2026-08-12,10,1010,U,45,NR,5,5888.00
HOGAR-008525,ENHOGAR,2026-08-13,11,1111,U,52,F,8,6025.00
HOGAR-008526,ENHOGAR,2026-08-14,12,1212,R,59,M,3,6162.00
HOGAR-008527,ENHOGAR,2026-08-15,13,1313,U,66,X,6,6299.00
HOGAR-008528,ENHOGAR,2026-08-16,14,1414,U,73,NR,1,6436.00
HOGAR-008529,ENHOGAR,2026-08-17,15,1515,R,80,F,4,6573.00
HOGAR-008530,ENHOGAR,2026-08-18,16,1616,U,87,M,7,6710.00
HOGAR-008531,ENHOGAR,2026-08-19,17,1717,U,21,X,2,6847.00
HOGAR-008532,ENHOGAR,2026-08-20,18,1818,R,28,NR,5,6984.00
HOGAR-008533,ENHOGAR,2026-08-21,19,1919,U,35,F,8,7121.00
HOGAR-008534,ENHOGAR,2026-08-22,20,2020,U,42,M,3,7258.00
HOGAR-008535,ENHOGAR,2026-08-23,21,2121,R,49,X,6,7395.00
HOGAR-008536,ENHOGAR,2026-08-24,22,2222,U,56,NR,1,7532.00
HOGAR-008537,ENHOGAR,2026-08-25,01,0123,U,63,F,4,7669.00
HOGAR-008538,ENHOGAR,2026-08-26,02,0224,R,70,M,7,7806.00
HOGAR-008539,ENHOGAR,2026-08-27,03,0325,U,77,X,2,7943.00
HOGAR-008540,ENHOGAR,2026-08-28,04,0426,U,84,NR,5,8080.00
HOGAR-008541,ENHOGAR,2026-08-01,05,0527,R,18,F,8,8217.00
HOGAR-008542,ENHOGAR,2026-08-02,06,0628,U,25,M,3,8354.00
HOGAR-008543,ENHOGAR,2026-08-03,07,0729,U,32,X,6,8491.00
HOGAR-008544,ENHOGAR,2026-08-04,08,0830,R,39,NR,1,1028.00
HOGAR-008545,ENHOGAR,2026-08-05,09,0931,U,46,F,4,1165.00
HOGAR-008546,ENHOGAR,2026-08-06,10,1032,U,53,M,7,1302.00
HOGAR-000001,ENHOGAR,2026-08-07,11,1133,R,60,X,2,1439.00
HOGAR-008548,ENHOGAR,2026-08-08,12,1234,U,67,NR,5,1576.00
HOGAR-008549,ENHOGAR,2026-08-09,13,1335,U,74,F,8,1713.00
HOGAR-008550,ENHOGAR,2026-08-10,14,1436,R,81,M,3,1850.00
HOGAR-008551,ENHOGAR,2026-08-11,15,1537,U,88,X,6,-25.00
HOGAR-008552,ENHOGAR,2026-08-12,16,1638,U,22,NR,1,2124.00
HOGAR-008553,ENHOGAR,2026-08-13,17,1739,R,29,F,4,2261.00
HOGAR-008554,ENHOGAR,2026-08-14,18,1840,U,36,M,7,2398.00
HOGAR-008555,ENHOGAR,2026-08-15,19,1941,U,43,X,2,2535.00
HOGAR-008556,ENHOGAR,2026-08-16,20,2042,R,50,NR,5,2672.00
HOGAR-008557,ENHOGAR,2026-08-17,21,2143,U,57,F,8,2809.00
HOGAR-008558,ENHOGAR,2026-08-18,22,2244,U,64,M,3,2946.00
HOGAR-008559,ENHOGAR,2026-08-19,01,0145,R,71,X,6,3083.00
HOGAR-008560,ENHOGAR,2026-08-20,02,0246,U,78,NR,1,3220.00
HOGAR-008561,ENHOGAR,2026-08-21,03,0347,U,85,F,4,3357.00
HOGAR-008562,ENHOGAR,2026-08-22,04,0448,R,19,M,7,3494.00
HOGAR-008563,ENHOGAR,2026-08-23,05,0549,U,26,X,2,3631.00
HOGAR-008564,ENHOGAR,2026-08-24,06,0650,U,33,NR,5,3768.00
HOGAR-008565,ENHOGAR,2026-08-25,07,0751,R,40,F,8,3905.00
HOGAR-008566,ENHOGAR,2026-08-26,08,0852,U,47,M,3,4042.00
HOGAR-008567,ENHOGAR,2026-08-27,09,0953,U,54,X,6,4179.00
HOGAR-008568,ENHOGAR,2026-08-28,10,1054,R,61,NR,1,4316.00
HOGAR-008569,ENHOGAR,2026-08-01,11,1155,U,68,F,4,4453.00
HOGAR-008570,ENHOGAR,2026-08-02,12,1256,U,75,M,7,4590.00
HOGAR-008571,ENHOGAR,2026-08-03,13,1357,R,82,X,2,4727.00
HOGAR-008572,ENHOGAR,2026-08-04,14,1458,U,89,NR,5,4864.00
HOGAR-008573,ENHOGAR,2026-08-05,15,1559,U,23,F,8,5001.00
HOGAR-008574,ENHOGAR,2026-08-06,16,1660,R,30,M,3,5138.00
HOGAR-008575,ENHOGAR,2026-08-07,17,1761,U,37,X,6,5275.00
HOGAR-008576,ENHOGAR,2026-08-08,18,1862,U,44,NR,1,5412.00
HOGAR-008577,ENHOGAR,2026-08-09,19,1963,R,51,F,4,5549.00
HOGAR-008578,ENHOGAR,2026-08-10,20,2064,U,58,M,7,5686.00
HOGAR-008579,ENHOGAR,2026-08-11,21,2165,U,65,X,2,5823.00
HOGAR-008580,ENHOGAR,2026-08-12,22,2266,R,72,NR,5,5960.00
HOGAR-008581,ENHOGAR,2026-08-13,01,0167,U,79,F,8,6097.00
HOGAR-008582,ENHOGAR,2026-08-14,02,0268,U,86,M,3,6234.00
HOGAR-008583,ENHOGAR,2026-08-15,03,0369,R,20,X,6,6371.00
HOGAR-008584,ENHOGAR,2026-08-16,04,0470,U,27,NR,1,6508.00
HOGAR-008585,ENHOGAR,2026-08-17,05,0571,U,34,F,4,6645.00
HOGAR-008586,ENHOGAR,2026-08-18,06,0672,R,41,M,7,6782.00
HOGAR-008587,ENHOGAR,2026-08-19,07,0773,U,48,X,2,6919.00
HOGAR-008588,ENHOGAR,2026-08-20,08,0874,U,55,NR,5,7056.00
HOGAR-008589,ENHOGAR,2026-08-21,09,0975,R,62,F,8,7193.00
HOGAR-008590,ENHOGAR,2026-08-22,10,1076,U,69,M,3,7330.00
HOGAR-008591,ENHOGAR,2026-08-23,11,1177,U,76,X,6,7467.00
HOGAR-008592,ENHOGAR,2026-08-24,12,1278,R,83,NR,1,7604.00
HOGAR-008593,ENHOGAR,2026-08-25,13,1379,U,90,F,4,7741.00
HOGAR-008594,ENHOGAR,2026-08-26,14,1480,U,24,M,7,7878.00
HOGAR-008595,ENHOGAR,2026-08-27,15,1581,R,31,X,2,8015.00
HOGAR-008596,ENHOGAR,2026-08-28,16,1682,U,38,NR,5,8152.00
HOGAR-008597,ENHOGAR,2026-08-01,17,1783,U,45,F,8,8289.00
HOGAR-008598,ENHOGAR,2026-08-02,18,1884,R,52,M,3,8426.00
HOGAR-008599,ENHOGAR,2026-08-03,19,1985,U,59,X,6,963.00
HOGAR-008600,ENHOGAR,2026-08-04,20,2086,U,66,NR,1,1100.00
HOGAR-008601,ENHOGAR,2026-08-05,21,2187,R,73,F,4,1237.00
HOGAR-008602,ENHOGAR,2026-08-06,22,2288,U,80,M,7,1374.00
HOGAR-008603,ENHOGAR,2026-08-07,01,0189,U,87,X,2,1511.00
HOGAR-008604,ENHOGAR,2026-08-08,02,0290,R,21,NR,5,1648.00
HOGAR-008605,ENHOGAR,2026-08-09,03,0391,U,28,F,8,1785.00
HOGAR-008606,ENHOGAR,2026-08-10,04,0492,U,35,M,3,1922.00
HOGAR-008607,ENHOGAR,2026-08-11,05,0593,R,42,X,6,2059.00
HOGAR-008608,ENHOGAR,2026-08-12,06,0694,U,49,NR,1,2196.00
HOGAR-008609,ENHOGAR,2026-08-13,07,0795,U,56,F,4,2333.00
HOGAR-008610,ENHOGAR,2026-08-14,08,0896,R,63,M,7,2470.00
HOGAR-008611,ENHOGAR,2026-08-15,09,0997,U,70,X,2,2607.00
HOGAR-008612,ENHOGAR,2026-08-16,10,1098,U,77,NR,5,2744.00
HOGAR-008613,ENHOGAR,2026-08-17,11,1199,R,84,F,8,2881.00
HOGAR-008614,ENHOGAR,2026-08-18,12,1201,U,18,M,3,3018.00
HOGAR-008615,ENHOGAR,2026-08-19,13,1302,U,25,X,6,3155.00
HOGAR-008616,ENHOGAR,2026-08-20,14,1403,R,32,NR,1,3292.00
HOGAR-008617,ENHOGAR,2026-08-21,15,1504,U,39,F,4,3429.00
HOGAR-008618,ENHOGAR,2026-08-22,16,1605,U,46,M,7,3566.00
HOGAR-008619,ENHOGAR,2026-08-23,17,1706,R,53,X,2,3703.00
HOGAR-008620,ENHOGAR,2026-08-24,18,1807,U,60,NR,5,3840.00
HOGAR-008621,ENHOGAR,2026-08-25,19,1908,U,67,F,8,3977.00
HOGAR-008622,ENHOGAR,2026-08-26,20,2009,R,74,M,3,4114.00
HOGAR-008623,ENHOGAR,2026-08-27,21,2110,U,81,X,6,4251.00
HOGAR-008624,ENHOGAR,2026-08-28,22,2211,U,88,NR,1,4388.00
HOGAR-008625,ENHOGAR,2026-08-01,01,0112,R,22,F,4,4525.00
HOGAR-008626,ENHOGAR,2026-08-02,02,0213,U,29,M,7,4662.00
HOGAR-008627,ENHOGAR,2026-08-03,03,0314,U,36,X,2,4799.00
HOGAR-008628,ENHOGAR,2026-08-04,04,0415,R,43,NR,5,4936.00
HOGAR-008629,ENHOGAR,2026-08-05,05,0516,U,50,F,8,5073.00
HOGAR-008630,ENHOGAR,2026-08-06,06,0617,U,57,M,3,5210.00
HOGAR-008631,ENHOGAR,2026-08-07,07,0718,R,64,X,6,5347.00
HOGAR-008632,ENHOGAR,2026-08-08,08,0819,U,71,NR,1,5484.00
HOGAR-008633,ENHOGAR,2026-08-09,09,0920,U,78,F,4,5621.00
HOGAR-008634,ENHOGAR,2026-08-10,10,1021,R,85,M,7,5758.00
HOGAR-008635,ENHOGAR,2026-08-11,11,1122,U,19,X,2, 5895.00 
HOGAR-008636,ENHOGAR,2026-08-12,12,1223,U,26,NR,5,6032.00
HOGAR-008637,ENHOGAR,2026-08-13,13,1324,R,33,F,8,6169.00
HOGAR-008638,ENHOGAR,2026-08-14,14,1425,U,40,M,3,6306.00
HOGAR-008639,ENHOGAR,2026-08-15,15,1526,U,47,X,6,6443.00
HOGAR-008640,ENHOGAR,2026-08-16,16,1627,R,54,NR,1,6580.00
HOGAR-008641,ENHOGAR,2026-08-17,17,1728,U,61,F,4,6717.00
HOGAR-008642,ENHOGAR,2026-08-18,18,1829,U,68,M,7,6854.00
HOGAR-008643,ENHOGAR,2026-08-19,19,1930,R,75,X,2,6991.00
HOGAR-008644,ENHOGAR,2026-08-20,20,2031,U,82,NR,5,7128.00
HOGAR-008645,ENHOGAR,2026-08-21,21,2132,U,89,F,8,7265.00
HOGAR-008646,ENHOGAR,2026-08-22,22,2233,R,23,M,3,7402.00
HOGAR-008647,ENHOGAR,2026-08-23,01,0134,U,30,X,6,7539.00
HOGAR-008648,ENHOGAR,2026-08-24,02,0235,U,37,NR,1,7676.00
HOGAR-008649,ENHOGAR,2026-08-25,03,0336,R,44,F,4,7813.00
HOGAR-008650,ENHOGAR,2026-08-26,04,0437,U,51,M,7,7950.00
HOGAR-008651,ENHOGAR,2026-08-27,05,0538,U,58,X,2,8087.00
HOGAR-008652,ENHOGAR,2026-08-28,06,0639,R,65,NR,5,8224.00
HOGAR-008653,ENHOGAR,2026-08-01,07,0740,U,72,F,8,8361.00
HOGAR-008654,ENHOGAR,2026-08-02,08,0841,U,79,M,3,8498.00
HOGAR-008655,ENHOGAR,2026-08-03,09,0942,R,86,X,6,1035.00
HOGAR-008656,ENHOGAR,2026-08-04,10,1043,U,20,NR,1,1172.00
HOGAR-008657,ENHOGAR,2026-08-05,11,1144,U,27,F,4,1309.00
HOGAR-008658,ENHOGAR,2026-08-06,12,1245,R,34,M,7,1446.00
HOGAR-008659,ENHOGAR,2026-08-07,13,1346,U,41,X,2,1583.00
HOGAR-008660,ENHOGAR,2026-08-08,14,1447,U,48,NR,5,1720.00
HOGAR-008661,ENHOGAR,2026-08-09,15,1548,R,55,F,8,1857.00
HOGAR-008662,ENHOGAR,2026-08-10,16,1649,U,62,M,3,1994.00
HOGAR-008663,ENHOGAR,2026-08-11,17,1750,U,69,X,6,2131.00
HOGAR-008664,ENHOGAR,2026-08-12,18,1851,R,76,NR,1,2268.00
HOGAR-008665,ENHOGAR,2026-08-13,19,1952,U,83,F,4,2405.00
HOGAR-008666,ENHOGAR,2026-08-14,20,2053,U,90,M,7,2542.00
HOGAR-008667,ENHOGAR,2026-08-15,21,2154,R,24,X,2,2679.00
HOGAR-008668,ENHOGAR,2026-08-16,22,2255,U,31,NR,5,2816.00
HOGAR-008669,ENHOGAR,2026-08-17,01,0156,U,38,F,8,2953.00
HOGAR-008670,ENHOGAR,2026-08-18,02,0257,R,45,M,3,3090.00
HOGAR-008671,ENHOGAR,2026-08-19,03,0358,U,52,X,6,3227.00
HOGAR-008672,ENHOGAR,2026-08-20,04,0459,U,59,NR,1,3364.00
HOGAR-008673,ENHOGAR,2026-08-21,05,0560,R,66,F,4,3501.00
HOGAR-008674,ENHOGAR,2026-08-22,06,0661,U,73,M,7,3638.00
HOGAR-008675,ENHOGAR,2026-08-23,07,0762,U,80,X,2,3775.00
HOGAR-008676,ENHOGAR,2026-08-24,08,0863,R,87,NR,5,3912.00
HOGAR-008677,ENHOGAR,2026-08-25,09,0964,U,21,F,8,4049.00
HOGAR-008678,ENHOGAR,2026-08-26,10,1065,U,28,M,3,4186.00
HOGAR-008679,ENHOGAR,2026-08-27,11,1166,R,35,X,6,4323.00
HOGAR-008680,ENHOGAR,2026-08-28,12,1267,U,42,NR,1,4460.00
HOGAR-008681,ENHOGAR,2026-08-01,13,1368,U,49,F,4,4597.00
HOGAR-008682,ENHOGAR,2026-08-02,14,1469,R,56,M,7,4734.00
HOGAR-008683,ENHOGAR,2026-08-03,15,1570,U,63,X,2,4871.00
HOGAR-008684,ENHOGAR,2026-08-04,16,1671,U,70,NR,5,5008.00
HOGAR-008685,ENHOGAR,2026-08-05,17,1772,R,77,F,8,5145.00
HOGAR-008686,ENHOGAR,2026-08-06,18,1873,U,84,M,3,5282.00
HOGAR-008687,ENHOGAR,2026-08-07,19,1974,U,18,X,6,5419.00
HOGAR-008688,ENHOGAR,2026-08-08,20,2075,R,25,NR,1,5556.00
HOGAR-008689,ENHOGAR,2026-08-09,21,2176,U,32,F,4,5693.00
HOGAR-008690,ENHOGAR,2026-08-10,22,2277,U,39,M,7,5830.00
HOGAR-008691,ENHOGAR,2026-08-11,01,0178,R,46,X,2,5967.00
HOGAR-008692,ENHOGAR,2026-08-12,02,0279,U,53,NR,5,6104.00
HOGAR-008693,ENHOGAR,2026-08-13,03,0380,U,60,F,8,6241.00
HOGAR-008694,ENHOGAR,2026-08-14,04,0481,R,67,M,3,6378.00
HOGAR-008695,ENHOGAR,2026-08-15,05,0582,U,74,X,6,6515.00
HOGAR-008696,ENHOGAR,2026-08-16,06,0683,U,81,NR,1,6652.00
HOGAR-008697,ENHOGAR,2026-08-17,07,0784,R,88,F,4,6789.00
HOGAR-008698,ENHOGAR,2026-08-18,08,0885,U,22,M,7,6926.00
HOGAR-008699,ENHOGAR,2026-08-19,09,0986,U,29,X,2,7063.00
HOGAR-008700,ENHOGAR,2026-08-20,10,1087,R,36,NR,5,7200.00
HOGAR-008701,ENHOGAR,2026-08-21,11,1188,U,43,F,8,7337.00
HOGAR-008702,ENHOGAR,2026-08-22,12,1289,U,50,M,3,7474.00
HOGAR-008703,ENHOGAR,2026-08-23,13,1390,R,57,X,6,7611.00
HOGAR-008704,ENHOGAR,2026-08-24,14,1491,U,64,NR,1,7748.00
HOGAR-008705,ENHOGAR,2026-08-25,15,1592,U,71,F,4,7885.00
HOGAR-008706,ENHOGAR,2026-08-26,16,1693,R,78,M,7,8022.00
HOGAR-008707,ENHOGAR,2026-08-27,17,1794,U,85,X,2,8159.00
HOGAR-008708,ENHOGAR,2026-08-28,18,1895,U,19,NR,5,8296.00
HOGAR-008709,ENHOGAR,2026-08-01,19,1996,R,26,F,8,8433.00
HOGAR-008710,ENHOGAR,2026-08-02,20,2097,U,33,M,3,970.00
HOGAR-008711,ENHOGAR,2026-08-03,21,2198,U,40,X,6,1107.00
HOGAR-008712,ENHOGAR,2026-08-04,22,2299,R,47,NR,1,1244.00
HOGAR-008713,ENHOGAR,2026-08-05,01,0101,U,54,F,4,1381.00
HOGAR-008714,ENHOGAR,2026-08-06,02,0202,U,61,M,7,1518.00
HOGAR-008715,ENHOGAR,2026-08-07,03,0303,R,68,X,2,1655.00
HOGAR-008716,ENHOGAR,2026-08-08,04,0404,U,75,NR,5,1792.00
HOGAR-008717,ENHOGAR,2026-08-09,05,0505,U,82,F,8,1929.00
HOGAR-008718,ENHOGAR,2026-08-10,06,0606,R,89,M,3,2066.00
HOGAR-008719,ENHOGAR,2026-08-11,07,0707,U,23,X,6,2203.00
HOGAR-008720,ENHOGAR,2026-08-12,08,0808,U,30,NR,1,2340.00
HOGAR-008721,ENHOGAR,2026-08-13,09,0909,R,37,F,4,2477.00
HOGAR-008722,ENHOGAR,2026-08-14,10,1010,U,44,M,7,2614.00
HOGAR-008723,ENHOGAR,2026-08-15,11,1111,U,51,X,2,2751.00
HOGAR-008724,ENHOGAR,2026-08-16,12,1212,R,58,NR,5,2888.00
HOGAR-008725,ENHOGAR,2026-08-17,13,1313,U,65,F,8,3025.00
HOGAR-008726,ENHOGAR,2026-08-18,14,1414,U,72,M,3,3162.00
HOGAR-008727,ENHOGAR,2026-08-19,15,1515,R,79,X,6,3299.00
HOGAR-008728,ENHOGAR,2026-08-20,16,1616,U,86,NR,1,3436.00
HOGAR-008729,ENHOGAR,2026-08-21,17,1717,U,20,F,4,3573.00
HOGAR-008730,ENHOGAR,2026-08-22,18,1818,R,27,M,7,3710.00
HOGAR-008731,ENHOGAR,2026-08-23,19,1919,U,34,X,2,3847.00
HOGAR-008732,ENHOGAR,2026-08-24,20,2020,U,41,NR,5,3984.00
HOGAR-008733,ENHOGAR,2026-08-25,21,2121,R,48,F,8,4121.00
HOGAR-008734,ENHOGAR,2026-08-26,22,2222,U,55,M,3,4258.00
HOGAR-008735,ENHOGAR,2026-08-27,01,0123,U,62,X,6,4395.00
HOGAR-008736,ENHOGAR,2026-08-28,02,0224,R,69,NR,1,4532.00
HOGAR-008737,ENHOGAR,2026-08-01,03,0325,U,76,F,4,4669.00
HOGAR-008738,ENHOGAR,2026-08-02,04,0426,U,83,M,7,4806.00
HOGAR-008739,ENHOGAR,2026-08-03,05,0527,R,90,X,2,4943.00
HOGAR-008740,ENHOGAR,2026-08-04,06,0628,U,24,NR,5,5080.00
HOGAR-008741,ENHOGAR,2026-08-05,07,0729,U,31,F,8,5217.00
HOGAR-008742,ENHOGAR,2026-08-06,08,0830,R,38,M,3,5354.00
HOGAR-008743,ENHOGAR,2026-08-07,09,0931,U,45,X,6,5491.00
HOGAR-008744,ENHOGAR,2026-08-08,10,1032,U,52,NR,1,5628.00
HOGAR-008745,ENHOGAR,2026-08-09,11,1133,R,59,F,4,5765.00
HOGAR-008746,ENHOGAR,2026-08-10,12,1234,U,66,M,7,5902.00
HOGAR-008747,ENHOGAR,2026-08-11,13,1335,U,73,X,2,6039.00
HOGAR-008748,ENHOGAR,2026-08-12,14,1436,R,80,NR,5,6176.00
HOGAR-008749,ENHOGAR,2026-08-13,15,1537,U,87,F,8,6313.00
HOGAR-008750,ENHOGAR,2026-08-14,16,1638,U,21,M,3,6450.00
HOGAR-008751,ENHOGAR,2026-08-15,17,1739,R,28,X,6,6587.00
HOGAR-008752,ENHOGAR,2026-08-16,18,1840,U,35,NR,1,6724.00
HOGAR-008753,ENHOGAR,2026-08-17,19,1941,U,42,F,4,6861.00
HOGAR-008754,ENHOGAR,2026-08-18,20,2042,R,49,M,7,6998.00
HOGAR-008755,ENHOGAR,2026-08-19,21,2143,U,56,X,2,7135.00
HOGAR-008756,ENHOGAR,2026-08-20,22,2244,U,63,NR,5,7272.00
HOGAR-008757,ENHOGAR,2026-08-21,01,0145,R,70,F,8,7409.00
HOGAR-008758,ENHOGAR,2026-08-22,02,0246,U,77,M,3,7546.00
HOGAR-008759,ENHOGAR,2026-08-23,03,0347,U,84,X,6,7683.00
HOGAR-008760,ENHOGAR,2026-08-24,04,0448,R,18,NR,1,7820.00
HOGAR-008761,ENHOGAR,2026-08-25,05,0549,U,25,F,4,7957.00
HOGAR-008762,ENHOGAR,2026-08-26,06,0650,U,32,M,7,8094.00
HOGAR-008763,ENHOGAR,2026-08-27,07,0751,R,39,X,2,8231.00
HOGAR-008764,ENHOGAR,2026-08-28,08,0852,U,46,NR,5,8368.00
HOGAR-008765,ENHOGAR,2026-08-01,09,0953,U,53,F,8,905.00
HOGAR-008766,ENHOGAR,2026-08-02,10,1054,R,60,M,3,1042.00
HOGAR-008767,ENHOGAR,2026-08-03,11,1155,U,67,X,6,1179.00
HOGAR-008768,ENHOGAR,2026-08-04,12,1256,U,74,NR,1,1316.00
HOGAR-008769,ENHOGAR,2026-08-05,13,1357,R,81,F,4,1453.00
HOGAR-008770,ENHOGAR,2026-08-06,14,1458,U,88,M,7,1590.00
HOGAR-008771,ENHOGAR,2026-08-07,15,1559,U,22,X,2,1727.00
HOGAR-008772,ENHOGAR,2026-08-08,16,1660,R,29,NR,5,1864.00
HOGAR-008773,ENHOGAR,2026-08-09,17,1761,U,36,F,8,2001.00
HOGAR-008774,ENHOGAR,2026-08-10,18,1862,U,43,M,3,2138.00
HOGAR-008775,ENHOGAR,2026-08-11,19,1963,R,50,X,6,2275.00
HOGAR-008776,ENHOGAR,2026-08-12,20,2064,U,57,NR,1,2412.00
HOGAR-008777,ENHOGAR,2026-08-13,21,2165,U,64,F,4,2549.00
HOGAR-008778,ENHOGAR,2026-08-14,22,2266,R,71,M,7,2686.00
HOGAR-008779,ENHOGAR,2026-08-15,01,0167,U,78,X,2,2823.00
HOGAR-008780,ENHOGAR,2026-08-16,02,0268,U,85,NR,5,2960.00
HOGAR-008781,ENHOGAR,2026-08-17,03,0369,R,19,F,8,3097.00
HOGAR-008782,ENHOGAR,2026-08-18,04,0470,U,26,M,3,3234.00
HOGAR-008783,ENHOGAR,2026-08-19,05,0571,U,33,X,6,3371.00
HOGAR-008784,ENHOGAR,2026-08-20,06,0672,R,40,NR,1,3508.00
HOGAR-008785,ENHOGAR,2026-08-21,07,0773,U,47,F,4,3645.00
HOGAR-008786,ENHOGAR,2026-08-22,08,0874,U,54,M,7,3782.00
HOGAR-008787,ENHOGAR,2026-08-23,09,0975,R,61,X,2,3919.00
HOGAR-008788,ENHOGAR,2026-08-24,10,1076,U,68,NR,5,4056.00
HOGAR-008789,ENHOGAR,2026-08-25,11,1177,U,75,F,8,4193.00
HOGAR-008790,,2026-08-26,12,1278,R,82,M,3,4330.00
HOGAR-008791,ENHOGAR,2026-08-27,13,1379,U,89,X,6,4467.00
HOGAR-008792,ENHOGAR,2026-08-28,14,1480,U,23,NR,1, 4604.00 
HOGAR-008793,ENHOGAR,2026-08-01,15,1581,R,30,F,4,4741.00
HOGAR-008794,ENHOGAR,2026-08-02,16,1682,U,37,M,7,4878.00
HOGAR-008795,ENHOGAR,2026-08-03,17,1783,U,44,X,2,5015.00
HOGAR-008796,ENHOGAR,2026-08-04,18,1884,R,51,Z,5,5152.00
HOGAR-008797,ENHOGAR,2026-08-05,19,1985,U,58,F,8,5289.00
HOGAR-008798,ENHOGAR,2026-08-06,20,2086,U,65,M,3,5426.00
HOGAR-008799,ENHOGAR,2027-01-01,21,2187,R,72,X,6,5563.00
HOGAR-008800,ENHOGAR,2026-08-08,22,2288,U,79,NR,1,5700.00
HOGAR-008801,ENHOGAR,2026-08-09,01,0189,U,86,F,4,5837.00
HOGAR-008802,ENHOGAR,2026-08-10,02,0290,R,20,M,7,5974.00
HOGAR-008803,ENHOGAR,2026-08-11,03,0391,U,27,X,2,6111.00
HOGAR-008804,ENHOGAR,2026-08-12,04,0492,U,34,NR,5,6248.00
HOGAR-008805,ENHOGAR,2026-08-13,05,0593,R,41,F,8,6385.00
HOGAR-008806,ENHOGAR,2026-08-14,06,0694,U,48,M,3,6522.00
HOGAR-008807,ENHOGAR,2026-08-15,07,0795,U,55,X,6,6659.00
HOGAR/008808,ENHOGAR,2026-08-16,08,0896,R,62,NR,1,6796.00
HOGAR-008809,ENHOGAR,2026-08-17,09,0997,U,69,F,4,6933.00
HOGAR-008810,ENHOGAR,2026-08-18,10,1098,U,76,M,7,7070.00
HOGAR-008811,ENHOGAR,2026-08-19,11,1199,R,83,X,2,7207.00
HOGAR-008812,ENHOGAR,2026-08-20,12,1201,U,90,NR,5,7344.00
HOGAR-008813,ENHOGAR,2026-08-21,13,1302,U,24,F,8,7481.00
HOGAR-008814,ENHOGAR,2026-08-22,14,1403,R,31,M,3,7618.00
HOGAR-008815,ENHOGAR,2026-08-23,15,1504,U,38,X,6,7755.00
HOGAR-008816,ENHOGAR,2026-08-24,16,1605,U,45,NR,1,7892.00
HOGAR-008817,ENHOGAR,2026-08-25,17,1706,R,52,F,4,8029.00
HOGAR-008818,ENHOGAR,2026-08-26,18,1807,U,59,M,7,8166.00
HOGAR-008819,ENHOGAR,2026-08-27,19,1908,U,66,X,2,8303.00
HOGAR-008820,ENHOGAR,2026-08-28,20,2009,R,73,NR,5,8440.00
HOGAR-008821,ENHOGAR,2026-08-01,21,2110,U,80,F,8,977.00
HOGAR-008822,ENHOGAR,2026-08-02,22,2211,U,87,M,3,1114.00
HOGAR-008823,ENHOGAR,2026-08-03,01,0112,R,21,X,6,1251.00
HOGAR-008824,ENHOGAR,2026-08-04,02,0213,U,28,NR,1,1388.00
HOGAR-008825,ENHOGAR,2026-08-05,03,0314,U,35,F,4,1525.00
HOGAR-008826,ENHOGAR,2026-08-06,04,0415,R,42,M,7,1662.00
HOGAR-008827,ENHOGAR,2026-08-07,05,0516,U,49,X,2,1799.00
HOGAR-008828,ENHOGAR,2026-08-08,06,0617,U,56,NR,5,1936.00
HOGAR-008829,ENHOGAR,2026-08-09,07,0718,R,63,F,8,2073.00
HOGAR-008830,ENHOGAR,2026-08-10,08,0819,U,70,M,3,2210.00
HOGAR-008831,ENHOGAR,2026-08-11,09,0920,U,77,X,6,2347.00
HOGAR-008832,ENHOGAR,2026-08-12,10,1021,R,84,NR,1,2484.00
HOGAR-008833,ENHOGAR,2026-08-13,11,1122,U,18,F,4,2621.00
HOGAR-008834,ENHOGAR,2026-08-14,12,1223,U,25,M,7,2758.00
HOGAR-008835,ENHOGAR,2026-08-15,13,1324,R,32,X,2,2895.00
HOGAR-008836,ENHOGAR,2026-08-16,14,1425,U,39,NR,5,3032.00
HOGAR-008837,ENHOGAR,2026-08-17,15,1526,U,46,F,8,3169.00
HOGAR-008838,ENHOGAR,2026-08-18,16,1627,R,53,M,3,3306.00
HOGAR-008839,ENHOGAR,2026-08-19,17,1728,U,60,X,6,3443.00
HOGAR-008840,ENHOGAR,2026-08-20,18,1829,U,67,NR,1,3580.00
HOGAR-008841,ENHOGAR,2026-08-21,19,1930,R,74,F,4,3717.00
HOGAR-008842,ENHOGAR,2026-08-22,20,2031,U,81,M,7,3854.00
HOGAR-008843,ENHOGAR,2026-08-23,21,2132,U,88,X,2,3991.00
HOGAR-008844,ENHOGAR,2026-08-24,22,2233,R,22,NR,5,4128.00
HOGAR-008845,ENHOGAR,2026-08-25,01,0134,U,29,F,8,4265.00
HOGAR-008846,ENHOGAR,2026-08-26,02,0235,U,36,M,3,4402.00
HOGAR-008847,ENHOGAR,2026-08-27,03,0336,R,43,X,6,4539.00
HOGAR-008848,ENHOGAR,2026-08-28,04,0437,U,50,NR,1,4676.00
HOGAR-008849,ENHOGAR,2026-08-01,05,0538,U,57,F,4,4813.00
HOGAR-008850,ENHOGAR,2026-08-02,06,0639,R,64,M,7,4950.00
HOGAR-008851,ENHOGAR,2026-08-03,07,0740,U,71,X,2,5087.00
HOGAR-008852,ENHOGAR,2026-08-04,08,0841,U,78,NR,5,5224.00
HOGAR-008853,ENHOGAR,2026-08-05,09,0942,R,85,F,8,5361.00
HOGAR-008854,ENHOGAR,2026-08-06,10,1043,U,19,M,3,5498.00
HOGAR-008855,ENHOGAR,2026-08-07,11,1144,U,26,X,6,5635.00
HOGAR-008856,ENHOGAR,2026-08-08,12,1245,R,33,NR,1,5772.00
HOGAR-008857,ENHOGAR,2026-08-09,13,1346,U,40,F,4,5909.00
HOGAR-008858,ENHOGAR,2026-08-10,14,1447,U,47,M,7,6046.00
HOGAR-008859,ENHOGAR,2026-08-11,15,1548,R,54,X,2,6183.00
HOGAR-008860,ENHOGAR,2026-08-12,16,1649,U,61,NR,5,6320.00
HOGAR-008861,ENHOGAR,2026-08-13,17,1750,U,68,F,8,6457.00
HOGAR-008862,ENHOGAR,2026-08-14,18,1851,R,75,M,3,6594.00
HOGAR-008863,ENHOGAR,2026-08-15,19,1952,U,82,X,6,6731.00
HOGAR-008864,ENHOGAR,2026-08-16,20,2053,U,89,NR,1,6868.00
HOGAR-008865,ENHOGAR,2026-08-17,21,2154,R,23,F,4,7005.00
HOGAR-008866,ENHOGAR,2026-08-18,22,2255,U,30,M,7,7142.00
HOGAR-008867,ENHOGAR,2026-08-19,01,0156,U,37,X,2,7279.00
HOGAR-008868,ENHOGAR,2026-08-20,02,0257,R,44,NR,5,7416.00
HOGAR-008869,ENHOGAR,2026-08-21,03,0358,U,51,F,8,7553.00
HOGAR-008870,ENHOGAR,2026-08-22,04,0459,U,135,M,3,7690.00
HOGAR-008871,ENHOGAR,2026-08-23,05,0560,R,65,X,6,7827.00
HOGAR-008872,ENHOGAR,2026-08-24,06,0661,U,72,NR,1,7964.00
HOGAR-008873,ENHOGAR,2026-08-25,07,0762,U,79,F,4,8101.00
HOGAR-008874,ENHOGAR,2026-08-26,08,0863,R,86,M,7,8238.00
HOGAR-008875,ENHOGAR,2026-08-27,09,0964,U,20,X,2,8375.00
HOGAR-008876,ENHOGAR,2026-08-28,10,1065,U,27,NR,5,912.00
HOGAR-008877,ENHOGAR,2026-08-01,11,1166,R,34,F,8,1049.00
HOGAR-008878,ENHOGAR,2026-08-02,12,1267,U,41,M,3,1186.00
HOGAR-008879,ENHOGAR,2026-08-03,13,1368,U,48,X,6,1323.00
HOGAR-008880,ENHOGAR,2026-08-04,14,1469,R,55,NR,1,1460.00
HOGAR-008881,ENHOGAR,2026-08-05,15,1570,U,62,F,4,1597.00
HOGAR-008882,ENHOGAR,2026-08-06,16,1671,U,69,M,7,1734.00
HOGAR-008883,ENHOGAR,2026-08-07,17,1772,R,76,X,2,1871.00
HOGAR-008884,ENHOGAR,2026-08-08,18,1873,U,83,NR,5,2008.00
HOGAR-008885,ENHOGAR,2026-08-09,19,1974,U,90,F,8,2145.00
HOGAR-008886,ENHOGAR,2026-08-10,20,2075,R,24,M,3,2282.00
HOGAR-008887,ENHOGAR,2026-08-11,21,2176,U,31,X,6,2419.00
HOGAR-008888,ENHOGAR,2026-08-12,22,2277,U,38,NR,1,2556.00
HOGAR-008889,ENHOGAR,2026-08-13,01,0178,R,45,F,4,2693.00
HOGAR-008890,ENHOGAR,2026-08-14,02,0279,U,52,M,7,2830.00
HOGAR-008891,ENHOGAR,2026-08-15,03,0380,U,59,X,2,2967.00
HOGAR-008892,ENHOGAR,2026-08-16,04,0481,R,66,NR,5,3104.00
HOGAR-008893,ENHOGAR,2026-08-17,05,0582,U,73,F,8,3241.00
HOGAR-008894,ENHOGAR,2026-08-18,06,0683,U,80,M,3,3378.00
HOGAR-008895,ENHOGAR,2026-08-19,07,0784,R,87,X,6,3515.00
HOGAR-008896,ENHOGAR,2026-08-20,08,0885,U,21,NR,1,3652.00
HOGAR-008897,ENHOGAR,2026-08-21,09,0986,U,28,F,4,3789.00
HOGAR-008898,ENHOGAR,2026-08-22,10,1087,R,35,M,7,3926.00
HOGAR-008899,ENHOGAR,2026-08-23,11,1188,U,42,X,2,4063.00
HOGAR-008900,ENHOGAR,2026-08-24,12,1289,U,49,NR,5,4200.00
HOGAR-008901,ENHOGAR,2026-08-25,13,1390,R,56,F,8,4337.00
HOGAR-008902,ENHOGAR,2026-08-26,14,1491,U,63,M,3,4474.00
HOGAR-008903,ENHOGAR,2026-08-27,15,1592,U,70,X,6,4611.00
HOGAR-008904,ENHOGAR,2026-08-28,16,1693,R,77,NR,1,4748.00
HOGAR-008905,ENHOGAR,2026-08-01,17,1794,U,84,F,4,4885.00
HOGAR-008906,ENHOGAR,2026-08-02,18,1895,U,18,M,7,5022.00
HOGAR-008907,ENHOGAR,2026-08-03,19,1996,R,25,X,2,5159.00
HOGAR-008908,ENHOGAR,2026-08-04,20,2097,U,32,NR,5,5296.00
HOGAR-008909,ENHOGAR,2026-08-05,21,2198,U,39,F,8,5433.00
HOGAR-008910,ENHOGAR,2026-08-06,22,2299,R,46,M,3,5570.00
HOGAR-008911,ENHOGAR,2026-08-07,01,0101,U,53,X,6,5707.00
HOGAR-008912,ENHOGAR,2026-08-08,02,0202,U,60,NR,1,5844.00
HOGAR-008913,ENHOGAR,2026-08-09,03,0303,R,67,F,4,5981.00
HOGAR-008914,ENHOGAR,2026-08-10,04,0404,U,74,M,7,6118.00
HOGAR-008915,ENHOGAR,2026-08-11,05,0505,U,81,X,2,6255.00
HOGAR-008916,ENHOGAR,2026-08-12,06,0606,R,88,NR,5,6392.00
HOGAR-008917,ENHOGAR,2026-08-13,07,0707,U,22,F,8,6529.00
HOGAR-008918,ENHOGAR,2026-08-14,08,0808,U,29,M,3,6666.00
HOGAR-008919,ENHOGAR,2026-08-15,09,0909,R,36,X,6,6803.00
HOGAR-008920,ENHOGAR,2026-08-16,10,1010,U,43,NR,1,6940.00
HOGAR-008921,ENHOGAR,2026-08-17,11,1111,U,50,F,4,7077.00
HOGAR-008922,ENHOGAR,2026-08-18,12,1212,R,57,M,7,7214.00
HOGAR-008923,ENHOGAR,2026-08-19,13,1313,U,64,X,2,7351.00
HOGAR-008924,ENHOGAR,2026-08-20,14,1414,U,71,NR,5,7488.00
HOGAR-008925,ENHOGAR,2026-08-21,15,1515,R,78,F,8,7625.00
HOGAR-008926,ENHOGAR,2026-08-22,16,1616,U,85,M,3,7762.00
HOGAR-008927,ENHOGAR,2026-08-23,17,1717,U,19,X,6,7899.00
HOGAR-008928,ENHOGAR,2026-08-24,18,1818,R,26,NR,1,8036.00
HOGAR-008929,ENHOGAR,2026-08-25,19,1919,U,33,F,4,8173.00
HOGAR-008930,ENHOGAR,2026-08-26,20,2020,U,40,M,7,8310.00
HOGAR-008931,ENHOGAR,2026-08-27,21,2121,R,47,X,2,8447.00
HOGAR-008932,ENHOGAR,2026-08-28,22,2222,U,54,NR,5,984.00
HOGAR-008933,ENHOGAR,2026-08-01,01,0123,U,61,F,8,1121.00
HOGAR-008934,ENHOGAR,2026-08-02,02,0224,R,68,M,3,1258.00
HOGAR-008935,ENHOGAR,2026-08-03,03,0325,U,75,X,6,1395.00
HOGAR-008936,ENHOGAR,2026-08-04,04,0426,U,82,NR,1,1532.00
HOGAR-008937,ENHOGAR,2026-08-05,05,0527,R,89,F,4,1669.00
HOGAR-008938,ENHOGAR,2026-08-06,06,0628,U,23,M,7,1806.00
HOGAR-008939,ENHOGAR,2026-08-07,07,0729,U,30,X,2,1943.00
HOGAR-008940,ENHOGAR,2026-08-08,08,0830,R,37,NR,5,2080.00
HOGAR-008941,ENHOGAR,2026-08-09,09,0931,U,44,F,8,2217.00
HOGAR-008942,ENHOGAR,2026-08-10,10,1032,U,51,M,3,2354.00
HOGAR-008943,ENHOGAR,2026-08-11,11,1133,R,58,X,6,2491.00
HOGAR-008944,ENHOGAR,2026-08-12,12,1234,U,65,NR,1,2628.00
HOGAR-008945,ENHOGAR,2026-08-13,13,1335,U,72,F,4,2765.00
HOGAR-008946,ENHOGAR,2026-08-14,14,1436,R,79,M,7,2902.00
HOGAR-008947,ENHOGAR,2026-08-15,15,1537,U,86,X,2,3039.00
HOGAR-008948,ENHOGAR,2026-08-16,16,1638,U,20,NR,5,3176.00
HOGAR-008949,ENHOGAR,2026-08-17,17,1739,R,27,F,8, 3313.00 
HOGAR-008950,ENHOGAR,2026-08-18,18,1840,U,34,M,3,3450.00
HOGAR-008951,ENHOGAR,2026-08-19,19,1941,U,41,X,6,3587.00
HOGAR-008952,ENHOGAR,2026-08-20,20,2042,R,48,NR,1,3724.00
HOGAR-008953,ENHOGAR,2026-08-21,21,2143,U,55,F,4,3861.00
HOGAR-008954,ENHOGAR,2026-08-22,22,2244,U,62,M,7,3998.00
HOGAR-008955,ENHOGAR,2026-08-23,01,0145,R,69,X,2,4135.00
HOGAR-008956,ENHOGAR,2026-08-24,02,0246,U,76,NR,5,4272.00
HOGAR-008957,ENHOGAR,2026-08-25,03,0347,U,83,F,8,4409.00
HOGAR-008958,ENHOGAR,2026-08-26,04,0448,R,90,M,3,4546.00
HOGAR-008959,ENHOGAR,2026-08-27,05,0549,U,24,X,6,4683.00
HOGAR-008960,ENHOGAR,2026-08-28,06,0650,U,31,NR,1,4820.00
HOGAR-008961,ENHOGAR,2026-08-01,07,0751,R,38,F,4,4957.00
HOGAR-008962,ENHOGAR,2026-08-02,08,0852,U,45,M,7,5094.00
HOGAR-008963,ENHOGAR,2026-08-03,09,0953,U,52,X,2,5231.00
HOGAR-008964,ENHOGAR,2026-08-04,10,1054,R,59,NR,5,5368.00
HOGAR-008965,ENHOGAR,2026-08-05,11,1155,U,66,F,8,5505.00
HOGAR-008966,ENHOGAR,2026-08-06,12,1256,U,73,M,3,5642.00
HOGAR-008967,ENHOGAR,2026-08-07,13,1357,R,80,X,6,5779.00
HOGAR-008968,ENHOGAR,2026-08-08,14,1458,U,87,NR,1,5916.00
HOGAR-008969,ENHOGAR,2026-08-09,15,1559,U,21,F,4,6053.00
HOGAR-008970,ENHOGAR,2026-08-10,16,1660,R,28,M,7,6190.00
HOGAR-008971,ENHOGAR,2026-08-11,17,1761,U,35,X,2,6327.00
HOGAR-008972,ENHOGAR,2026-08-12,18,1862,U,42,NR,5,6464.00
HOGAR-008973,ENHOGAR,2026-08-13,19,1963,R,49,F,8,
HOGAR-008974,ENHOGAR,2026-08-14,20,2064,U,56,M,0,6738.00
HOGAR-008975,ENHOGAR,2026-08-15,21,2165,U,63,X,6,6875.00
HOGAR-008976,ENHOGAR,2026-08-16,22,2266,R,70,NR,1,7012.00
HOGAR-008977,ENHOGAR,2026-08-17,01,0167,U,77,F,4,7149.00
HOGAR-008978,ENHOGAR,2026-08-18,02,0268,U,84,M,7,7286.00
HOGAR-008979,ENHOGAR,2026-08-19,03,0369,R,18,X,2,7423.00
HOGAR-008980,ENHOGAR,2026-08-20,04,0470,U,25,NR,5,7560.00
HOGAR-008981,ENHOGAR,2026-08-21,05,0571,U,32,F,8,7697.00
HOGAR-008982,ENHOGAR,2026-08-22,06,0672,R,39,M,3,7834.00
HOGAR-008983,ENHOGAR,2026-08-23,07,0773,U,46,X,6,7971.00
HOGAR-008984,ENHOGAR,2026-08-24,08,0874,U,53,NR,1,8108.00
HOGAR-008985,ENHOGAR,2026-08-25,09,0975,R,60,F,4,8245.00
HOGAR-008986,ENHOGAR,2026-08-26,10,1076,U,67,M,7,8382.00
HOGAR-008987,ENHOGAR,2026-08-27,11,1177,U,74,X,2,919.00
HOGAR-008988,ENHOGAR,2026-08-28,12,1278,R,81,NR,5,1056.00
HOGAR-008989,ENHOGAR,2026-08-01,13,1379,U,88,F,8,1193.00
HOGAR-008990,ENHOGAR,2026-08-02,14,1480,U,22,M,3,1330.00
HOGAR-008991,ENHOGAR,2026-08-03,15,1581,R,29,X,6,1467.00
HOGAR-008992,ENHOGAR,2026-08-04,16,1682,U,36,NR,1,1604.00
HOGAR-008993,ENHOGAR,2026-08-05,17,1783,U,43,F,4,1741.00
HOGAR-008994,ENHOGAR,2026-08-06,18,1884,R,50,M,7,1878.00
HOGAR-008995,ENHOGAR,2026-08-07,19,1985,U,57,X,2,2015.00
HOGAR-008996,ENHOGAR,2026-08-08,20,2086,U,64,NR,5,2152.00
HOGAR-008997,ENHOGAR,2026-08-09,21,2187,R,71,F,8,2289.00
HOGAR-008998,ENHOGAR,2026-08-10,22,2288,U,78,M,3,2426.00
HOGAR-008999,ENHOGAR,2026-08-11,01,0189,U,85,X,6,2563.00
HOGAR-009000,ENHOGAR,2026-08-12,02,0290,R,19,NR,1,2700.00
HOGAR-009001,ENHOGAR,2026-08-13,03,0391,U,26,F,4,2837.00
HOGAR-009002,ENHOGAR,2026-08-14,04,0492,U,33,M,7,2974.00
HOGAR-009003,ENHOGAR,2026-08-15,05,0593,R,40,X,2,3111.00
HOGAR-009004,ENHOGAR,2026-08-16,06,0694,U,47,NR,5,3248.00
HOGAR-009005,ENHOGAR,2026-08-17,07,0795,U,54,F,8,3385.00
HOGAR-009006,ENHOGAR,2026-08-18,08,0896,R,61,M,3,3522.00
HOGAR-009007,ENHOGAR,2026-08-19,09,0997,U,68,X,6,3659.00
HOGAR-009008,ENHOGAR,2026-08-20,10,1098,U,75,NR,1,3796.00
HOGAR-009009,ENHOGAR,2026-08-21,11,1199,R,82,F,4,3933.00
HOGAR-009010,ENHOGAR,2026-08-22,12,1201,U,89,M,7,4070.00
HOGAR-009011,ENHOGAR,2026-08-23,13,1302,U,23,X,2,4207.00
HOGAR-009012,ENHOGAR,2026-08-24,14,1403,R,30,NR,5,4344.00
HOGAR-009013,ENHOGAR,2026-08-25,15,1504,U,37,F,8,4481.00
HOGAR-009014,ENHOGAR,2026-08-26,16,1605,U,44,M,3,4618.00
HOGAR-009015,ENHOGAR,2026-08-27,17,1706,R,51,X,6,4755.00
HOGAR-009016,ENHOGAR,2026-08-28,18,1807,U,58,NR,1,4892.00
HOGAR-009017,ENHOGAR,2026-08-01,19,1908,U,65,F,4,5029.00
HOGAR-009018,ENHOGAR,2026-08-02,20,2009,R,72,M,7,5166.00
HOGAR-009019,ENHOGAR,2026-08-03,21,2110,U,79,X,2,5303.00
HOGAR-009020,ENHOGAR,2026-08-04,22,2211,U,86,NR,5,5440.00
HOGAR-009021,ENHOGAR,2026-08-05,01,0112,R,20,F,8,5577.00
HOGAR-009022,ENHOGAR,2026-08-06,02,0213,U,27,M,3,5714.00
HOGAR-009023,ENHOGAR,2026-08-07,03,0314,U,34,X,6,5851.00
HOGAR-009024,ENHOGAR,2026-08-08,04,0415,R,41,NR,1,5988.00
HOGAR-009025,ENHOGAR,2026-08-09,05,0516,U,48,F,4,6125.00
HOGAR-009026,ENHOGAR,2026-08-10,06,0617,U,55,M,7,6262.00
HOGAR-009027,ENHOGAR,2026-08-11,07,0718,R,62,X,2,6399.00
HOGAR-009028,ENHOGAR,2026-08-12,08,0819,U,69,NR,5,6536.00
HOGAR-009029,ENHOGAR,2026-08-13,09,0920,U,76,F,8,6673.00
HOGAR-009030,ENHOGAR,2026-08-14,10,1021,R,83,M,3,6810.00
HOGAR-009031,ENHOGAR,2026-08-15,11,1122,U,90,X,6,6947.00
HOGAR-009032,ENHOGAR,2026-08-16,12,1223,U,24,NR,1,7084.00
HOGAR-009033,ENHOGAR,2026-08-17,13,1324,R,31,F,4,7221.00
HOGAR-009034,ENHOGAR,2026-08-18,14,1425,U,38,M,7,7358.00
HOGAR-009035,ENHOGAR,2026-08-19,15,1526,U,45,X,2,7495.00
HOGAR-009036,ENHOGAR,2026-08-20,16,1627,R,52,NR,5,7632.00
HOGAR-009037,ENHOGAR,2026-08-21,17,1728,U,59,F,8,7769.00
HOGAR-009038,ENHOGAR,2026-08-22,18,1829,U,66,M,3,7906.00
HOGAR-009039,ENHOGAR,2026-08-23,19,1930,R,73,X,6,8043.00
HOGAR-009040,ENHOGAR,2026-08-24,20,2031,U,80,NR,1,8180.00
HOGAR-009041,ENHOGAR,2026-08-25,21,2132,U,87,F,4,8317.00
HOGAR-009042,ENHOGAR,2026-08-26,22,2233,R,21,M,7,8454.00
HOGAR-009043,ENHOGAR,2026-08-27,01,0134,U,28,X,2,991.00
HOGAR-009044,ENHOGAR,2026-08-28,02,0235,U,35,NR,5,1128.00
HOGAR-009045,ENHOGAR,2026-08-01,03,0336,R,42,F,8,1265.00
HOGAR-009046,ENHOGAR,2026-08-02,04,0437,U,49,M,3,1402.00
HOGAR-009047,ENHOGAR,2026-08-03,05,0538,U,56,X,6,1539.00
HOGAR-009048,ENHOGAR,2026-08-04,06,0639,R,63,NR,1,1676.00
HOGAR-009049,ENHOGAR,2026-08-05,07,0740,U,70,F,4,1813.00
HOGAR-009050,ENHOGAR,2026-08-06,08,0841,U,77,M,7,1950.00
HOGAR-009051,ENHOGAR,2026-08-07,09,0942,R,84,X,2,2087.00
HOGAR-009052,ENHOGAR,2026-08-08,10,1043,U,18,NR,5,2224.00
HOGAR-009053,ENHOGAR,2026-08-09,11,1144,U,25,F,8,2361.00
HOGAR-009054,ENHOGAR,2026-08-10,12,1245,R,32,M,3,-25.00
HOGAR-009055,ENHOGAR,2026-08-11,13,1346,U,39,X,6,2635.00
HOGAR-009056,ENHOGAR,2026-08-12,14,1447,U,46,NR,1,2772.00
HOGAR-009057,ENHOGAR,2026-08-13,15,1548,R,53,F,4,2909.00
HOGAR-009058,ENHOGAR,2026-08-14,16,1649,U,60,M,7,3046.00
HOGAR-009059,ENHOGAR,2026-08-15,17,1750,U,67,X,2,3183.00
HOGAR-009060,ENHOGAR,2026-08-16,18,1851,R,74,NR,5,3320.00
HOGAR-009061,ENHOGAR,2026-08-17,19,1952,U,81,F,8,3457.00
HOGAR-009062,ENHOGAR,2026-08-18,20,2053,U,88,M,3,3594.00
HOGAR-009063,ENHOGAR,2026-08-19,21,2154,R,22,X,6,3731.00
HOGAR-009064,ENHOGAR,2026-08-20,22,2255,U,29,NR,1,3868.00
HOGAR-009065,ENHOGAR,2026-08-21,01,0156,U,36,F,4,4005.00
HOGAR-009066,ENHOGAR,2026-08-22,02,0257,R,43,M,7,4142.00
HOGAR-009067,ENHOGAR,2026-08-23,03,0358,U,50,X,2,4279.00
HOGAR-009068,ENHOGAR,2026-08-24,04,0459,U,57,NR,5,4416.00
HOGAR-009069,ENHOGAR,2026-08-25,05,0560,R,64,F,8,4553.00
HOGAR-009070,ENHOGAR,2026-08-26,06,0661,U,71,M,3,4690.00
HOGAR-009071,ENHOGAR,2026-08-27,07,0762,U,78,X,6,4827.00
HOGAR-009072,ENHOGAR,2026-08-28,08,0863,R,85,NR,1,4964.00
HOGAR-009073,ENHOGAR,2026-08-01,09,0964,U,19,F,4,5101.00
HOGAR-009074,ENHOGAR,2026-08-02,10,1065,U,26,M,7,5238.00
HOGAR-009075,ENHOGAR,2026-08-03,11,1166,R,33,X,2,5375.00
HOGAR-009076,ENHOGAR,2026-08-04,12,1267,U,40,NR,5,5512.00
HOGAR-009077,ENHOGAR,2026-08-05,13,1368,U,47,F,8,5649.00
HOGAR-009078,ENHOGAR,2026-08-06,14,1469,R,54,M,3,5786.00
HOGAR-009079,ENHOGAR,2026-08-07,15,1570,U,61,X,6,5923.00
HOGAR-009080,ENHOGAR,2026-08-08,16,1671,U,68,NR,1,6060.00
HOGAR-009081,ENHOGAR,2026-08-09,17,1772,R,75,F,4,6197.00
HOGAR-009082,ENHOGAR,2026-08-10,18,1873,U,82,M,7,6334.00
HOGAR-009083,,2026-08-11,19,1974,U,89,X,2,6471.00
HOGAR-009084,ENHOGAR,2026-08-12,20,2075,R,23,NR,5,6608.00
HOGAR-009085,ENHOGAR,2026-08-13,21,2176,U,30,F,8,6745.00
HOGAR-009086,ENHOGAR,2026-08-14,22,2277,U,37,M,3,6882.00
HOGAR-009087,ENHOGAR,2026-08-15,01,0178,R,44,X,6,7019.00
HOGAR-009088,ENHOGAR,2026-08-16,02,0279,U,51,NR,1,7156.00
HOGAR-009089,ENHOGAR,2026-08-17,03,0380,U,58,F,4,7293.00
HOGAR-009090,ENHOGAR,2026-08-18,04,0481,R,65,M,7,7430.00
HOGAR-009091,ENHOGAR,2026-08-19,05,0582,U,72,X,2,7567.00
HOGAR-009092,ENHOGAR,2026-08-20,06,0683,U,79,NR,5,7704.00
HOGAR-009093,ENHOGAR,2026-08-21,07,0784,R,86,F,8,7841.00
HOGAR-009094,ENHOGAR,2026-08-22,08,0885,U,20,M,3,7978.00
HOGAR-009095,ENHOGAR,2026-08-23,09,0986,U,27,X,6,8115.00
HOGAR-009096,ENHOGAR,2026-08-24,10,1087,R,34,NR,1,8252.00
HOGAR-009097,ENHOGAR,2026-08-25,11,1188,U,41,F,4,8389.00
HOGAR-009098,ENHOGAR,2026-08-26,12,1289,U,48,M,7,926.00
HOGAR-009099,ENHOGAR,2026-08-27,13,1390,R,55,X,2,1063.00
HOGAR-009100,ENHOGAR,2026-08-28,14,1491,U,62,NR,5,1200.00
HOGAR-009101,ENHOGAR,2026-08-01,15,1592,U,69,F,8,1337.00
HOGAR-009102,ENHOGAR,2026-08-02,16,1693,R,76,M,3,1474.00
HOGAR-009103,ENHOGAR,2026-08-03,17,1794,U,83,X,6,1611.00
HOGAR-009104,ENHOGAR,2026-08-04,18,1895,U,90,NR,1,1748.00
HOGAR-009105,ENHOGAR,2026-08-05,19,1996,R,24,F,4,1885.00
HOGAR-009106,ENHOGAR,2026-08-06,20,2097,U,31,M,7, 2022.00 
HOGAR-009107,ENHOGAR,2026-08-07,21,2198,U,38,X,2,2159.00
HOGAR-009108,ENHOGAR,2026-08-08,22,2299,R,45,NR,5,2296.00
HOGAR-009109,ENHOGAR,2026-08-09,01,0101,U,52,F,8,2433.00
HOGAR-009110,ENHOGAR,2026-08-10,02,0202,X,59,M,3,2570.00
HOGAR-009111,ENHOGAR,2026-08-11,03,0303,R,66,X,6,2707.00
HOGAR-009112,ENHOGAR,2026-08-12,04,0404,U,73,NR,1,2844.00
HOGAR-009113,ENHOGAR,2026-08-13,05,0505,U,80,F,4,2981.00
HOGAR-009114,ENHOGAR,2026-08-14,06,0606,R,87,M,7,3118.00
HOGAR-009115,ENHOGAR,2026-08-15,07,0707,U,21,X,2,3255.00
HOGAR-009116,ENHOGAR,2026-08-16,08,0808,U,28,NR,5,3392.00
HOGAR-009117,ENHOGAR,2026-08-17,09,0909,R,35,F,8,3529.00
HOGAR-009118,ENHOGAR,2026-08-18,10,1010,U,42,M,3,3666.00
HOGAR-009119,ENHOGAR,2026-08-19,11,1111,U,49,X,6,3803.00
HOGAR-009120,ENHOGAR,2026-08-20,12,1212,R,56,NR,1,3940.00
HOGAR-009121,ENHOGAR,2026-08-21,13,1313,U,63,F,4,4077.00
HOGAR-009122,ENHOGAR,2026-08-22,14,1414,U,70,M,7,4214.00
HOGAR-009123,ENHOGAR,2026-08-23,15,1515,R,77,X,2,4351.00
HOGAR-009124,ENHOGAR,2026-08-24,16,1616,U,84,NR,5,4488.00
HOGAR-009125,ENHOGAR,2026-08-25,17,1717,U,18,F,8,4625.00
HOGAR-009126,ENHOGAR,2026-08-26,18,1818,R,25,M,3,4762.00
HOGAR-009127,ENHOGAR,2026-08-27,19,1919,U,32,X,6,4899.00
HOGAR-009128,ENHOGAR,2026-08-28,20,2020,U,39,NR,1,5036.00
HOGAR-009129,ENHOGAR,2026-08-01,21,2121,R,46,F,4,5173.00
HOGAR-009130,ENHOGAR,2026-08-02,22,2222,U,53,M,7,5310.00
HOGAR-009131,ENHOGAR,2026-08-03,01,0123,U,60,X,2,5447.00
HOGAR-009132,ENHOGAR,2026-08-04,02,0224,R,67,NR,5,5584.00
HOGAR-009133,ENHOGAR,2026-08-05,03,0325,U,74,F,8,5721.00
HOGAR-009134,ENHOGAR,2026-08-06,04,0426,U,81,M,3,5858.00
HOGAR-009135,ENHOGAR,2026-08-07,05,0527,R,88,X,6,5995.00
HOGAR-009136,ENHOGAR,2026-08-08,06,0628,U,22,NR,1,6132.00
HOGAR-009137,ENHOGAR,2026-08-09,07,0729,U,29,F,4,6269.00
HOGAR-009138,ENHOGAR,2026-08-10,08,0830,R,36,M,7,6406.00
HOGAR-009139,ENHOGAR,2026-08-11,09,0931,U,43,X,2,6543.00
HOGAR-009140,ENHOGAR,2026-08-12,10,1032,U,50,NR,5,6680.00
HOGAR-009141,ENHOGAR,2026-08-13,11,1133,R,57,F,8,6817.00
HOGAR-009142,ENHOGAR,2026-08-14,12,1234,U,64,M,3,6954.00
HOGAR-009143,ENHOGAR,2026-08-15,13,1335,U,71,X,6,7091.00
HOGAR-009144,ENHOGAR,2026-08-16,14,1436,R,78,NR,1,7228.00
HOGAR-009145,ENHOGAR,2026-08-17,15,1537,U,85,F,4,7365.00
HOGAR-009146,ENHOGAR,2026-08-18,16,1638,U,19,M,7,7502.00
HOGAR-009147,ENHOGAR,2026-08-19,17,1739,R,26,X,2,7639.00
HOGAR-009148,ENHOGAR,2026-08-20,18,1840,U,33,NR,5,7776.00
HOGAR-009149,ENHOGAR,2026-08-21,19,1941,U,40,F,8,7913.00
HOGAR-009150,ENHOGAR,2026-08-22,20,2042,R,47,M,3,8050.00
HOGAR-009151,ENHOGAR,2026-08-23,21,2143,U,54,X,6,8187.00
HOGAR-009152,ENHOGAR,2026-08-24,22,2244,U,61,NR,1,8324.00
HOGAR-009153,ENHOGAR,2026-08-25,01,0145,R,68,F,4,8461.00
HOGAR-009154,ENHOGAR,2026-08-26,02,0246,U,75,M,7,998.00
HOGAR-009155,ENHOGAR,2026-08-27,03,0347,U,82,X,2,1135.00
HOGAR-009156,ENHOGAR,2026-08-28,04,0448,R,89,NR,5,1272.00
HOGAR-009157,ENHOGAR,2026-08-01,05,0549,U,23,F,8,1409.00
HOGAR-009158,ENHOGAR,2026-08-02,06,0650,U,30,M,3,1546.00
HOGAR-009159,ENHOGAR,2026-08-03,07,0751,R,37,X,6,1683.00
HOGAR-009160,ENHOGAR,2026-08-04,08,0852,U,44,NR,1,1820.00
HOGAR-009161,ENHOGAR,2026-08-05,09,0953,U,51,F,4,1957.00
HOGAR-009162,ENHOGAR,2026-08-06,10,1054,R,58,M,7,2094.00
HOGAR-009163,ENHOGAR,2026-08-07,11,1155,U,65,X,2,2231.00
HOGAR-009164,ENHOGAR,2026-08-08,12,1256,U,72,NR,5,2368.00
HOGAR-009165,ENHOGAR,2026-08-09,13,1357,R,79,F,8,2505.00
HOGAR-009166,ENHOGAR,2026-08-10,14,1458,U,86,M,3,2642.00
HOGAR-009167,ENHOGAR,2026-08-11,15,1559,U,20,X,6,2779.00
HOGAR-009168,ENHOGAR,2026-08-12,16,1660,R,27,NR,1,2916.00
HOGAR-009169,ENHOGAR,2026-08-13,17,1761,U,34,F,4,3053.00
HOGAR-009170,ENHOGAR,2026-08-14,18,1862,U,41,M,7,3190.00
HOGAR-009171,ENHOGAR,2026-08-15,19,1963,R,48,X,2,3327.00
HOGAR-009172,ENHOGAR,2026-08-16,20,2064,U,55,NR,5,3464.00
HOGAR-009173,ENHOGAR,2026-08-17,21,2165,U,62,F,8,3601.00
HOGAR-009174,ENHOGAR,2026-08-18,22,2266,R,69,M,3,3738.00
HOGAR/009175,ENHOGAR,2026-08-19,01,0167,U,76,X,6,3875.00
HOGAR-009176,ENHOGAR,2026-08-20,02,0268,U,83,NR,1,4012.00
HOGAR-009177,ENHOGAR,2026-08-21,03,0369,R,90,F,4,4149.00
HOGAR-009178,ENHOGAR,2026-08-22,04,0470,U,24,M,7,4286.00
HOGAR-009179,ENHOGAR,2026-08-23,05,0571,U,31,X,2,4423.00
HOGAR-009180,ENHOGAR,2026-08-24,06,0672,R,38,NR,5,4560.00
HOGAR-009181,ENHOGAR,2026-08-25,07,0773,U,45,F,8,4697.00
HOGAR-009182,ENHOGAR,2026-08-26,08,0874,U,52,M,3,4834.00
HOGAR-009183,ENHOGAR,2026-08-27,09,0975,R,59,X,6,4971.00
HOGAR-009184,ENHOGAR,2026-08-28,10,1076,U,66,NR,1,5108.00
HOGAR-009185,ENHOGAR,2026-08-01,11,1177,U,73,F,4,5245.00
HOGAR-009186,ENHOGAR,2026-08-02,12,1278,R,80,M,7,5382.00
HOGAR-009187,ENHOGAR,2026-08-03,13,1379,U,87,X,2,5519.00
HOGAR-009188,ENHOGAR,2026-08-04,14,1480,U,21,NR,5,5656.00
HOGAR-009189,ENHOGAR,2026-08-05,15,1581,R,28,F,8,5793.00
HOGAR-009190,ENHOGAR,2026-08-06,16,1682,U,35,M,3,5930.00
HOGAR-009191,ENHOGAR,2026-08-07,17,1783,U,42,X,6,6067.00
HOGAR-009192,ENHOGAR,2026-08-08,18,1884,R,49,NR,1,6204.00
HOGAR-009193,ENHOGAR,2026-08-09,19,1985,U,56,F,4,6341.00
HOGAR-009194,ENHOGAR,2026-08-10,20,2086,U,63,M,7,6478.00
HOGAR-009195,ENHOGAR,2026-08-11,21,2187,R,70,X,2,6615.00
HOGAR-009196,ENHOGAR,2026-08-12,22,2288,U,77,NR,5,6752.00
HOGAR-009197,ENHOGAR,2026-08-13,01,0189,U,84,F,8,6889.00
HOGAR-009198,ENHOGAR,2026-08-14,02,0290,R,18,M,3,7026.00
HOGAR-009199,ENHOGAR,2026-08-15,03,0391,U,25,X,6,7163.00
HOGAR-009200,ENHOGAR,2026-08-16,04,0492,U,32,NR,1,7300.00
HOGAR-009201,ENHOGAR,2026-08-17,05,0593,R,39,F,4,7437.00
HOGAR-009202,ENHOGAR,2026-08-18,06,0694,U,46,M,7,7574.00
HOGAR-009203,ENHOGAR,2026-08-19,07,0795,U,53,X,2,7711.00
HOGAR-009204,ENHOGAR,2026-08-20,08,0896,R,60,NR,5,7848.00
HOGAR-009205,ENHOGAR,2026-08-21,09,0997,U,67,F,8,7985.00
HOGAR-009206,ENHOGAR,2026-08-22,10,1098,U,74,M,3,8122.00
HOGAR-009207,ENHOGAR,2026-08-23,11,1199,R,81,X,6,8259.00
HOGAR-009208,ENHOGAR,2026-08-24,12,1201,U,88,NR,1,8396.00
HOGAR-009209,ENHOGAR,2026-08-25,13,1302,U,22,F,4,933.00
HOGAR-009210,ENHOGAR,2026-08-26,14,1403,R,29,M,7,1070.00
HOGAR-009211,ENHOGAR,2026-08-27,15,1504,U,36,X,2,1207.00
HOGAR-009212,ENHOGAR,2026-08-28,16,1605,U,43,NR,5,1344.00
HOGAR-009213,ENHOGAR,2026-08-01,17,1706,R,50,F,8,1481.00
HOGAR-009214,ENHOGAR,2026-08-02,18,1807,U,57,M,3,1618.00
HOGAR-009215,ENHOGAR,2026-08-03,19,1908,U,64,X,6,1755.00
HOGAR-009216,ENHOGAR,2026-08-04,20,2009,R,71,NR,1,1892.00
HOGAR-009217,ENHOGAR,2026-08-05,21,2110,U,78,F,4,2029.00
HOGAR-009218,ENHOGAR,2027-01-01,22,2211,U,85,M,7,2166.00
HOGAR-009219,ENHOGAR,2026-08-07,01,0112,R,19,X,2,2303.00
HOGAR-009220,ENHOGAR,2026-08-08,02,0213,U,26,NR,5,2440.00
HOGAR-009221,ENHOGAR,2026-08-09,03,0314,U,33,F,8,2577.00
HOGAR-009222,ENHOGAR,2026-08-10,04,0415,R,40,M,3,2714.00
HOGAR-009223,ENHOGAR,2026-08-11,05,0516,U,47,X,6,2851.00
HOGAR-009224,ENHOGAR,2026-08-12,06,0617,U,54,NR,1,2988.00
HOGAR-009225,ENHOGAR,2026-08-13,07,0718,R,61,F,4,3125.00
HOGAR-009226,ENHOGAR,2026-08-14,08,0819,U,68,M,7,3262.00
HOGAR-009227,ENHOGAR,2026-08-15,09,0920,U,75,X,2,3399.00
HOGAR-009228,ENHOGAR,2026-08-16,10,1021,R,82,NR,5,3536.00
HOGAR-009229,ENHOGAR,2026-08-17,11,1122,U,89,F,8,3673.00
HOGAR-009230,ENHOGAR,2026-08-18,12,1223,U,23,M,3,3810.00
HOGAR-009231,ENHOGAR,2026-08-19,13,1324,R,30,X,6,3947.00
HOGAR-009232,ENHOGAR,2026-08-20,14,1425,U,37,NR,1,4084.00
HOGAR-009233,ENHOGAR,2026-08-21,15,1526,U,44,F,4,4221.00
HOGAR-009234,ENHOGAR,2026-08-22,16,1627,R,51,M,7,4358.00
HOGAR-009235,ENHOGAR,2026-08-23,17,1728,U,58,X,2,4495.00
HOGAR-009236,ENHOGAR,2026-08-24,18,1829,U,65,NR,5,4632.00
HOGAR-009237,ENHOGAR,2026-08-25,19,1930,R,72,F,8,4769.00
HOGAR-009238,ENHOGAR,2026-08-26,20,2031,U,79,M,3,4906.00
HOGAR-009239,ENHOGAR,2026-08-27,21,2132,U,86,X,6,5043.00
HOGAR-009240,ENHOGAR,2026-08-28,22,2233,R,20,NR,1,5180.00
HOGAR-009241,ENHOGAR,2026-08-01,01,0134,U,27,F,4,5317.00
HOGAR-009242,ENHOGAR,2026-08-02,02,0235,U,34,M,7,5454.00
HOGAR-009243,ENHOGAR,2026-08-03,03,0336,R,41,X,2,5591.00
HOGAR-009244,ENHOGAR,2026-08-04,04,0437,U,48,NR,5,5728.00
HOGAR-009245,ENHOGAR,2026-08-05,05,0538,U,55,F,8,5865.00
HOGAR-009246,ENHOGAR,2026-08-06,06,0639,R,62,M,3,6002.00
HOGAR-009247,ENHOGAR,2026-08-07,07,0740,U,69,X,6,6139.00
HOGAR-009248,ENHOGAR,2026-08-08,08,0841,U,76,NR,1,6276.00
HOGAR-009249,ENHOGAR,2026-08-09,09,0942,R,83,F,4,6413.00
HOGAR-009250,ENHOGAR,2026-08-10,10,1043,U,90,M,7,6550.00
HOGAR-009251,ENHOGAR,2026-08-11,11,1144,U,24,X,2,6687.00
HOGAR-009252,ENHOGAR,2026-08-12,12,1245,R,31,NR,5,6824.00
HOGAR-009253,ENHOGAR,2026-08-13,13,1346,U,38,F,8,6961.00
HOGAR-009254,ENHOGAR,2026-08-14,14,1447,U,45,M,3,7098.00
HOGAR-009255,ENHOGAR,2026-08-15,15,1548,R,52,X,6,7235.00
HOGAR-009256,ENHOGAR,2026-08-16,16,1649,U,59,NR,1,7372.00
HOGAR-009257,ENHOGAR,2026-08-17,17,1750,U,66,F,4,7509.00
HOGAR-009258,ENHOGAR,2026-08-18,18,1851,R,73,M,7,7646.00
HOGAR-009259,ENHOGAR,2026-08-19,19,1952,U,80,X,2,7783.00
HOGAR-009260,ENHOGAR,2026-08-20,20,2053,U,87,NR,5,7920.00
HOGAR-009261,ENHOGAR,2026-08-21,21,2154,R,21,F,8,8057.00
HOGAR-009262,ENHOGAR,2026-08-22,22,2255,U,28,M,3,8194.00
HOGAR-009263,ENHOGAR,2026-08-23,01,0156,U,35,X,6, 8331.00 
HOGAR-009264,ENHOGAR,2026-08-24,02,0257,R,42,NR,1,8468.00
HOGAR-009265,ENHOGAR,2026-08-25,03,0358,U,49,F,4,1005.00
HOGAR-009266,ENHOGAR,2026-08-26,04,0459,U,56,M,7,1142.00
HOGAR-009267,ENHOGAR,2026-08-27,05,0560,R,63,X,2,1279.00
HOGAR-009268,ENHOGAR,2026-08-28,06,0661,U,70,NR,5,1416.00
HOGAR-009269,ENHOGAR,2026-08-01,07,0762,U,77,F,8,1553.00
HOGAR-009270,ENHOGAR,2026-08-02,08,0863,R,84,M,3,1690.00
HOGAR-009271,ENHOGAR,2026-08-03,09,0964,U,18,X,6,1827.00
HOGAR-009272,ENHOGAR,2026-08-04,10,1065,U,25,NR,1,1964.00
HOGAR-009273,ENHOGAR,2026-08-05,11,1166,R,32,F,4,2101.00
HOGAR-009274,ENHOGAR,2026-08-06,12,1267,U,39,M,7,2238.00
HOGAR-009275,ENHOGAR,2026-08-07,13,1368,U,46,X,2,2375.00
HOGAR-009276,ENHOGAR,2026-08-08,14,1469,R,53,NR,5,2512.00
HOGAR-009277,ENHOGAR,2026-08-09,15,1570,U,60,F,8,2649.00
HOGAR-009278,ENHOGAR,2026-08-10,16,1671,U,67,M,3,2786.00
HOGAR-009279,ENHOGAR,2026-08-11,17,1772,R,74,X,6,2923.00
HOGAR-009280,ENHOGAR,2026-08-12,18,1873,U,81,NR,1,3060.00
HOGAR-009281,ENHOGAR,2026-08-13,19,1974,U,88,F,4,3197.00
HOGAR-009282,ENHOGAR,2026-08-14,20,2075,R,22,M,7,3334.00
HOGAR-009283,ENHOGAR,2026-08-15,21,2176,U,29,X,2,3471.00
HOGAR-009284,ENHOGAR,2026-08-16,22,2277,U,36,NR,5,3608.00
HOGAR-009285,ENHOGAR,2026-08-17,01,0178,R,43,F,8,3745.00
HOGAR-009286,ENHOGAR,2026-08-18,02,0279,U,50,M,3,3882.00
HOGAR-009287,ENHOGAR,2026-08-19,03,0380,U,57,X,6,4019.00
HOGAR-009288,ENHOGAR,2026-08-20,04,0481,R,64,NR,1,4156.00
HOGAR-009289,ENHOGAR,2026-08-21,05,0582,U,71,F,4,4293.00
HOGAR-009290,ENHOGAR,2026-08-22,06,0683,U,78,M,7,4430.00
HOGAR-009291,ENHOGAR,2026-08-23,07,0784,R,85,X,2,4567.00
HOGAR-009292,ENHOGAR,2026-08-24,08,0885,U,19,NR,5,4704.00
HOGAR-009293,ENHOGAR,2026-08-25,09,0986,U,26,F,8,4841.00
HOGAR-009294,ENHOGAR,2026-08-26,10,1087,R,33,M,3,4978.00
HOGAR-009295,ENHOGAR,2026-08-27,11,1188,U,40,X,6,5115.00
HOGAR-009296,ENHOGAR,2026-08-28,12,1289,U,47,NR,1,5252.00
HOGAR-009297,ENHOGAR,2026-08-01,13,1390,R,54,F,4,5389.00
HOGAR-009298,ENHOGAR,2026-08-02,14,1491,U,61,M,7,5526.00
HOGAR-009299,ENHOGAR,2026-08-03,15,1592,U,68,X,2,5663.00
HOGAR-009300,ENHOGAR,2026-08-04,16,1693,R,75,NR,5,5800.00
HOGAR-009301,ENHOGAR,2026-08-05,17,1794,U,82,F,8,5937.00
HOGAR-009302,ENHOGAR,2026-08-06,18,1895,U,89,M,3,6074.00
HOGAR-009303,ENHOGAR,2026-08-07,19,1996,R,23,X,6,6211.00
HOGAR-009304,ENHOGAR,2026-08-08,20,2097,U,30,NR,1,6348.00
HOGAR-009305,ENHOGAR,2026-08-09,21,2198,U,37,F,4,6485.00
HOGAR-009306,ENHOGAR,2026-08-10,22,2299,R,44,M,7,6622.00
HOGAR-009307,ENHOGAR,2026-08-11,01,0101,U,51,X,2,6759.00
HOGAR-009308,ENHOGAR,2026-08-12,02,0202,U,58,NR,5,6896.00
HOGAR-009309,ENHOGAR,2026-08-13,03,0303,R,65,F,8,7033.00
HOGAR-009310,ENHOGAR,2026-08-14,04,0404,U,72,M,3,7170.00
HOGAR-009311,ENHOGAR,2026-08-15,05,0505,U,79,X,6,7307.00
HOGAR-009312,ENHOGAR,2026-08-16,06,0606,R,86,NR,1,7444.00
HOGAR-009313,ENHOGAR,2026-08-17,07,0707,U,20,F,4,7581.00
HOGAR-009314,ENHOGAR,2026-08-18,08,0808,U,27,M,7,7718.00
HOGAR-009315,ENHOGAR,2026-08-19,09,0909,R,34,X,2,7855.00
HOGAR-009316,ENHOGAR,2026-08-20,10,1010,U,41,NR,5,7992.00
HOGAR-009317,ENHOGAR,2026-08-21,11,1111,U,48,F,8,8129.00
HOGAR-009318,ENHOGAR,2026-08-22,12,1212,R,55,M,3,8266.00
HOGAR-009319,ENHOGAR,2026-08-23,13,1313,U,62,X,6,8403.00
HOGAR-009320,ENHOGAR,2026-08-24,14,1414,U,69,NR,1,940.00
HOGAR-009321,ENHOGAR,2026-08-25,15,1515,R,76,F,4,1077.00
HOGAR-009322,ENHOGAR,2026-08-26,16,1616,U,83,M,7,1214.00
HOGAR-009323,ENHOGAR,2026-08-27,17,1717,U,90,X,2,1351.00
HOGAR-000001,ENHOGAR,2026-08-28,18,1818,R,24,NR,5,1488.00
HOGAR-009325,ENHOGAR,2026-08-01,19,1919,U,31,F,8,1625.00
HOGAR-009326,ENHOGAR,2026-08-02,20,2020,U,38,M,3,1762.00
HOGAR-009327,ENHOGAR,2026-08-03,21,2121,R,45,X,6,1899.00
HOGAR-009328,ENHOGAR,2026-08-04,22,2222,U,52,NR,1,2036.00
HOGAR-009329,ENHOGAR,2026-08-05,01,0123,U,59,F,4,2173.00
HOGAR-009330,ENHOGAR,2026-08-06,02,0224,R,66,M,7,2310.00
HOGAR-009331,ENHOGAR,2026-08-07,03,0325,U,73,X,2,2447.00
HOGAR-009332,ENHOGAR,2026-08-08,04,0426,U,80,NR,5,2584.00
HOGAR-009333,ENHOGAR,2026-08-09,05,0527,R,87,F,8,2721.00
HOGAR-009334,ENHOGAR,2026-08-10,06,0628,U,21,M,3,2858.00
HOGAR-009335,ENHOGAR,2026-08-11,07,0729,U,28,X,6,2995.00
HOGAR-009336,ENHOGAR,2026-08-12,08,0830,R,35,NR,1,3132.00
HOGAR-009337,ENHOGAR,2026-08-13,09,0931,U,42,F,4,3269.00
HOGAR-009338,ENHOGAR,2026-08-14,10,1032,U,49,M,7,3406.00
HOGAR-009339,ENHOGAR,2026-08-15,11,1133,R,56,X,2,3543.00
HOGAR-009340,ENHOGAR,2026-08-16,12,1234,U,63,NR,5,3680.00
HOGAR-009341,ENHOGAR,2026-08-17,13,1335,U,70,F,8,3817.00
HOGAR-009342,ENHOGAR,2026-08-18,14,1436,R,77,M,3,3954.00
HOGAR-009343,ENHOGAR,2026-08-19,15,1537,U,84,X,6,4091.00
HOGAR-009344,ENHOGAR,2026-08-20,16,1638,U,18,NR,1,4228.00
HOGAR-009345,ENHOGAR,2026-08-21,17,1739,R,25,F,4,4365.00
HOGAR-009346,ENHOGAR,2026-08-22,18,1840,U,32,M,7,4502.00
HOGAR-009347,ENHOGAR,2026-08-23,19,1941,U,39,X,2,4639.00
HOGAR-009348,ENHOGAR,2026-08-24,20,2042,R,46,NR,5,4776.00
HOGAR-009349,ENHOGAR,2026-08-25,21,2143,U,53,F,8,4913.00
HOGAR-009350,ENHOGAR,2026-08-26,22,2244,U,60,M,3,5050.00
HOGAR-009351,ENHOGAR,2026-08-27,01,0145,R,67,X,6,5187.00
HOGAR-009352,ENHOGAR,2026-08-28,02,0246,U,74,NR,1,5324.00
HOGAR-009353,ENHOGAR,2026-08-01,03,0347,U,81,F,4,5461.00
HOGAR-009354,ENHOGAR,2026-08-02,04,0448,R,88,M,7,5598.00
HOGAR-009355,ENHOGAR,2026-08-03,05,0549,U,22,X,2,5735.00
HOGAR-009356,ENHOGAR,2026-08-04,06,0650,U,29,NR,5,5872.00
HOGAR-009357,ENHOGAR,2026-08-05,07,0751,R,36,F,8,6009.00
HOGAR-009358,ENHOGAR,2026-08-06,08,0852,U,43,M,3,6146.00
HOGAR-009359,ENHOGAR,2026-08-07,09,0953,U,50,X,6,6283.00
HOGAR-009360,ENHOGAR,2026-08-08,10,1054,R,57,NR,1,6420.00
HOGAR-009361,ENHOGAR,2026-08-09,11,1155,U,64,F,4,6557.00
HOGAR-009362,ENHOGAR,2026-08-10,12,1256,U,71,M,7,6694.00
HOGAR-009363,ENHOGAR,2026-08-11,13,1357,R,78,X,2,6831.00
HOGAR-009364,ENHOGAR,2026-08-12,14,1458,U,85,NR,5,6968.00
HOGAR-009365,ENHOGAR,2026-08-13,15,1559,U,19,F,8,7105.00
HOGAR-009366,ENHOGAR,2026-08-14,16,1660,R,26,M,3,7242.00
HOGAR-009367,ENHOGAR,2026-08-15,17,1761,U,33,X,6,7379.00
HOGAR-009368,ENHOGAR,2026-08-16,18,1862,U,40,NR,1,7516.00
HOGAR-009369,ENHOGAR,2026-08-17,19,1963,R,47,F,4,7653.00
HOGAR-009370,ENHOGAR,2026-08-18,20,2064,U,54,M,7,7790.00
HOGAR-009371,ENHOGAR,2026-08-19,21,2165,U,61,X,2,7927.00
HOGAR-009372,ENHOGAR,2026-08-20,22,2266,R,68,NR,5,8064.00
HOGAR-009373,ENHOGAR,2026-08-21,01,0167,U,75,F,8,8201.00
HOGAR-009374,ENHOGAR,2026-08-22,02,0268,U,82,M,3,8338.00
HOGAR-009375,ENHOGAR,2026-08-23,03,0369,R,89,X,6,8475.00
HOGAR-009376,,2026-08-24,04,0470,U,23,NR,1,1012.00
HOGAR-009377,ENHOGAR,2026-08-25,05,0571,U,30,F,4,1149.00
HOGAR-009378,ENHOGAR,2026-08-26,06,0672,R,37,M,7,1286.00
HOGAR-009379,ENHOGAR,2026-08-27,07,0773,U,44,X,2,1423.00
HOGAR-009380,ENHOGAR,2026-08-28,08,0874,U,51,NR,5,1560.00
HOGAR-009381,ENHOGAR,2026-08-01,09,0975,R,58,F,8,1697.00
HOGAR-009382,ENHOGAR,2026-08-02,10,1076,U,65,M,3,1834.00
HOGAR-009383,ENHOGAR,2026-08-03,11,1177,U,72,X,6,1971.00
HOGAR-009384,ENHOGAR,2026-08-04,12,1278,R,79,NR,1,2108.00
HOGAR-009385,ENHOGAR,2026-08-05,13,1379,U,86,F,4,2245.00
HOGAR-009386,ENHOGAR,2026-08-06,14,1480,U,20,M,7,2382.00
HOGAR-009387,ENHOGAR,2026-08-07,15,1581,R,27,X,2,2519.00
HOGAR-009388,ENHOGAR,2026-08-08,16,1682,U,34,NR,5,2656.00
HOGAR-009389,ENHOGAR,2026-08-09,17,1783,U,41,F,8,2793.00
HOGAR-009390,ENHOGAR,2026-08-10,18,1884,R,48,M,3,2930.00
HOGAR-009391,ENHOGAR,2026-08-11,19,1985,U,55,X,6,3067.00
HOGAR-009392,ENHOGAR,2026-08-12,20,2086,U,62,NR,1,3204.00
HOGAR-009393,ENHOGAR,2026-08-13,21,2187,R,69,F,4,3341.00
HOGAR-009394,ENHOGAR,2026-08-14,22,2288,U,76,M,7,3478.00
HOGAR-009395,ENHOGAR,2026-08-15,01,0189,U,83,X,2,3615.00
HOGAR-009396,ENHOGAR,2026-08-16,02,0290,R,90,NR,5,3752.00
HOGAR-009397,ENHOGAR,2026-08-17,03,0391,U,24,F,8,3889.00
HOGAR-009398,ENHOGAR,2026-08-18,04,0492,U,31,M,3,4026.00
HOGAR-009399,ENHOGAR,2026-08-19,05,0593,R,38,X,6,4163.00
HOGAR-009400,ENHOGAR,2026-08-20,06,0694,U,45,NR,1,4300.00
HOGAR-009401,ENHOGAR,2026-08-21,07,0795,U,52,F,4,4437.00
HOGAR-009402,ENHOGAR,2026-08-22,08,0896,R,59,M,7,4574.00
HOGAR-009403,ENHOGAR,2026-08-23,09,0997,U,66,X,2,4711.00
HOGAR-009404,ENHOGAR,2026-08-24,10,1098,U,73,NR,5,4848.00
HOGAR-009405,ENHOGAR,2026-08-25,11,1199,R,80,F,8,4985.00
HOGAR-009406,ENHOGAR,2026-08-26,12,1201,U,87,M,3,5122.00
HOGAR-009407,ENHOGAR,2026-08-27,13,1302,U,21,X,6,5259.00
HOGAR-009408,ENHOGAR,2026-08-28,14,1403,R,28,NR,1,5396.00
HOGAR-009409,ENHOGAR,2026-08-01,15,1504,U,35,F,4,5533.00
HOGAR-009410,ENHOGAR,2026-08-02,16,1605,U,42,M,7,5670.00
HOGAR-009411,ENHOGAR,2026-08-03,17,1706,R,49,X,2,5807.00
HOGAR-009412,ENHOGAR,2026-08-04,18,1807,U,56,NR,5,5944.00
HOGAR-009413,ENHOGAR,2026-08-05,19,1908,U,63,F,8,6081.00
HOGAR-009414,ENHOGAR,2026-08-06,20,2009,R,70,M,3,6218.00
HOGAR-009415,ENHOGAR,2026-08-07,21,2110,U,77,X,6,6355.00
HOGAR-009416,ENHOGAR,2026-08-08,22,2211,U,84,NR,1,6492.00
HOGAR-009417,ENHOGAR,2026-08-09,01,0112,R,18,F,4,6629.00
HOGAR-009418,ENHOGAR,2026-08-10,02,0213,U,25,M,7,6766.00
HOGAR-009419,ENHOGAR,2026-08-11,03,0314,U,32,X,2,6903.00
HOGAR-009420,ENHOGAR,2026-08-12,04,0415,R,39,NR,5, 7040.00 
HOGAR-009421,ENHOGAR,2026-08-13,05,0516,U,46,F,8,7177.00
HOGAR-009422,ENHOGAR,2026-08-14,06,0617,U,53,M,3,7314.00
HOGAR-009423,ENHOGAR,2026-08-15,07,0718,R,60,X,6,7451.00
HOGAR-009424,ENHOGAR,2026-08-16,08,0819,U,67,NR,1,7588.00
HOGAR-009425,ENHOGAR,2026-08-17,09,0920,U,74,F,4,7725.00
HOGAR-009426,ENHOGAR,2026-08-18,10,1021,R,81,M,7,7862.00
HOGAR-009427,ENHOGAR,2026-08-19,11,1122,U,88,X,2,7999.00
HOGAR-009428,ENHOGAR,2026-08-20,12,1223,U,22,NR,5,8136.00
HOGAR-009429,ENHOGAR,2026-08-21,13,1324,R,29,F,8,8273.00
HOGAR-009430,ENHOGAR,2026-08-22,14,1425,U,36,M,3,8410.00
HOGAR-009431,ENHOGAR,2026-08-23,15,1526,U,43,X,6,947.00
HOGAR-009432,ENHOGAR,2026-08-24,16,1627,R,50,NR,1,1084.00
HOGAR-009433,ENHOGAR,2026-08-25,17,1728,U,57,F,4,1221.00
HOGAR-009434,ENHOGAR,2026-08-26,18,1829,U,64,M,7,1358.00
HOGAR-009435,ENHOGAR,2026-08-27,19,1930,R,71,X,2,1495.00
HOGAR-009436,ENHOGAR,2026-08-28,20,2031,U,78,NR,5,1632.00
HOGAR-009437,ENHOGAR,2026-08-01,21,2132,U,85,F,8,1769.00
HOGAR-009438,ENHOGAR,2026-08-02,22,2233,R,19,M,3,1906.00
HOGAR-009439,ENHOGAR,2026-08-03,01,0134,U,26,X,6,2043.00
HOGAR-009440,ENHOGAR,2026-08-04,02,0235,U,33,NR,1,2180.00
HOGAR-009441,ENHOGAR,2026-08-05,03,0336,R,40,F,4,2317.00
HOGAR-009442,ENHOGAR,2026-08-06,04,0437,U,47,M,7,2454.00
HOGAR-009443,ENHOGAR,2026-08-07,05,0538,U,54,X,2,2591.00
HOGAR-009444,ENHOGAR,2026-08-08,06,0639,R,61,NR,5,2728.00
HOGAR-009445,ENHOGAR,2026-08-09,07,0740,U,68,F,8,2865.00
HOGAR-009446,ENHOGAR,2026-08-10,08,0841,U,75,M,3,3002.00
HOGAR-009447,ENHOGAR,2026-08-11,09,0942,R,82,X,6,3139.00
HOGAR-009448,ENHOGAR,2026-08-12,10,1043,U,89,NR,1,3276.00
HOGAR-009449,ENHOGAR,2026-08-13,11,1144,U,23,F,4,3413.00
HOGAR-009450,ENHOGAR,2026-08-14,12,1245,R,30,M,7,3550.00
HOGAR-009451,ENHOGAR,2026-08-15,13,1346,U,37,X,2,3687.00
HOGAR-009452,ENHOGAR,2026-08-16,14,1447,U,44,NR,5,3824.00
HOGAR-009453,ENHOGAR,2026-08-17,15,1548,R,51,F,8,3961.00
HOGAR-009454,ENHOGAR,2026-08-18,16,1649,U,58,M,3,4098.00
HOGAR-009455,ENHOGAR,2026-08-19,17,1750,U,65,X,6,4235.00
HOGAR-009456,ENHOGAR,2026-08-20,18,1851,R,72,NR,1,4372.00
HOGAR-009457,ENHOGAR,2026-08-21,19,1952,U,79,F,4,4509.00
HOGAR-009458,ENHOGAR,2026-08-22,20,2053,U,86,M,7,4646.00
HOGAR-009459,ENHOGAR,2026-08-23,21,2154,R,20,X,2,4783.00
HOGAR-009460,ENHOGAR,2026-08-24,22,2255,U,27,NR,5,4920.00
HOGAR-009461,ENHOGAR,2026-08-25,01,0156,U,34,F,8,5057.00
HOGAR-009462,ENHOGAR,2026-08-26,02,0257,R,41,M,3,5194.00
HOGAR-009463,ENHOGAR,2026-08-27,03,0358,U,48,X,6,5331.00
HOGAR-009464,ENHOGAR,2026-08-28,04,0459,U,55,NR,1,5468.00
HOGAR-009465,ENHOGAR,2026-08-01,05,0560,R,62,F,4,5605.00
HOGAR-009466,ENHOGAR,2026-08-02,06,0661,U,69,M,7,5742.00
HOGAR-009467,ENHOGAR,2026-08-03,07,0762,U,76,X,2,5879.00
HOGAR-009468,ENHOGAR,2026-08-04,08,0863,R,83,NR,5,6016.00
HOGAR-009469,ENHOGAR,2026-08-05,09,0964,U,90,F,8,6153.00
HOGAR-009470,ENHOGAR,2026-08-06,10,1065,U,24,M,3,6290.00
HOGAR-009471,ENHOGAR,2026-08-07,11,1166,R,31,X,6,6427.00
HOGAR-009472,ENHOGAR,2026-08-08,12,1267,U,38,NR,1,6564.00
HOGAR-009473,ENHOGAR,2026-08-09,13,1368,U,45,F,4,6701.00
HOGAR-009474,ENHOGAR,2026-08-10,14,1469,R,52,M,7,6838.00
HOGAR-009475,ENHOGAR,2026-08-11,15,1570,U,59,X,2,6975.00
HOGAR-009476,ENHOGAR,2026-08-12,16,1671,U,66,NR,5,7112.00
HOGAR-009477,ENHOGAR,2026-08-13,17,1772,R,73,F,8,7249.00
HOGAR-009478,ENHOGAR,2026-08-14,18,1873,U,80,M,3,7386.00
HOGAR-009479,ENHOGAR,2026-08-15,19,1974,U,87,X,6,7523.00
HOGAR-009480,ENHOGAR,2026-08-16,20,2075,R,21,NR,1,7660.00
HOGAR-009481,ENHOGAR,2026-08-17,21,2176,U,28,F,4,7797.00
HOGAR-009482,ENHOGAR,2026-08-18,22,2277,U,35,M,7,7934.00
HOGAR-009483,ENHOGAR,2026-08-19,01,0178,R,42,X,2,8071.00
HOGAR-009484,ENHOGAR,2026-08-20,02,0279,U,49,NR,5,8208.00
HOGAR-009485,ENHOGAR,2026-08-21,03,0380,U,56,F,8,8345.00
HOGAR-009486,ENHOGAR,2026-08-22,04,0481,R,63,M,3,8482.00
HOGAR-009487,ENHOGAR,2026-08-23,05,0582,U,70,X,6,1019.00
HOGAR-009488,ENHOGAR,2026-08-24,06,0683,U,77,NR,1,1156.00
HOGAR-009489,ENHOGAR,2026-08-25,07,0784,R,84,F,4,1293.00
HOGAR-009490,ENHOGAR,2026-08-26,08,0885,U,18,M,7,1430.00
HOGAR-009491,ENHOGAR,2026-08-27,09,0986,U,25,X,2,1567.00
HOGAR-009492,ENHOGAR,2026-08-28,10,1087,R,32,NR,5,1704.00
HOGAR-009493,ENHOGAR,2026-08-01,11,1188,U,39,F,8,1841.00
HOGAR-009494,ENHOGAR,2026-08-02,12,1289,U,46,M,3,1978.00
HOGAR-009495,ENHOGAR,2026-08-03,13,1390,R,53,X,6,2115.00
HOGAR-009496,ENHOGAR,2026-08-04,14,1491,U,60,NR,1,2252.00
HOGAR-009497,ENHOGAR,2026-08-05,15,1592,U,67,F,4,2389.00
HOGAR-009498,ENHOGAR,2026-08-06,16,1693,R,74,M,7,2526.00
HOGAR-009499,ENHOGAR,2026-08-07,17,1794,U,81,X,2,2663.00
HOGAR-009500,ENHOGAR,2026-08-08,18,1895,U,88,NR,5,2800.00
HOGAR-009501,ENHOGAR,2026-08-09,19,1996,R,22,F,8,2937.00
HOGAR-009502,ENHOGAR,2026-08-10,20,2097,U,29,M,3,3074.00
HOGAR-009503,ENHOGAR,2026-08-11,21,2198,U,36,X,6,3211.00
HOGAR-009504,ENHOGAR,2026-08-12,22,2299,R,43,NR,1,3348.00
HOGAR-009505,ENHOGAR,2026-08-13,01,0101,U,50,F,4,3485.00
HOGAR-009506,ENHOGAR,2026-08-14,02,0202,U,57,M,7,3622.00
HOGAR-009507,ENHOGAR,2026-08-15,03,0303,R,64,X,2,3759.00
HOGAR-009508,ENHOGAR,2026-08-16,04,0404,U,71,NR,5,3896.00
HOGAR-009509,ENHOGAR,2026-08-17,05,0505,U,78,F,8,4033.00
HOGAR-009510,ENHOGAR,2026-08-18,06,0606,R,85,M,3,4170.00
HOGAR-009511,ENHOGAR,2026-08-19,07,0707,U,19,X,6,4307.00
HOGAR-009512,ENHOGAR,2026-08-20,08,0808,U,26,NR,1,4444.00
HOGAR-009513,ENHOGAR,2026-08-21,09,0909,R,33,F,4,4581.00
HOGAR-009514,ENHOGAR,2026-08-22,10,1010,U,40,M,7,4718.00
HOGAR-009515,ENHOGAR,2026-08-23,11,1111,U,47,X,2,4855.00
HOGAR-009516,ENHOGAR,2026-08-24,12,1212,R,54,NR,5,4992.00
HOGAR-009517,ENHOGAR,2026-08-25,13,1313,U,61,F,8,5129.00
HOGAR-009518,ENHOGAR,2026-08-26,14,1414,U,68,M,3,5266.00
HOGAR-009519,ENHOGAR,2026-08-27,15,1515,R,75,X,6,5403.00
HOGAR-009520,ENHOGAR,2026-08-28,16,1616,U,82,NR,1,5540.00
HOGAR-009521,ENHOGAR,2026-08-01,17,1717,U,89,F,4,5677.00
HOGAR-009522,ENHOGAR,2026-08-02,18,1818,R,23,M,7,5814.00
HOGAR-009523,ENHOGAR,2026-08-03,19,1919,U,30,X,2,5951.00
HOGAR-009524,ENHOGAR,2026-08-04,20,2020,U,37,NR,5,6088.00
HOGAR-009525,ENHOGAR,2026-08-05,21,2121,R,44,F,8,6225.00
HOGAR-009526,ENHOGAR,2026-08-06,22,2222,U,51,M,3,6362.00
HOGAR-009527,ENHOGAR,2026-08-07,01,0123,U,58,X,6,6499.00
HOGAR-009528,ENHOGAR,2026-08-08,02,0224,R,65,NR,1,6636.00
HOGAR-009529,ENHOGAR,2026-08-09,03,0325,U,72,Z,4,6773.00
HOGAR-009530,ENHOGAR,2026-08-10,04,0426,U,79,M,7,6910.00
HOGAR-009531,ENHOGAR,2026-08-11,05,0527,R,86,X,2,7047.00
HOGAR-009532,ENHOGAR,2026-08-12,06,0628,U,20,NR,5,7184.00
HOGAR-009533,ENHOGAR,2026-08-13,07,0729,U,27,F,8,7321.00
HOGAR-009534,ENHOGAR,2026-08-14,08,0830,R,34,M,3,7458.00
HOGAR-009535,ENHOGAR,2026-08-15,09,0931,U,41,X,6,7595.00
HOGAR-009536,ENHOGAR,2026-08-16,10,1032,U,48,NR,1,7732.00
HOGAR-009537,ENHOGAR,2026-08-17,11,1133,R,55,F,4,7869.00
HOGAR-009538,ENHOGAR,2026-08-18,12,1234,U,62,M,7,8006.00
HOGAR-009539,ENHOGAR,2026-08-19,13,1335,U,69,X,2,8143.00
HOGAR-009540,ENHOGAR,2026-08-20,14,1436,R,76,NR,5,8280.00
HOGAR-009541,ENHOGAR,2026-08-21,15,1537,U,83,F,8,8417.00
HOGAR/009542,ENHOGAR,2026-08-22,16,1638,U,90,M,3,954.00
HOGAR-009543,ENHOGAR,2026-08-23,17,1739,R,24,X,6,1091.00
HOGAR-009544,ENHOGAR,2026-08-24,18,1840,U,31,NR,1,1228.00
HOGAR-009545,ENHOGAR,2026-08-25,19,1941,U,38,F,4,1365.00
HOGAR-009546,ENHOGAR,2026-08-26,20,2042,R,45,M,7,1502.00
HOGAR-009547,ENHOGAR,2026-08-27,21,2143,U,52,X,2,1639.00
HOGAR-009548,ENHOGAR,2026-08-28,22,2244,U,59,NR,5,1776.00
HOGAR-009549,ENHOGAR,2026-08-01,01,0145,R,66,F,8,1913.00
HOGAR-009550,ENHOGAR,2026-08-02,02,0246,U,73,M,3,2050.00
HOGAR-009551,ENHOGAR,2026-08-03,03,0347,U,80,X,6,2187.00
HOGAR-009552,ENHOGAR,2026-08-04,04,0448,R,87,NR,1,2324.00
HOGAR-009553,ENHOGAR,2026-08-05,05,0549,U,21,F,4,2461.00
HOGAR-009554,ENHOGAR,2026-08-06,06,0650,U,28,M,7,2598.00
HOGAR-009555,ENHOGAR,2026-08-07,07,0751,R,35,X,2,2735.00
HOGAR-009556,ENHOGAR,2026-08-08,08,0852,U,42,NR,5,2872.00
HOGAR-009557,ENHOGAR,2026-08-09,09,0953,U,49,F,8,-25.00
HOGAR-009558,ENHOGAR,2026-08-10,10,1054,R,56,M,3,3146.00
HOGAR-009559,ENHOGAR,2026-08-11,11,1155,U,63,X,6,3283.00
HOGAR-009560,ENHOGAR,2026-08-12,12,1256,U,70,NR,1,3420.00
HOGAR-009561,ENHOGAR,2026-08-13,13,1357,R,77,F,4,3557.00
HOGAR-009562,ENHOGAR,2026-08-14,14,1458,U,84,M,7,3694.00
HOGAR-009563,ENHOGAR,2026-08-15,15,1559,U,18,X,2,3831.00
HOGAR-009564,ENHOGAR,2026-08-16,16,1660,R,25,NR,5,3968.00
HOGAR-009565,ENHOGAR,2026-08-17,17,1761,U,32,F,8,4105.00
HOGAR-009566,ENHOGAR,2026-08-18,18,1862,U,39,M,3,4242.00
HOGAR-009567,ENHOGAR,2026-08-19,19,1963,R,46,X,6,4379.00
HOGAR-009568,ENHOGAR,2026-08-20,20,2064,U,53,NR,1,4516.00
HOGAR-009569,ENHOGAR,2026-08-21,21,2165,U,60,F,4,4653.00
HOGAR-009570,ENHOGAR,2026-08-22,22,2266,R,67,M,7,4790.00
HOGAR-009571,ENHOGAR,2026-08-23,01,0167,U,74,X,2,4927.00
HOGAR-009572,ENHOGAR,2026-08-24,02,0268,U,81,NR,5,5064.00
HOGAR-009573,ENHOGAR,2026-08-25,03,0369,R,88,F,8,5201.00
HOGAR-009574,ENHOGAR,2026-08-26,04,0470,U,22,M,3,5338.00
HOGAR-009575,ENHOGAR,2026-08-27,05,0571,U,29,X,6,5475.00
HOGAR-009576,ENHOGAR,2026-08-28,06,0672,R,36,NR,1,5612.00
HOGAR-009577,ENHOGAR,2026-08-01,07,0773,U,43,F,4, 5749.00 
HOGAR-009578,ENHOGAR,2026-08-02,08,0874,U,50,M,7,5886.00
HOGAR-009579,ENHOGAR,2026-08-03,09,0975,R,57,X,2,6023.00
HOGAR-009580,ENHOGAR,2026-08-04,10,1076,U,64,NR,5,6160.00
HOGAR-009581,ENHOGAR,2026-08-05,11,1177,U,71,F,8,6297.00
HOGAR-009582,ENHOGAR,2026-08-06,12,1278,R,78,M,3,6434.00
HOGAR-009583,ENHOGAR,2026-08-07,13,1379,U,85,X,6,6571.00
HOGAR-009584,ENHOGAR,2026-08-08,14,1480,U,19,NR,1,6708.00
HOGAR-009585,ENHOGAR,2026-08-09,15,1581,R,26,F,4,6845.00
HOGAR-009586,ENHOGAR,2026-08-10,16,1682,U,33,M,7,6982.00
HOGAR-009587,ENHOGAR,2026-08-11,17,1783,U,40,X,2,7119.00
HOGAR-009588,ENHOGAR,2026-08-12,18,1884,R,47,NR,5,7256.00
HOGAR-009589,ENHOGAR,2026-08-13,19,1985,U,54,F,8,7393.00
HOGAR-009590,ENHOGAR,2026-08-14,20,2086,U,61,M,3,7530.00
HOGAR-009591,ENHOGAR,2026-08-15,21,2187,R,68,X,6,7667.00
HOGAR-009592,ENHOGAR,2026-08-16,22,2288,U,75,NR,1,7804.00
HOGAR-009593,ENHOGAR,2026-08-17,01,0189,U,82,F,4,7941.00
HOGAR-009594,ENHOGAR,2026-08-18,02,0290,R,89,M,7,8078.00
HOGAR-009595,ENHOGAR,2026-08-19,03,0391,U,23,X,2,8215.00
HOGAR-009596,ENHOGAR,2026-08-20,04,0492,U,30,NR,5,8352.00
HOGAR-009597,ENHOGAR,2026-08-21,05,0593,R,37,F,8,8489.00
HOGAR-009598,ENHOGAR,2026-08-22,06,0694,U,44,M,3,1026.00
HOGAR-009599,ENHOGAR,2026-08-23,07,0795,U,51,X,6,1163.00
HOGAR-009600,ENHOGAR,2026-08-24,08,0896,R,58,NR,1,1300.00
HOGAR-009601,ENHOGAR,2026-08-25,09,0997,U,65,F,4,1437.00
HOGAR-009602,ENHOGAR,2026-08-26,10,1098,U,72,M,7,1574.00
HOGAR-009603,ENHOGAR,2026-08-27,11,1199,R,79,X,2,1711.00
HOGAR-009604,ENHOGAR,2026-08-28,12,1201,U,86,NR,5,1848.00
HOGAR-009605,ENHOGAR,2026-08-01,13,1302,U,20,F,8,1985.00
HOGAR-009606,ENHOGAR,2026-08-02,14,1403,R,27,M,3,2122.00
HOGAR-009607,ENHOGAR,2026-08-03,15,1504,U,34,X,6,2259.00
HOGAR-009608,ENHOGAR,2026-08-04,16,1605,U,41,NR,1,2396.00
HOGAR-009609,ENHOGAR,2026-08-05,17,1706,R,48,F,4,2533.00
HOGAR-009610,ENHOGAR,2026-08-06,18,1807,U,55,M,7,2670.00
HOGAR-009611,ENHOGAR,2026-08-07,19,1908,U,62,X,2,2807.00
HOGAR-009612,ENHOGAR,2026-08-08,20,2009,R,69,NR,5,2944.00
HOGAR-009613,ENHOGAR,2026-08-09,21,2110,U,76,F,8,3081.00
HOGAR-009614,ENHOGAR,2026-08-10,22,2211,U,83,M,3,3218.00
HOGAR-009615,ENHOGAR,2026-08-11,01,0112,R,90,X,0,3355.00
HOGAR-009616,ENHOGAR,2026-08-12,02,0213,U,24,NR,1,3492.00
HOGAR-009617,ENHOGAR,2026-08-13,03,0314,U,31,F,4,3629.00
HOGAR-009618,ENHOGAR,2026-08-14,04,0415,R,38,M,7,3766.00
HOGAR-009619,ENHOGAR,2026-08-15,05,0516,U,45,X,2,3903.00
HOGAR-009620,ENHOGAR,2026-08-16,06,0617,U,52,NR,5,4040.00
HOGAR-009621,ENHOGAR,2026-08-17,07,0718,R,59,F,8,4177.00
HOGAR-009622,ENHOGAR,2026-08-18,08,0819,U,66,M,3,4314.00
HOGAR-009623,ENHOGAR,2026-08-19,09,0920,U,73,X,6,4451.00
HOGAR-009624,ENHOGAR,2026-08-20,10,1021,R,80,NR,1,4588.00
HOGAR-009625,ENHOGAR,2026-08-21,11,1122,U,87,F,4,4725.00
HOGAR-009626,ENHOGAR,2026-08-22,12,1223,U,21,M,7,4862.00
HOGAR-009627,ENHOGAR,2026-08-23,13,1324,R,28,X,2,4999.00
HOGAR-009628,ENHOGAR,2026-08-24,14,1425,U,35,NR,5,5136.00
HOGAR-009629,ENHOGAR,2026-08-25,15,1526,U,42,F,8,5273.00
HOGAR-009630,ENHOGAR,2026-08-26,16,1627,R,49,M,3,5410.00
HOGAR-009631,ENHOGAR,2026-08-27,17,1728,U,56,X,6,5547.00
HOGAR-009632,ENHOGAR,2026-08-28,18,1829,U,63,NR,1,5684.00
HOGAR-009633,ENHOGAR,2026-08-01,19,1930,R,70,F,4,5821.00
HOGAR-009634,ENHOGAR,2026-08-02,20,2031,U,77,M,7,5958.00
HOGAR-009635,ENHOGAR,2026-08-03,21,2132,U,84,X,2,6095.00
HOGAR-009636,ENHOGAR,2026-08-04,22,2233,R,18,NR,5,6232.00
HOGAR-009637,ENHOGAR,2027-01-01,01,0134,U,25,F,8,6369.00
HOGAR-009638,ENHOGAR,2026-08-06,02,0235,U,32,M,3,6506.00
HOGAR-009639,ENHOGAR,2026-08-07,03,0336,R,39,X,6,6643.00
HOGAR-009640,ENHOGAR,2026-08-08,04,0437,U,46,NR,1,6780.00
HOGAR-009641,ENHOGAR,2026-08-09,05,0538,U,53,F,4,6917.00
HOGAR-009642,ENHOGAR,2026-08-10,06,0639,R,60,M,7,7054.00
HOGAR-009643,ENHOGAR,2026-08-11,07,0740,U,67,X,2,7191.00
HOGAR-009644,ENHOGAR,2026-08-12,08,0841,U,74,NR,5,7328.00
HOGAR-009645,ENHOGAR,2026-08-13,09,0942,R,81,F,8,7465.00
HOGAR-009646,ENHOGAR,2026-08-14,10,1043,U,88,M,3,7602.00
HOGAR-009647,ENHOGAR,2026-08-15,11,1144,U,22,X,6,7739.00
HOGAR-009648,ENHOGAR,2026-08-16,12,1245,R,29,NR,1,7876.00
HOGAR-009649,ENHOGAR,2026-08-17,13,1346,U,36,F,4,8013.00
HOGAR-009650,ENHOGAR,2026-08-18,14,1447,U,43,M,7,8150.00
HOGAR-009651,ENHOGAR,2026-08-19,15,1548,R,50,X,2,8287.00
HOGAR-009652,ENHOGAR,2026-08-20,16,1649,U,57,NR,5,8424.00
HOGAR-009653,ENHOGAR,2026-08-21,17,1750,U,64,F,8,961.00
HOGAR-009654,ENHOGAR,2026-08-22,18,1851,R,71,M,3,1098.00
HOGAR-009655,ENHOGAR,2026-08-23,19,1952,U,78,X,6,1235.00
HOGAR-009656,ENHOGAR,2026-08-24,20,2053,U,85,NR,1,1372.00
HOGAR-009657,ENHOGAR,2026-08-25,21,2154,R,19,F,4,1509.00
HOGAR-009658,ENHOGAR,2026-08-26,22,2255,U,26,M,7,1646.00
HOGAR-009659,ENHOGAR,2026-08-27,01,0156,U,33,X,2,1783.00
HOGAR-009660,ENHOGAR,2026-08-28,02,0257,R,40,NR,5,1920.00
HOGAR-009661,ENHOGAR,2026-08-01,03,0358,U,47,F,8,2057.00
HOGAR-009662,ENHOGAR,2026-08-02,04,0459,U,54,M,3,2194.00
HOGAR-009663,ENHOGAR,2026-08-03,05,0560,R,61,X,6,2331.00
HOGAR-009664,ENHOGAR,2026-08-04,06,0661,U,68,NR,1,2468.00
HOGAR-009665,ENHOGAR,2026-08-05,07,0762,U,75,F,4,2605.00
HOGAR-009666,ENHOGAR,2026-08-06,08,0863,R,82,M,7,2742.00
HOGAR-009667,ENHOGAR,2026-08-07,09,0964,U,89,X,2,2879.00
HOGAR-009668,ENHOGAR,2026-08-08,10,1065,U,23,NR,5,3016.00
HOGAR-009669,,2026-08-09,11,1166,R,30,F,8,3153.00
HOGAR-009670,ENHOGAR,2026-08-10,12,1267,U,37,M,3,3290.00
HOGAR-009671,ENHOGAR,2026-08-11,13,1368,U,44,X,6,3427.00
HOGAR-009672,ENHOGAR,2026-08-12,14,1469,R,51,NR,1,3564.00
HOGAR-009673,ENHOGAR,2026-08-13,15,1570,U,58,F,4,3701.00
HOGAR-009674,ENHOGAR,2026-08-14,16,1671,U,65,M,7,3838.00
HOGAR-009675,ENHOGAR,2026-08-15,17,1772,R,72,X,2,3975.00
HOGAR-009676,ENHOGAR,2026-08-16,18,1873,U,79,NR,5,4112.00
HOGAR-009677,ENHOGAR,2026-08-17,19,1974,U,86,F,8,4249.00
HOGAR-009678,ENHOGAR,2026-08-18,20,2075,R,20,M,3,4386.00
HOGAR-009679,ENHOGAR,2026-08-19,21,2176,U,27,X,6,4523.00
HOGAR-009680,ENHOGAR,2026-08-20,22,2277,U,34,NR,1,4660.00
HOGAR-009681,ENHOGAR,2026-08-21,01,0178,R,41,F,4,4797.00
HOGAR-009682,ENHOGAR,2026-08-22,02,0279,U,48,M,7,4934.00
HOGAR-009683,ENHOGAR,2026-08-23,03,0380,U,55,X,2,5071.00
HOGAR-009684,ENHOGAR,2026-08-24,04,0481,R,62,NR,5,5208.00
HOGAR-009685,ENHOGAR,2026-08-25,05,0582,U,69,F,8,5345.00
HOGAR-009686,ENHOGAR,2026-08-26,06,0683,U,76,M,3,5482.00
HOGAR-009687,ENHOGAR,2026-08-27,07,0784,R,83,X,6,5619.00
HOGAR-009688,ENHOGAR,2026-08-28,08,0885,U,90,NR,1,5756.00
HOGAR-009689,ENHOGAR,2026-08-01,09,0986,U,24,F,4,5893.00
HOGAR-009690,ENHOGAR,2026-08-02,10,1087,R,31,M,7,6030.00
HOGAR-009691,ENHOGAR,2026-08-03,11,1188,U,38,X,2,6167.00
HOGAR-009692,ENHOGAR,2026-08-04,12,1289,U,45,NR,5,6304.00
HOGAR-009693,ENHOGAR,2026-08-05,13,1390,R,52,F,8,6441.00
HOGAR-009694,ENHOGAR,2026-08-06,14,1491,U,59,M,3,6578.00
HOGAR-009695,ENHOGAR,2026-08-07,15,1592,U,66,X,6,6715.00
HOGAR-009696,ENHOGAR,2026-08-08,16,1693,R,73,NR,1,6852.00
HOGAR-009697,ENHOGAR,2026-08-09,17,1794,U,80,F,4,6989.00
HOGAR-009698,ENHOGAR,2026-08-10,18,1895,U,87,M,7,7126.00
HOGAR-009699,ENHOGAR,2026-08-11,19,1996,R,21,X,2,7263.00
HOGAR-009700,ENHOGAR,2026-08-12,20,2097,U,28,NR,5,7400.00
HOGAR-009701,ENHOGAR,2026-08-13,21,2198,U,35,F,8,7537.00
HOGAR-009702,ENHOGAR,2026-08-14,22,2299,R,42,M,3,7674.00
HOGAR-009703,ENHOGAR,2026-08-15,01,0101,U,49,X,6,7811.00
HOGAR-009704,ENHOGAR,2026-08-16,02,0202,U,56,NR,1,7948.00
HOGAR-009705,ENHOGAR,2026-08-17,03,0303,R,63,F,4,8085.00
HOGAR-009706,ENHOGAR,2026-08-18,04,0404,U,70,M,7,8222.00
HOGAR-009707,ENHOGAR,2026-08-19,05,0505,U,77,X,2,8359.00
HOGAR-009708,ENHOGAR,2026-08-20,06,0606,R,84,NR,5,8496.00
HOGAR-009709,ENHOGAR,2026-08-21,07,0707,U,18,F,8,1033.00
HOGAR-009710,ENHOGAR,2026-08-22,08,0808,U,25,M,3,1170.00
HOGAR-009711,ENHOGAR,2026-08-23,09,0909,R,32,X,6,1307.00
HOGAR-009712,ENHOGAR,2026-08-24,10,1010,U,39,NR,1,1444.00
HOGAR-009713,ENHOGAR,2026-08-25,11,1111,U,46,F,4,1581.00
HOGAR-009714,ENHOGAR,2026-08-26,12,1212,R,53,M,7,1718.00
HOGAR-009715,ENHOGAR,2026-08-27,13,1313,U,60,X,2,1855.00
HOGAR-009716,ENHOGAR,2026-08-28,14,1414,U,67,NR,5,1992.00
HOGAR-009717,ENHOGAR,2026-08-01,15,1515,R,74,F,8,2129.00
HOGAR-009718,ENHOGAR,2026-08-02,16,1616,U,81,M,3,2266.00
HOGAR-009719,ENHOGAR,2026-08-03,17,1717,U,88,X,6,2403.00
HOGAR-009720,ENHOGAR,2026-08-04,18,1818,R,22,NR,1,2540.00
HOGAR-009721,ENHOGAR,2026-08-05,19,1919,U,29,F,4,2677.00
HOGAR-009722,ENHOGAR,2026-08-06,20,2020,U,36,M,7,2814.00
HOGAR-009723,ENHOGAR,2026-08-07,21,2121,R,43,X,2,2951.00
HOGAR-009724,ENHOGAR,2026-08-08,22,2222,U,50,NR,5,3088.00
HOGAR-009725,ENHOGAR,2026-08-09,01,0123,U,57,F,8,3225.00
HOGAR-009726,ENHOGAR,2026-08-10,02,0224,R,64,M,3,3362.00
HOGAR-009727,ENHOGAR,2026-08-11,03,0325,U,71,X,6,3499.00
HOGAR-009728,ENHOGAR,2026-08-12,04,0426,U,78,NR,1,3636.00
HOGAR-009729,ENHOGAR,2026-08-13,05,0527,R,85,F,4,3773.00
HOGAR-009730,ENHOGAR,2026-08-14,06,0628,U,19,M,7,3910.00
HOGAR-009731,ENHOGAR,2026-08-15,07,0729,U,26,X,2,4047.00
HOGAR-009732,ENHOGAR,2026-08-16,08,0830,R,33,NR,5,4184.00
HOGAR-009733,ENHOGAR,2026-08-17,09,0931,U,40,F,8,4321.00
HOGAR-009734,ENHOGAR,2026-08-18,10,1032,U,47,M,3, 4458.00 
HOGAR-009735,ENHOGAR,2026-08-19,11,1133,R,54,X,6,4595.00
HOGAR-009736,ENHOGAR,2026-08-20,12,1234,U,61,NR,1,4732.00
HOGAR-009737,ENHOGAR,2026-08-21,13,1335,U,68,F,4,4869.00
HOGAR-009738,ENHOGAR,2026-08-22,14,1436,R,75,M,7,5006.00
HOGAR-009739,ENHOGAR,2026-08-23,15,1537,U,82,X,2,5143.00
HOGAR-009740,ENHOGAR,2026-08-24,16,1638,U,89,NR,5,5280.00
HOGAR-009741,ENHOGAR,2026-08-25,17,1739,R,23,F,8,5417.00
HOGAR-009742,ENHOGAR,2026-08-26,18,1840,U,30,M,3,5554.00
HOGAR-009743,ENHOGAR,2026-08-27,19,1941,U,37,X,6,5691.00
HOGAR-009744,ENHOGAR,2026-08-28,20,2042,R,44,NR,1,5828.00
HOGAR-009745,ENHOGAR,2026-08-01,21,2143,U,51,F,4,5965.00
HOGAR-009746,ENHOGAR,2026-08-02,22,2244,U,58,M,7,6102.00
HOGAR-009747,ENHOGAR,2026-08-03,01,0145,R,65,X,2,6239.00
HOGAR-009748,ENHOGAR,2026-08-04,02,0246,U,72,NR,5,6376.00
HOGAR-009749,ENHOGAR,2026-08-05,03,0347,U,79,F,8,6513.00
HOGAR-009750,ENHOGAR,2026-08-06,04,0448,R,86,M,3,6650.00
HOGAR-009751,ENHOGAR,2026-08-07,05,0549,U,20,X,6,6787.00
HOGAR-009752,ENHOGAR,2026-08-08,06,0650,U,27,NR,1,6924.00
HOGAR-009753,ENHOGAR,2026-08-09,07,0751,R,34,F,4,7061.00
HOGAR-009754,ENHOGAR,2026-08-10,08,0852,U,41,M,7,7198.00
HOGAR-009755,ENHOGAR,2026-08-11,09,0953,U,48,X,2,7335.00
HOGAR-009756,ENHOGAR,2026-08-12,10,1054,R,55,NR,5,7472.00
HOGAR-009757,ENHOGAR,2026-08-13,11,1155,U,135,F,8,7609.00
HOGAR-009758,ENHOGAR,2026-08-14,12,1256,U,69,M,3,7746.00
HOGAR-009759,ENHOGAR,2026-08-15,13,1357,R,76,X,6,7883.00
HOGAR-009760,ENHOGAR,2026-08-16,14,1458,U,83,NR,1,8020.00
HOGAR-009761,ENHOGAR,2026-08-17,15,1559,U,90,F,4,8157.00
HOGAR-009762,ENHOGAR,2026-08-18,16,1660,R,24,M,7,8294.00
HOGAR-009763,ENHOGAR,2026-08-19,17,1761,U,31,X,2,8431.00
HOGAR-009764,ENHOGAR,2026-08-20,18,1862,U,38,NR,5,968.00
HOGAR-009765,ENHOGAR,2026-08-21,19,1963,R,45,F,8,1105.00
HOGAR-009766,ENHOGAR,2026-08-22,20,2064,U,52,M,3,1242.00
HOGAR-009767,ENHOGAR,2026-08-23,21,2165,U,59,X,6,1379.00
HOGAR-009768,ENHOGAR,2026-08-24,22,2266,R,66,NR,1,1516.00
HOGAR-009769,ENHOGAR,2026-08-25,01,0167,U,73,F,4,1653.00
HOGAR-009770,ENHOGAR,2026-08-26,02,0268,U,80,M,7,1790.00
HOGAR-009771,ENHOGAR,2026-08-27,03,0369,R,87,X,2,1927.00
HOGAR-009772,ENHOGAR,2026-08-28,04,0470,U,21,NR,5,2064.00
HOGAR-009773,ENHOGAR,2026-08-01,05,0571,U,28,F,8,2201.00
HOGAR-009774,ENHOGAR,2026-08-02,06,0672,R,35,M,3,2338.00
HOGAR-009775,ENHOGAR,2026-08-03,07,0773,U,42,X,6,2475.00
HOGAR-009776,ENHOGAR,2026-08-04,08,0874,U,49,NR,1,2612.00
HOGAR-009777,ENHOGAR,2026-08-05,09,0975,R,56,F,4,2749.00
HOGAR-009778,ENHOGAR,2026-08-06,10,1076,U,63,M,7,2886.00
HOGAR-009779,ENHOGAR,2026-08-07,11,1177,U,70,X,2,3023.00
HOGAR-009780,ENHOGAR,2026-08-08,12,1278,R,77,NR,5,3160.00
HOGAR-009781,ENHOGAR,2026-08-09,13,1379,U,84,F,8,3297.00
HOGAR-009782,ENHOGAR,2026-08-10,14,1480,U,18,M,3,3434.00
HOGAR-009783,ENHOGAR,2026-08-11,15,1581,R,25,X,6,3571.00
HOGAR-009784,ENHOGAR,2026-08-12,16,1682,U,32,NR,1,3708.00
HOGAR-009785,ENHOGAR,2026-08-13,17,1783,U,39,F,4,3845.00
HOGAR-009786,ENHOGAR,2026-08-14,18,1884,R,46,M,7,3982.00
HOGAR-009787,ENHOGAR,2026-08-15,19,1985,U,53,X,2,4119.00
HOGAR-009788,ENHOGAR,2026-08-16,20,2086,U,60,NR,5,4256.00
HOGAR-009789,ENHOGAR,2026-08-17,21,2187,R,67,F,8,4393.00
HOGAR-009790,ENHOGAR,2026-08-18,22,2288,U,74,M,3,4530.00
HOGAR-009791,ENHOGAR,2026-08-19,01,0189,U,81,X,6,4667.00
HOGAR-009792,ENHOGAR,2026-08-20,02,0290,R,88,NR,1,4804.00
HOGAR-009793,ENHOGAR,2026-08-21,03,0391,U,22,F,4,4941.00
HOGAR-009794,ENHOGAR,2026-08-22,04,0492,U,29,M,7,5078.00
HOGAR-009795,ENHOGAR,2026-08-23,05,0593,R,36,X,2,5215.00
HOGAR-009796,ENHOGAR,2026-08-24,06,0694,U,43,NR,5,5352.00
HOGAR-009797,ENHOGAR,2026-08-25,07,0795,U,50,F,8,5489.00
HOGAR-009798,ENHOGAR,2026-08-26,08,0896,R,57,M,3,5626.00
HOGAR-009799,ENHOGAR,2026-08-27,09,0997,U,64,X,6,5763.00
HOGAR-009800,ENHOGAR,2026-08-28,10,1098,U,71,NR,1,5900.00
HOGAR-009801,ENHOGAR,2026-08-01,11,1199,R,78,F,4,6037.00
HOGAR-009802,ENHOGAR,2026-08-02,12,1201,U,85,M,7,6174.00
HOGAR-009803,ENHOGAR,2026-08-03,13,1302,U,19,X,2,6311.00
HOGAR-009804,ENHOGAR,2026-08-04,14,1403,R,26,NR,5,6448.00
HOGAR-009805,ENHOGAR,2026-08-05,15,1504,U,33,F,8,6585.00
HOGAR-009806,ENHOGAR,2026-08-06,16,1605,U,40,M,3,6722.00
HOGAR-009807,ENHOGAR,2026-08-07,17,1706,R,47,X,6,6859.00
HOGAR-009808,ENHOGAR,2026-08-08,18,1807,U,54,NR,1,6996.00
HOGAR-009809,ENHOGAR,2026-08-09,19,1908,U,61,F,4,7133.00
HOGAR-009810,ENHOGAR,2026-08-10,20,2009,R,68,M,7,7270.00
HOGAR-009811,ENHOGAR,2026-08-11,21,2110,U,75,X,2,7407.00
HOGAR-009812,ENHOGAR,2026-08-12,22,2211,U,82,NR,5,7544.00
HOGAR-009813,ENHOGAR,2026-08-13,01,0112,R,89,F,8,7681.00
HOGAR-009814,ENHOGAR,2026-08-14,02,0213,U,23,M,3,7818.00
HOGAR-009815,ENHOGAR,2026-08-15,03,0314,U,30,X,6,7955.00
HOGAR-009816,ENHOGAR,2026-08-16,04,0415,R,37,NR,1,8092.00
HOGAR-009817,ENHOGAR,2026-08-17,05,0516,U,44,F,4,8229.00
HOGAR-009818,ENHOGAR,2026-08-18,06,0617,U,51,M,7,8366.00
HOGAR-009819,ENHOGAR,2026-08-19,07,0718,R,58,X,2,903.00
HOGAR-009820,ENHOGAR,2026-08-20,08,0819,U,65,NR,5,1040.00
HOGAR-009821,ENHOGAR,2026-08-21,09,0920,U,72,F,8,1177.00
HOGAR-009822,ENHOGAR,2026-08-22,10,1021,R,79,M,3,1314.00
HOGAR-009823,ENHOGAR,2026-08-23,11,1122,U,86,X,6,1451.00
HOGAR-009824,ENHOGAR,2026-08-24,12,1223,U,20,NR,1,1588.00
HOGAR-009825,ENHOGAR,2026-08-25,13,1324,R,27,F,4,1725.00
HOGAR-009826,ENHOGAR,2026-08-26,14,1425,U,34,M,7,1862.00
HOGAR-009827,ENHOGAR,2026-08-27,15,1526,U,41,X,2,1999.00
HOGAR-009828,ENHOGAR,2026-08-28,16,1627,R,48,NR,5,2136.00
HOGAR-009829,ENHOGAR,2026-08-01,17,1728,U,55,F,8,2273.00
HOGAR-009830,ENHOGAR,2026-08-02,18,1829,U,62,M,3,2410.00
HOGAR-009831,ENHOGAR,2026-08-03,19,1930,R,69,X,6,2547.00
HOGAR-009832,ENHOGAR,2026-08-04,20,2031,U,76,NR,1,2684.00
HOGAR-009833,ENHOGAR,2026-08-05,21,2132,U,83,F,4,2821.00
HOGAR-009834,ENHOGAR,2026-08-06,22,2233,R,90,M,7,2958.00
HOGAR-009835,ENHOGAR,2026-08-07,01,0134,U,24,X,2,3095.00
HOGAR-009836,ENHOGAR,2026-08-08,02,0235,U,31,NR,5,3232.00
HOGAR-009837,ENHOGAR,2026-08-09,03,0336,R,38,F,8,3369.00
HOGAR-009838,ENHOGAR,2026-08-10,04,0437,U,45,M,3,3506.00
HOGAR-009839,ENHOGAR,2026-08-11,05,0538,U,52,X,6,3643.00
HOGAR-009840,ENHOGAR,2026-08-12,06,0639,R,59,NR,1,3780.00
HOGAR-009841,ENHOGAR,2026-08-13,07,0740,U,66,F,4,3917.00
HOGAR-009842,ENHOGAR,2026-08-14,08,0841,U,73,M,7,4054.00
HOGAR-009843,ENHOGAR,2026-08-15,09,0942,R,80,X,2,4191.00
HOGAR-009844,ENHOGAR,2026-08-16,10,1043,U,87,NR,5,4328.00
HOGAR-009845,ENHOGAR,2026-08-17,11,1144,U,21,F,8,4465.00
HOGAR-009846,ENHOGAR,2026-08-18,12,1245,R,28,M,3,4602.00
HOGAR-009847,ENHOGAR,2026-08-19,13,1346,U,35,X,6,4739.00
HOGAR-009848,ENHOGAR,2026-08-20,14,1447,U,42,NR,1,4876.00
HOGAR-009849,ENHOGAR,2026-08-21,15,1548,R,49,F,4,5013.00
HOGAR-009850,ENHOGAR,2026-08-22,16,1649,U,56,M,7,5150.00
HOGAR-009851,ENHOGAR,2026-08-23,17,1750,U,63,X,2,5287.00
HOGAR-009852,ENHOGAR,2026-08-24,18,1851,R,70,NR,5,5424.00
HOGAR-009853,ENHOGAR,2026-08-25,19,1952,U,77,F,8,5561.00
HOGAR-009854,ENHOGAR,2026-08-26,20,2053,U,84,M,3,5698.00
HOGAR-009855,ENHOGAR,2026-08-27,21,2154,R,18,X,6,5835.00
HOGAR-009856,ENHOGAR,2026-08-28,22,2255,U,25,NR,1,5972.00
HOGAR-009857,ENHOGAR,2026-08-01,01,0156,U,32,F,4,6109.00
HOGAR-009858,ENHOGAR,2026-08-02,02,0257,R,39,M,7,6246.00
HOGAR-009859,ENHOGAR,2026-08-03,03,0358,U,46,X,2,6383.00
HOGAR-009860,ENHOGAR,2026-08-04,04,0459,U,53,NR,5,6520.00
HOGAR-009861,ENHOGAR,2026-08-05,05,0560,R,60,F,8,6657.00
HOGAR-009862,ENHOGAR,2026-08-06,06,0661,U,67,M,3,6794.00
HOGAR-009863,ENHOGAR,2026-08-07,07,0762,U,74,X,6,6931.00
HOGAR-009864,ENHOGAR,2026-08-08,08,0863,R,81,NR,1,7068.00
HOGAR-009865,ENHOGAR,2026-08-09,09,0964,U,88,F,4,7205.00
HOGAR-009866,ENHOGAR,2026-08-10,10,1065,U,22,M,7,7342.00
HOGAR-009867,ENHOGAR,2026-08-11,11,1166,R,29,X,2,7479.00
HOGAR-009868,ENHOGAR,2026-08-12,12,1267,U,36,NR,5,7616.00
HOGAR-009869,ENHOGAR,2026-08-13,13,1368,U,43,F,8,7753.00
HOGAR-009870,ENHOGAR,2026-08-14,14,1469,R,50,M,3,7890.00
HOGAR-009871,ENHOGAR,2026-08-15,15,1570,U,57,X,6,8027.00
HOGAR-009872,ENHOGAR,2026-08-16,16,1671,U,64,NR,1,8164.00
HOGAR-009873,ENHOGAR,2026-08-17,17,1772,R,71,F,4,8301.00
HOGAR-009874,ENHOGAR,2026-08-18,18,1873,U,78,M,7,8438.00
HOGAR-009875,ENHOGAR,2026-08-19,19,1974,U,85,X,2,975.00
HOGAR-009876,ENHOGAR,2026-08-20,20,2075,R,19,NR,5,1112.00
HOGAR-009877,ENHOGAR,2026-08-21,21,2176,U,26,F,8,1249.00
HOGAR-009878,ENHOGAR,2026-08-22,22,2277,U,33,M,3,1386.00
HOGAR-009879,ENHOGAR,2026-08-23,01,0178,R,40,X,6,1523.00
HOGAR-009880,ENHOGAR,2026-08-24,02,0279,U,47,NR,1,1660.00
HOGAR-009881,ENHOGAR,2026-08-25,03,0380,U,54,F,4,1797.00
HOGAR-009882,ENHOGAR,2026-08-26,04,0481,R,61,M,7,1934.00
HOGAR-009883,ENHOGAR,2026-08-27,05,0582,U,68,X,2,2071.00
HOGAR-009884,ENHOGAR,2026-08-28,06,0683,U,75,NR,5,2208.00
HOGAR-009885,ENHOGAR,2026-08-01,07,0784,R,82,F,8,2345.00
HOGAR-009886,ENHOGAR,2026-08-02,08,0885,U,89,M,3,2482.00
HOGAR-009887,ENHOGAR,2026-08-03,09,0986,U,23,X,6,2619.00
HOGAR-009888,ENHOGAR,2026-08-04,10,1087,R,30,NR,1,2756.00
HOGAR-009889,ENHOGAR,2026-08-05,11,1188,U,37,F,4,2893.00
HOGAR-009890,ENHOGAR,2026-08-06,12,1289,U,44,M,7,3030.00
HOGAR-009891,ENHOGAR,2026-08-07,13,1390,R,51,X,2, 3167.00 
HOGAR-009892,ENHOGAR,2026-08-08,14,1491,U,58,NR,5,3304.00
HOGAR-009893,ENHOGAR,2026-08-09,15,1592,U,65,F,8,3441.00
HOGAR-009894,ENHOGAR,2026-08-10,16,1693,R,72,M,3,3578.00
HOGAR-009895,ENHOGAR,2026-08-11,17,1794,U,79,X,6,3715.00
HOGAR-009896,ENHOGAR,2026-08-12,18,1895,U,86,NR,1,3852.00
HOGAR-009897,ENHOGAR,2026-08-13,19,1996,R,20,F,4,3989.00
HOGAR-009898,ENHOGAR,2026-08-14,20,2097,U,27,M,7,4126.00
HOGAR-009899,ENHOGAR,2026-08-15,21,2198,U,34,X,2,4263.00
HOGAR-009900,ENHOGAR,2026-08-16,22,2299,R,41,NR,5,4400.00
HOGAR-009901,ENHOGAR,2026-08-17,01,0101,U,48,F,8,4537.00
HOGAR-009902,ENHOGAR,2026-08-18,02,0202,U,55,M,3,4674.00
HOGAR-009903,ENHOGAR,2026-08-19,03,0303,R,62,X,6,4811.00
HOGAR-009904,ENHOGAR,2026-08-20,04,0404,U,69,NR,1,4948.00
HOGAR-009905,ENHOGAR,2026-08-21,05,0505,U,76,F,4,5085.00
HOGAR-009906,ENHOGAR,2026-08-22,06,0606,R,83,M,7,5222.00
HOGAR-009907,ENHOGAR,2026-08-23,07,0707,U,90,X,2,5359.00
HOGAR-009908,ENHOGAR,2026-08-24,08,0808,U,24,NR,5,5496.00
HOGAR/009909,ENHOGAR,2026-08-25,09,0909,R,31,F,8,5633.00
HOGAR-009910,ENHOGAR,2026-08-26,10,1010,U,38,M,3,5770.00
HOGAR-009911,ENHOGAR,2026-08-27,11,1111,U,45,X,6,5907.00
HOGAR-009912,ENHOGAR,2026-08-28,12,1212,R,52,NR,1,6044.00
HOGAR-009913,ENHOGAR,2026-08-01,13,1313,U,59,F,4,6181.00
HOGAR-009914,ENHOGAR,2026-08-02,14,1414,U,66,M,7,6318.00
HOGAR-009915,ENHOGAR,2026-08-03,15,1515,R,73,X,2,6455.00
HOGAR-009916,ENHOGAR,2026-08-04,16,1616,U,80,NR,5,6592.00
HOGAR-009917,ENHOGAR,2026-08-05,17,1717,U,87,F,8,6729.00
HOGAR-009918,ENHOGAR,2026-08-06,18,1818,R,21,M,3,6866.00
HOGAR-009919,ENHOGAR,2026-08-07,19,1919,U,28,X,6,7003.00
HOGAR-009920,ENHOGAR,2026-08-08,20,2020,U,35,NR,1,7140.00
HOGAR-009921,ENHOGAR,2026-08-09,21,2121,R,42,F,4,7277.00
HOGAR-009922,ENHOGAR,2026-08-10,22,2222,U,49,M,7,7414.00
HOGAR-009923,ENHOGAR,2026-08-11,01,0123,U,56,X,2,7551.00
HOGAR-009924,ENHOGAR,2026-08-12,02,0224,R,63,NR,5,7688.00
HOGAR-009925,ENHOGAR,2026-08-13,03,0325,U,70,F,8,7825.00
HOGAR-009926,ENHOGAR,2026-08-14,04,0426,U,77,M,3,7962.00
HOGAR-009927,ENHOGAR,2026-08-15,05,0527,R,84,X,6,8099.00
HOGAR-009928,ENHOGAR,2026-08-16,06,0628,U,18,NR,1,8236.00
HOGAR-009929,ENHOGAR,2026-08-17,07,0729,U,25,F,4,8373.00
HOGAR-009930,ENHOGAR,2026-08-18,08,0830,R,32,M,7,910.00
HOGAR-009931,ENHOGAR,2026-08-19,09,0931,U,39,X,2,1047.00
HOGAR-009932,ENHOGAR,2026-08-20,10,1032,U,46,NR,5,1184.00
HOGAR-009933,ENHOGAR,2026-08-21,11,1133,R,53,F,8,1321.00
HOGAR-009934,ENHOGAR,2026-08-22,12,1234,U,60,M,3,1458.00
HOGAR-009935,ENHOGAR,2026-08-23,13,1335,U,67,X,6,1595.00
HOGAR-009936,ENHOGAR,2026-08-24,14,1436,R,74,NR,1,1732.00
HOGAR-009937,ENHOGAR,2026-08-25,15,1537,U,81,F,4,1869.00
HOGAR-009938,ENHOGAR,2026-08-26,16,1638,U,88,M,7,2006.00
HOGAR-009939,ENHOGAR,2026-08-27,17,1739,R,22,X,2,2143.00
HOGAR-009940,ENHOGAR,2026-08-28,18,1840,U,29,NR,5,2280.00
HOGAR-009941,ENHOGAR,2026-08-01,19,1941,U,36,F,8,2417.00
HOGAR-009942,ENHOGAR,2026-08-02,20,2042,R,43,M,3,2554.00
HOGAR-009943,ENHOGAR,2026-08-03,21,2143,U,50,X,6,2691.00
HOGAR-009944,ENHOGAR,2026-08-04,22,2244,U,57,NR,1,2828.00
HOGAR-009945,ENHOGAR,2026-08-05,01,0145,R,64,F,4,2965.00
HOGAR-009946,ENHOGAR,2026-08-06,02,0246,U,71,M,7,3102.00
HOGAR-009947,ENHOGAR,2026-08-07,03,0347,U,78,X,2,3239.00
HOGAR-009948,ENHOGAR,2026-08-08,04,0448,R,85,NR,5,3376.00
HOGAR-009949,ENHOGAR,2026-08-09,05,0549,U,19,F,8,3513.00
HOGAR-009950,ENHOGAR,2026-08-10,06,0650,U,26,M,3,3650.00
HOGAR-009951,ENHOGAR,2026-08-11,07,0751,R,33,X,6,3787.00
HOGAR-009952,ENHOGAR,2026-08-12,08,0852,U,40,NR,1,3924.00
HOGAR-009953,ENHOGAR,2026-08-13,09,0953,U,47,F,4,4061.00
HOGAR-009954,ENHOGAR,2026-08-14,10,1054,R,54,M,7,4198.00
HOGAR-009955,ENHOGAR,2026-08-15,11,1155,U,61,X,2,4335.00
HOGAR-009956,ENHOGAR,2026-08-16,12,1256,U,68,NR,5,4472.00
HOGAR-009957,ENHOGAR,2026-08-17,13,1357,R,75,F,8,4609.00
HOGAR-009958,ENHOGAR,2026-08-18,14,1458,U,82,M,3,4746.00
HOGAR-009959,ENHOGAR,2026-08-19,15,1559,U,89,X,6,4883.00
HOGAR-009960,ENHOGAR,2026-08-20,16,1660,R,23,NR,1,5020.00
HOGAR-009961,ENHOGAR,2026-08-21,17,1761,U,30,F,4,5157.00
HOGAR-009962,,2026-08-22,18,1862,U,37,M,7,5294.00
HOGAR-009963,ENHOGAR,2026-08-23,19,1963,R,44,X,2,5431.00
HOGAR-009964,ENHOGAR,2026-08-24,20,2064,U,51,NR,5,5568.00
HOGAR-009965,ENHOGAR,2026-08-25,21,2165,U,58,F,8,5705.00
HOGAR-009966,ENHOGAR,2026-08-26,22,2266,R,65,M,3,5842.00
HOGAR-009967,ENHOGAR,2026-08-27,01,0167,U,72,X,6,5979.00
HOGAR-009968,ENHOGAR,2026-08-28,02,0268,U,79,NR,1,6116.00
HOGAR-009969,ENHOGAR,2026-08-01,03,0369,R,86,F,4,6253.00
HOGAR-009970,ENHOGAR,2026-08-02,04,0470,U,20,M,7,
HOGAR-009971,ENHOGAR,2026-08-03,05,0571,U,27,X,2,6527.00
HOGAR-009972,ENHOGAR,2026-08-04,06,0672,R,34,NR,5,6664.00
HOGAR-009973,ENHOGAR,2026-08-05,07,0773,U,41,F,8,6801.00
HOGAR-009974,ENHOGAR,2026-08-06,08,0874,U,48,M,3,6938.00
HOGAR-009975,ENHOGAR,2026-08-07,09,0975,R,55,X,6,7075.00
HOGAR-009976,ENHOGAR,2026-08-08,10,1076,U,62,NR,1,7212.00
HOGAR-009977,ENHOGAR,2026-08-09,11,1177,U,69,F,4,7349.00
HOGAR-009978,ENHOGAR,2026-08-10,12,1278,R,76,M,7,7486.00
HOGAR-009979,ENHOGAR,2026-08-11,13,1379,U,83,X,2,7623.00
HOGAR-009980,ENHOGAR,2026-08-12,14,1480,U,90,NR,5,7760.00
HOGAR-009981,ENHOGAR,2026-08-13,15,1581,R,24,F,8,7897.00
HOGAR-009982,ENHOGAR,2026-08-14,16,1682,U,31,M,3,8034.00
HOGAR-009983,ENHOGAR,2026-08-15,17,1783,U,38,X,6,8171.00
HOGAR-009984,ENHOGAR,2026-08-16,18,1884,R,45,NR,1,8308.00
HOGAR-009985,ENHOGAR,2026-08-17,19,1985,U,52,F,4,8445.00
HOGAR-009986,ENHOGAR,2026-08-18,20,2086,U,59,M,7,982.00
HOGAR-009987,ENHOGAR,2026-08-19,21,2187,R,66,X,2,1119.00
HOGAR-009988,ENHOGAR,2026-08-20,22,2288,U,73,NR,5,1256.00
HOGAR-009989,ENHOGAR,2026-08-21,01,0189,U,80,F,8,1393.00
HOGAR-009990,ENHOGAR,2026-08-22,02,0290,R,87,M,3,1530.00
HOGAR-009991,ENHOGAR,2026-08-23,03,0391,U,21,X,6,1667.00
HOGAR-009992,ENHOGAR,2026-08-24,04,0492,U,28,NR,1,1804.00
HOGAR-009993,ENHOGAR,2026-08-25,05,0593,R,35,F,4,1941.00
HOGAR-009994,ENHOGAR,2026-08-26,06,0694,U,42,M,7,2078.00
HOGAR-009995,ENHOGAR,2026-08-27,07,0795,U,49,X,2,2215.00
HOGAR-009996,ENHOGAR,2026-08-28,08,0896,R,56,NR,5,2352.00
HOGAR-009997,ENHOGAR,2026-08-01,09,0997,U,63,F,8,2489.00
HOGAR-009998,ENHOGAR,2026-08-02,10,1098,U,70,M,3,2626.00
HOGAR-009999,ENHOGAR,2026-08-03,11,1199,R,77,X,6,2763.00
HOGAR-010000,ENHOGAR,2026-08-04,12,1201,U,84,NR,1,2900.00
HOGAR-010001,ENHOGAR,2026-08-05,13,1302,U,18,F,4,3037.00
HOGAR-010002,ENHOGAR,2026-08-06,14,1403,R,25,M,7,3174.00
HOGAR-010003,ENHOGAR,2026-08-07,15,1504,U,32,X,2,3311.00
HOGAR-010004,ENHOGAR,2026-08-08,16,1605,U,39,NR,5,3448.00
HOGAR-010005,ENHOGAR,2026-08-09,17,1706,R,46,F,8,3585.00
HOGAR-010006,ENHOGAR,2026-08-10,18,1807,U,53,M,3,3722.00
HOGAR-010007,ENHOGAR,2026-08-11,19,1908,U,60,X,6,3859.00
HOGAR-010008,ENHOGAR,2026-08-12,20,2009,R,67,NR,1,3996.00
HOGAR-010009,ENHOGAR,2026-08-13,21,2110,U,74,F,4,4133.00
HOGAR-010010,ENHOGAR,2026-08-14,22,2211,U,81,M,7,4270.00
HOGAR-010011,ENHOGAR,2026-08-15,01,0112,R,88,X,2,4407.00
HOGAR-010012,ENHOGAR,2026-08-16,02,0213,U,22,NR,5,4544.00
HOGAR-010013,ENHOGAR,2026-08-17,03,0314,U,29,F,8,4681.00
HOGAR-010014,ENHOGAR,2026-08-18,04,0415,R,36,M,3,4818.00
HOGAR-010015,ENHOGAR,2026-08-19,05,0516,U,43,X,6,4955.00
HOGAR-010016,ENHOGAR,2026-08-20,06,0617,U,50,NR,1,5092.00
HOGAR-010017,ENHOGAR,2026-08-21,07,0718,R,57,F,4,5229.00
HOGAR-010018,ENHOGAR,2026-08-22,08,0819,U,64,M,7,5366.00
HOGAR-010019,ENHOGAR,2026-08-23,09,0920,U,71,X,2,5503.00
HOGAR-010020,ENHOGAR,2026-08-24,10,1021,R,78,NR,5,5640.00
HOGAR-010021,ENHOGAR,2026-08-25,11,1122,X,85,F,8,5777.00
HOGAR-010022,ENHOGAR,2026-08-26,12,1223,U,19,M,3,5914.00
HOGAR-010023,ENHOGAR,2026-08-27,13,1324,R,26,X,6,6051.00
HOGAR-010024,ENHOGAR,2026-08-28,14,1425,U,33,NR,1,6188.00
HOGAR-010025,ENHOGAR,2026-08-01,15,1526,U,40,F,4,6325.00
HOGAR-010026,ENHOGAR,2026-08-02,16,1627,R,47,M,7,6462.00
HOGAR-010027,ENHOGAR,2026-08-03,17,1728,U,54,X,2,6599.00
HOGAR-010028,ENHOGAR,2026-08-04,18,1829,U,61,NR,5,6736.00
HOGAR-010029,ENHOGAR,2026-08-05,19,1930,R,68,F,8,6873.00
HOGAR-010030,ENHOGAR,2026-08-06,20,2031,U,75,M,3,7010.00
HOGAR-010031,ENHOGAR,2026-08-07,21,2132,U,82,X,6,7147.00
HOGAR-010032,ENHOGAR,2026-08-08,22,2233,R,89,NR,1,7284.00
HOGAR-010033,ENHOGAR,2026-08-09,01,0134,U,23,F,4,7421.00
HOGAR-010034,ENHOGAR,2026-08-10,02,0235,U,30,M,7,7558.00
HOGAR-010035,ENHOGAR,2026-08-11,03,0336,R,37,X,2,7695.00
HOGAR-010036,ENHOGAR,2026-08-12,04,0437,U,44,NR,5,7832.00
HOGAR-010037,ENHOGAR,2026-08-13,05,0538,U,51,F,8,7969.00
HOGAR-010038,ENHOGAR,2026-08-14,06,0639,R,58,M,3,8106.00
HOGAR-010039,ENHOGAR,2026-08-15,07,0740,U,65,X,6,8243.00
HOGAR-010040,ENHOGAR,2026-08-16,08,0841,U,72,NR,1,8380.00
HOGAR-010041,ENHOGAR,2026-08-17,09,0942,R,79,F,4,917.00
HOGAR-010042,ENHOGAR,2026-08-18,10,1043,U,86,M,7,1054.00
HOGAR-010043,ENHOGAR,2026-08-19,11,1144,U,20,X,2,1191.00
HOGAR-010044,ENHOGAR,2026-08-20,12,1245,R,27,NR,5,1328.00
HOGAR-010045,ENHOGAR,2026-08-21,13,1346,U,34,F,8,1465.00
HOGAR-010046,ENHOGAR,2026-08-22,14,1447,U,41,M,3,1602.00
HOGAR-010047,ENHOGAR,2026-08-23,15,1548,R,48,X,6,1739.00
HOGAR-010048,ENHOGAR,2026-08-24,16,1649,U,55,NR,1, 1876.00 
HOGAR-010049,ENHOGAR,2026-08-25,17,1750,U,62,F,4,2013.00
HOGAR-010050,ENHOGAR,2026-08-26,18,1851,R,69,M,7,2150.00
HOGAR-010051,ENHOGAR,2026-08-27,19,1952,U,76,X,2,2287.00
HOGAR-010052,ENHOGAR,2026-08-28,20,2053,U,83,NR,5,2424.00
HOGAR-010053,ENHOGAR,2026-08-01,21,2154,R,90,F,8,2561.00
HOGAR-010054,ENHOGAR,2026-08-02,22,2255,U,24,M,3,2698.00
HOGAR-010055,ENHOGAR,2026-08-03,01,0156,U,31,X,6,2835.00
HOGAR-010056,ENHOGAR,2027-01-01,02,0257,R,38,NR,1,2972.00
HOGAR-010057,ENHOGAR,2026-08-05,03,0358,U,45,F,4,3109.00
HOGAR-010058,ENHOGAR,2026-08-06,04,0459,U,52,M,7,3246.00
HOGAR-010059,ENHOGAR,2026-08-07,05,0560,R,59,X,2,3383.00
HOGAR-010060,ENHOGAR,2026-08-08,06,0661,U,66,NR,5,-25.00
HOGAR-010061,ENHOGAR,2026-08-09,07,0762,U,73,F,8,3657.00
HOGAR-010062,ENHOGAR,2026-08-10,08,0863,R,80,M,3,3794.00
HOGAR-010063,ENHOGAR,2026-08-11,09,0964,U,87,X,6,3931.00
HOGAR-010064,ENHOGAR,2026-08-12,10,1065,U,21,NR,1,4068.00
HOGAR-010065,ENHOGAR,2026-08-13,11,1166,R,28,F,4,4205.00
HOGAR-010066,ENHOGAR,2026-08-14,12,1267,U,35,M,7,4342.00
HOGAR-010067,ENHOGAR,2026-08-15,13,1368,U,42,X,2,4479.00
HOGAR-010068,ENHOGAR,2026-08-16,14,1469,R,49,NR,5,4616.00
HOGAR-010069,ENHOGAR,2026-08-17,15,1570,U,56,F,8,4753.00
HOGAR-010070,ENHOGAR,2026-08-18,16,1671,U,63,M,3,4890.00
HOGAR-010071,ENHOGAR,2026-08-19,17,1772,R,70,X,6,5027.00
HOGAR-010072,ENHOGAR,2026-08-20,18,1873,U,77,NR,1,5164.00
HOGAR-010073,ENHOGAR,2026-08-21,19,1974,U,84,F,4,5301.00
HOGAR-010074,ENHOGAR,2026-08-22,20,2075,R,18,M,7,5438.00
HOGAR-010075,ENHOGAR,2026-08-23,21,2176,U,25,X,2,5575.00
HOGAR-010076,ENHOGAR,2026-08-24,22,2277,U,32,NR,5,5712.00
HOGAR-010077,ENHOGAR,2026-08-25,01,0178,R,39,F,8,5849.00
HOGAR-010078,ENHOGAR,2026-08-26,02,0279,U,46,M,3,5986.00
HOGAR-010079,ENHOGAR,2026-08-27,03,0380,U,53,X,6,6123.00
HOGAR-010080,ENHOGAR,2026-08-28,04,0481,R,60,NR,1,6260.00
HOGAR-010081,ENHOGAR,2026-08-01,05,0582,U,67,F,4,6397.00
HOGAR-010082,ENHOGAR,2026-08-02,06,0683,U,74,M,7,6534.00
HOGAR-010083,ENHOGAR,2026-08-03,07,0784,R,81,X,2,6671.00
HOGAR-010084,ENHOGAR,2026-08-04,08,0885,U,88,NR,5,6808.00
HOGAR-010085,ENHOGAR,2026-08-05,09,0986,U,22,F,8,6945.00
HOGAR-010086,ENHOGAR,2026-08-06,10,1087,R,29,M,3,7082.00
HOGAR-010087,ENHOGAR,2026-08-07,11,1188,U,36,X,6,7219.00
HOGAR-010088,ENHOGAR,2026-08-08,12,1289,U,43,NR,1,7356.00
HOGAR-010089,ENHOGAR,2026-08-09,13,1390,R,50,F,4,7493.00
HOGAR-010090,ENHOGAR,2026-08-10,14,1491,U,57,M,7,7630.00
HOGAR-010091,ENHOGAR,2026-08-11,15,1592,U,64,X,2,7767.00
HOGAR-010092,ENHOGAR,2026-08-12,16,1693,R,71,NR,5,7904.00
HOGAR-010093,ENHOGAR,2026-08-13,17,1794,U,78,F,8,8041.00
HOGAR-010094,ENHOGAR,2026-08-14,18,1895,U,85,M,3,8178.00
HOGAR-010095,ENHOGAR,2026-08-15,19,1996,R,19,X,6,8315.00
HOGAR-010096,ENHOGAR,2026-08-16,20,2097,U,26,NR,1,8452.00
HOGAR-010097,ENHOGAR,2026-08-17,21,2198,U,33,F,4,989.00
HOGAR-010098,ENHOGAR,2026-08-18,22,2299,R,40,M,7,1126.00
HOGAR-010099,ENHOGAR,2026-08-19,01,0101,U,47,X,2,1263.00
HOGAR-010100,ENHOGAR,2026-08-20,02,0202,U,54,NR,5,1400.00
HOGAR-000001,ENHOGAR,2026-08-21,03,0303,R,61,F,8,1537.00
HOGAR-010102,ENHOGAR,2026-08-22,04,0404,U,68,M,3,1674.00
HOGAR-010103,ENHOGAR,2026-08-23,05,0505,U,75,X,6,1811.00
HOGAR-010104,ENHOGAR,2026-08-24,06,0606,R,82,NR,1,1948.00
HOGAR-010105,ENHOGAR,2026-08-25,07,0707,U,89,F,4,2085.00
HOGAR-010106,ENHOGAR,2026-08-26,08,0808,U,23,M,7,2222.00
HOGAR-010107,ENHOGAR,2026-08-27,09,0909,R,30,X,2,2359.00
HOGAR-010108,ENHOGAR,2026-08-28,10,1010,U,37,NR,5,2496.00
HOGAR-010109,ENHOGAR,2026-08-01,11,1111,U,44,F,8,2633.00
HOGAR-010110,ENHOGAR,2026-08-02,12,1212,R,51,M,3,2770.00
HOGAR-010111,ENHOGAR,2026-08-03,13,1313,U,58,X,6,2907.00
HOGAR-010112,ENHOGAR,2026-08-04,14,1414,U,65,NR,1,3044.00
HOGAR-010113,ENHOGAR,2026-08-05,15,1515,R,72,F,4,3181.00
HOGAR-010114,ENHOGAR,2026-08-06,16,1616,U,79,M,7,3318.00
HOGAR-010115,ENHOGAR,2026-08-07,17,1717,U,86,X,2,3455.00
HOGAR-010116,ENHOGAR,2026-08-08,18,1818,R,20,NR,5,3592.00
HOGAR-010117,ENHOGAR,2026-08-09,19,1919,U,27,F,8,3729.00
HOGAR-010118,ENHOGAR,2026-08-10,20,2020,U,34,M,3,3866.00
HOGAR-010119,ENHOGAR,2026-08-11,21,2121,R,41,X,6,4003.00
HOGAR-010120,ENHOGAR,2026-08-12,22,2222,U,48,NR,1,4140.00
HOGAR-010121,ENHOGAR,2026-08-13,01,0123,U,55,F,4,4277.00
HOGAR-010122,ENHOGAR,2026-08-14,02,0224,R,62,M,7,4414.00
HOGAR-010123,ENHOGAR,2026-08-15,03,0325,U,69,X,2,4551.00
HOGAR-010124,ENHOGAR,2026-08-16,04,0426,U,76,NR,5,4688.00
HOGAR-010125,ENHOGAR,2026-08-17,05,0527,R,83,F,8,4825.00
HOGAR-010126,ENHOGAR,2026-08-18,06,0628,U,90,M,3,4962.00
HOGAR-010127,ENHOGAR,2026-08-19,07,0729,U,24,X,6,5099.00
HOGAR-010128,ENHOGAR,2026-08-20,08,0830,R,31,NR,1,5236.00
HOGAR-010129,ENHOGAR,2026-08-21,09,0931,U,38,F,4,5373.00
HOGAR-010130,ENHOGAR,2026-08-22,10,1032,U,45,M,7,5510.00
HOGAR-010131,ENHOGAR,2026-08-23,11,1133,R,52,X,2,5647.00
HOGAR-010132,ENHOGAR,2026-08-24,12,1234,U,59,NR,5,5784.00
HOGAR-010133,ENHOGAR,2026-08-25,13,1335,U,66,F,8,5921.00
HOGAR-010134,ENHOGAR,2026-08-26,14,1436,R,73,M,3,6058.00
HOGAR-010135,ENHOGAR,2026-08-27,15,1537,U,80,X,6,6195.00
HOGAR-010136,ENHOGAR,2026-08-28,16,1638,U,87,NR,1,6332.00
HOGAR-010137,ENHOGAR,2026-08-01,17,1739,R,21,F,4,6469.00
HOGAR-010138,ENHOGAR,2026-08-02,18,1840,U,28,M,7,6606.00
HOGAR-010139,ENHOGAR,2026-08-03,19,1941,U,35,X,2,6743.00
HOGAR-010140,ENHOGAR,2026-08-04,20,2042,R,42,NR,5,6880.00
HOGAR-010141,ENHOGAR,2026-08-05,21,2143,U,49,F,8,7017.00
HOGAR-010142,ENHOGAR,2026-08-06,22,2244,U,56,M,3,7154.00
HOGAR-010143,ENHOGAR,2026-08-07,01,0145,R,63,X,6,7291.00
HOGAR-010144,ENHOGAR,2026-08-08,02,0246,U,70,NR,1,7428.00
HOGAR-010145,ENHOGAR,2026-08-09,03,0347,U,77,F,4,7565.00
HOGAR-010146,ENHOGAR,2026-08-10,04,0448,R,84,M,7,7702.00
HOGAR-010147,ENHOGAR,2026-08-11,05,0549,U,18,X,2,7839.00
HOGAR-010148,ENHOGAR,2026-08-12,06,0650,U,25,NR,5,7976.00
HOGAR-010149,ENHOGAR,2026-08-13,07,0751,R,32,F,8,8113.00
HOGAR-010150,ENHOGAR,2026-08-14,08,0852,U,39,M,3,8250.00
HOGAR-010151,ENHOGAR,2026-08-15,09,0953,U,46,X,6,8387.00
HOGAR-010152,ENHOGAR,2026-08-16,10,1054,R,53,NR,1,924.00
HOGAR-010153,ENHOGAR,2026-08-17,11,1155,U,60,F,4,1061.00
HOGAR-010154,ENHOGAR,2026-08-18,12,1256,U,67,M,7,1198.00
HOGAR-010155,ENHOGAR,2026-08-19,13,1357,R,74,X,2,1335.00
HOGAR-010156,ENHOGAR,2026-08-20,14,1458,U,81,NR,5,1472.00
HOGAR-010157,ENHOGAR,2026-08-21,15,1559,U,88,F,8,1609.00
HOGAR-010158,ENHOGAR,2026-08-22,16,1660,R,22,M,3,1746.00
HOGAR-010159,ENHOGAR,2026-08-23,17,1761,U,29,X,6,1883.00
HOGAR-010160,ENHOGAR,2026-08-24,18,1862,U,36,NR,1,2020.00
HOGAR-010161,ENHOGAR,2026-08-25,19,1963,R,43,F,4,2157.00
HOGAR-010162,ENHOGAR,2026-08-26,20,2064,U,50,M,7,2294.00
HOGAR-010163,ENHOGAR,2026-08-27,21,2165,U,57,X,2,2431.00
HOGAR-010164,ENHOGAR,2026-08-28,22,2266,R,64,NR,5,2568.00
HOGAR-010165,ENHOGAR,2026-08-01,01,0167,U,71,F,8,2705.00
HOGAR-010166,ENHOGAR,2026-08-02,02,0268,U,78,M,3,2842.00
HOGAR-010167,ENHOGAR,2026-08-03,03,0369,R,85,X,6,2979.00
HOGAR-010168,ENHOGAR,2026-08-04,04,0470,U,19,NR,1,3116.00
HOGAR-010169,ENHOGAR,2026-08-05,05,0571,U,26,F,4,3253.00
HOGAR-010170,ENHOGAR,2026-08-06,06,0672,R,33,M,7,3390.00
HOGAR-010171,ENHOGAR,2026-08-07,07,0773,U,40,X,2,3527.00
HOGAR-010172,ENHOGAR,2026-08-08,08,0874,U,47,NR,5,3664.00
HOGAR-010173,ENHOGAR,2026-08-09,09,0975,R,54,F,8,3801.00
HOGAR-010174,ENHOGAR,2026-08-10,10,1076,U,61,M,3,3938.00
HOGAR-010175,ENHOGAR,2026-08-11,11,1177,U,68,X,6,4075.00
HOGAR-010176,ENHOGAR,2026-08-12,12,1278,R,75,NR,1,4212.00
HOGAR-010177,ENHOGAR,2026-08-13,13,1379,U,82,F,4,4349.00
HOGAR-010178,ENHOGAR,2026-08-14,14,1480,U,89,M,7,4486.00
HOGAR-010179,ENHOGAR,2026-08-15,15,1581,R,23,X,2,4623.00
HOGAR-010180,ENHOGAR,2026-08-16,16,1682,U,30,NR,5,4760.00
HOGAR-010181,ENHOGAR,2026-08-17,17,1783,U,37,F,8,4897.00
HOGAR-010182,ENHOGAR,2026-08-18,18,1884,R,44,M,3,5034.00
HOGAR-010183,ENHOGAR,2026-08-19,19,1985,U,51,X,6,5171.00
HOGAR-010184,ENHOGAR,2026-08-20,20,2086,U,58,NR,1,5308.00
HOGAR-010185,ENHOGAR,2026-08-21,21,2187,R,65,F,4,5445.00
HOGAR-010186,ENHOGAR,2026-08-22,22,2288,U,72,M,7,5582.00
HOGAR-010187,ENHOGAR,2026-08-23,01,0189,U,79,X,2,5719.00
HOGAR-010188,ENHOGAR,2026-08-24,02,0290,R,86,NR,5,5856.00
HOGAR-010189,ENHOGAR,2026-08-25,03,0391,U,20,F,8,5993.00
HOGAR-010190,ENHOGAR,2026-08-26,04,0492,U,27,M,3,6130.00
HOGAR-010191,ENHOGAR,2026-08-27,05,0593,R,34,X,6,6267.00
HOGAR-010192,ENHOGAR,2026-08-28,06,0694,U,41,NR,1,6404.00
HOGAR-010193,ENHOGAR,2026-08-01,07,0795,U,48,F,4,6541.00
HOGAR-010194,ENHOGAR,2026-08-02,08,0896,R,55,M,7,6678.00
HOGAR-010195,ENHOGAR,2026-08-03,09,0997,U,62,X,2,6815.00
HOGAR-010196,ENHOGAR,2026-08-04,10,1098,U,69,NR,5,6952.00
HOGAR-010197,ENHOGAR,2026-08-05,11,1199,R,76,F,8,7089.00
HOGAR-010198,ENHOGAR,2026-08-06,12,1201,U,83,M,3,7226.00
HOGAR-010199,ENHOGAR,2026-08-07,13,1302,U,90,X,6,7363.00
HOGAR-010200,ENHOGAR,2026-08-08,14,1403,R,24,NR,1,7500.00
HOGAR-010201,ENHOGAR,2026-08-09,15,1504,U,31,F,4,7637.00
HOGAR-010202,ENHOGAR,2026-08-10,16,1605,U,38,M,7,7774.00
HOGAR-010203,ENHOGAR,2026-08-11,17,1706,R,45,X,2,7911.00
HOGAR-010204,ENHOGAR,2026-08-12,18,1807,U,52,NR,5,8048.00
HOGAR-010205,ENHOGAR,2026-08-13,19,1908,U,59,F,8, 8185.00 
HOGAR-010206,ENHOGAR,2026-08-14,20,2009,R,66,M,3,8322.00
HOGAR-010207,ENHOGAR,2026-08-15,21,2110,U,73,X,6,8459.00
HOGAR-010208,ENHOGAR,2026-08-16,22,2211,U,80,NR,1,996.00
HOGAR-010209,ENHOGAR,2026-08-17,01,0112,R,87,F,4,1133.00
HOGAR-010210,ENHOGAR,2026-08-18,02,0213,U,21,M,7,1270.00
HOGAR-010211,ENHOGAR,2026-08-19,03,0314,U,28,X,2,1407.00
HOGAR-010212,ENHOGAR,2026-08-20,04,0415,R,35,NR,5,1544.00
HOGAR-010213,ENHOGAR,2026-08-21,05,0516,U,42,F,8,1681.00
HOGAR-010214,ENHOGAR,2026-08-22,06,0617,U,49,M,3,1818.00
HOGAR-010215,ENHOGAR,2026-08-23,07,0718,R,56,X,6,1955.00
HOGAR-010216,ENHOGAR,2026-08-24,08,0819,U,63,NR,1,2092.00
HOGAR-010217,ENHOGAR,2026-08-25,09,0920,U,70,F,4,2229.00
HOGAR-010218,ENHOGAR,2026-08-26,10,1021,R,77,M,7,2366.00
HOGAR-010219,ENHOGAR,2026-08-27,11,1122,U,84,X,2,2503.00
HOGAR-010220,ENHOGAR,2026-08-28,12,1223,U,18,NR,5,2640.00
HOGAR-010221,ENHOGAR,2026-08-01,13,1324,R,25,F,8,2777.00
HOGAR-010222,ENHOGAR,2026-08-02,14,1425,U,32,M,3,2914.00
HOGAR-010223,ENHOGAR,2026-08-03,15,1526,U,39,X,6,3051.00
HOGAR-010224,ENHOGAR,2026-08-04,16,1627,R,46,NR,1,3188.00
HOGAR-010225,ENHOGAR,2026-08-05,17,1728,U,53,F,4,3325.00
HOGAR-010226,ENHOGAR,2026-08-06,18,1829,U,60,M,7,3462.00
HOGAR-010227,ENHOGAR,2026-08-07,19,1930,R,67,X,2,3599.00
HOGAR-010228,ENHOGAR,2026-08-08,20,2031,U,74,NR,5,3736.00
HOGAR-010229,ENHOGAR,2026-08-09,21,2132,U,81,F,8,3873.00
HOGAR-010230,ENHOGAR,2026-08-10,22,2233,R,88,M,3,4010.00
HOGAR-010231,ENHOGAR,2026-08-11,01,0134,U,22,X,6,4147.00
HOGAR-010232,ENHOGAR,2026-08-12,02,0235,U,29,NR,1,4284.00
HOGAR-010233,ENHOGAR,2026-08-13,03,0336,R,36,F,4,4421.00
HOGAR-010234,ENHOGAR,2026-08-14,04,0437,U,43,M,7,4558.00
HOGAR-010235,ENHOGAR,2026-08-15,05,0538,U,50,X,2,4695.00
HOGAR-010236,ENHOGAR,2026-08-16,06,0639,R,57,NR,5,4832.00
HOGAR-010237,ENHOGAR,2026-08-17,07,0740,U,64,F,8,4969.00
HOGAR-010238,ENHOGAR,2026-08-18,08,0841,U,71,M,3,5106.00
HOGAR-010239,ENHOGAR,2026-08-19,09,0942,R,78,X,6,5243.00
HOGAR-010240,ENHOGAR,2026-08-20,10,1043,U,85,NR,1,5380.00
HOGAR-010241,ENHOGAR,2026-08-21,11,1144,U,19,F,4,5517.00
HOGAR-010242,ENHOGAR,2026-08-22,12,1245,R,26,M,7,5654.00
HOGAR-010243,ENHOGAR,2026-08-23,13,1346,U,33,X,2,5791.00
HOGAR-010244,ENHOGAR,2026-08-24,14,1447,U,40,NR,5,5928.00
HOGAR-010245,ENHOGAR,2026-08-25,15,1548,R,47,F,8,6065.00
HOGAR-010246,ENHOGAR,2026-08-26,16,1649,U,54,M,3,6202.00
HOGAR-010247,ENHOGAR,2026-08-27,17,1750,U,61,X,6,6339.00
HOGAR-010248,ENHOGAR,2026-08-28,18,1851,R,68,NR,1,6476.00
HOGAR-010249,ENHOGAR,2026-08-01,19,1952,U,75,F,4,6613.00
HOGAR-010250,ENHOGAR,2026-08-02,20,2053,U,82,M,7,6750.00
HOGAR-010251,ENHOGAR,2026-08-03,21,2154,R,89,X,2,6887.00
HOGAR-010252,ENHOGAR,2026-08-04,22,2255,U,23,NR,5,7024.00
HOGAR-010253,ENHOGAR,2026-08-05,01,0156,U,30,F,8,7161.00
HOGAR-010254,ENHOGAR,2026-08-06,02,0257,R,37,M,3,7298.00
HOGAR-010255,,2026-08-07,03,0358,U,44,X,6,7435.00
HOGAR-010256,ENHOGAR,2026-08-08,04,0459,U,51,NR,0,7572.00
HOGAR-010257,ENHOGAR,2026-08-09,05,0560,R,58,F,4,7709.00
HOGAR-010258,ENHOGAR,2026-08-10,06,0661,U,65,M,7,7846.00
HOGAR-010259,ENHOGAR,2026-08-11,07,0762,U,72,X,2,7983.00
HOGAR-010260,ENHOGAR,2026-08-12,08,0863,R,79,NR,5,8120.00
HOGAR-010261,ENHOGAR,2026-08-13,09,0964,U,86,F,8,8257.00
HOGAR-010262,ENHOGAR,2026-08-14,10,1065,U,20,Z,3,8394.00
HOGAR-010263,ENHOGAR,2026-08-15,11,1166,R,27,X,6,931.00
HOGAR-010264,ENHOGAR,2026-08-16,12,1267,U,34,NR,1,1068.00
HOGAR-010265,ENHOGAR,2026-08-17,13,1368,U,41,F,4,1205.00
HOGAR-010266,ENHOGAR,2026-08-18,14,1469,R,48,M,7,1342.00
HOGAR-010267,ENHOGAR,2026-08-19,15,1570,U,55,X,2,1479.00
HOGAR-010268,ENHOGAR,2026-08-20,16,1671,U,62,NR,5,1616.00
HOGAR-010269,ENHOGAR,2026-08-21,17,1772,R,69,F,8,1753.00
HOGAR-010270,ENHOGAR,2026-08-22,18,1873,U,76,M,3,1890.00
HOGAR-010271,ENHOGAR,2026-08-23,19,1974,U,83,X,6,2027.00
HOGAR-010272,ENHOGAR,2026-08-24,20,2075,R,90,NR,1,2164.00
HOGAR-010273,ENHOGAR,2026-08-25,21,2176,U,24,F,4,2301.00
HOGAR-010274,ENHOGAR,2026-08-26,22,2277,U,31,M,7,2438.00
HOGAR-010275,ENHOGAR,2026-08-27,01,0178,R,38,X,2,2575.00
HOGAR/010276,ENHOGAR,2026-08-28,02,0279,U,45,NR,5,2712.00
HOGAR-010277,ENHOGAR,2026-08-01,03,0380,U,52,F,8,2849.00
HOGAR-010278,ENHOGAR,2026-08-02,04,0481,R,59,M,3,2986.00
HOGAR-010279,ENHOGAR,2026-08-03,05,0582,U,66,X,6,3123.00
HOGAR-010280,ENHOGAR,2026-08-04,06,0683,U,73,NR,1,3260.00
HOGAR-010281,ENHOGAR,2026-08-05,07,0784,R,80,F,4,3397.00
HOGAR-010282,ENHOGAR,2026-08-06,08,0885,U,87,M,7,3534.00
HOGAR-010283,ENHOGAR,2026-08-07,09,0986,U,21,X,2,3671.00
HOGAR-010284,ENHOGAR,2026-08-08,10,1087,R,28,NR,5,3808.00
HOGAR-010285,ENHOGAR,2026-08-09,11,1188,U,35,F,8,3945.00
HOGAR-010286,ENHOGAR,2026-08-10,12,1289,U,42,M,3,4082.00
HOGAR-010287,ENHOGAR,2026-08-11,13,1390,R,49,X,6,4219.00
HOGAR-010288,ENHOGAR,2026-08-12,14,1491,U,56,NR,1,4356.00
HOGAR-010289,ENHOGAR,2026-08-13,15,1592,U,63,F,4,4493.00
HOGAR-010290,ENHOGAR,2026-08-14,16,1693,R,70,M,7,4630.00
HOGAR-010291,ENHOGAR,2026-08-15,17,1794,U,77,X,2,4767.00
HOGAR-010292,ENHOGAR,2026-08-16,18,1895,U,84,NR,5,4904.00
HOGAR-010293,ENHOGAR,2026-08-17,19,1996,R,18,F,8,5041.00
HOGAR-010294,ENHOGAR,2026-08-18,20,2097,U,25,M,3,5178.00
HOGAR-010295,ENHOGAR,2026-08-19,21,2198,U,32,X,6,5315.00
HOGAR-010296,ENHOGAR,2026-08-20,22,2299,R,39,NR,1,5452.00
HOGAR-010297,ENHOGAR,2026-08-21,01,0101,U,46,F,4,5589.00
HOGAR-010298,ENHOGAR,2026-08-22,02,0202,U,53,M,7,5726.00
HOGAR-010299,ENHOGAR,2026-08-23,03,0303,R,60,X,2,5863.00
HOGAR-010300,ENHOGAR,2026-08-24,04,0404,U,67,NR,5,6000.00
HOGAR-010301,ENHOGAR,2026-08-25,05,0505,U,74,F,8,6137.00
HOGAR-010302,ENHOGAR,2026-08-26,06,0606,R,81,M,3,6274.00
HOGAR-010303,ENHOGAR,2026-08-27,07,0707,U,88,X,6,6411.00
HOGAR-010304,ENHOGAR,2026-08-28,08,0808,U,22,NR,1,6548.00
HOGAR-010305,ENHOGAR,2026-08-01,09,0909,R,29,F,4,6685.00
HOGAR-010306,ENHOGAR,2026-08-02,10,1010,U,36,M,7,6822.00
HOGAR-010307,ENHOGAR,2026-08-03,11,1111,U,43,X,2,6959.00
HOGAR-010308,ENHOGAR,2026-08-04,12,1212,R,50,NR,5,7096.00
HOGAR-010309,ENHOGAR,2026-08-05,13,1313,U,57,F,8,7233.00
HOGAR-010310,ENHOGAR,2026-08-06,14,1414,U,64,M,3,7370.00
HOGAR-010311,ENHOGAR,2026-08-07,15,1515,R,71,X,6,7507.00
HOGAR-010312,ENHOGAR,2026-08-08,16,1616,U,78,NR,1,7644.00
HOGAR-010313,ENHOGAR,2026-08-09,17,1717,U,85,F,4,7781.00
HOGAR-010314,ENHOGAR,2026-08-10,18,1818,R,19,M,7,7918.00
HOGAR-010315,ENHOGAR,2026-08-11,19,1919,U,26,X,2,8055.00
HOGAR-010316,ENHOGAR,2026-08-12,20,2020,U,33,NR,5,8192.00
HOGAR-010317,ENHOGAR,2026-08-13,21,2121,R,40,F,8,8329.00
HOGAR-010318,ENHOGAR,2026-08-14,22,2222,U,47,M,3,8466.00
HOGAR-010319,ENHOGAR,2026-08-15,01,0123,U,54,X,6,1003.00
HOGAR-010320,ENHOGAR,2026-08-16,02,0224,R,61,NR,1,1140.00
HOGAR-010321,ENHOGAR,2026-08-17,03,0325,U,68,F,4,1277.00
HOGAR-010322,ENHOGAR,2026-08-18,04,0426,U,75,M,7,1414.00
HOGAR-010323,ENHOGAR,2026-08-19,05,0527,R,82,X,2,1551.00
HOGAR-010324,ENHOGAR,2026-08-20,06,0628,U,89,NR,5,1688.00
HOGAR-010325,ENHOGAR,2026-08-21,07,0729,U,23,F,8,1825.00
HOGAR-010326,ENHOGAR,2026-08-22,08,0830,R,30,M,3,1962.00
HOGAR-010327,ENHOGAR,2026-08-23,09,0931,U,37,X,6,2099.00
HOGAR-010328,ENHOGAR,2026-08-24,10,1032,U,44,NR,1,2236.00
HOGAR-010329,ENHOGAR,2026-08-25,11,1133,R,51,F,4,2373.00
HOGAR-010330,ENHOGAR,2026-08-26,12,1234,U,58,M,7,2510.00
HOGAR-010331,ENHOGAR,2026-08-27,13,1335,U,65,X,2,2647.00
HOGAR-010332,ENHOGAR,2026-08-28,14,1436,R,72,NR,5,2784.00
HOGAR-010333,ENHOGAR,2026-08-01,15,1537,U,79,F,8,2921.00
HOGAR-010334,ENHOGAR,2026-08-02,16,1638,U,86,M,3,3058.00
HOGAR-010335,ENHOGAR,2026-08-03,17,1739,R,20,X,6,3195.00
HOGAR-010336,ENHOGAR,2026-08-04,18,1840,U,27,NR,1,3332.00
HOGAR-010337,ENHOGAR,2026-08-05,19,1941,U,34,F,4,3469.00
HOGAR-010338,ENHOGAR,2026-08-06,20,2042,R,41,M,7,3606.00
HOGAR-010339,ENHOGAR,2026-08-07,21,2143,U,48,X,2,3743.00
HOGAR-010340,ENHOGAR,2026-08-08,22,2244,U,55,NR,5,3880.00
HOGAR-010341,ENHOGAR,2026-08-09,01,0145,R,62,F,8,4017.00
HOGAR-010342,ENHOGAR,2026-08-10,02,0246,U,69,M,3,4154.00
HOGAR-010343,ENHOGAR,2026-08-11,03,0347,U,76,X,6,4291.00
HOGAR-010344,ENHOGAR,2026-08-12,04,0448,R,83,NR,1,4428.00
HOGAR-010345,ENHOGAR,2026-08-13,05,0549,U,90,F,4,4565.00
HOGAR-010346,ENHOGAR,2026-08-14,06,0650,U,24,M,7,4702.00
HOGAR-010347,ENHOGAR,2026-08-15,07,0751,R,31,X,2,4839.00
HOGAR-010348,ENHOGAR,2026-08-16,08,0852,U,38,NR,5,4976.00
HOGAR-010349,ENHOGAR,2026-08-17,09,0953,U,45,F,8,5113.00
HOGAR-010350,ENHOGAR,2026-08-18,10,1054,R,52,M,3,5250.00
HOGAR-010351,ENHOGAR,2026-08-19,11,1155,U,59,X,6,5387.00
HOGAR-010352,ENHOGAR,2026-08-20,12,1256,U,66,NR,1,5524.00
HOGAR-010353,ENHOGAR,2026-08-21,13,1357,R,73,F,4,5661.00
HOGAR-010354,ENHOGAR,2026-08-22,14,1458,U,80,M,7,5798.00
HOGAR-010355,ENHOGAR,2026-08-23,15,1559,U,87,X,2,5935.00
HOGAR-010356,ENHOGAR,2026-08-24,16,1660,R,21,NR,5,6072.00
HOGAR-010357,ENHOGAR,2026-08-25,17,1761,U,28,F,8,6209.00
HOGAR-010358,ENHOGAR,2026-08-26,18,1862,U,35,M,3,6346.00
HOGAR-010359,ENHOGAR,2026-08-27,19,1963,R,42,X,6,6483.00
HOGAR-010360,ENHOGAR,2026-08-28,20,2064,U,49,NR,1,6620.00
HOGAR-010361,ENHOGAR,2026-08-01,21,2165,U,56,F,4,6757.00
HOGAR-010362,ENHOGAR,2026-08-02,22,2266,R,63,M,7, 6894.00 
HOGAR-010363,ENHOGAR,2026-08-03,01,0167,U,70,X,2,7031.00
HOGAR-010364,ENHOGAR,2026-08-04,02,0268,U,77,NR,5,7168.00
HOGAR-010365,ENHOGAR,2026-08-05,03,0369,R,84,F,8,7305.00
HOGAR-010366,ENHOGAR,2026-08-06,04,0470,U,18,M,3,7442.00
HOGAR-010367,ENHOGAR,2026-08-07,05,0571,U,25,X,6,7579.00
HOGAR-010368,ENHOGAR,2026-08-08,06,0672,R,32,NR,1,7716.00
HOGAR-010369,ENHOGAR,2026-08-09,07,0773,U,39,F,4,7853.00
HOGAR-010370,ENHOGAR,2026-08-10,08,0874,U,46,M,7,7990.00
HOGAR-010371,ENHOGAR,2026-08-11,09,0975,R,53,X,2,8127.00
HOGAR-010372,ENHOGAR,2026-08-12,10,1076,U,60,NR,5,8264.00
HOGAR-010373,ENHOGAR,2026-08-13,11,1177,U,67,F,8,8401.00
HOGAR-010374,ENHOGAR,2026-08-14,12,1278,R,74,M,3,938.00
HOGAR-010375,ENHOGAR,2026-08-15,13,1379,U,81,X,6,1075.00
HOGAR-010376,ENHOGAR,2026-08-16,14,1480,U,88,NR,1,1212.00
HOGAR-010377,ENHOGAR,2026-08-17,15,1581,R,22,F,4,1349.00
HOGAR-010378,ENHOGAR,2026-08-18,16,1682,U,29,M,7,1486.00
HOGAR-010379,ENHOGAR,2026-08-19,17,1783,U,36,X,2,1623.00
HOGAR-010380,ENHOGAR,2026-08-20,18,1884,R,43,NR,5,1760.00
HOGAR-010381,ENHOGAR,2026-08-21,19,1985,U,50,F,8,1897.00
HOGAR-010382,ENHOGAR,2026-08-22,20,2086,U,57,M,3,2034.00
HOGAR-010383,ENHOGAR,2026-08-23,21,2187,R,64,X,6,2171.00
HOGAR-010384,ENHOGAR,2026-08-24,22,2288,U,71,NR,1,2308.00
HOGAR-010385,ENHOGAR,2026-08-25,01,0189,U,78,F,4,2445.00
HOGAR-010386,ENHOGAR,2026-08-26,02,0290,R,85,M,7,2582.00
HOGAR-010387,ENHOGAR,2026-08-27,03,0391,U,19,X,2,2719.00
HOGAR-010388,ENHOGAR,2026-08-28,04,0492,U,26,NR,5,2856.00
HOGAR-010389,ENHOGAR,2026-08-01,05,0593,R,33,F,8,2993.00
HOGAR-010390,ENHOGAR,2026-08-02,06,0694,U,40,M,3,3130.00
HOGAR-010391,ENHOGAR,2026-08-03,07,0795,U,47,X,6,3267.00
HOGAR-010392,ENHOGAR,2026-08-04,08,0896,R,54,NR,1,3404.00
HOGAR-010393,ENHOGAR,2026-08-05,09,0997,U,61,F,4,3541.00
HOGAR-010394,ENHOGAR,2026-08-06,10,1098,U,68,M,7,3678.00
HOGAR-010395,ENHOGAR,2026-08-07,11,1199,R,75,X,2,3815.00
HOGAR-010396,ENHOGAR,2026-08-08,12,1201,U,82,NR,5,3952.00
HOGAR-010397,ENHOGAR,2026-08-09,13,1302,U,89,F,8,4089.00
HOGAR-010398,ENHOGAR,2026-08-10,14,1403,R,23,M,3,4226.00
HOGAR-010399,ENHOGAR,2026-08-11,15,1504,U,30,X,6,4363.00
HOGAR-010400,ENHOGAR,2026-08-12,16,1605,U,37,NR,1,4500.00
HOGAR-010401,ENHOGAR,2026-08-13,17,1706,R,44,F,4,4637.00
HOGAR-010402,ENHOGAR,2026-08-14,18,1807,U,51,M,7,4774.00
HOGAR-010403,ENHOGAR,2026-08-15,19,1908,U,58,X,2,4911.00
HOGAR-010404,ENHOGAR,2026-08-16,20,2009,R,65,NR,5,5048.00
HOGAR-010405,ENHOGAR,2026-08-17,21,2110,U,72,F,8,5185.00
HOGAR-010406,ENHOGAR,2026-08-18,22,2211,U,79,M,3,5322.00
HOGAR-010407,ENHOGAR,2026-08-19,01,0112,R,86,X,6,5459.00
HOGAR-010408,ENHOGAR,2026-08-20,02,0213,U,20,NR,1,5596.00
HOGAR-010409,ENHOGAR,2026-08-21,03,0314,U,27,F,4,5733.00
HOGAR-010410,ENHOGAR,2026-08-22,04,0415,R,34,M,7,5870.00
HOGAR-010411,ENHOGAR,2026-08-23,05,0516,U,41,X,2,6007.00
HOGAR-010412,ENHOGAR,2026-08-24,06,0617,U,48,NR,5,6144.00
HOGAR-010413,ENHOGAR,2026-08-25,07,0718,R,55,F,8,6281.00
HOGAR-010414,ENHOGAR,2026-08-26,08,0819,U,62,M,3,6418.00
HOGAR-010415,ENHOGAR,2026-08-27,09,0920,U,69,X,6,6555.00
HOGAR-010416,ENHOGAR,2026-08-28,10,1021,R,76,NR,1,6692.00
HOGAR-010417,ENHOGAR,2026-08-01,11,1122,U,83,F,4,6829.00
HOGAR-010418,ENHOGAR,2026-08-02,12,1223,U,90,M,7,6966.00
HOGAR-010419,ENHOGAR,2026-08-03,13,1324,R,24,X,2,7103.00
HOGAR-010420,ENHOGAR,2026-08-04,14,1425,U,31,NR,5,7240.00
HOGAR-010421,ENHOGAR,2026-08-05,15,1526,U,38,F,8,7377.00
HOGAR-010422,ENHOGAR,2026-08-06,16,1627,R,45,M,3,7514.00
HOGAR-010423,ENHOGAR,2026-08-07,17,1728,U,52,X,6,7651.00
HOGAR-010424,ENHOGAR,2026-08-08,18,1829,U,59,NR,1,7788.00
HOGAR-010425,ENHOGAR,2026-08-09,19,1930,R,66,F,4,7925.00
HOGAR-010426,ENHOGAR,2026-08-10,20,2031,U,73,M,7,8062.00
HOGAR-010427,ENHOGAR,2026-08-11,21,2132,U,80,X,2,8199.00
HOGAR-010428,ENHOGAR,2026-08-12,22,2233,R,87,NR,5,8336.00
HOGAR-010429,ENHOGAR,2026-08-13,01,0134,U,21,F,8,8473.00
HOGAR-010430,ENHOGAR,2026-08-14,02,0235,U,28,M,3,1010.00
HOGAR-010431,ENHOGAR,2026-08-15,03,0336,R,35,X,6,1147.00
HOGAR-010432,ENHOGAR,2026-08-16,04,0437,U,42,NR,1,1284.00
HOGAR-010433,ENHOGAR,2026-08-17,05,0538,U,49,F,4,1421.00
HOGAR-010434,ENHOGAR,2026-08-18,06,0639,R,56,M,7,1558.00
HOGAR-010435,ENHOGAR,2026-08-19,07,0740,U,63,X,2,1695.00
HOGAR-010436,ENHOGAR,2026-08-20,08,0841,U,70,NR,5,1832.00
HOGAR-010437,ENHOGAR,2026-08-21,09,0942,R,77,F,8,1969.00
HOGAR-010438,ENHOGAR,2026-08-22,10,1043,U,84,M,3,2106.00
HOGAR-010439,ENHOGAR,2026-08-23,11,1144,U,18,X,6,2243.00
HOGAR-010440,ENHOGAR,2026-08-24,12,1245,R,25,NR,1,2380.00
HOGAR-010441,ENHOGAR,2026-08-25,13,1346,U,32,F,4,2517.00
HOGAR-010442,ENHOGAR,2026-08-26,14,1447,U,39,M,7,2654.00
HOGAR-010443,ENHOGAR,2026-08-27,15,1548,R,46,X,2,2791.00
HOGAR-010444,ENHOGAR,2026-08-28,16,1649,U,53,NR,5,2928.00
HOGAR-010445,ENHOGAR,2026-08-01,17,1750,U,60,F,8,3065.00
HOGAR-010446,ENHOGAR,2026-08-02,18,1851,R,67,M,3,3202.00
HOGAR-010447,ENHOGAR,2026-08-03,19,1952,U,74,X,6,3339.00
HOGAR-010448,ENHOGAR,2026-08-04,20,2053,U,81,NR,1,3476.00
HOGAR-010449,ENHOGAR,2026-08-05,21,2154,R,88,F,4,3613.00
HOGAR-010450,ENHOGAR,2026-08-06,22,2255,U,22,M,7,3750.00
HOGAR-010451,ENHOGAR,2026-08-07,01,0156,U,29,X,2,3887.00
HOGAR-010452,ENHOGAR,2026-08-08,02,0257,R,36,NR,5,4024.00
HOGAR-010453,ENHOGAR,2026-08-09,03,0358,U,43,F,8,4161.00
HOGAR-010454,ENHOGAR,2026-08-10,04,0459,U,50,M,3,4298.00
HOGAR-010455,ENHOGAR,2026-08-11,05,0560,R,57,X,6,4435.00
HOGAR-010456,ENHOGAR,2026-08-12,06,0661,U,64,NR,1,4572.00
HOGAR-010457,ENHOGAR,2026-08-13,07,0762,U,71,F,4,4709.00
HOGAR-010458,ENHOGAR,2026-08-14,08,0863,R,78,M,7,4846.00
HOGAR-010459,ENHOGAR,2026-08-15,09,0964,U,85,X,2,4983.00
HOGAR-010460,ENHOGAR,2026-08-16,10,1065,U,19,NR,5,5120.00
HOGAR-010461,ENHOGAR,2026-08-17,11,1166,R,26,F,8,5257.00
HOGAR-010462,ENHOGAR,2026-08-18,12,1267,U,33,M,3,5394.00
HOGAR-010463,ENHOGAR,2026-08-19,13,1368,U,40,X,6,5531.00
HOGAR-010464,ENHOGAR,2026-08-20,14,1469,R,47,NR,1,5668.00
HOGAR-010465,ENHOGAR,2026-08-21,15,1570,U,54,F,4,5805.00
HOGAR-010466,ENHOGAR,2026-08-22,16,1671,U,61,M,7,5942.00
HOGAR-010467,ENHOGAR,2026-08-23,17,1772,R,68,X,2,6079.00
HOGAR-010468,ENHOGAR,2026-08-24,18,1873,U,75,NR,5,6216.00
HOGAR-010469,ENHOGAR,2026-08-25,19,1974,U,82,F,8,6353.00
HOGAR-010470,ENHOGAR,2026-08-26,20,2075,R,89,M,3,6490.00
HOGAR-010471,ENHOGAR,2026-08-27,21,2176,U,23,X,6,6627.00
HOGAR-010472,ENHOGAR,2026-08-28,22,2277,U,30,NR,1,6764.00
HOGAR-010473,ENHOGAR,2026-08-01,01,0178,R,37,F,4,6901.00
HOGAR-010474,ENHOGAR,2026-08-02,02,0279,U,44,M,7,7038.00
HOGAR-010475,ENHOGAR,2027-01-01,03,0380,U,51,X,2,7175.00
HOGAR-010476,ENHOGAR,2026-08-04,04,0481,R,58,NR,5,7312.00
HOGAR-010477,ENHOGAR,2026-08-05,05,0582,U,65,F,8,7449.00
HOGAR-010478,ENHOGAR,2026-08-06,06,0683,U,72,M,3,7586.00
HOGAR-010479,ENHOGAR,2026-08-07,07,0784,R,79,X,6,7723.00
HOGAR-010480,ENHOGAR,2026-08-08,08,0885,U,86,NR,1,7860.00
HOGAR-010481,ENHOGAR,2026-08-09,09,0986,U,20,F,4,7997.00
HOGAR-010482,ENHOGAR,2026-08-10,10,1087,R,27,M,7,8134.00
HOGAR-010483,ENHOGAR,2026-08-11,11,1188,U,34,X,2,8271.00
HOGAR-010484,ENHOGAR,2026-08-12,12,1289,U,41,NR,5,8408.00
HOGAR-010485,ENHOGAR,2026-08-13,13,1390,R,48,F,8,945.00
HOGAR-010486,ENHOGAR,2026-08-14,14,1491,U,55,M,3,1082.00
HOGAR-010487,ENHOGAR,2026-08-15,15,1592,U,62,X,6,1219.00
HOGAR-010488,ENHOGAR,2026-08-16,16,1693,R,69,NR,1,1356.00
HOGAR-010489,ENHOGAR,2026-08-17,17,1794,U,76,F,4,1493.00
HOGAR-010490,ENHOGAR,2026-08-18,18,1895,U,83,M,7,1630.00
HOGAR-010491,ENHOGAR,2026-08-19,19,1996,R,90,X,2,1767.00
HOGAR-010492,ENHOGAR,2026-08-20,20,2097,U,24,NR,5,1904.00
HOGAR-010493,ENHOGAR,2026-08-21,21,2198,U,31,F,8,2041.00
HOGAR-010494,ENHOGAR,2026-08-22,22,2299,R,38,M,3,2178.00
HOGAR-010495,ENHOGAR,2026-08-23,01,0101,U,45,X,6,2315.00
HOGAR-010496,ENHOGAR,2026-08-24,02,0202,U,52,NR,1,2452.00
HOGAR-010497,ENHOGAR,2026-08-25,03,0303,R,59,F,4,2589.00
HOGAR-010498,ENHOGAR,2026-08-26,04,0404,U,66,M,7,2726.00
HOGAR-010499,ENHOGAR,2026-08-27,05,0505,U,73,X,2,2863.00
HOGAR-010500,ENHOGAR,2026-08-28,06,0606,R,80,NR,5,3000.00
HOGAR-010501,ENHOGAR,2026-08-01,07,0707,U,87,F,8,3137.00
HOGAR-010502,ENHOGAR,2026-08-02,08,0808,U,21,M,3,3274.00
HOGAR-010503,ENHOGAR,2026-08-03,09,0909,R,28,X,6,3411.00
HOGAR-010504,ENHOGAR,2026-08-04,10,1010,U,35,NR,1,3548.00
HOGAR-010505,ENHOGAR,2026-08-05,11,1111,U,42,F,4,3685.00
HOGAR-010506,ENHOGAR,2026-08-06,12,1212,R,49,M,7,3822.00
HOGAR-010507,ENHOGAR,2026-08-07,13,1313,U,56,X,2,3959.00
HOGAR-010508,ENHOGAR,2026-08-08,14,1414,U,63,NR,5,4096.00
HOGAR-010509,ENHOGAR,2026-08-09,15,1515,R,70,F,8,4233.00
HOGAR-010510,ENHOGAR,2026-08-10,16,1616,U,77,M,3,4370.00
HOGAR-010511,ENHOGAR,2026-08-11,17,1717,U,84,X,6,4507.00
HOGAR-010512,ENHOGAR,2026-08-12,18,1818,R,18,NR,1,4644.00
HOGAR-010513,ENHOGAR,2026-08-13,19,1919,U,25,F,4,4781.00
HOGAR-010514,ENHOGAR,2026-08-14,20,2020,U,32,M,7,4918.00
HOGAR-010515,ENHOGAR,2026-08-15,21,2121,R,39,X,2,5055.00
HOGAR-010516,ENHOGAR,2026-08-16,22,2222,U,46,NR,5,5192.00
HOGAR-010517,ENHOGAR,2026-08-17,01,0123,U,53,F,8,5329.00
HOGAR-010518,ENHOGAR,2026-08-18,02,0224,R,60,M,3,5466.00
HOGAR-010519,ENHOGAR,2026-08-19,03,0325,U,67,X,6, 5603.00 
HOGAR-010520,ENHOGAR,2026-08-20,04,0426,U,74,NR,1,5740.00
HOGAR-010521,ENHOGAR,2026-08-21,05,0527,R,81,F,4,5877.00
HOGAR-010522,ENHOGAR,2026-08-22,06,0628,U,88,M,7,6014.00
HOGAR-010523,ENHOGAR,2026-08-23,07,0729,U,22,X,2,6151.00
HOGAR-010524,ENHOGAR,2026-08-24,08,0830,R,29,NR,5,6288.00
HOGAR-010525,ENHOGAR,2026-08-25,09,0931,U,36,F,8,6425.00
HOGAR-010526,ENHOGAR,2026-08-26,10,1032,U,43,M,3,6562.00
HOGAR-010527,ENHOGAR,2026-08-27,11,1133,R,50,X,6,6699.00
HOGAR-010528,ENHOGAR,2026-08-28,12,1234,U,57,NR,1,6836.00
HOGAR-010529,ENHOGAR,2026-08-01,13,1335,U,64,F,4,6973.00
HOGAR-010530,ENHOGAR,2026-08-02,14,1436,R,71,M,7,7110.00
HOGAR-010531,ENHOGAR,2026-08-03,15,1537,U,78,X,2,7247.00
HOGAR-010532,ENHOGAR,2026-08-04,16,1638,U,85,NR,5,7384.00
HOGAR-010533,ENHOGAR,2026-08-05,17,1739,R,19,F,8,7521.00
HOGAR-010534,ENHOGAR,2026-08-06,18,1840,U,26,M,3,7658.00
HOGAR-010535,ENHOGAR,2026-08-07,19,1941,U,33,X,6,7795.00
HOGAR-010536,ENHOGAR,2026-08-08,20,2042,R,40,NR,1,7932.00
HOGAR-010537,ENHOGAR,2026-08-09,21,2143,U,47,F,4,8069.00
HOGAR-010538,ENHOGAR,2026-08-10,22,2244,U,54,M,7,8206.00
HOGAR-010539,ENHOGAR,2026-08-11,01,0145,R,61,X,2,8343.00
HOGAR-010540,ENHOGAR,2026-08-12,02,0246,U,68,NR,5,8480.00
HOGAR-010541,ENHOGAR,2026-08-13,03,0347,U,75,F,8,1017.00
HOGAR-010542,ENHOGAR,2026-08-14,04,0448,R,82,M,3,1154.00
HOGAR-010543,ENHOGAR,2026-08-15,05,0549,U,89,X,6,1291.00
HOGAR-010544,ENHOGAR,2026-08-16,06,0650,U,23,NR,1,1428.00
HOGAR-010545,ENHOGAR,2026-08-17,07,0751,R,30,F,4,1565.00
HOGAR-010546,ENHOGAR,2026-08-18,08,0852,U,37,M,7,1702.00
HOGAR-010547,ENHOGAR,2026-08-19,09,0953,U,44,X,2,1839.00
HOGAR-010548,,2026-08-20,10,1054,R,51,NR,5,1976.00
HOGAR-010549,ENHOGAR,2026-08-21,11,1155,U,58,F,8,2113.00
HOGAR-010550,ENHOGAR,2026-08-22,12,1256,U,65,M,3,2250.00
HOGAR-010551,ENHOGAR,2026-08-23,13,1357,R,72,X,6,2387.00
HOGAR-010552,ENHOGAR,2026-08-24,14,1458,U,79,NR,1,2524.00
HOGAR-010553,ENHOGAR,2026-08-25,15,1559,U,86,F,4,2661.00
HOGAR-010554,ENHOGAR,2026-08-26,16,1660,R,20,M,7,2798.00
HOGAR-010555,ENHOGAR,2026-08-27,17,1761,U,27,X,2,2935.00
HOGAR-010556,ENHOGAR,2026-08-28,18,1862,U,34,NR,5,3072.00
HOGAR-010557,ENHOGAR,2026-08-01,19,1963,R,41,F,8,3209.00
HOGAR-010558,ENHOGAR,2026-08-02,20,2064,U,48,M,3,3346.00
HOGAR-010559,ENHOGAR,2026-08-03,21,2165,U,55,X,6,3483.00
HOGAR-010560,ENHOGAR,2026-08-04,22,2266,R,62,NR,1,3620.00
HOGAR-010561,ENHOGAR,2026-08-05,01,0167,U,69,F,4,3757.00
HOGAR-010562,ENHOGAR,2026-08-06,02,0268,U,76,M,7,3894.00
HOGAR-010563,ENHOGAR,2026-08-07,03,0369,R,83,X,2,-25.00
HOGAR-010564,ENHOGAR,2026-08-08,04,0470,U,90,NR,5,4168.00
HOGAR-010565,ENHOGAR,2026-08-09,05,0571,U,24,F,8,4305.00
HOGAR-010566,ENHOGAR,2026-08-10,06,0672,R,31,M,3,4442.00
HOGAR-010567,ENHOGAR,2026-08-11,07,0773,U,38,X,6,4579.00
HOGAR-010568,ENHOGAR,2026-08-12,08,0874,U,45,NR,1,4716.00
HOGAR-010569,ENHOGAR,2026-08-13,09,0975,R,52,F,4,4853.00
HOGAR-010570,ENHOGAR,2026-08-14,10,1076,U,59,M,7,4990.00
HOGAR-010571,ENHOGAR,2026-08-15,11,1177,U,66,X,2,5127.00
HOGAR-010572,ENHOGAR,2026-08-16,12,1278,R,73,NR,5,5264.00
HOGAR-010573,ENHOGAR,2026-08-17,13,1379,U,80,F,8,5401.00
HOGAR-010574,ENHOGAR,2026-08-18,14,1480,U,87,M,3,5538.00
HOGAR-010575,ENHOGAR,2026-08-19,15,1581,R,21,X,6,5675.00
HOGAR-010576,ENHOGAR,2026-08-20,16,1682,U,28,NR,1,5812.00
HOGAR-010577,ENHOGAR,2026-08-21,17,1783,U,35,F,4,5949.00
HOGAR-010578,ENHOGAR,2026-08-22,18,1884,R,42,M,7,6086.00
HOGAR-010579,ENHOGAR,2026-08-23,19,1985,U,49,X,2,6223.00
HOGAR-010580,ENHOGAR,2026-08-24,20,2086,U,56,NR,5,6360.00
HOGAR-010581,ENHOGAR,2026-08-25,21,2187,R,63,F,8,6497.00
HOGAR-010582,ENHOGAR,2026-08-26,22,2288,U,70,M,3,6634.00
HOGAR-010583,ENHOGAR,2026-08-27,01,0189,U,77,X,6,6771.00
HOGAR-010584,ENHOGAR,2026-08-28,02,0290,R,84,NR,1,6908.00
HOGAR-010585,ENHOGAR,2026-08-01,03,0391,U,18,F,4,7045.00
HOGAR-010586,ENHOGAR,2026-08-02,04,0492,U,25,M,7,7182.00
HOGAR-010587,ENHOGAR,2026-08-03,05,0593,R,32,X,2,7319.00
HOGAR-010588,ENHOGAR,2026-08-04,06,0694,U,39,NR,5,7456.00
HOGAR-010589,ENHOGAR,2026-08-05,07,0795,U,46,F,8,7593.00
HOGAR-010590,ENHOGAR,2026-08-06,08,0896,R,53,M,3,7730.00
HOGAR-010591,ENHOGAR,2026-08-07,09,0997,U,60,X,6,7867.00
HOGAR-010592,ENHOGAR,2026-08-08,10,1098,U,67,NR,1,8004.00
HOGAR-010593,ENHOGAR,2026-08-09,11,1199,R,74,F,4,8141.00
HOGAR-010594,ENHOGAR,2026-08-10,12,1201,U,81,M,7,8278.00
HOGAR-010595,ENHOGAR,2026-08-11,13,1302,U,88,X,2,8415.00
HOGAR-010596,ENHOGAR,2026-08-12,14,1403,R,22,NR,5,952.00
HOGAR-010597,ENHOGAR,2026-08-13,15,1504,U,29,F,8,1089.00
HOGAR-010598,ENHOGAR,2026-08-14,16,1605,U,36,M,3,1226.00
HOGAR-010599,ENHOGAR,2026-08-15,17,1706,R,43,X,6,1363.00
HOGAR-010600,ENHOGAR,2026-08-16,18,1807,U,50,NR,1,1500.00
HOGAR-010601,ENHOGAR,2026-08-17,19,1908,U,57,F,4,1637.00
HOGAR-010602,ENHOGAR,2026-08-18,20,2009,R,64,M,7,1774.00
HOGAR-010603,ENHOGAR,2026-08-19,21,2110,U,71,X,2,1911.00
HOGAR-010604,ENHOGAR,2026-08-20,22,2211,U,78,NR,5,2048.00
HOGAR-010605,ENHOGAR,2026-08-21,01,0112,R,85,F,8,2185.00
HOGAR-010606,ENHOGAR,2026-08-22,02,0213,U,19,M,3,2322.00
HOGAR-010607,ENHOGAR,2026-08-23,03,0314,U,26,X,6,2459.00
HOGAR-010608,ENHOGAR,2026-08-24,04,0415,R,33,NR,1,2596.00
HOGAR-010609,ENHOGAR,2026-08-25,05,0516,U,40,F,4,2733.00
HOGAR-010610,ENHOGAR,2026-08-26,06,0617,U,47,M,7,2870.00
HOGAR-010611,ENHOGAR,2026-08-27,07,0718,R,54,X,2,3007.00
HOGAR-010612,ENHOGAR,2026-08-28,08,0819,U,61,NR,5,3144.00
HOGAR-010613,ENHOGAR,2026-08-01,09,0920,U,68,F,8,3281.00
HOGAR-010614,ENHOGAR,2026-08-02,10,1021,R,75,M,3,3418.00
HOGAR-010615,ENHOGAR,2026-08-03,11,1122,U,82,X,6,3555.00
HOGAR-010616,ENHOGAR,2026-08-04,12,1223,U,89,NR,1,3692.00
HOGAR-010617,ENHOGAR,2026-08-05,13,1324,R,23,F,4,3829.00
HOGAR-010618,ENHOGAR,2026-08-06,14,1425,U,30,M,7,3966.00
HOGAR-010619,ENHOGAR,2026-08-07,15,1526,U,37,X,2,4103.00
HOGAR-010620,ENHOGAR,2026-08-08,16,1627,R,44,NR,5,4240.00
HOGAR-010621,ENHOGAR,2026-08-09,17,1728,U,51,F,8,4377.00
HOGAR-010622,ENHOGAR,2026-08-10,18,1829,U,58,M,3,4514.00
HOGAR-010623,ENHOGAR,2026-08-11,19,1930,R,65,X,6,4651.00
HOGAR-010624,ENHOGAR,2026-08-12,20,2031,U,72,NR,1,4788.00
HOGAR-010625,ENHOGAR,2026-08-13,21,2132,U,79,F,4,4925.00
HOGAR-010626,ENHOGAR,2026-08-14,22,2233,R,86,M,7,5062.00
HOGAR-010627,ENHOGAR,2026-08-15,01,0134,U,20,X,2,5199.00
HOGAR-010628,ENHOGAR,2026-08-16,02,0235,U,27,NR,5,5336.00
HOGAR-010629,ENHOGAR,2026-08-17,03,0336,R,34,F,8,5473.00
HOGAR-010630,ENHOGAR,2026-08-18,04,0437,U,41,M,3,5610.00
HOGAR-010631,ENHOGAR,2026-08-19,05,0538,U,48,X,6,5747.00
HOGAR-010632,ENHOGAR,2026-08-20,06,0639,R,55,NR,1,5884.00
HOGAR-010633,ENHOGAR,2026-08-21,07,0740,U,62,F,4,6021.00
HOGAR-010634,ENHOGAR,2026-08-22,08,0841,U,69,M,7,6158.00
HOGAR-010635,ENHOGAR,2026-08-23,09,0942,R,76,X,2,6295.00
HOGAR-010636,ENHOGAR,2026-08-24,10,1043,U,83,NR,5,6432.00
HOGAR-010637,ENHOGAR,2026-08-25,11,1144,U,90,F,8,6569.00
HOGAR-010638,ENHOGAR,2026-08-26,12,1245,R,24,M,3,6706.00
HOGAR-010639,ENHOGAR,2026-08-27,13,1346,U,31,X,6,6843.00
HOGAR-010640,ENHOGAR,2026-08-28,14,1447,U,38,NR,1,6980.00
HOGAR-010641,ENHOGAR,2026-08-01,15,1548,R,45,F,4,7117.00
HOGAR-010642,ENHOGAR,2026-08-02,16,1649,U,52,M,7,7254.00
HOGAR/010643,ENHOGAR,2026-08-03,17,1750,U,59,X,2,7391.00
HOGAR-010644,ENHOGAR,2026-08-04,18,1851,R,135,NR,5,7528.00
HOGAR-010645,ENHOGAR,2026-08-05,19,1952,U,73,F,8,7665.00
HOGAR-010646,ENHOGAR,2026-08-06,20,2053,U,80,M,3,7802.00
HOGAR-010647,ENHOGAR,2026-08-07,21,2154,R,87,X,6,7939.00
HOGAR-010648,ENHOGAR,2026-08-08,22,2255,U,21,NR,1,8076.00
HOGAR-010649,ENHOGAR,2026-08-09,01,0156,U,28,F,4,8213.00
HOGAR-010650,ENHOGAR,2026-08-10,02,0257,R,35,M,7,8350.00
HOGAR-010651,ENHOGAR,2026-08-11,03,0358,U,42,X,2,8487.00
HOGAR-010652,ENHOGAR,2026-08-12,04,0459,U,49,NR,5,1024.00
HOGAR-010653,ENHOGAR,2026-08-13,05,0560,R,56,F,8,1161.00
HOGAR-010654,ENHOGAR,2026-08-14,06,0661,U,63,M,3,1298.00
HOGAR-010655,ENHOGAR,2026-08-15,07,0762,U,70,X,6,1435.00
HOGAR-010656,ENHOGAR,2026-08-16,08,0863,R,77,NR,1,1572.00
HOGAR-010657,ENHOGAR,2026-08-17,09,0964,U,84,F,4,1709.00
HOGAR-010658,ENHOGAR,2026-08-18,10,1065,U,18,M,7,1846.00
HOGAR-010659,ENHOGAR,2026-08-19,11,1166,R,25,X,2,1983.00
HOGAR-010660,ENHOGAR,2026-08-20,12,1267,U,32,NR,5,2120.00
HOGAR-010661,ENHOGAR,2026-08-21,13,1368,U,39,F,8,2257.00
HOGAR-010662,ENHOGAR,2026-08-22,14,1469,R,46,M,3,2394.00
HOGAR-010663,ENHOGAR,2026-08-23,15,1570,U,53,X,6,2531.00
HOGAR-010664,ENHOGAR,2026-08-24,16,1671,U,60,NR,1,2668.00
HOGAR-010665,ENHOGAR,2026-08-25,17,1772,R,67,F,4,2805.00
HOGAR-010666,ENHOGAR,2026-08-26,18,1873,U,74,M,7,2942.00
HOGAR-010667,ENHOGAR,2026-08-27,19,1974,U,81,X,2,3079.00
HOGAR-010668,ENHOGAR,2026-08-28,20,2075,R,88,NR,5,3216.00
HOGAR-010669,ENHOGAR,2026-08-01,21,2176,U,22,F,8,3353.00
HOGAR-010670,ENHOGAR,2026-08-02,22,2277,U,29,M,3,3490.00
HOGAR-010671,ENHOGAR,2026-08-03,01,0178,R,36,X,6,3627.00
HOGAR-010672,ENHOGAR,2026-08-04,02,0279,U,43,NR,1,3764.00
HOGAR-010673,ENHOGAR,2026-08-05,03,0380,U,50,F,4,3901.00
HOGAR-010674,ENHOGAR,2026-08-06,04,0481,R,57,M,7,4038.00
HOGAR-010675,ENHOGAR,2026-08-07,05,0582,U,64,X,2,4175.00
HOGAR-010676,ENHOGAR,2026-08-08,06,0683,U,71,NR,5, 4312.00 
HOGAR-010677,ENHOGAR,2026-08-09,07,0784,R,78,F,8,4449.00
HOGAR-010678,ENHOGAR,2026-08-10,08,0885,U,85,M,3,4586.00
HOGAR-010679,ENHOGAR,2026-08-11,09,0986,U,19,X,6,4723.00
HOGAR-010680,ENHOGAR,2026-08-12,10,1087,R,26,NR,1,4860.00
HOGAR-010681,ENHOGAR,2026-08-13,11,1188,U,33,F,4,4997.00
HOGAR-010682,ENHOGAR,2026-08-14,12,1289,U,40,M,7,5134.00
HOGAR-010683,ENHOGAR,2026-08-15,13,1390,R,47,X,2,5271.00
HOGAR-010684,ENHOGAR,2026-08-16,14,1491,U,54,NR,5,5408.00
HOGAR-010685,ENHOGAR,2026-08-17,15,1592,U,61,F,8,5545.00
HOGAR-010686,ENHOGAR,2026-08-18,16,1693,R,68,M,3,5682.00
HOGAR-010687,ENHOGAR,2026-08-19,17,1794,U,75,X,6,5819.00
HOGAR-010688,ENHOGAR,2026-08-20,18,1895,U,82,NR,1,5956.00
HOGAR-010689,ENHOGAR,2026-08-21,19,1996,R,89,F,4,6093.00
HOGAR-010690,ENHOGAR,2026-08-22,20,2097,U,23,M,7,6230.00
HOGAR-010691,ENHOGAR,2026-08-23,21,2198,U,30,X,2,6367.00
HOGAR-010692,ENHOGAR,2026-08-24,22,2299,R,37,NR,5,6504.00
HOGAR-010693,ENHOGAR,2026-08-25,01,0101,U,44,F,8,6641.00
HOGAR-010694,ENHOGAR,2026-08-26,02,0202,U,51,M,3,6778.00
HOGAR-010695,ENHOGAR,2026-08-27,03,0303,R,58,X,6,6915.00
HOGAR-010696,ENHOGAR,2026-08-28,04,0404,U,65,NR,1,7052.00
HOGAR-010697,ENHOGAR,2026-08-01,05,0505,U,72,F,4,7189.00
HOGAR-010698,ENHOGAR,2026-08-02,06,0606,R,79,M,7,7326.00
HOGAR-010699,ENHOGAR,2026-08-03,07,0707,U,86,X,2,7463.00
HOGAR-010700,ENHOGAR,2026-08-04,08,0808,U,20,NR,5,7600.00
HOGAR-010701,ENHOGAR,2026-08-05,09,0909,R,27,F,8,7737.00
HOGAR-010702,ENHOGAR,2026-08-06,10,1010,U,34,M,3,7874.00
HOGAR-010703,ENHOGAR,2026-08-07,11,1111,U,41,X,6,8011.00
HOGAR-010704,ENHOGAR,2026-08-08,12,1212,R,48,NR,1,8148.00
HOGAR-010705,ENHOGAR,2026-08-09,13,1313,U,55,F,4,8285.00
HOGAR-010706,ENHOGAR,2026-08-10,14,1414,U,62,M,7,8422.00
HOGAR-010707,ENHOGAR,2026-08-11,15,1515,R,69,X,2,959.00
HOGAR-010708,ENHOGAR,2026-08-12,16,1616,U,76,NR,5,1096.00
HOGAR-010709,ENHOGAR,2026-08-13,17,1717,U,83,F,8,1233.00
HOGAR-010710,ENHOGAR,2026-08-14,18,1818,R,90,M,3,1370.00
HOGAR-010711,ENHOGAR,2026-08-15,19,1919,U,24,X,6,1507.00
HOGAR-010712,ENHOGAR,2026-08-16,20,2020,U,31,NR,1,1644.00
HOGAR-010713,ENHOGAR,2026-08-17,21,2121,R,38,F,4,1781.00
HOGAR-010714,ENHOGAR,2026-08-18,22,2222,U,45,M,7,1918.00
HOGAR-010715,ENHOGAR,2026-08-19,01,0123,U,52,X,2,2055.00
HOGAR-010716,ENHOGAR,2026-08-20,02,0224,R,59,NR,5,2192.00
HOGAR-010717,ENHOGAR,2026-08-21,03,0325,U,66,F,8,2329.00
HOGAR-010718,ENHOGAR,2026-08-22,04,0426,U,73,M,3,2466.00
HOGAR-010719,ENHOGAR,2026-08-23,05,0527,R,80,X,6,2603.00
HOGAR-010720,ENHOGAR,2026-08-24,06,0628,U,87,NR,1,2740.00
HOGAR-010721,ENHOGAR,2026-08-25,07,0729,U,21,F,4,2877.00
HOGAR-010722,ENHOGAR,2026-08-26,08,0830,R,28,M,7,3014.00
HOGAR-010723,ENHOGAR,2026-08-27,09,0931,U,35,X,2,3151.00
HOGAR-010724,ENHOGAR,2026-08-28,10,1032,U,42,NR,5,3288.00
HOGAR-010725,ENHOGAR,2026-08-01,11,1133,R,49,F,8,3425.00
HOGAR-010726,ENHOGAR,2026-08-02,12,1234,U,56,M,3,3562.00
HOGAR-010727,ENHOGAR,2026-08-03,13,1335,U,63,X,6,3699.00
HOGAR-010728,ENHOGAR,2026-08-04,14,1436,R,70,NR,1,3836.00
HOGAR-010729,ENHOGAR,2026-08-05,15,1537,U,77,F,4,3973.00
HOGAR-010730,ENHOGAR,2026-08-06,16,1638,U,84,M,7,4110.00
HOGAR-010731,ENHOGAR,2026-08-07,17,1739,R,18,X,2,4247.00
HOGAR-010732,ENHOGAR,2026-08-08,18,1840,U,25,NR,5,4384.00
HOGAR-010733,ENHOGAR,2026-08-09,19,1941,U,32,F,8,4521.00
HOGAR-010734,ENHOGAR,2026-08-10,20,2042,R,39,M,3,4658.00
HOGAR-010735,ENHOGAR,2026-08-11,21,2143,U,46,X,6,4795.00
HOGAR-010736,ENHOGAR,2026-08-12,22,2244,U,53,NR,1,4932.00
HOGAR-010737,ENHOGAR,2026-08-13,01,0145,R,60,F,4,5069.00
HOGAR-010738,ENHOGAR,2026-08-14,02,0246,U,67,M,7,5206.00
HOGAR-010739,ENHOGAR,2026-08-15,03,0347,U,74,X,2,5343.00
HOGAR-010740,ENHOGAR,2026-08-16,04,0448,R,81,NR,5,5480.00
HOGAR-010741,ENHOGAR,2026-08-17,05,0549,U,88,F,8,5617.00
HOGAR-010742,ENHOGAR,2026-08-18,06,0650,U,22,M,3,5754.00
HOGAR-010743,ENHOGAR,2026-08-19,07,0751,R,29,X,6,5891.00
HOGAR-010744,ENHOGAR,2026-08-20,08,0852,U,36,NR,1,6028.00
HOGAR-010745,ENHOGAR,2026-08-21,09,0953,U,43,F,4,6165.00
HOGAR-010746,ENHOGAR,2026-08-22,10,1054,R,50,M,7,6302.00
HOGAR-010747,ENHOGAR,2026-08-23,11,1155,U,57,X,2,6439.00
HOGAR-010748,ENHOGAR,2026-08-24,12,1256,U,64,NR,5,6576.00
HOGAR-010749,ENHOGAR,2026-08-25,13,1357,R,71,F,8,6713.00
HOGAR-010750,ENHOGAR,2026-08-26,14,1458,U,78,M,3,6850.00
HOGAR-010751,ENHOGAR,2026-08-27,15,1559,U,85,X,6,6987.00
HOGAR-010752,ENHOGAR,2026-08-28,16,1660,R,19,NR,1,7124.00
HOGAR-010753,ENHOGAR,2026-08-01,17,1761,U,26,F,4,7261.00
HOGAR-010754,ENHOGAR,2026-08-02,18,1862,U,33,M,7,7398.00
HOGAR-010755,ENHOGAR,2026-08-03,19,1963,R,40,X,2,7535.00
HOGAR-010756,ENHOGAR,2026-08-04,20,2064,U,47,NR,5,7672.00
HOGAR-010757,ENHOGAR,2026-08-05,21,2165,U,54,F,8,7809.00
HOGAR-010758,ENHOGAR,2026-08-06,22,2266,R,61,M,3,7946.00
HOGAR-010759,ENHOGAR,2026-08-07,01,0167,U,68,X,6,8083.00
HOGAR-010760,ENHOGAR,2026-08-08,02,0268,U,75,NR,1,8220.00
HOGAR-010761,ENHOGAR,2026-08-09,03,0369,R,82,F,4,8357.00
HOGAR-010762,ENHOGAR,2026-08-10,04,0470,U,89,M,7,8494.00
HOGAR-010763,ENHOGAR,2026-08-11,05,0571,U,23,X,2,1031.00
HOGAR-010764,ENHOGAR,2026-08-12,06,0672,R,30,NR,5,1168.00
HOGAR-010765,ENHOGAR,2026-08-13,07,0773,U,37,F,8,1305.00
HOGAR-010766,ENHOGAR,2026-08-14,08,0874,U,44,M,3,1442.00
HOGAR-010767,ENHOGAR,2026-08-15,09,0975,R,51,X,6,1579.00
HOGAR-010768,ENHOGAR,2026-08-16,10,1076,U,58,NR,1,1716.00
HOGAR-010769,ENHOGAR,2026-08-17,11,1177,U,65,F,4,1853.00
HOGAR-010770,ENHOGAR,2026-08-18,12,1278,R,72,M,7,1990.00
HOGAR-010771,ENHOGAR,2026-08-19,13,1379,U,79,X,2,2127.00
HOGAR-010772,ENHOGAR,2026-08-20,14,1480,U,86,NR,5,2264.00
HOGAR-010773,ENHOGAR,2026-08-21,15,1581,R,20,F,8,2401.00
HOGAR-010774,ENHOGAR,2026-08-22,16,1682,U,27,M,3,2538.00
HOGAR-010775,ENHOGAR,2026-08-23,17,1783,U,34,X,6,2675.00
HOGAR-010776,ENHOGAR,2026-08-24,18,1884,R,41,NR,1,2812.00
HOGAR-010777,ENHOGAR,2026-08-25,19,1985,U,48,F,4,2949.00
HOGAR-010778,ENHOGAR,2026-08-26,20,2086,U,55,M,7,3086.00
HOGAR-010779,ENHOGAR,2026-08-27,21,2187,R,62,X,2,3223.00
HOGAR-010780,ENHOGAR,2026-08-28,22,2288,U,69,NR,5,3360.00
HOGAR-010781,ENHOGAR,2026-08-01,01,0189,U,76,F,8,3497.00
HOGAR-010782,ENHOGAR,2026-08-02,02,0290,R,83,M,3,3634.00
HOGAR-010783,ENHOGAR,2026-08-03,03,0391,U,90,X,6,3771.00
HOGAR-010784,ENHOGAR,2026-08-04,04,0492,U,24,NR,1,3908.00
HOGAR-010785,ENHOGAR,2026-08-05,05,0593,R,31,F,4,4045.00
HOGAR-010786,ENHOGAR,2026-08-06,06,0694,U,38,M,7,4182.00
HOGAR-010787,ENHOGAR,2026-08-07,07,0795,U,45,X,2,4319.00
HOGAR-010788,ENHOGAR,2026-08-08,08,0896,R,52,NR,5,4456.00
HOGAR-010789,ENHOGAR,2026-08-09,09,0997,U,59,F,8,4593.00
HOGAR-010790,ENHOGAR,2026-08-10,10,1098,U,66,M,3,4730.00
HOGAR-010791,ENHOGAR,2026-08-11,11,1199,R,73,X,6,4867.00
HOGAR-010792,ENHOGAR,2026-08-12,12,1201,U,80,NR,1,5004.00
HOGAR-010793,ENHOGAR,2026-08-13,13,1302,U,87,F,4,5141.00
HOGAR-010794,ENHOGAR,2026-08-14,14,1403,R,21,M,7,5278.00
HOGAR-010795,ENHOGAR,2026-08-15,15,1504,U,28,X,2,5415.00
HOGAR-010796,ENHOGAR,2026-08-16,16,1605,U,35,NR,5,5552.00
HOGAR-010797,ENHOGAR,2026-08-17,17,1706,R,42,F,8,5689.00
HOGAR-010798,ENHOGAR,2026-08-18,18,1807,U,49,M,3,5826.00
HOGAR-010799,ENHOGAR,2026-08-19,19,1908,U,56,X,6,5963.00
HOGAR-010800,ENHOGAR,2026-08-20,20,2009,R,63,NR,1,6100.00
HOGAR-010801,ENHOGAR,2026-08-21,21,2110,U,70,F,4,6237.00
HOGAR-010802,ENHOGAR,2026-08-22,22,2211,U,77,M,7,6374.00
HOGAR-010803,ENHOGAR,2026-08-23,01,0112,R,84,X,2,6511.00
HOGAR-010804,ENHOGAR,2026-08-24,02,0213,U,18,NR,5,6648.00
HOGAR-010805,ENHOGAR,2026-08-25,03,0314,U,25,F,8,6785.00
HOGAR-010806,ENHOGAR,2026-08-26,04,0415,R,32,M,3,6922.00
HOGAR-010807,ENHOGAR,2026-08-27,05,0516,U,39,X,6,7059.00
HOGAR-010808,ENHOGAR,2026-08-28,06,0617,U,46,NR,1,7196.00
HOGAR-010809,ENHOGAR,2026-08-01,07,0718,R,53,F,4,7333.00
HOGAR-010810,ENHOGAR,2026-08-02,08,0819,U,60,M,7,7470.00
HOGAR-010811,ENHOGAR,2026-08-03,09,0920,U,67,X,2,7607.00
HOGAR-010812,ENHOGAR,2026-08-04,10,1021,R,74,NR,5,7744.00
HOGAR-010813,ENHOGAR,2026-08-05,11,1122,U,81,F,8,7881.00
HOGAR-010814,ENHOGAR,2026-08-06,12,1223,U,88,M,3,8018.00
HOGAR-010815,ENHOGAR,2026-08-07,13,1324,R,22,X,6,8155.00
HOGAR-010816,ENHOGAR,2026-08-08,14,1425,U,29,NR,1,8292.00
HOGAR-010817,ENHOGAR,2026-08-09,15,1526,U,36,F,4,8429.00
HOGAR-010818,ENHOGAR,2026-08-10,16,1627,R,43,M,7,966.00
HOGAR-010819,ENHOGAR,2026-08-11,17,1728,U,50,X,2,1103.00
HOGAR-010820,ENHOGAR,2026-08-12,18,1829,U,57,NR,5,1240.00
HOGAR-010821,ENHOGAR,2026-08-13,19,1930,R,64,F,8,1377.00
HOGAR-010822,ENHOGAR,2026-08-14,20,2031,U,71,M,3,1514.00
HOGAR-010823,ENHOGAR,2026-08-15,21,2132,U,78,X,6,1651.00
HOGAR-010824,ENHOGAR,2026-08-16,22,2233,R,85,NR,1,1788.00
HOGAR-010825,ENHOGAR,2026-08-17,01,0134,U,19,F,4,1925.00
HOGAR-010826,ENHOGAR,2026-08-18,02,0235,U,26,M,7,2062.00
HOGAR-010827,ENHOGAR,2026-08-19,03,0336,R,33,X,2,2199.00
HOGAR-010828,ENHOGAR,2026-08-20,04,0437,U,40,NR,5,2336.00
HOGAR-010829,ENHOGAR,2026-08-21,05,0538,U,47,F,8,2473.00
HOGAR-010830,ENHOGAR,2026-08-22,06,0639,R,54,M,3,2610.00
HOGAR-010831,ENHOGAR,2026-08-23,07,0740,U,61,X,6,2747.00
HOGAR-010832,ENHOGAR,2026-08-24,08,0841,U,68,NR,1,2884.00
HOGAR-010833,ENHOGAR,2026-08-25,09,0942,R,75,F,4, 3021.00 
HOGAR-010834,ENHOGAR,2026-08-26,10,1043,U,82,M,7,3158.00
HOGAR-010835,ENHOGAR,2026-08-27,11,1144,U,89,X,2,3295.00
HOGAR-010836,ENHOGAR,2026-08-28,12,1245,R,23,NR,5,3432.00
HOGAR-010837,ENHOGAR,2026-08-01,13,1346,U,30,F,8,3569.00
HOGAR-010838,ENHOGAR,2026-08-02,14,1447,U,37,M,3,3706.00
HOGAR-010839,ENHOGAR,2026-08-03,15,1548,R,44,X,6,3843.00
HOGAR-010840,ENHOGAR,2026-08-04,16,1649,U,51,NR,1,3980.00
HOGAR-010841,,2026-08-05,17,1750,U,58,F,4,4117.00
HOGAR-010842,ENHOGAR,2026-08-06,18,1851,R,65,M,7,4254.00
HOGAR-010843,ENHOGAR,2026-08-07,19,1952,U,72,X,2,4391.00
HOGAR-010844,ENHOGAR,2026-08-08,20,2053,U,79,NR,5,4528.00
HOGAR-010845,ENHOGAR,2026-08-09,21,2154,R,86,F,8,4665.00
HOGAR-010846,ENHOGAR,2026-08-10,22,2255,U,20,M,3,4802.00
HOGAR-010847,ENHOGAR,2026-08-11,01,0156,U,27,X,6,4939.00
HOGAR-010848,ENHOGAR,2026-08-12,02,0257,R,34,NR,1,5076.00
HOGAR-010849,ENHOGAR,2026-08-13,03,0358,U,41,F,4,5213.00
HOGAR-010850,ENHOGAR,2026-08-14,04,0459,U,48,M,7,5350.00
HOGAR-010851,ENHOGAR,2026-08-15,05,0560,R,55,X,2,5487.00
HOGAR-010852,ENHOGAR,2026-08-16,06,0661,U,62,NR,5,5624.00
HOGAR-010853,ENHOGAR,2026-08-17,07,0762,U,69,F,8,5761.00
HOGAR-010854,ENHOGAR,2026-08-18,08,0863,R,76,M,3,5898.00
HOGAR-010855,ENHOGAR,2026-08-19,09,0964,U,83,X,6,6035.00
HOGAR-010856,ENHOGAR,2026-08-20,10,1065,U,90,NR,1,6172.00
HOGAR-010857,ENHOGAR,2026-08-21,11,1166,R,24,F,4,6309.00
HOGAR-010858,ENHOGAR,2026-08-22,12,1267,U,31,M,7,6446.00
HOGAR-010859,ENHOGAR,2026-08-23,13,1368,U,38,X,2,6583.00
HOGAR-010860,ENHOGAR,2026-08-24,14,1469,R,45,NR,5,6720.00
HOGAR-010861,ENHOGAR,2026-08-25,15,1570,U,52,F,8,6857.00
HOGAR-010862,ENHOGAR,2026-08-26,16,1671,U,59,M,3,6994.00
HOGAR-010863,ENHOGAR,2026-08-27,17,1772,R,66,X,6,7131.00
HOGAR-010864,ENHOGAR,2026-08-28,18,1873,U,73,NR,1,7268.00
HOGAR-010865,ENHOGAR,2026-08-01,19,1974,U,80,F,4,7405.00
HOGAR-010866,ENHOGAR,2026-08-02,20,2075,R,87,M,7,7542.00
HOGAR-010867,ENHOGAR,2026-08-03,21,2176,U,21,X,2,7679.00
HOGAR-010868,ENHOGAR,2026-08-04,22,2277,U,28,NR,5,7816.00
HOGAR-010869,ENHOGAR,2026-08-05,01,0178,R,35,F,8,7953.00
HOGAR-010870,ENHOGAR,2026-08-06,02,0279,U,42,M,3,8090.00
HOGAR-010871,ENHOGAR,2026-08-07,03,0380,U,49,X,6,8227.00
HOGAR-010872,ENHOGAR,2026-08-08,04,0481,R,56,NR,1,8364.00
HOGAR-010873,ENHOGAR,2026-08-09,05,0582,U,63,F,4,901.00
HOGAR-010874,ENHOGAR,2026-08-10,06,0683,U,70,M,7,1038.00
HOGAR-010875,ENHOGAR,2026-08-11,07,0784,R,77,X,2,1175.00
HOGAR-010876,ENHOGAR,2026-08-12,08,0885,U,84,NR,5,1312.00
HOGAR-010877,ENHOGAR,2026-08-13,09,0986,U,18,F,8,1449.00
HOGAR-000001,ENHOGAR,2026-08-14,10,1087,R,25,M,3,1586.00
HOGAR-010879,ENHOGAR,2026-08-15,11,1188,U,32,X,6,1723.00
HOGAR-010880,ENHOGAR,2026-08-16,12,1289,U,39,NR,1,1860.00
HOGAR-010881,ENHOGAR,2026-08-17,13,1390,R,46,F,4,1997.00
HOGAR-010882,ENHOGAR,2026-08-18,14,1491,U,53,M,7,2134.00
HOGAR-010883,ENHOGAR,2026-08-19,15,1592,U,60,X,2,2271.00
HOGAR-010884,ENHOGAR,2026-08-20,16,1693,R,67,NR,5,2408.00
HOGAR-010885,ENHOGAR,2026-08-21,17,1794,U,74,F,8,2545.00
HOGAR-010886,ENHOGAR,2026-08-22,18,1895,U,81,M,3,2682.00
HOGAR-010887,ENHOGAR,2026-08-23,19,1996,R,88,X,6,2819.00
HOGAR-010888,ENHOGAR,2026-08-24,20,2097,U,22,NR,1,2956.00
HOGAR-010889,ENHOGAR,2026-08-25,21,2198,U,29,F,4,3093.00
HOGAR-010890,ENHOGAR,2026-08-26,22,2299,R,36,M,7,3230.00
HOGAR-010891,ENHOGAR,2026-08-27,01,0101,U,43,X,2,3367.00
HOGAR-010892,ENHOGAR,2026-08-28,02,0202,U,50,NR,5,3504.00
HOGAR-010893,ENHOGAR,2026-08-01,03,0303,R,57,F,8,3641.00
HOGAR-010894,ENHOGAR,2027-01-01,04,0404,U,64,M,3,3778.00
HOGAR-010895,ENHOGAR,2026-08-03,05,0505,U,71,X,6,3915.00
HOGAR-010896,ENHOGAR,2026-08-04,06,0606,R,78,NR,1,4052.00
HOGAR-010897,ENHOGAR,2026-08-05,07,0707,U,85,F,0,4189.00
HOGAR-010898,ENHOGAR,2026-08-06,08,0808,U,19,M,7,4326.00
HOGAR-010899,ENHOGAR,2026-08-07,09,0909,R,26,X,2,4463.00
HOGAR-010900,ENHOGAR,2026-08-08,10,1010,U,33,NR,5,4600.00
HOGAR-010901,ENHOGAR,2026-08-09,11,1111,U,40,F,8,4737.00
HOGAR-010902,ENHOGAR,2026-08-10,12,1212,R,47,M,3,4874.00
HOGAR-010903,ENHOGAR,2026-08-11,13,1313,U,54,X,6,5011.00
HOGAR-010904,ENHOGAR,2026-08-12,14,1414,U,61,NR,1,5148.00
HOGAR-010905,ENHOGAR,2026-08-13,15,1515,R,68,F,4,5285.00
HOGAR-010906,ENHOGAR,2026-08-14,16,1616,U,75,M,7,5422.00
HOGAR-010907,ENHOGAR,2026-08-15,17,1717,U,82,X,2,5559.00
HOGAR-010908,ENHOGAR,2026-08-16,18,1818,R,89,NR,5,5696.00
HOGAR-010909,ENHOGAR,2026-08-17,19,1919,U,23,F,8,5833.00
HOGAR-010910,ENHOGAR,2026-08-18,20,2020,U,30,M,3,5970.00
HOGAR-010911,ENHOGAR,2026-08-19,21,2121,R,37,X,6,6107.00
HOGAR-010912,ENHOGAR,2026-08-20,22,2222,U,44,NR,1,6244.00
HOGAR-010913,ENHOGAR,2026-08-21,01,0123,U,51,F,4,6381.00
HOGAR-010914,ENHOGAR,2026-08-22,02,0224,R,58,M,7,6518.00
HOGAR-010915,ENHOGAR,2026-08-23,03,0325,U,65,X,2,6655.00
HOGAR-010916,ENHOGAR,2026-08-24,04,0426,U,72,NR,5,6792.00
HOGAR-010917,ENHOGAR,2026-08-25,05,0527,R,79,F,8,6929.00
HOGAR-010918,ENHOGAR,2026-08-26,06,0628,U,86,M,3,7066.00
HOGAR-010919,ENHOGAR,2026-08-27,07,0729,U,20,X,6,7203.00
HOGAR-010920,ENHOGAR,2026-08-28,08,0830,R,27,NR,1,7340.00
HOGAR-010921,ENHOGAR,2026-08-01,09,0931,U,34,F,4,7477.00
HOGAR-010922,ENHOGAR,2026-08-02,10,1032,U,41,M,7,7614.00
HOGAR-010923,ENHOGAR,2026-08-03,11,1133,R,48,X,2,7751.00
HOGAR-010924,ENHOGAR,2026-08-04,12,1234,U,55,NR,5,7888.00
HOGAR-010925,ENHOGAR,2026-08-05,13,1335,U,62,F,8,8025.00
HOGAR-010926,ENHOGAR,2026-08-06,14,1436,R,69,M,3,8162.00
HOGAR-010927,ENHOGAR,2026-08-07,15,1537,U,76,X,6,8299.00
HOGAR-010928,ENHOGAR,2026-08-08,16,1638,U,83,NR,1,8436.00
HOGAR-010929,ENHOGAR,2026-08-09,17,1739,R,90,F,4,973.00
HOGAR-010930,ENHOGAR,2026-08-10,18,1840,U,24,M,7,1110.00
HOGAR-010931,ENHOGAR,2026-08-11,19,1941,U,31,X,2,1247.00
HOGAR-010932,ENHOGAR,2026-08-12,20,2042,X,38,NR,5,1384.00
HOGAR-010933,ENHOGAR,2026-08-13,21,2143,U,45,F,8,1521.00
HOGAR-010934,ENHOGAR,2026-08-14,22,2244,U,52,M,3,1658.00
HOGAR-010935,ENHOGAR,2026-08-15,01,0145,R,59,X,6,1795.00
HOGAR-010936,ENHOGAR,2026-08-16,02,0246,U,66,NR,1,1932.00
HOGAR-010937,ENHOGAR,2026-08-17,03,0347,U,73,F,4,2069.00
HOGAR-010938,ENHOGAR,2026-08-18,04,0448,R,80,M,7,2206.00
HOGAR-010939,ENHOGAR,2026-08-19,05,0549,U,87,X,2,2343.00
HOGAR-010940,ENHOGAR,2026-08-20,06,0650,U,21,NR,5,2480.00
HOGAR-010941,ENHOGAR,2026-08-21,07,0751,R,28,F,8,2617.00
HOGAR-010942,ENHOGAR,2026-08-22,08,0852,U,35,M,3,2754.00
HOGAR-010943,ENHOGAR,2026-08-23,09,0953,U,42,X,6,2891.00
HOGAR-010944,ENHOGAR,2026-08-24,10,1054,R,49,NR,1,3028.00
HOGAR-010945,ENHOGAR,2026-08-25,11,1155,U,56,F,4,3165.00
HOGAR-010946,ENHOGAR,2026-08-26,12,1256,U,63,M,7,3302.00
HOGAR-010947,ENHOGAR,2026-08-27,13,1357,R,70,X,2,3439.00
HOGAR-010948,ENHOGAR,2026-08-28,14,1458,U,77,NR,5,3576.00
HOGAR-010949,ENHOGAR,2026-08-01,15,1559,U,84,F,8,3713.00
HOGAR-010950,ENHOGAR,2026-08-02,16,1660,R,18,M,3,3850.00
HOGAR-010951,ENHOGAR,2026-08-03,17,1761,U,25,X,6,3987.00
HOGAR-010952,ENHOGAR,2026-08-04,18,1862,U,32,NR,1,4124.00
HOGAR-010953,ENHOGAR,2026-08-05,19,1963,R,39,F,4,4261.00
HOGAR-010954,ENHOGAR,2026-08-06,20,2064,U,46,M,7,4398.00
HOGAR-010955,ENHOGAR,2026-08-07,21,2165,U,53,X,2,4535.00
HOGAR-010956,ENHOGAR,2026-08-08,22,2266,R,60,NR,5,4672.00
HOGAR-010957,ENHOGAR,2026-08-09,01,0167,U,67,F,8,4809.00
HOGAR-010958,ENHOGAR,2026-08-10,02,0268,U,74,M,3,4946.00
HOGAR-010959,ENHOGAR,2026-08-11,03,0369,R,81,X,6,5083.00
HOGAR-010960,ENHOGAR,2026-08-12,04,0470,U,88,NR,1,5220.00
HOGAR-010961,ENHOGAR,2026-08-13,05,0571,U,22,F,4,5357.00
HOGAR-010962,ENHOGAR,2026-08-14,06,0672,R,29,M,7,5494.00
HOGAR-010963,ENHOGAR,2026-08-15,07,0773,U,36,X,2,5631.00
HOGAR-010964,ENHOGAR,2026-08-16,08,0874,U,43,NR,5,5768.00
HOGAR-010965,ENHOGAR,2026-08-17,09,0975,R,50,F,8,5905.00
HOGAR-010966,ENHOGAR,2026-08-18,10,1076,U,57,M,3,6042.00
HOGAR-010967,ENHOGAR,2026-08-19,11,1177,U,64,X,6,
HOGAR-010968,ENHOGAR,2026-08-20,12,1278,R,71,NR,1,6316.00
HOGAR-010969,ENHOGAR,2026-08-21,13,1379,U,78,F,4,6453.00
HOGAR-010970,ENHOGAR,2026-08-22,14,1480,U,85,M,7,6590.00
HOGAR-010971,ENHOGAR,2026-08-23,15,1581,R,19,X,2,6727.00
HOGAR-010972,ENHOGAR,2026-08-24,16,1682,U,26,NR,5,6864.00
HOGAR-010973,ENHOGAR,2026-08-25,17,1783,U,33,F,8,7001.00
HOGAR-010974,ENHOGAR,2026-08-26,18,1884,R,40,M,3,7138.00
HOGAR-010975,ENHOGAR,2026-08-27,19,1985,U,47,X,6,7275.00
HOGAR-010976,ENHOGAR,2026-08-28,20,2086,U,54,NR,1,7412.00
HOGAR-010977,ENHOGAR,2026-08-01,21,2187,R,61,F,4,7549.00
HOGAR-010978,ENHOGAR,2026-08-02,22,2288,U,68,M,7,7686.00
HOGAR-010979,ENHOGAR,2026-08-03,01,0189,U,75,X,2,7823.00
HOGAR-010980,ENHOGAR,2026-08-04,02,0290,R,82,NR,5,7960.00
HOGAR-010981,ENHOGAR,2026-08-05,03,0391,U,89,F,8,8097.00
HOGAR-010982,ENHOGAR,2026-08-06,04,0492,U,23,M,3,8234.00
HOGAR-010983,ENHOGAR,2026-08-07,05,0593,R,30,X,6,8371.00
HOGAR-010984,ENHOGAR,2026-08-08,06,0694,U,37,NR,1,908.00
HOGAR-010985,ENHOGAR,2026-08-09,07,0795,U,44,F,4,1045.00
HOGAR-010986,ENHOGAR,2026-08-10,08,0896,R,51,M,7,1182.00
HOGAR-010987,ENHOGAR,2026-08-11,09,0997,U,58,X,2,1319.00
HOGAR-010988,ENHOGAR,2026-08-12,10,1098,U,65,NR,5,1456.00
HOGAR-010989,ENHOGAR,2026-08-13,11,1199,R,72,F,8,1593.00
HOGAR-010990,ENHOGAR,2026-08-14,12,1201,U,79,M,3, 1730.00 
HOGAR-010991,ENHOGAR,2026-08-15,13,1302,U,86,X,6,1867.00
HOGAR-010992,ENHOGAR,2026-08-16,14,1403,R,20,NR,1,2004.00
HOGAR-010993,ENHOGAR,2026-08-17,15,1504,U,27,F,4,2141.00
HOGAR-010994,ENHOGAR,2026-08-18,16,1605,U,34,M,7,2278.00
HOGAR-010995,ENHOGAR,2026-08-19,17,1706,R,41,Z,2,2415.00
HOGAR-010996,ENHOGAR,2026-08-20,18,1807,U,48,NR,5,2552.00
HOGAR-010997,ENHOGAR,2026-08-21,19,1908,U,55,F,8,2689.00
HOGAR-010998,ENHOGAR,2026-08-22,20,2009,R,62,M,3,2826.00
HOGAR-010999,ENHOGAR,2026-08-23,21,2110,U,69,X,6,2963.00
HOGAR-011000,ENHOGAR,2026-08-24,22,2211,U,76,NR,1,3100.00
HOGAR-011001,ENHOGAR,2026-08-25,01,0112,R,83,F,4,3237.00
HOGAR-011002,ENHOGAR,2026-08-26,02,0213,U,90,M,7,3374.00
HOGAR-011003,ENHOGAR,2026-08-27,03,0314,U,24,X,2,3511.00
HOGAR-011004,ENHOGAR,2026-08-28,04,0415,R,31,NR,5,3648.00
HOGAR-011005,ENHOGAR,2026-08-01,05,0516,U,38,F,8,3785.00
HOGAR-011006,ENHOGAR,2026-08-02,06,0617,U,45,M,3,3922.00
HOGAR-011007,ENHOGAR,2026-08-03,07,0718,R,52,X,6,4059.00
HOGAR-011008,ENHOGAR,2026-08-04,08,0819,U,59,NR,1,4196.00
HOGAR-011009,ENHOGAR,2026-08-05,09,0920,U,66,F,4,4333.00
HOGAR/011010,ENHOGAR,2026-08-06,10,1021,R,73,M,7,4470.00
HOGAR-011011,ENHOGAR,2026-08-07,11,1122,U,80,X,2,4607.00
HOGAR-011012,ENHOGAR,2026-08-08,12,1223,U,87,NR,5,4744.00
HOGAR-011013,ENHOGAR,2026-08-09,13,1324,R,21,F,8,4881.00
HOGAR-011014,ENHOGAR,2026-08-10,14,1425,U,28,M,3,5018.00
HOGAR-011015,ENHOGAR,2026-08-11,15,1526,U,35,X,6,5155.00
HOGAR-011016,ENHOGAR,2026-08-12,16,1627,R,42,NR,1,5292.00
HOGAR-011017,ENHOGAR,2026-08-13,17,1728,U,49,F,4,5429.00
HOGAR-011018,ENHOGAR,2026-08-14,18,1829,U,56,M,7,5566.00
HOGAR-011019,ENHOGAR,2026-08-15,19,1930,R,63,X,2,5703.00
HOGAR-011020,ENHOGAR,2026-08-16,20,2031,U,70,NR,5,5840.00
HOGAR-011021,ENHOGAR,2026-08-17,21,2132,U,77,F,8,5977.00
HOGAR-011022,ENHOGAR,2026-08-18,22,2233,R,84,M,3,6114.00
HOGAR-011023,ENHOGAR,2026-08-19,01,0134,U,18,X,6,6251.00
HOGAR-011024,ENHOGAR,2026-08-20,02,0235,U,25,NR,1,6388.00
HOGAR-011025,ENHOGAR,2026-08-21,03,0336,R,32,F,4,6525.00
HOGAR-011026,ENHOGAR,2026-08-22,04,0437,U,39,M,7,6662.00
HOGAR-011027,ENHOGAR,2026-08-23,05,0538,U,46,X,2,6799.00
HOGAR-011028,ENHOGAR,2026-08-24,06,0639,R,53,NR,5,6936.00
HOGAR-011029,ENHOGAR,2026-08-25,07,0740,U,60,F,8,7073.00
HOGAR-011030,ENHOGAR,2026-08-26,08,0841,U,67,M,3,7210.00
HOGAR-011031,ENHOGAR,2026-08-27,09,0942,R,74,X,6,7347.00
HOGAR-011032,ENHOGAR,2026-08-28,10,1043,U,81,NR,1,7484.00
HOGAR-011033,ENHOGAR,2026-08-01,11,1144,U,88,F,4,7621.00
HOGAR-011034,ENHOGAR,2026-08-02,12,1245,R,22,M,7,7758.00
HOGAR-011035,ENHOGAR,2026-08-03,13,1346,U,29,X,2,7895.00
HOGAR-011036,ENHOGAR,2026-08-04,14,1447,U,36,NR,5,8032.00
HOGAR-011037,ENHOGAR,2026-08-05,15,1548,R,43,F,8,8169.00
HOGAR-011038,ENHOGAR,2026-08-06,16,1649,U,50,M,3,8306.00
HOGAR-011039,ENHOGAR,2026-08-07,17,1750,U,57,X,6,8443.00
HOGAR-011040,ENHOGAR,2026-08-08,18,1851,R,64,NR,1,980.00
HOGAR-011041,ENHOGAR,2026-08-09,19,1952,U,71,F,4,1117.00
HOGAR-011042,ENHOGAR,2026-08-10,20,2053,U,78,M,7,1254.00
HOGAR-011043,ENHOGAR,2026-08-11,21,2154,R,85,X,2,1391.00
HOGAR-011044,ENHOGAR,2026-08-12,22,2255,U,19,NR,5,1528.00
HOGAR-011045,ENHOGAR,2026-08-13,01,0156,U,26,F,8,1665.00
HOGAR-011046,ENHOGAR,2026-08-14,02,0257,R,33,M,3,1802.00
HOGAR-011047,ENHOGAR,2026-08-15,03,0358,U,40,X,6,1939.00
HOGAR-011048,ENHOGAR,2026-08-16,04,0459,U,47,NR,1,2076.00
HOGAR-011049,ENHOGAR,2026-08-17,05,0560,R,54,F,4,2213.00
HOGAR-011050,ENHOGAR,2026-08-18,06,0661,U,61,M,7,2350.00
HOGAR-011051,ENHOGAR,2026-08-19,07,0762,U,68,X,2,2487.00
HOGAR-011052,ENHOGAR,2026-08-20,08,0863,R,75,NR,5,2624.00
HOGAR-011053,ENHOGAR,2026-08-21,09,0964,U,82,F,8,2761.00
HOGAR-011054,ENHOGAR,2026-08-22,10,1065,U,89,M,3,2898.00
HOGAR-011055,ENHOGAR,2026-08-23,11,1166,R,23,X,6,3035.00
HOGAR-011056,ENHOGAR,2026-08-24,12,1267,U,30,NR,1,3172.00
HOGAR-011057,ENHOGAR,2026-08-25,13,1368,U,37,F,4,3309.00
HOGAR-011058,ENHOGAR,2026-08-26,14,1469,R,44,M,7,3446.00
HOGAR-011059,ENHOGAR,2026-08-27,15,1570,U,51,X,2,3583.00
HOGAR-011060,ENHOGAR,2026-08-28,16,1671,U,58,NR,5,3720.00
HOGAR-011061,ENHOGAR,2026-08-01,17,1772,R,65,F,8,3857.00
HOGAR-011062,ENHOGAR,2026-08-02,18,1873,U,72,M,3,3994.00
HOGAR-011063,ENHOGAR,2026-08-03,19,1974,U,79,X,6,4131.00
HOGAR-011064,ENHOGAR,2026-08-04,20,2075,R,86,NR,1,4268.00
HOGAR-011065,ENHOGAR,2026-08-05,21,2176,U,20,F,4,4405.00
HOGAR-011066,ENHOGAR,2026-08-06,22,2277,U,27,M,7,-25.00
HOGAR-011067,ENHOGAR,2026-08-07,01,0178,R,34,X,2,4679.00
HOGAR-011068,ENHOGAR,2026-08-08,02,0279,U,41,NR,5,4816.00
HOGAR-011069,ENHOGAR,2026-08-09,03,0380,U,48,F,8,4953.00
HOGAR-011070,ENHOGAR,2026-08-10,04,0481,R,55,M,3,5090.00
HOGAR-011071,ENHOGAR,2026-08-11,05,0582,U,62,X,6,5227.00
HOGAR-011072,ENHOGAR,2026-08-12,06,0683,U,69,NR,1,5364.00
HOGAR-011073,ENHOGAR,2026-08-13,07,0784,R,76,F,4,5501.00
HOGAR-011074,ENHOGAR,2026-08-14,08,0885,U,83,M,7,5638.00
HOGAR-011075,ENHOGAR,2026-08-15,09,0986,U,90,X,2,5775.00
HOGAR-011076,ENHOGAR,2026-08-16,10,1087,R,24,NR,5,5912.00
HOGAR-011077,ENHOGAR,2026-08-17,11,1188,U,31,F,8,6049.00
HOGAR-011078,ENHOGAR,2026-08-18,12,1289,U,38,M,3,6186.00
HOGAR-011079,ENHOGAR,2026-08-19,13,1390,R,45,X,6,6323.00
HOGAR-011080,ENHOGAR,2026-08-20,14,1491,U,52,NR,1,6460.00
HOGAR-011081,ENHOGAR,2026-08-21,15,1592,U,59,F,4,6597.00
HOGAR-011082,ENHOGAR,2026-08-22,16,1693,R,66,M,7,6734.00
HOGAR-011083,ENHOGAR,2026-08-23,17,1794,U,73,X,2,6871.00
HOGAR-011084,ENHOGAR,2026-08-24,18,1895,U,80,NR,5,7008.00
HOGAR-011085,ENHOGAR,2026-08-25,19,1996,R,87,F,8,7145.00
HOGAR-011086,ENHOGAR,2026-08-26,20,2097,U,21,M,3,7282.00
HOGAR-011087,ENHOGAR,2026-08-27,21,2198,U,28,X,6,7419.00
HOGAR-011088,ENHOGAR,2026-08-28,22,2299,R,35,NR,1,7556.00
HOGAR-011089,ENHOGAR,2026-08-01,01,0101,U,42,F,4,7693.00
HOGAR-011090,ENHOGAR,2026-08-02,02,0202,U,49,M,7,7830.00
HOGAR-011091,ENHOGAR,2026-08-03,03,0303,R,56,X,2,7967.00
HOGAR-011092,ENHOGAR,2026-08-04,04,0404,U,63,NR,5,8104.00
HOGAR-011093,ENHOGAR,2026-08-05,05,0505,U,70,F,8,8241.00
HOGAR-011094,ENHOGAR,2026-08-06,06,0606,R,77,M,3,8378.00
HOGAR-011095,ENHOGAR,2026-08-07,07,0707,U,84,X,6,915.00
HOGAR-011096,ENHOGAR,2026-08-08,08,0808,U,18,NR,1,1052.00
HOGAR-011097,ENHOGAR,2026-08-09,09,0909,R,25,F,4,1189.00
HOGAR-011098,ENHOGAR,2026-08-10,10,1010,U,32,M,7,1326.00
HOGAR-011099,ENHOGAR,2026-08-11,11,1111,U,39,X,2,1463.00
HOGAR-011100,ENHOGAR,2026-08-12,12,1212,R,46,NR,5,1600.00
HOGAR-011101,ENHOGAR,2026-08-13,13,1313,U,53,F,8,1737.00
HOGAR-011102,ENHOGAR,2026-08-14,14,1414,U,60,M,3,1874.00
HOGAR-011103,ENHOGAR,2026-08-15,15,1515,R,67,X,6,2011.00
HOGAR-011104,ENHOGAR,2026-08-16,16,1616,U,74,NR,1,2148.00
HOGAR-011105,ENHOGAR,2026-08-17,17,1717,U,81,F,4,2285.00
HOGAR-011106,ENHOGAR,2026-08-18,18,1818,R,88,M,7,2422.00
HOGAR-011107,ENHOGAR,2026-08-19,19,1919,U,22,X,2,2559.00
HOGAR-011108,ENHOGAR,2026-08-20,20,2020,U,29,NR,5,2696.00
HOGAR-011109,ENHOGAR,2026-08-21,21,2121,R,36,F,8,2833.00
HOGAR-011110,ENHOGAR,2026-08-22,22,2222,U,43,M,3,2970.00
HOGAR-011111,ENHOGAR,2026-08-23,01,0123,U,50,X,6,3107.00
HOGAR-011112,ENHOGAR,2026-08-24,02,0224,R,57,NR,1,3244.00
HOGAR-011113,ENHOGAR,2026-08-25,03,0325,U,64,F,4,3381.00
HOGAR-011114,ENHOGAR,2026-08-26,04,0426,U,71,M,7,3518.00
HOGAR-011115,ENHOGAR,2026-08-27,05,0527,R,78,X,2,3655.00
HOGAR-011116,ENHOGAR,2026-08-28,06,0628,U,85,NR,5,3792.00
HOGAR-011117,ENHOGAR,2026-08-01,07,0729,U,19,F,8,3929.00
HOGAR-011118,ENHOGAR,2026-08-02,08,0830,R,26,M,3,4066.00
HOGAR-011119,ENHOGAR,2026-08-03,09,0931,U,33,X,6,4203.00
HOGAR-011120,ENHOGAR,2026-08-04,10,1032,U,40,NR,1,4340.00
HOGAR-011121,ENHOGAR,2026-08-05,11,1133,R,47,F,4,4477.00
HOGAR-011122,ENHOGAR,2026-08-06,12,1234,U,54,M,7,4614.00
HOGAR-011123,ENHOGAR,2026-08-07,13,1335,U,61,X,2,4751.00
HOGAR-011124,ENHOGAR,2026-08-08,14,1436,R,68,NR,5,4888.00
HOGAR-011125,ENHOGAR,2026-08-09,15,1537,U,75,F,8,5025.00
HOGAR-011126,ENHOGAR,2026-08-10,16,1638,U,82,M,3,5162.00
HOGAR-011127,ENHOGAR,2026-08-11,17,1739,R,89,X,6,5299.00
HOGAR-011128,ENHOGAR,2026-08-12,18,1840,U,23,NR,1,5436.00
HOGAR-011129,ENHOGAR,2026-08-13,19,1941,U,30,F,4,5573.00
HOGAR-011130,ENHOGAR,2026-08-14,20,2042,R,37,M,7,5710.00
HOGAR-011131,ENHOGAR,2026-08-15,21,2143,U,44,X,2,5847.00
HOGAR-011132,ENHOGAR,2026-08-16,22,2244,U,51,NR,5,5984.00
HOGAR-011133,ENHOGAR,2026-08-17,01,0145,R,58,F,8,6121.00
HOGAR-011134,,2026-08-18,02,0246,U,65,M,3,6258.00
HOGAR-011135,ENHOGAR,2026-08-19,03,0347,U,72,X,6,6395.00
HOGAR-011136,ENHOGAR,2026-08-20,04,0448,R,79,NR,1,6532.00
HOGAR-011137,ENHOGAR,2026-08-21,05,0549,U,86,F,4,6669.00
HOGAR-011138,ENHOGAR,2026-08-22,06,0650,U,20,M,7,6806.00
HOGAR-011139,ENHOGAR,2026-08-23,07,0751,R,27,X,2,6943.00
HOGAR-011140,ENHOGAR,2026-08-24,08,0852,U,34,NR,5,7080.00
HOGAR-011141,ENHOGAR,2026-08-25,09,0953,U,41,F,8,7217.00
HOGAR-011142,ENHOGAR,2026-08-26,10,1054,R,48,M,3,7354.00
HOGAR-011143,ENHOGAR,2026-08-27,11,1155,U,55,X,6,7491.00
HOGAR-011144,ENHOGAR,2026-08-28,12,1256,U,62,NR,1,7628.00
HOGAR-011145,ENHOGAR,2026-08-01,13,1357,R,69,F,4,7765.00
HOGAR-011146,ENHOGAR,2026-08-02,14,1458,U,76,M,7,7902.00
HOGAR-011147,ENHOGAR,2026-08-03,15,1559,U,83,X,2, 8039.00 
HOGAR-011148,ENHOGAR,2026-08-04,16,1660,R,90,NR,5,8176.00
HOGAR-011149,ENHOGAR,2026-08-05,17,1761,U,24,F,8,8313.00
HOGAR-011150,ENHOGAR,2026-08-06,18,1862,U,31,M,3,8450.00
HOGAR-011151,ENHOGAR,2026-08-07,19,1963,R,38,X,6,987.00
HOGAR-011152,ENHOGAR,2026-08-08,20,2064,U,45,NR,1,1124.00
HOGAR-011153,ENHOGAR,2026-08-09,21,2165,U,52,F,4,1261.00
HOGAR-011154,ENHOGAR,2026-08-10,22,2266,R,59,M,7,1398.00
HOGAR-011155,ENHOGAR,2026-08-11,01,0167,U,66,X,2,1535.00
HOGAR-011156,ENHOGAR,2026-08-12,02,0268,U,73,NR,5,1672.00
HOGAR-011157,ENHOGAR,2026-08-13,03,0369,R,80,F,8,1809.00
HOGAR-011158,ENHOGAR,2026-08-14,04,0470,U,87,M,3,1946.00
HOGAR-011159,ENHOGAR,2026-08-15,05,0571,U,21,X,6,2083.00
HOGAR-011160,ENHOGAR,2026-08-16,06,0672,R,28,NR,1,2220.00
HOGAR-011161,ENHOGAR,2026-08-17,07,0773,U,35,F,4,2357.00
HOGAR-011162,ENHOGAR,2026-08-18,08,0874,U,42,M,7,2494.00
HOGAR-011163,ENHOGAR,2026-08-19,09,0975,R,49,X,2,2631.00
HOGAR-011164,ENHOGAR,2026-08-20,10,1076,U,56,NR,5,2768.00
HOGAR-011165,ENHOGAR,2026-08-21,11,1177,U,63,F,8,2905.00
HOGAR-011166,ENHOGAR,2026-08-22,12,1278,R,70,M,3,3042.00
HOGAR-011167,ENHOGAR,2026-08-23,13,1379,U,77,X,6,3179.00
HOGAR-011168,ENHOGAR,2026-08-24,14,1480,U,84,NR,1,3316.00
HOGAR-011169,ENHOGAR,2026-08-25,15,1581,R,18,F,4,3453.00
HOGAR-011170,ENHOGAR,2026-08-26,16,1682,U,25,M,7,3590.00
HOGAR-011171,ENHOGAR,2026-08-27,17,1783,U,32,X,2,3727.00
HOGAR-011172,ENHOGAR,2026-08-28,18,1884,R,39,NR,5,3864.00
HOGAR-011173,ENHOGAR,2026-08-01,19,1985,U,46,F,8,4001.00
HOGAR-011174,ENHOGAR,2026-08-02,20,2086,U,53,M,3,4138.00
HOGAR-011175,ENHOGAR,2026-08-03,21,2187,R,60,X,6,4275.00
HOGAR-011176,ENHOGAR,2026-08-04,22,2288,U,67,NR,1,4412.00
HOGAR-011177,ENHOGAR,2026-08-05,01,0189,U,74,F,4,4549.00
HOGAR-011178,ENHOGAR,2026-08-06,02,0290,R,81,M,7,4686.00
HOGAR-011179,ENHOGAR,2026-08-07,03,0391,U,88,X,2,4823.00
HOGAR-011180,ENHOGAR,2026-08-08,04,0492,U,22,NR,5,4960.00
HOGAR-011181,ENHOGAR,2026-08-09,05,0593,R,29,F,8,5097.00
HOGAR-011182,ENHOGAR,2026-08-10,06,0694,U,36,M,3,5234.00
HOGAR-011183,ENHOGAR,2026-08-11,07,0795,U,43,X,6,5371.00
HOGAR-011184,ENHOGAR,2026-08-12,08,0896,R,50,NR,1,5508.00
HOGAR-011185,ENHOGAR,2026-08-13,09,0997,U,57,F,4,5645.00
HOGAR-011186,ENHOGAR,2026-08-14,10,1098,U,64,M,7,5782.00
HOGAR-011187,ENHOGAR,2026-08-15,11,1199,R,71,X,2,5919.00
HOGAR-011188,ENHOGAR,2026-08-16,12,1201,U,78,NR,5,6056.00
HOGAR-011189,ENHOGAR,2026-08-17,13,1302,U,85,F,8,6193.00
HOGAR-011190,ENHOGAR,2026-08-18,14,1403,R,19,M,3,6330.00
HOGAR-011191,ENHOGAR,2026-08-19,15,1504,U,26,X,6,6467.00
HOGAR-011192,ENHOGAR,2026-08-20,16,1605,U,33,NR,1,6604.00
HOGAR-011193,ENHOGAR,2026-08-21,17,1706,R,40,F,4,6741.00
HOGAR-011194,ENHOGAR,2026-08-22,18,1807,U,47,M,7,6878.00
HOGAR-011195,ENHOGAR,2026-08-23,19,1908,U,54,X,2,7015.00
HOGAR-011196,ENHOGAR,2026-08-24,20,2009,R,61,NR,5,7152.00
HOGAR-011197,ENHOGAR,2026-08-25,21,2110,U,68,F,8,7289.00
HOGAR-011198,ENHOGAR,2026-08-26,22,2211,U,75,M,3,7426.00
HOGAR-011199,ENHOGAR,2026-08-27,01,0112,R,82,X,6,7563.00
HOGAR-011200,ENHOGAR,2026-08-28,02,0213,U,89,NR,1,7700.00
HOGAR-011201,ENHOGAR,2026-08-01,03,0314,U,23,F,4,7837.00
HOGAR-011202,ENHOGAR,2026-08-02,04,0415,R,30,M,7,7974.00
HOGAR-011203,ENHOGAR,2026-08-03,05,0516,U,37,X,2,8111.00
HOGAR-011204,ENHOGAR,2026-08-04,06,0617,U,44,NR,5,8248.00
HOGAR-011205,ENHOGAR,2026-08-05,07,0718,R,51,F,8,8385.00
HOGAR-011206,ENHOGAR,2026-08-06,08,0819,U,58,M,3,922.00
HOGAR-011207,ENHOGAR,2026-08-07,09,0920,U,65,X,6,1059.00
HOGAR-011208,ENHOGAR,2026-08-08,10,1021,R,72,NR,1,1196.00
HOGAR-011209,ENHOGAR,2026-08-09,11,1122,U,79,F,4,1333.00
HOGAR-011210,ENHOGAR,2026-08-10,12,1223,U,86,M,7,1470.00
HOGAR-011211,ENHOGAR,2026-08-11,13,1324,R,20,X,2,1607.00
HOGAR-011212,ENHOGAR,2026-08-12,14,1425,U,27,NR,5,1744.00
HOGAR-011213,ENHOGAR,2026-08-13,15,1526,U,34,F,8,1881.00
HOGAR-011214,ENHOGAR,2026-08-14,16,1627,R,41,M,3,2018.00
HOGAR-011215,ENHOGAR,2026-08-15,17,1728,U,48,X,6,2155.00
HOGAR-011216,ENHOGAR,2026-08-16,18,1829,U,55,NR,1,2292.00
HOGAR-011217,ENHOGAR,2026-08-17,19,1930,R,62,F,4,2429.00
HOGAR-011218,ENHOGAR,2026-08-18,20,2031,U,69,M,7,2566.00
HOGAR-011219,ENHOGAR,2026-08-19,21,2132,U,76,X,2,2703.00
HOGAR-011220,ENHOGAR,2026-08-20,22,2233,R,83,NR,5,2840.00
HOGAR-011221,ENHOGAR,2026-08-21,01,0134,U,90,F,8,2977.00
HOGAR-011222,ENHOGAR,2026-08-22,02,0235,U,24,M,3,3114.00
HOGAR-011223,ENHOGAR,2026-08-23,03,0336,R,31,X,6,3251.00
HOGAR-011224,ENHOGAR,2026-08-24,04,0437,U,38,NR,1,3388.00
HOGAR-011225,ENHOGAR,2026-08-25,05,0538,U,45,F,4,3525.00
HOGAR-011226,ENHOGAR,2026-08-26,06,0639,R,52,M,7,3662.00
HOGAR-011227,ENHOGAR,2026-08-27,07,0740,U,59,X,2,3799.00
HOGAR-011228,ENHOGAR,2026-08-28,08,0841,U,66,NR,5,3936.00
HOGAR-011229,ENHOGAR,2026-08-01,09,0942,R,73,F,8,4073.00
HOGAR-011230,ENHOGAR,2026-08-02,10,1043,U,80,M,3,4210.00
HOGAR-011231,ENHOGAR,2026-08-03,11,1144,U,87,X,6,4347.00
HOGAR-011232,ENHOGAR,2026-08-04,12,1245,R,21,NR,1,4484.00
HOGAR-011233,ENHOGAR,2026-08-05,13,1346,U,28,F,4,4621.00
HOGAR-011234,ENHOGAR,2026-08-06,14,1447,U,35,M,7,4758.00
HOGAR-011235,ENHOGAR,2026-08-07,15,1548,R,42,X,2,4895.00
HOGAR-011236,ENHOGAR,2026-08-08,16,1649,U,49,NR,5,5032.00
HOGAR-011237,ENHOGAR,2026-08-09,17,1750,U,56,F,8,5169.00
HOGAR-011238,ENHOGAR,2026-08-10,18,1851,R,63,M,3,5306.00
HOGAR-011239,ENHOGAR,2026-08-11,19,1952,U,70,X,6,5443.00
HOGAR-011240,ENHOGAR,2026-08-12,20,2053,U,77,NR,1,5580.00
HOGAR-011241,ENHOGAR,2026-08-13,21,2154,R,84,F,4,5717.00
HOGAR-011242,ENHOGAR,2026-08-14,22,2255,U,18,M,7,5854.00
HOGAR-011243,ENHOGAR,2026-08-15,01,0156,U,25,X,2,5991.00
HOGAR-011244,ENHOGAR,2026-08-16,02,0257,R,32,NR,5,6128.00
HOGAR-011245,ENHOGAR,2026-08-17,03,0358,U,39,F,8,6265.00
HOGAR-011246,ENHOGAR,2026-08-18,04,0459,U,46,M,3,6402.00
HOGAR-011247,ENHOGAR,2026-08-19,05,0560,R,53,X,6,6539.00
HOGAR-011248,ENHOGAR,2026-08-20,06,0661,U,60,NR,1,6676.00
HOGAR-011249,ENHOGAR,2026-08-21,07,0762,U,67,F,4,6813.00
HOGAR-011250,ENHOGAR,2026-08-22,08,0863,R,74,M,7,6950.00
HOGAR-011251,ENHOGAR,2026-08-23,09,0964,U,81,X,2,7087.00
HOGAR-011252,ENHOGAR,2026-08-24,10,1065,U,88,NR,5,7224.00
HOGAR-011253,ENHOGAR,2026-08-25,11,1166,R,22,F,8,7361.00
HOGAR-011254,ENHOGAR,2026-08-26,12,1267,U,29,M,3,7498.00
HOGAR-011255,ENHOGAR,2026-08-27,13,1368,U,36,X,6,7635.00
HOGAR-011256,ENHOGAR,2026-08-28,14,1469,R,43,NR,1,7772.00
HOGAR-011257,ENHOGAR,2026-08-01,15,1570,U,50,F,4,7909.00
HOGAR-011258,ENHOGAR,2026-08-02,16,1671,U,57,M,7,8046.00
HOGAR-011259,ENHOGAR,2026-08-03,17,1772,R,64,X,2,8183.00
HOGAR-011260,ENHOGAR,2026-08-04,18,1873,U,71,NR,5,8320.00
HOGAR-011261,ENHOGAR,2026-08-05,19,1974,U,78,F,8,8457.00
HOGAR-011262,ENHOGAR,2026-08-06,20,2075,R,85,M,3,994.00
HOGAR-011263,ENHOGAR,2026-08-07,21,2176,U,19,X,6,1131.00
HOGAR-011264,ENHOGAR,2026-08-08,22,2277,U,26,NR,1,1268.00
HOGAR-011265,ENHOGAR,2026-08-09,01,0178,R,33,F,4,1405.00
HOGAR-011266,ENHOGAR,2026-08-10,02,0279,U,40,M,7,1542.00
HOGAR-011267,ENHOGAR,2026-08-11,03,0380,U,47,X,2,1679.00
HOGAR-011268,ENHOGAR,2026-08-12,04,0481,R,54,NR,5,1816.00
HOGAR-011269,ENHOGAR,2026-08-13,05,0582,U,61,F,8,1953.00
HOGAR-011270,ENHOGAR,2026-08-14,06,0683,U,68,M,3,2090.00
HOGAR-011271,ENHOGAR,2026-08-15,07,0784,R,75,X,6,2227.00
HOGAR-011272,ENHOGAR,2026-08-16,08,0885,U,82,NR,1,2364.00
HOGAR-011273,ENHOGAR,2026-08-17,09,0986,U,89,F,4,2501.00
HOGAR-011274,ENHOGAR,2026-08-18,10,1087,R,23,M,7,2638.00
HOGAR-011275,ENHOGAR,2026-08-19,11,1188,U,30,X,2,2775.00
HOGAR-011276,ENHOGAR,2026-08-20,12,1289,U,37,NR,5,2912.00
HOGAR-011277,ENHOGAR,2026-08-21,13,1390,R,44,F,8,3049.00
HOGAR-011278,ENHOGAR,2026-08-22,14,1491,U,51,M,3,3186.00
HOGAR-011279,ENHOGAR,2026-08-23,15,1592,U,58,X,6,3323.00
HOGAR-011280,ENHOGAR,2026-08-24,16,1693,R,65,NR,1,3460.00
HOGAR-011281,ENHOGAR,2026-08-25,17,1794,U,72,F,4,3597.00
HOGAR-011282,ENHOGAR,2026-08-26,18,1895,U,79,M,7,3734.00
HOGAR-011283,ENHOGAR,2026-08-27,19,1996,R,86,X,2,3871.00
HOGAR-011284,ENHOGAR,2026-08-28,20,2097,U,20,NR,5,4008.00
HOGAR-011285,ENHOGAR,2026-08-01,21,2198,U,27,F,8,4145.00
HOGAR-011286,ENHOGAR,2026-08-02,22,2299,R,34,M,3,4282.00
HOGAR-011287,ENHOGAR,2026-08-03,01,0101,U,41,X,6,4419.00
HOGAR-011288,ENHOGAR,2026-08-04,02,0202,U,48,NR,1,4556.00
HOGAR-011289,ENHOGAR,2026-08-05,03,0303,R,55,F,4,4693.00
HOGAR-011290,ENHOGAR,2026-08-06,04,0404,U,62,M,7,4830.00
HOGAR-011291,ENHOGAR,2026-08-07,05,0505,U,69,X,2,4967.00
HOGAR-011292,ENHOGAR,2026-08-08,06,0606,R,76,NR,5,5104.00
HOGAR-011293,ENHOGAR,2026-08-09,07,0707,U,83,F,8,5241.00
HOGAR-011294,ENHOGAR,2026-08-10,08,0808,U,90,M,3,5378.00
HOGAR-011295,ENHOGAR,2026-08-11,09,0909,R,24,X,6,5515.00
HOGAR-011296,ENHOGAR,2026-08-12,10,1010,U,31,NR,1,5652.00
HOGAR-011297,ENHOGAR,2026-08-13,11,1111,U,38,F,4,5789.00
HOGAR-011298,ENHOGAR,2026-08-14,12,1212,R,45,M,7,5926.00
HOGAR-011299,ENHOGAR,2026-08-15,13,1313,U,52,X,2,6063.00
HOGAR-011300,ENHOGAR,2026-08-16,14,1414,U,59,NR,5,6200.00
HOGAR-011301,ENHOGAR,2026-08-17,15,1515,R,66,F,8,6337.00
HOGAR-011302,ENHOGAR,2026-08-18,16,1616,U,73,M,3,6474.00
HOGAR-011303,ENHOGAR,2026-08-19,17,1717,U,80,X,6,6611.00
HOGAR-011304,ENHOGAR,2026-08-20,18,1818,R,87,NR,1, 6748.00 
HOGAR-011305,ENHOGAR,2026-08-21,19,1919,U,21,F,4,6885.00
HOGAR-011306,ENHOGAR,2026-08-22,20,2020,U,28,M,7,7022.00
HOGAR-011307,ENHOGAR,2026-08-23,21,2121,R,35,X,2,7159.00
HOGAR-011308,ENHOGAR,2026-08-24,22,2222,U,42,NR,5,7296.00
HOGAR-011309,ENHOGAR,2026-08-25,01,0123,U,49,F,8,7433.00
HOGAR-011310,ENHOGAR,2026-08-26,02,0224,R,56,M,3,7570.00
HOGAR-011311,ENHOGAR,2026-08-27,03,0325,U,63,X,6,7707.00
HOGAR-011312,ENHOGAR,2026-08-28,04,0426,U,70,NR,1,7844.00
HOGAR-011313,ENHOGAR,2027-01-01,05,0527,R,77,F,4,7981.00
HOGAR-011314,ENHOGAR,2026-08-02,06,0628,U,84,M,7,8118.00
HOGAR-011315,ENHOGAR,2026-08-03,07,0729,U,18,X,2,8255.00
HOGAR-011316,ENHOGAR,2026-08-04,08,0830,R,25,NR,5,8392.00
HOGAR-011317,ENHOGAR,2026-08-05,09,0931,U,32,F,8,929.00
HOGAR-011318,ENHOGAR,2026-08-06,10,1032,U,39,M,3,1066.00
HOGAR-011319,ENHOGAR,2026-08-07,11,1133,R,46,X,6,1203.00
HOGAR-011320,ENHOGAR,2026-08-08,12,1234,U,53,NR,1,1340.00
HOGAR-011321,ENHOGAR,2026-08-09,13,1335,U,60,F,4,1477.00
HOGAR-011322,ENHOGAR,2026-08-10,14,1436,R,67,M,7,1614.00
HOGAR-011323,ENHOGAR,2026-08-11,15,1537,U,74,X,2,1751.00
HOGAR-011324,ENHOGAR,2026-08-12,16,1638,U,81,NR,5,1888.00
HOGAR-011325,ENHOGAR,2026-08-13,17,1739,R,88,F,8,2025.00
HOGAR-011326,ENHOGAR,2026-08-14,18,1840,U,22,M,3,2162.00
HOGAR-011327,ENHOGAR,2026-08-15,19,1941,U,29,X,6,2299.00
HOGAR-011328,ENHOGAR,2026-08-16,20,2042,R,36,NR,1,2436.00
HOGAR-011329,ENHOGAR,2026-08-17,21,2143,U,43,F,4,2573.00
HOGAR-011330,ENHOGAR,2026-08-18,22,2244,U,50,M,7,2710.00
HOGAR-011331,ENHOGAR,2026-08-19,01,0145,R,57,X,2,2847.00
HOGAR-011332,ENHOGAR,2026-08-20,02,0246,U,64,NR,5,2984.00
HOGAR-011333,ENHOGAR,2026-08-21,03,0347,U,71,F,8,3121.00
HOGAR-011334,ENHOGAR,2026-08-22,04,0448,R,78,M,3,3258.00
HOGAR-011335,ENHOGAR,2026-08-23,05,0549,U,85,X,6,3395.00
HOGAR-011336,ENHOGAR,2026-08-24,06,0650,U,19,NR,1,3532.00
HOGAR-011337,ENHOGAR,2026-08-25,07,0751,R,26,F,4,3669.00
HOGAR-011338,ENHOGAR,2026-08-26,08,0852,U,33,M,7,3806.00
HOGAR-011339,ENHOGAR,2026-08-27,09,0953,U,40,X,2,3943.00
HOGAR-011340,ENHOGAR,2026-08-28,10,1054,R,47,NR,5,4080.00
HOGAR-011341,ENHOGAR,2026-08-01,11,1155,U,54,F,8,4217.00
HOGAR-011342,ENHOGAR,2026-08-02,12,1256,U,61,M,3,4354.00
HOGAR-011343,ENHOGAR,2026-08-03,13,1357,R,68,X,6,4491.00
HOGAR-011344,ENHOGAR,2026-08-04,14,1458,U,75,NR,1,4628.00
HOGAR-011345,ENHOGAR,2026-08-05,15,1559,U,82,F,4,4765.00
HOGAR-011346,ENHOGAR,2026-08-06,16,1660,R,89,M,7,4902.00
HOGAR-011347,ENHOGAR,2026-08-07,17,1761,U,23,X,2,5039.00
HOGAR-011348,ENHOGAR,2026-08-08,18,1862,U,30,NR,5,5176.00
HOGAR-011349,ENHOGAR,2026-08-09,19,1963,R,37,F,8,5313.00
HOGAR-011350,ENHOGAR,2026-08-10,20,2064,U,44,M,3,5450.00
HOGAR-011351,ENHOGAR,2026-08-11,21,2165,U,51,X,6,5587.00
HOGAR-011352,ENHOGAR,2026-08-12,22,2266,R,58,NR,1,5724.00
HOGAR-011353,ENHOGAR,2026-08-13,01,0167,U,65,F,4,5861.00
HOGAR-011354,ENHOGAR,2026-08-14,02,0268,U,72,M,7,5998.00
HOGAR-011355,ENHOGAR,2026-08-15,03,0369,R,79,X,2,6135.00
HOGAR-011356,ENHOGAR,2026-08-16,04,0470,U,86,NR,5,6272.00
HOGAR-011357,ENHOGAR,2026-08-17,05,0571,U,20,F,8,6409.00
HOGAR-011358,ENHOGAR,2026-08-18,06,0672,R,27,M,3,6546.00
HOGAR-011359,ENHOGAR,2026-08-19,07,0773,U,34,X,6,6683.00
HOGAR-011360,ENHOGAR,2026-08-20,08,0874,U,41,NR,1,6820.00
HOGAR-011361,ENHOGAR,2026-08-21,09,0975,R,48,F,4,6957.00
HOGAR-011362,ENHOGAR,2026-08-22,10,1076,U,55,M,7,7094.00
HOGAR-011363,ENHOGAR,2026-08-23,11,1177,U,62,X,2,7231.00
HOGAR-011364,ENHOGAR,2026-08-24,12,1278,R,69,NR,5,7368.00
HOGAR-011365,ENHOGAR,2026-08-25,13,1379,U,76,F,8,7505.00
HOGAR-011366,ENHOGAR,2026-08-26,14,1480,U,83,M,3,7642.00
HOGAR-011367,ENHOGAR,2026-08-27,15,1581,R,90,X,6,7779.00
HOGAR-011368,ENHOGAR,2026-08-28,16,1682,U,24,NR,1,7916.00
HOGAR-011369,ENHOGAR,2026-08-01,17,1783,U,31,F,4,8053.00
HOGAR-011370,ENHOGAR,2026-08-02,18,1884,R,38,M,7,8190.00
HOGAR-011371,ENHOGAR,2026-08-03,19,1985,U,45,X,2,8327.00
HOGAR-011372,ENHOGAR,2026-08-04,20,2086,U,52,NR,5,8464.00
HOGAR-011373,ENHOGAR,2026-08-05,21,2187,R,59,F,8,1001.00
HOGAR-011374,ENHOGAR,2026-08-06,22,2288,U,66,M,3,1138.00
HOGAR-011375,ENHOGAR,2026-08-07,01,0189,U,73,X,6,1275.00
HOGAR-011376,ENHOGAR,2026-08-08,02,0290,R,80,NR,1,1412.00
HOGAR/011377,ENHOGAR,2026-08-09,03,0391,U,87,F,4,1549.00
HOGAR-011378,ENHOGAR,2026-08-10,04,0492,U,21,M,7,1686.00
HOGAR-011379,ENHOGAR,2026-08-11,05,0593,R,28,X,2,1823.00
HOGAR-011380,ENHOGAR,2026-08-12,06,0694,U,35,NR,5,1960.00
HOGAR-011381,ENHOGAR,2026-08-13,07,0795,U,42,F,8,2097.00
HOGAR-011382,ENHOGAR,2026-08-14,08,0896,R,49,M,3,2234.00
HOGAR-011383,ENHOGAR,2026-08-15,09,0997,U,56,X,6,2371.00
HOGAR-011384,ENHOGAR,2026-08-16,10,1098,U,63,NR,1,2508.00
HOGAR-011385,ENHOGAR,2026-08-17,11,1199,R,70,F,4,2645.00
HOGAR-011386,ENHOGAR,2026-08-18,12,1201,U,77,M,7,2782.00
HOGAR-011387,ENHOGAR,2026-08-19,13,1302,U,84,X,2,2919.00
HOGAR-011388,ENHOGAR,2026-08-20,14,1403,R,18,NR,5,3056.00
HOGAR-011389,ENHOGAR,2026-08-21,15,1504,U,25,F,8,3193.00
HOGAR-011390,ENHOGAR,2026-08-22,16,1605,U,32,M,3,3330.00
HOGAR-011391,ENHOGAR,2026-08-23,17,1706,R,39,X,6,3467.00
HOGAR-011392,ENHOGAR,2026-08-24,18,1807,U,46,NR,1,3604.00
HOGAR-011393,ENHOGAR,2026-08-25,19,1908,U,53,F,4,3741.00
HOGAR-011394,ENHOGAR,2026-08-26,20,2009,R,60,M,7,3878.00
HOGAR-011395,ENHOGAR,2026-08-27,21,2110,U,67,X,2,4015.00
HOGAR-011396,ENHOGAR,2026-08-28,22,2211,U,74,NR,5,4152.00
HOGAR-011397,ENHOGAR,2026-08-01,01,0112,R,81,F,8,4289.00
HOGAR-011398,ENHOGAR,2026-08-02,02,0213,U,88,M,3,4426.00
HOGAR-011399,ENHOGAR,2026-08-03,03,0314,U,22,X,6,4563.00
HOGAR-011400,ENHOGAR,2026-08-04,04,0415,R,29,NR,1,4700.00
HOGAR-011401,ENHOGAR,2026-08-05,05,0516,U,36,F,4,4837.00
HOGAR-011402,ENHOGAR,2026-08-06,06,0617,U,43,M,7,4974.00
HOGAR-011403,ENHOGAR,2026-08-07,07,0718,R,50,X,2,5111.00
HOGAR-011404,ENHOGAR,2026-08-08,08,0819,U,57,NR,5,5248.00
HOGAR-011405,ENHOGAR,2026-08-09,09,0920,U,64,F,8,5385.00
HOGAR-011406,ENHOGAR,2026-08-10,10,1021,R,71,M,3,5522.00
HOGAR-011407,ENHOGAR,2026-08-11,11,1122,U,78,X,6,5659.00
HOGAR-011408,ENHOGAR,2026-08-12,12,1223,U,85,NR,1,5796.00
HOGAR-011409,ENHOGAR,2026-08-13,13,1324,R,19,F,4,5933.00
HOGAR-011410,ENHOGAR,2026-08-14,14,1425,U,26,M,7,6070.00
HOGAR-011411,ENHOGAR,2026-08-15,15,1526,U,33,X,2,6207.00
HOGAR-011412,ENHOGAR,2026-08-16,16,1627,R,40,NR,5,6344.00
HOGAR-011413,ENHOGAR,2026-08-17,17,1728,U,47,F,8,6481.00
HOGAR-011414,ENHOGAR,2026-08-18,18,1829,U,54,M,3,6618.00
HOGAR-011415,ENHOGAR,2026-08-19,19,1930,R,61,X,6,6755.00
HOGAR-011416,ENHOGAR,2026-08-20,20,2031,U,68,NR,1,6892.00
HOGAR-011417,ENHOGAR,2026-08-21,21,2132,U,75,F,4,7029.00
HOGAR-011418,ENHOGAR,2026-08-22,22,2233,R,82,M,7,7166.00
HOGAR-011419,ENHOGAR,2026-08-23,01,0134,U,89,X,2,7303.00
HOGAR-011420,ENHOGAR,2026-08-24,02,0235,U,23,NR,5,7440.00
HOGAR-011421,ENHOGAR,2026-08-25,03,0336,R,30,F,8,7577.00
HOGAR-011422,ENHOGAR,2026-08-26,04,0437,U,37,M,3,7714.00
HOGAR-011423,ENHOGAR,2026-08-27,05,0538,U,44,X,6,7851.00
HOGAR-011424,ENHOGAR,2026-08-28,06,0639,R,51,NR,1,7988.00
HOGAR-011425,ENHOGAR,2026-08-01,07,0740,U,58,F,4,8125.00
HOGAR-011426,ENHOGAR,2026-08-02,08,0841,U,65,M,7,8262.00
HOGAR-011427,,2026-08-03,09,0942,R,72,X,2,8399.00
HOGAR-011428,ENHOGAR,2026-08-04,10,1043,U,79,NR,5,936.00
HOGAR-011429,ENHOGAR,2026-08-05,11,1144,U,86,F,8,1073.00
HOGAR-011430,ENHOGAR,2026-08-06,12,1245,R,20,M,3,1210.00
HOGAR-011431,ENHOGAR,2026-08-07,13,1346,U,27,X,6,1347.00
HOGAR-011432,ENHOGAR,2026-08-08,14,1447,U,34,NR,1,1484.00
HOGAR-011433,ENHOGAR,2026-08-09,15,1548,R,41,F,4,1621.00
HOGAR-011434,ENHOGAR,2026-08-10,16,1649,U,48,M,7,1758.00
HOGAR-011435,ENHOGAR,2026-08-11,17,1750,U,55,X,2,1895.00
HOGAR-011436,ENHOGAR,2026-08-12,18,1851,R,62,NR,5,2032.00
HOGAR-011437,ENHOGAR,2026-08-13,19,1952,U,69,F,8,2169.00
HOGAR-011438,ENHOGAR,2026-08-14,20,2053,U,76,M,3,2306.00
HOGAR-011439,ENHOGAR,2026-08-15,21,2154,R,83,X,6,2443.00
HOGAR-011440,ENHOGAR,2026-08-16,22,2255,U,90,NR,1,2580.00
HOGAR-011441,ENHOGAR,2026-08-17,01,0156,U,24,F,4,2717.00
HOGAR-011442,ENHOGAR,2026-08-18,02,0257,R,31,M,7,2854.00
HOGAR-011443,ENHOGAR,2026-08-19,03,0358,U,38,X,2,2991.00
HOGAR-011444,ENHOGAR,2026-08-20,04,0459,U,45,NR,5,3128.00
HOGAR-011445,ENHOGAR,2026-08-21,05,0560,R,52,F,8,3265.00
HOGAR-011446,ENHOGAR,2026-08-22,06,0661,U,59,M,3,3402.00
HOGAR-011447,ENHOGAR,2026-08-23,07,0762,U,66,X,6,3539.00
HOGAR-011448,ENHOGAR,2026-08-24,08,0863,R,73,NR,1,3676.00
HOGAR-011449,ENHOGAR,2026-08-25,09,0964,U,80,F,4,3813.00
HOGAR-011450,ENHOGAR,2026-08-26,10,1065,U,87,M,7,3950.00
HOGAR-011451,ENHOGAR,2026-08-27,11,1166,R,21,X,2,4087.00
HOGAR-011452,ENHOGAR,2026-08-28,12,1267,U,28,NR,5,4224.00
HOGAR-011453,ENHOGAR,2026-08-01,13,1368,U,35,F,8,4361.00
HOGAR-011454,ENHOGAR,2026-08-02,14,1469,R,42,M,3,4498.00
HOGAR-011455,ENHOGAR,2026-08-03,15,1570,U,49,X,6,4635.00
HOGAR-011456,ENHOGAR,2026-08-04,16,1671,U,56,NR,1,4772.00
HOGAR-011457,ENHOGAR,2026-08-05,17,1772,R,63,F,4,4909.00
HOGAR-011458,ENHOGAR,2026-08-06,18,1873,U,70,M,7,5046.00
HOGAR-011459,ENHOGAR,2026-08-07,19,1974,U,77,X,2,5183.00
HOGAR-011460,ENHOGAR,2026-08-08,20,2075,R,84,NR,5,5320.00
HOGAR-011461,ENHOGAR,2026-08-09,21,2176,U,18,F,8, 5457.00 
HOGAR-011462,ENHOGAR,2026-08-10,22,2277,U,25,M,3,5594.00
HOGAR-011463,ENHOGAR,2026-08-11,01,0178,R,32,X,6,5731.00
HOGAR-011464,ENHOGAR,2026-08-12,02,0279,U,39,NR,1,5868.00
HOGAR-011465,ENHOGAR,2026-08-13,03,0380,U,46,F,4,6005.00
HOGAR-011466,ENHOGAR,2026-08-14,04,0481,R,53,M,7,6142.00
HOGAR-011467,ENHOGAR,2026-08-15,05,0582,U,60,X,2,6279.00
HOGAR-011468,ENHOGAR,2026-08-16,06,0683,U,67,NR,5,6416.00
HOGAR-011469,ENHOGAR,2026-08-17,07,0784,R,74,F,8,6553.00
HOGAR-011470,ENHOGAR,2026-08-18,08,0885,U,81,M,3,6690.00
HOGAR-011471,ENHOGAR,2026-08-19,09,0986,U,88,X,6,6827.00
HOGAR-011472,ENHOGAR,2026-08-20,10,1087,R,22,NR,1,6964.00
HOGAR-011473,ENHOGAR,2026-08-21,11,1188,U,29,F,4,7101.00
HOGAR-011474,ENHOGAR,2026-08-22,12,1289,U,36,M,7,7238.00
HOGAR-011475,ENHOGAR,2026-08-23,13,1390,R,43,X,2,7375.00
HOGAR-011476,ENHOGAR,2026-08-24,14,1491,U,50,NR,5,7512.00
HOGAR-011477,ENHOGAR,2026-08-25,15,1592,U,57,F,8,7649.00
HOGAR-011478,ENHOGAR,2026-08-26,16,1693,R,64,M,3,7786.00
HOGAR-011479,ENHOGAR,2026-08-27,17,1794,U,71,X,6,7923.00
HOGAR-011480,ENHOGAR,2026-08-28,18,1895,U,78,NR,1,8060.00
HOGAR-011481,ENHOGAR,2026-08-01,19,1996,R,85,F,4,8197.00
HOGAR-011482,ENHOGAR,2026-08-02,20,2097,U,19,M,7,8334.00
HOGAR-011483,ENHOGAR,2026-08-03,21,2198,U,26,X,2,8471.00
HOGAR-011484,ENHOGAR,2026-08-04,22,2299,R,33,NR,5,1008.00
HOGAR-011485,ENHOGAR,2026-08-05,01,0101,U,40,F,8,1145.00
HOGAR-011486,ENHOGAR,2026-08-06,02,0202,U,47,M,3,1282.00
HOGAR-011487,ENHOGAR,2026-08-07,03,0303,R,54,X,6,1419.00
HOGAR-011488,ENHOGAR,2026-08-08,04,0404,U,61,NR,1,1556.00
HOGAR-011489,ENHOGAR,2026-08-09,05,0505,U,68,F,4,1693.00
HOGAR-011490,ENHOGAR,2026-08-10,06,0606,R,75,M,7,1830.00
HOGAR-011491,ENHOGAR,2026-08-11,07,0707,U,82,X,2,1967.00
HOGAR-011492,ENHOGAR,2026-08-12,08,0808,U,89,NR,5,2104.00
HOGAR-011493,ENHOGAR,2026-08-13,09,0909,R,23,F,8,2241.00
HOGAR-011494,ENHOGAR,2026-08-14,10,1010,U,30,M,3,2378.00
HOGAR-011495,ENHOGAR,2026-08-15,11,1111,U,37,X,6,2515.00
HOGAR-011496,ENHOGAR,2026-08-16,12,1212,R,44,NR,1,2652.00
HOGAR-011497,ENHOGAR,2026-08-17,13,1313,U,51,F,4,2789.00
HOGAR-011498,ENHOGAR,2026-08-18,14,1414,U,58,M,7,2926.00
HOGAR-011499,ENHOGAR,2026-08-19,15,1515,R,65,X,2,3063.00
HOGAR-011500,ENHOGAR,2026-08-20,16,1616,U,72,NR,5,3200.00
HOGAR-011501,ENHOGAR,2026-08-21,17,1717,U,79,F,8,3337.00
HOGAR-011502,ENHOGAR,2026-08-22,18,1818,R,86,M,3,3474.00
HOGAR-011503,ENHOGAR,2026-08-23,19,1919,U,20,X,6,3611.00
HOGAR-011504,ENHOGAR,2026-08-24,20,2020,U,27,NR,1,3748.00
HOGAR-011505,ENHOGAR,2026-08-25,21,2121,R,34,F,4,3885.00
HOGAR-011506,ENHOGAR,2026-08-26,22,2222,U,41,M,7,4022.00
HOGAR-011507,ENHOGAR,2026-08-27,01,0123,U,48,X,2,4159.00
HOGAR-011508,ENHOGAR,2026-08-28,02,0224,R,55,NR,5,4296.00
HOGAR-011509,ENHOGAR,2026-08-01,03,0325,U,62,F,8,4433.00
HOGAR-011510,ENHOGAR,2026-08-02,04,0426,U,69,M,3,4570.00
HOGAR-011511,ENHOGAR,2026-08-03,05,0527,R,76,X,6,4707.00
HOGAR-011512,ENHOGAR,2026-08-04,06,0628,U,83,NR,1,4844.00
HOGAR-011513,ENHOGAR,2026-08-05,07,0729,U,90,F,4,4981.00
HOGAR-011514,ENHOGAR,2026-08-06,08,0830,R,24,M,7,5118.00
HOGAR-011515,ENHOGAR,2026-08-07,09,0931,U,31,X,2,5255.00
HOGAR-011516,ENHOGAR,2026-08-08,10,1032,U,38,NR,5,5392.00
HOGAR-011517,ENHOGAR,2026-08-09,11,1133,R,45,F,8,5529.00
HOGAR-011518,ENHOGAR,2026-08-10,12,1234,U,52,M,3,5666.00
HOGAR-011519,ENHOGAR,2026-08-11,13,1335,U,59,X,6,5803.00
HOGAR-011520,ENHOGAR,2026-08-12,14,1436,R,66,NR,1,5940.00
HOGAR-011521,ENHOGAR,2026-08-13,15,1537,U,73,F,4,6077.00
HOGAR-011522,ENHOGAR,2026-08-14,16,1638,U,80,M,7,6214.00
HOGAR-011523,ENHOGAR,2026-08-15,17,1739,R,87,X,2,6351.00
HOGAR-011524,ENHOGAR,2026-08-16,18,1840,U,21,NR,5,6488.00
HOGAR-011525,ENHOGAR,2026-08-17,19,1941,U,28,F,8,6625.00
HOGAR-011526,ENHOGAR,2026-08-18,20,2042,R,35,M,3,6762.00
HOGAR-011527,ENHOGAR,2026-08-19,21,2143,U,42,X,6,6899.00
HOGAR-011528,ENHOGAR,2026-08-20,22,2244,U,49,NR,1,7036.00
HOGAR-011529,ENHOGAR,2026-08-21,01,0145,R,56,F,4,7173.00
HOGAR-011530,ENHOGAR,2026-08-22,02,0246,U,63,M,7,7310.00
HOGAR-011531,ENHOGAR,2026-08-23,03,0347,U,135,X,2,7447.00
HOGAR-011532,ENHOGAR,2026-08-24,04,0448,R,77,NR,5,7584.00
HOGAR-011533,ENHOGAR,2026-08-25,05,0549,U,84,F,8,7721.00
HOGAR-011534,ENHOGAR,2026-08-26,06,0650,U,18,M,3,7858.00
HOGAR-011535,ENHOGAR,2026-08-27,07,0751,R,25,X,6,7995.00
HOGAR-011536,ENHOGAR,2026-08-28,08,0852,U,32,NR,1,8132.00
HOGAR-011537,ENHOGAR,2026-08-01,09,0953,U,39,F,4,8269.00
HOGAR-011538,ENHOGAR,2026-08-02,10,1054,R,46,M,0,8406.00
HOGAR-011539,ENHOGAR,2026-08-03,11,1155,U,53,X,2,943.00
HOGAR-011540,ENHOGAR,2026-08-04,12,1256,U,60,NR,5,1080.00
HOGAR-011541,ENHOGAR,2026-08-05,13,1357,R,67,F,8,1217.00
HOGAR-011542,ENHOGAR,2026-08-06,14,1458,U,74,M,3,1354.00
HOGAR-011543,ENHOGAR,2026-08-07,15,1559,U,81,X,6,1491.00
HOGAR-011544,ENHOGAR,2026-08-08,16,1660,R,88,NR,1,1628.00
HOGAR-011545,ENHOGAR,2026-08-09,17,1761,U,22,F,4,1765.00
HOGAR-011546,ENHOGAR,2026-08-10,18,1862,U,29,M,7,1902.00
HOGAR-011547,ENHOGAR,2026-08-11,19,1963,R,36,X,2,2039.00
HOGAR-011548,ENHOGAR,2026-08-12,20,2064,U,43,NR,5,2176.00
HOGAR-011549,ENHOGAR,2026-08-13,21,2165,U,50,F,8,2313.00
HOGAR-011550,ENHOGAR,2026-08-14,22,2266,R,57,M,3,2450.00
HOGAR-011551,ENHOGAR,2026-08-15,01,0167,U,64,X,6,2587.00
HOGAR-011552,ENHOGAR,2026-08-16,02,0268,U,71,NR,1,2724.00
HOGAR-011553,ENHOGAR,2026-08-17,03,0369,R,78,F,4,2861.00
HOGAR-011554,ENHOGAR,2026-08-18,04,0470,U,85,M,7,2998.00
HOGAR-011555,ENHOGAR,2026-08-19,05,0571,U,19,X,2,3135.00
HOGAR-011556,ENHOGAR,2026-08-20,06,0672,R,26,NR,5,3272.00
HOGAR-011557,ENHOGAR,2026-08-21,07,0773,U,33,F,8,3409.00
HOGAR-011558,ENHOGAR,2026-08-22,08,0874,U,40,M,3,3546.00
HOGAR-011559,ENHOGAR,2026-08-23,09,0975,R,47,X,6,3683.00
HOGAR-011560,ENHOGAR,2026-08-24,10,1076,U,54,NR,1,3820.00
HOGAR-011561,ENHOGAR,2026-08-25,11,1177,U,61,F,4,3957.00
HOGAR-011562,ENHOGAR,2026-08-26,12,1278,R,68,M,7,4094.00
HOGAR-011563,ENHOGAR,2026-08-27,13,1379,U,75,X,2,4231.00
HOGAR-011564,ENHOGAR,2026-08-28,14,1480,U,82,NR,5,4368.00
HOGAR-011565,ENHOGAR,2026-08-01,15,1581,R,89,F,8,4505.00
HOGAR-011566,ENHOGAR,2026-08-02,16,1682,U,23,M,3,4642.00
HOGAR-011567,ENHOGAR,2026-08-03,17,1783,U,30,X,6,4779.00
HOGAR-011568,ENHOGAR,2026-08-04,18,1884,R,37,NR,1,4916.00
HOGAR-011569,ENHOGAR,2026-08-05,19,1985,U,44,F,4,-25.00
HOGAR-011570,ENHOGAR,2026-08-06,20,2086,U,51,M,7,5190.00
HOGAR-011571,ENHOGAR,2026-08-07,21,2187,R,58,X,2,5327.00
HOGAR-011572,ENHOGAR,2026-08-08,22,2288,U,65,NR,5,5464.00
HOGAR-011573,ENHOGAR,2026-08-09,01,0189,U,72,F,8,5601.00
HOGAR-011574,ENHOGAR,2026-08-10,02,0290,R,79,M,3,5738.00
HOGAR-011575,ENHOGAR,2026-08-11,03,0391,U,86,X,6,5875.00
HOGAR-011576,ENHOGAR,2026-08-12,04,0492,U,20,NR,1,6012.00
HOGAR-011577,ENHOGAR,2026-08-13,05,0593,R,27,F,4,6149.00
HOGAR-011578,ENHOGAR,2026-08-14,06,0694,U,34,M,7,6286.00
HOGAR-011579,ENHOGAR,2026-08-15,07,0795,U,41,X,2,6423.00
HOGAR-011580,ENHOGAR,2026-08-16,08,0896,R,48,NR,5,6560.00
HOGAR-011581,ENHOGAR,2026-08-17,09,0997,U,55,F,8,6697.00
HOGAR-011582,ENHOGAR,2026-08-18,10,1098,U,62,M,3,6834.00
HOGAR-011583,ENHOGAR,2026-08-19,11,1199,R,69,X,6,6971.00
HOGAR-011584,ENHOGAR,2026-08-20,12,1201,U,76,NR,1,7108.00
HOGAR-011585,ENHOGAR,2026-08-21,13,1302,U,83,F,4,7245.00
HOGAR-011586,ENHOGAR,2026-08-22,14,1403,R,90,M,7,7382.00
HOGAR-011587,ENHOGAR,2026-08-23,15,1504,U,24,X,2,7519.00
HOGAR-011588,ENHOGAR,2026-08-24,16,1605,U,31,NR,5,7656.00
HOGAR-011589,ENHOGAR,2026-08-25,17,1706,R,38,F,8,7793.00
HOGAR-011590,ENHOGAR,2026-08-26,18,1807,U,45,M,3,7930.00
HOGAR-011591,ENHOGAR,2026-08-27,19,1908,U,52,X,6,8067.00
HOGAR-011592,ENHOGAR,2026-08-28,20,2009,R,59,NR,1,8204.00
HOGAR-011593,ENHOGAR,2026-08-01,21,2110,U,66,F,4,8341.00
HOGAR-011594,ENHOGAR,2026-08-02,22,2211,U,73,M,7,8478.00
HOGAR-011595,ENHOGAR,2026-08-03,01,0112,R,80,X,2,1015.00
HOGAR-011596,ENHOGAR,2026-08-04,02,0213,U,87,NR,5,1152.00
HOGAR-011597,ENHOGAR,2026-08-05,03,0314,U,21,F,8,1289.00
HOGAR-011598,ENHOGAR,2026-08-06,04,0415,R,28,M,3,1426.00
HOGAR-011599,ENHOGAR,2026-08-07,05,0516,U,35,X,6,1563.00
HOGAR-011600,ENHOGAR,2026-08-08,06,0617,U,42,NR,1,1700.00
HOGAR-011601,ENHOGAR,2026-08-09,07,0718,R,49,F,4,1837.00
HOGAR-011602,ENHOGAR,2026-08-10,08,0819,U,56,M,7,1974.00
HOGAR-011603,ENHOGAR,2026-08-11,09,0920,U,63,X,2,2111.00
HOGAR-011604,ENHOGAR,2026-08-12,10,1021,R,70,NR,5,2248.00
HOGAR-011605,ENHOGAR,2026-08-13,11,1122,U,77,F,8,2385.00
HOGAR-011606,ENHOGAR,2026-08-14,12,1223,U,84,M,3,2522.00
HOGAR-011607,ENHOGAR,2026-08-15,13,1324,R,18,X,6,2659.00
HOGAR-011608,ENHOGAR,2026-08-16,14,1425,U,25,NR,1,2796.00
HOGAR-011609,ENHOGAR,2026-08-17,15,1526,U,32,F,4,2933.00
HOGAR-011610,ENHOGAR,2026-08-18,16,1627,R,39,M,7,3070.00
HOGAR-011611,ENHOGAR,2026-08-19,17,1728,U,46,X,2,3207.00
HOGAR-011612,ENHOGAR,2026-08-20,18,1829,U,53,NR,5,3344.00
HOGAR-011613,ENHOGAR,2026-08-21,19,1930,R,60,F,8,3481.00
HOGAR-011614,ENHOGAR,2026-08-22,20,2031,U,67,M,3,3618.00
HOGAR-011615,ENHOGAR,2026-08-23,21,2132,U,74,X,6,3755.00
HOGAR-011616,ENHOGAR,2026-08-24,22,2233,R,81,NR,1,3892.00
HOGAR-011617,ENHOGAR,2026-08-25,01,0134,U,88,F,4,4029.00
HOGAR-011618,ENHOGAR,2026-08-26,02,0235,U,22,M,7, 4166.00 
HOGAR-011619,ENHOGAR,2026-08-27,03,0336,R,29,X,2,4303.00
HOGAR-011620,ENHOGAR,2026-08-28,04,0437,U,36,NR,5,4440.00
HOGAR-011621,ENHOGAR,2026-08-01,05,0538,U,43,F,8,4577.00
HOGAR-011622,ENHOGAR,2026-08-02,06,0639,R,50,M,3,4714.00
HOGAR-011623,ENHOGAR,2026-08-03,07,0740,U,57,X,6,4851.00
HOGAR-011624,ENHOGAR,2026-08-04,08,0841,U,64,NR,1,4988.00
HOGAR-011625,ENHOGAR,2026-08-05,09,0942,R,71,F,4,5125.00
HOGAR-011626,ENHOGAR,2026-08-06,10,1043,U,78,M,7,5262.00
HOGAR-011627,ENHOGAR,2026-08-07,11,1144,U,85,X,2,5399.00
HOGAR-011628,ENHOGAR,2026-08-08,12,1245,R,19,NR,5,5536.00
HOGAR-011629,ENHOGAR,2026-08-09,13,1346,U,26,F,8,5673.00
HOGAR-011630,ENHOGAR,2026-08-10,14,1447,U,33,M,3,5810.00
HOGAR-011631,ENHOGAR,2026-08-11,15,1548,R,40,X,6,5947.00
HOGAR-011632,ENHOGAR,2026-08-12,16,1649,U,47,NR,1,6084.00
HOGAR-011633,ENHOGAR,2026-08-13,17,1750,U,54,F,4,6221.00
HOGAR-011634,ENHOGAR,2026-08-14,18,1851,R,61,M,7,6358.00
HOGAR-011635,ENHOGAR,2026-08-15,19,1952,U,68,X,2,6495.00
HOGAR-011636,ENHOGAR,2026-08-16,20,2053,U,75,NR,5,6632.00
HOGAR-011637,ENHOGAR,2026-08-17,21,2154,R,82,F,8,6769.00
HOGAR-011638,ENHOGAR,2026-08-18,22,2255,U,89,M,3,6906.00
HOGAR-011639,ENHOGAR,2026-08-19,01,0156,U,23,X,6,7043.00
HOGAR-011640,ENHOGAR,2026-08-20,02,0257,R,30,NR,1,7180.00
HOGAR-011641,ENHOGAR,2026-08-21,03,0358,U,37,F,4,7317.00
HOGAR-011642,ENHOGAR,2026-08-22,04,0459,U,44,M,7,7454.00
HOGAR-011643,ENHOGAR,2026-08-23,05,0560,R,51,X,2,7591.00
HOGAR-011644,ENHOGAR,2026-08-24,06,0661,U,58,NR,5,7728.00
HOGAR-011645,ENHOGAR,2026-08-25,07,0762,U,65,F,8,7865.00
HOGAR-011646,ENHOGAR,2026-08-26,08,0863,R,72,M,3,8002.00
HOGAR-011647,ENHOGAR,2026-08-27,09,0964,U,79,X,6,8139.00
HOGAR-011648,ENHOGAR,2026-08-28,10,1065,U,86,NR,1,8276.00
HOGAR-011649,ENHOGAR,2026-08-01,11,1166,R,20,F,4,8413.00
HOGAR-011650,ENHOGAR,2026-08-02,12,1267,U,27,M,7,950.00
HOGAR-011651,ENHOGAR,2026-08-03,13,1368,U,34,X,2,1087.00
HOGAR-011652,ENHOGAR,2026-08-04,14,1469,R,41,NR,5,1224.00
HOGAR-011653,ENHOGAR,2026-08-05,15,1570,U,48,F,8,1361.00
HOGAR-011654,ENHOGAR,2026-08-06,16,1671,U,55,M,3,1498.00
HOGAR-000001,ENHOGAR,2026-08-07,17,1772,R,62,X,6,1635.00
HOGAR-011656,ENHOGAR,2026-08-08,18,1873,U,69,NR,1,1772.00
HOGAR-011657,ENHOGAR,2026-08-09,19,1974,U,76,F,4,1909.00
HOGAR-011658,ENHOGAR,2026-08-10,20,2075,R,83,M,7,2046.00
HOGAR-011659,ENHOGAR,2026-08-11,21,2176,U,90,X,2,2183.00
HOGAR-011660,ENHOGAR,2026-08-12,22,2277,U,24,NR,5,2320.00
HOGAR-011661,ENHOGAR,2026-08-13,01,0178,R,31,F,8,2457.00
HOGAR-011662,ENHOGAR,2026-08-14,02,0279,U,38,M,3,2594.00
HOGAR-011663,ENHOGAR,2026-08-15,03,0380,U,45,X,6,2731.00
HOGAR-011664,ENHOGAR,2026-08-16,04,0481,R,52,NR,1,2868.00
HOGAR-011665,ENHOGAR,2026-08-17,05,0582,U,59,F,4,3005.00
HOGAR-011666,ENHOGAR,2026-08-18,06,0683,U,66,M,7,3142.00
HOGAR-011667,ENHOGAR,2026-08-19,07,0784,R,73,X,2,3279.00
HOGAR-011668,ENHOGAR,2026-08-20,08,0885,U,80,NR,5,3416.00
HOGAR-011669,ENHOGAR,2026-08-21,09,0986,U,87,F,8,3553.00
HOGAR-011670,ENHOGAR,2026-08-22,10,1087,R,21,M,3,3690.00
HOGAR-011671,ENHOGAR,2026-08-23,11,1188,U,28,X,6,3827.00
HOGAR-011672,ENHOGAR,2026-08-24,12,1289,U,35,NR,1,3964.00
HOGAR-011673,ENHOGAR,2026-08-25,13,1390,R,42,F,4,4101.00
HOGAR-011674,ENHOGAR,2026-08-26,14,1491,U,49,M,7,4238.00
HOGAR-011675,ENHOGAR,2026-08-27,15,1592,U,56,X,2,4375.00
HOGAR-011676,ENHOGAR,2026-08-28,16,1693,R,63,NR,5,4512.00
HOGAR-011677,ENHOGAR,2026-08-01,17,1794,U,70,F,8,4649.00
HOGAR-011678,ENHOGAR,2026-08-02,18,1895,U,77,M,3,4786.00
HOGAR-011679,ENHOGAR,2026-08-03,19,1996,R,84,X,6,4923.00
HOGAR-011680,ENHOGAR,2026-08-04,20,2097,U,18,NR,1,5060.00
HOGAR-011681,ENHOGAR,2026-08-05,21,2198,U,25,F,4,5197.00
HOGAR-011682,ENHOGAR,2026-08-06,22,2299,R,32,M,7,5334.00
HOGAR-011683,ENHOGAR,2026-08-07,01,0101,U,39,X,2,5471.00
HOGAR-011684,ENHOGAR,2026-08-08,02,0202,U,46,NR,5,5608.00
HOGAR-011685,ENHOGAR,2026-08-09,03,0303,R,53,F,8,5745.00
HOGAR-011686,ENHOGAR,2026-08-10,04,0404,U,60,M,3,5882.00
HOGAR-011687,ENHOGAR,2026-08-11,05,0505,U,67,X,6,6019.00
HOGAR-011688,ENHOGAR,2026-08-12,06,0606,R,74,NR,1,6156.00
HOGAR-011689,ENHOGAR,2026-08-13,07,0707,U,81,F,4,6293.00
HOGAR-011690,ENHOGAR,2026-08-14,08,0808,U,88,M,7,6430.00
HOGAR-011691,ENHOGAR,2026-08-15,09,0909,R,22,X,2,6567.00
HOGAR-011692,ENHOGAR,2026-08-16,10,1010,U,29,NR,5,6704.00
HOGAR-011693,ENHOGAR,2026-08-17,11,1111,U,36,F,8,6841.00
HOGAR-011694,ENHOGAR,2026-08-18,12,1212,R,43,M,3,6978.00
HOGAR-011695,ENHOGAR,2026-08-19,13,1313,U,50,X,6,7115.00
HOGAR-011696,ENHOGAR,2026-08-20,14,1414,U,57,NR,1,7252.00
HOGAR-011697,ENHOGAR,2026-08-21,15,1515,R,64,F,4,7389.00
HOGAR-011698,ENHOGAR,2026-08-22,16,1616,U,71,M,7,7526.00
HOGAR-011699,ENHOGAR,2026-08-23,17,1717,U,78,X,2,7663.00
HOGAR-011700,ENHOGAR,2026-08-24,18,1818,R,85,NR,5,7800.00
HOGAR-011701,ENHOGAR,2026-08-25,19,1919,U,19,F,8,7937.00
HOGAR-011702,ENHOGAR,2026-08-26,20,2020,U,26,M,3,8074.00
HOGAR-011703,ENHOGAR,2026-08-27,21,2121,R,33,X,6,8211.00
HOGAR-011704,ENHOGAR,2026-08-28,22,2222,U,40,NR,1,8348.00
HOGAR-011705,ENHOGAR,2026-08-01,01,0123,U,47,F,4,8485.00
HOGAR-011706,ENHOGAR,2026-08-02,02,0224,R,54,M,7,1022.00
HOGAR-011707,ENHOGAR,2026-08-03,03,0325,U,61,X,2,1159.00
HOGAR-011708,ENHOGAR,2026-08-04,04,0426,U,68,NR,5,1296.00
HOGAR-011709,ENHOGAR,2026-08-05,05,0527,R,75,F,8,1433.00
HOGAR-011710,ENHOGAR,2026-08-06,06,0628,U,82,M,3,1570.00
HOGAR-011711,ENHOGAR,2026-08-07,07,0729,U,89,X,6,1707.00
HOGAR-011712,ENHOGAR,2026-08-08,08,0830,R,23,NR,1,1844.00
HOGAR-011713,ENHOGAR,2026-08-09,09,0931,U,30,F,4,1981.00
HOGAR-011714,ENHOGAR,2026-08-10,10,1032,U,37,M,7,2118.00
HOGAR-011715,ENHOGAR,2026-08-11,11,1133,R,44,X,2,2255.00
HOGAR-011716,ENHOGAR,2026-08-12,12,1234,U,51,NR,5,2392.00
HOGAR-011717,ENHOGAR,2026-08-13,13,1335,U,58,F,8,2529.00
HOGAR-011718,ENHOGAR,2026-08-14,14,1436,R,65,M,3,2666.00
HOGAR-011719,ENHOGAR,2026-08-15,15,1537,U,72,X,6,2803.00
HOGAR-011720,,2026-08-16,16,1638,U,79,NR,1,2940.00
HOGAR-011721,ENHOGAR,2026-08-17,17,1739,R,86,F,4,3077.00
HOGAR-011722,ENHOGAR,2026-08-18,18,1840,U,20,M,7,3214.00
HOGAR-011723,ENHOGAR,2026-08-19,19,1941,U,27,X,2,3351.00
HOGAR-011724,ENHOGAR,2026-08-20,20,2042,R,34,NR,5,3488.00
HOGAR-011725,ENHOGAR,2026-08-21,21,2143,U,41,F,8,3625.00
HOGAR-011726,ENHOGAR,2026-08-22,22,2244,U,48,M,3,3762.00
HOGAR-011727,ENHOGAR,2026-08-23,01,0145,R,55,X,6,3899.00
HOGAR-011728,ENHOGAR,2026-08-24,02,0246,U,62,Z,1,4036.00
HOGAR-011729,ENHOGAR,2026-08-25,03,0347,U,69,F,4,4173.00
HOGAR-011730,ENHOGAR,2026-08-26,04,0448,R,76,M,7,4310.00
HOGAR-011731,ENHOGAR,2026-08-27,05,0549,U,83,X,2,4447.00
HOGAR-011732,ENHOGAR,2027-01-01,06,0650,U,90,NR,5,4584.00
HOGAR-011733,ENHOGAR,2026-08-01,07,0751,R,24,F,8,4721.00
HOGAR-011734,ENHOGAR,2026-08-02,08,0852,U,31,M,3,4858.00
HOGAR-011735,ENHOGAR,2026-08-03,09,0953,U,38,X,6,4995.00
HOGAR-011736,ENHOGAR,2026-08-04,10,1054,R,45,NR,1,5132.00
HOGAR-011737,ENHOGAR,2026-08-05,11,1155,U,52,F,4,5269.00
HOGAR-011738,ENHOGAR,2026-08-06,12,1256,U,59,M,7,5406.00
HOGAR-011739,ENHOGAR,2026-08-07,13,1357,R,66,X,2,5543.00
HOGAR-011740,ENHOGAR,2026-08-08,14,1458,U,73,NR,5,5680.00
HOGAR-011741,ENHOGAR,2026-08-09,15,1559,U,80,F,8,5817.00
HOGAR-011742,ENHOGAR,2026-08-10,16,1660,R,87,M,3,5954.00
HOGAR-011743,ENHOGAR,2026-08-11,17,1761,U,21,X,6,6091.00
HOGAR/011744,ENHOGAR,2026-08-12,18,1862,U,28,NR,1,6228.00
HOGAR-011745,ENHOGAR,2026-08-13,19,1963,R,35,F,4,6365.00
HOGAR-011746,ENHOGAR,2026-08-14,20,2064,U,42,M,7,6502.00
HOGAR-011747,ENHOGAR,2026-08-15,21,2165,U,49,X,2,6639.00
HOGAR-011748,ENHOGAR,2026-08-16,22,2266,R,56,NR,5,6776.00
HOGAR-011749,ENHOGAR,2026-08-17,01,0167,U,63,F,8,6913.00
HOGAR-011750,ENHOGAR,2026-08-18,02,0268,U,70,M,3,7050.00
HOGAR-011751,ENHOGAR,2026-08-19,03,0369,R,77,X,6,7187.00
HOGAR-011752,ENHOGAR,2026-08-20,04,0470,U,84,NR,1,7324.00
HOGAR-011753,ENHOGAR,2026-08-21,05,0571,U,18,F,4,7461.00
HOGAR-011754,ENHOGAR,2026-08-22,06,0672,R,25,M,7,7598.00
HOGAR-011755,ENHOGAR,2026-08-23,07,0773,U,32,X,2,7735.00
HOGAR-011756,ENHOGAR,2026-08-24,08,0874,U,39,NR,5,7872.00
HOGAR-011757,ENHOGAR,2026-08-25,09,0975,R,46,F,8,8009.00
HOGAR-011758,ENHOGAR,2026-08-26,10,1076,U,53,M,3,8146.00
HOGAR-011759,ENHOGAR,2026-08-27,11,1177,U,60,X,6,8283.00
HOGAR-011760,ENHOGAR,2026-08-28,12,1278,R,67,NR,1,8420.00
HOGAR-011761,ENHOGAR,2026-08-01,13,1379,U,74,F,4,957.00
HOGAR-011762,ENHOGAR,2026-08-02,14,1480,U,81,M,7,1094.00
HOGAR-011763,ENHOGAR,2026-08-03,15,1581,R,88,X,2,1231.00
HOGAR-011764,ENHOGAR,2026-08-04,16,1682,U,22,NR,5,1368.00
HOGAR-011765,ENHOGAR,2026-08-05,17,1783,U,29,F,8,1505.00
HOGAR-011766,ENHOGAR,2026-08-06,18,1884,R,36,M,3,1642.00
HOGAR-011767,ENHOGAR,2026-08-07,19,1985,U,43,X,6,1779.00
HOGAR-011768,ENHOGAR,2026-08-08,20,2086,U,50,NR,1,1916.00
HOGAR-011769,ENHOGAR,2026-08-09,21,2187,R,57,F,4,2053.00
HOGAR-011770,ENHOGAR,2026-08-10,22,2288,U,64,M,7,2190.00
HOGAR-011771,ENHOGAR,2026-08-11,01,0189,U,71,X,2,2327.00
HOGAR-011772,ENHOGAR,2026-08-12,02,0290,R,78,NR,5,2464.00
HOGAR-011773,ENHOGAR,2026-08-13,03,0391,U,85,F,8,2601.00
HOGAR-011774,ENHOGAR,2026-08-14,04,0492,U,19,M,3,2738.00
HOGAR-011775,ENHOGAR,2026-08-15,05,0593,R,26,X,6, 2875.00 
HOGAR-011776,ENHOGAR,2026-08-16,06,0694,U,33,NR,1,3012.00
HOGAR-011777,ENHOGAR,2026-08-17,07,0795,U,40,F,4,3149.00
HOGAR-011778,ENHOGAR,2026-08-18,08,0896,R,47,M,7,3286.00
HOGAR-011779,ENHOGAR,2026-08-19,09,0997,U,54,X,2,3423.00
HOGAR-011780,ENHOGAR,2026-08-20,10,1098,U,61,NR,5,3560.00
HOGAR-011781,ENHOGAR,2026-08-21,11,1199,R,68,F,8,3697.00
HOGAR-011782,ENHOGAR,2026-08-22,12,1201,U,75,M,3,3834.00
HOGAR-011783,ENHOGAR,2026-08-23,13,1302,U,82,X,6,3971.00
HOGAR-011784,ENHOGAR,2026-08-24,14,1403,R,89,NR,1,4108.00
HOGAR-011785,ENHOGAR,2026-08-25,15,1504,U,23,F,4,4245.00
HOGAR-011786,ENHOGAR,2026-08-26,16,1605,U,30,M,7,4382.00
HOGAR-011787,ENHOGAR,2026-08-27,17,1706,R,37,X,2,4519.00
HOGAR-011788,ENHOGAR,2026-08-28,18,1807,U,44,NR,5,4656.00
HOGAR-011789,ENHOGAR,2026-08-01,19,1908,U,51,F,8,4793.00
HOGAR-011790,ENHOGAR,2026-08-02,20,2009,R,58,M,3,4930.00
HOGAR-011791,ENHOGAR,2026-08-03,21,2110,U,65,X,6,5067.00
HOGAR-011792,ENHOGAR,2026-08-04,22,2211,U,72,NR,1,5204.00
HOGAR-011793,ENHOGAR,2026-08-05,01,0112,R,79,F,4,5341.00
HOGAR-011794,ENHOGAR,2026-08-06,02,0213,U,86,M,7,5478.00
HOGAR-011795,ENHOGAR,2026-08-07,03,0314,U,20,X,2,5615.00
HOGAR-011796,ENHOGAR,2026-08-08,04,0415,R,27,NR,5,5752.00
HOGAR-011797,ENHOGAR,2026-08-09,05,0516,U,34,F,8,5889.00
HOGAR-011798,ENHOGAR,2026-08-10,06,0617,U,41,M,3,6026.00
HOGAR-011799,ENHOGAR,2026-08-11,07,0718,R,48,X,6,6163.00
HOGAR-011800,ENHOGAR,2026-08-12,08,0819,U,55,NR,1,6300.00
HOGAR-011801,ENHOGAR,2026-08-13,09,0920,U,62,F,4,6437.00
HOGAR-011802,ENHOGAR,2026-08-14,10,1021,R,69,M,7,6574.00
HOGAR-011803,ENHOGAR,2026-08-15,11,1122,U,76,X,2,6711.00
HOGAR-011804,ENHOGAR,2026-08-16,12,1223,U,83,NR,5,6848.00
HOGAR-011805,ENHOGAR,2026-08-17,13,1324,R,90,F,8,6985.00
HOGAR-011806,ENHOGAR,2026-08-18,14,1425,U,24,M,3,7122.00
HOGAR-011807,ENHOGAR,2026-08-19,15,1526,U,31,X,6,7259.00
HOGAR-011808,ENHOGAR,2026-08-20,16,1627,R,38,NR,1,7396.00
HOGAR-011809,ENHOGAR,2026-08-21,17,1728,U,45,F,4,7533.00
HOGAR-011810,ENHOGAR,2026-08-22,18,1829,U,52,M,7,7670.00
HOGAR-011811,ENHOGAR,2026-08-23,19,1930,R,59,X,2,7807.00
HOGAR-011812,ENHOGAR,2026-08-24,20,2031,U,66,NR,5,7944.00
HOGAR-011813,ENHOGAR,2026-08-25,21,2132,U,73,F,8,8081.00
HOGAR-011814,ENHOGAR,2026-08-26,22,2233,R,80,M,3,8218.00
HOGAR-011815,ENHOGAR,2026-08-27,01,0134,U,87,X,6,8355.00
HOGAR-011816,ENHOGAR,2026-08-28,02,0235,U,21,NR,1,8492.00
HOGAR-011817,ENHOGAR,2026-08-01,03,0336,R,28,F,4,1029.00
HOGAR-011818,ENHOGAR,2026-08-02,04,0437,U,35,M,7,1166.00
HOGAR-011819,ENHOGAR,2026-08-03,05,0538,U,42,X,2,1303.00
HOGAR-011820,ENHOGAR,2026-08-04,06,0639,R,49,NR,5,1440.00
HOGAR-011821,ENHOGAR,2026-08-05,07,0740,U,56,F,8,1577.00
HOGAR-011822,ENHOGAR,2026-08-06,08,0841,U,63,M,3,1714.00
HOGAR-011823,ENHOGAR,2026-08-07,09,0942,R,70,X,6,1851.00
HOGAR-011824,ENHOGAR,2026-08-08,10,1043,U,77,NR,1,1988.00
HOGAR-011825,ENHOGAR,2026-08-09,11,1144,U,84,F,4,2125.00
HOGAR-011826,ENHOGAR,2026-08-10,12,1245,R,18,M,7,2262.00
HOGAR-011827,ENHOGAR,2026-08-11,13,1346,U,25,X,2,2399.00
HOGAR-011828,ENHOGAR,2026-08-12,14,1447,U,32,NR,5,2536.00
HOGAR-011829,ENHOGAR,2026-08-13,15,1548,R,39,F,8,2673.00
HOGAR-011830,ENHOGAR,2026-08-14,16,1649,U,46,M,3,2810.00
HOGAR-011831,ENHOGAR,2026-08-15,17,1750,U,53,X,6,2947.00
HOGAR-011832,ENHOGAR,2026-08-16,18,1851,R,60,NR,1,3084.00
HOGAR-011833,ENHOGAR,2026-08-17,19,1952,U,67,F,4,3221.00
HOGAR-011834,ENHOGAR,2026-08-18,20,2053,U,74,M,7,3358.00
HOGAR-011835,ENHOGAR,2026-08-19,21,2154,R,81,X,2,3495.00
HOGAR-011836,ENHOGAR,2026-08-20,22,2255,U,88,NR,5,3632.00
HOGAR-011837,ENHOGAR,2026-08-21,01,0156,U,22,F,8,3769.00
HOGAR-011838,ENHOGAR,2026-08-22,02,0257,R,29,M,3,3906.00
HOGAR-011839,ENHOGAR,2026-08-23,03,0358,U,36,X,6,4043.00
HOGAR-011840,ENHOGAR,2026-08-24,04,0459,U,43,NR,1,4180.00
HOGAR-011841,ENHOGAR,2026-08-25,05,0560,R,50,F,4,4317.00
HOGAR-011842,ENHOGAR,2026-08-26,06,0661,U,57,M,7,4454.00
HOGAR-011843,ENHOGAR,2026-08-27,07,0762,X,64,X,2,4591.00
HOGAR-011844,ENHOGAR,2026-08-28,08,0863,R,71,NR,5,4728.00
HOGAR-011845,ENHOGAR,2026-08-01,09,0964,U,78,F,8,4865.00
HOGAR-011846,ENHOGAR,2026-08-02,10,1065,U,85,M,3,5002.00
HOGAR-011847,ENHOGAR,2026-08-03,11,1166,R,19,X,6,5139.00
HOGAR-011848,ENHOGAR,2026-08-04,12,1267,U,26,NR,1,5276.00
HOGAR-011849,ENHOGAR,2026-08-05,13,1368,U,33,F,4,5413.00
HOGAR-011850,ENHOGAR,2026-08-06,14,1469,R,40,M,7,5550.00
HOGAR-011851,ENHOGAR,2026-08-07,15,1570,U,47,X,2,5687.00
HOGAR-011852,ENHOGAR,2026-08-08,16,1671,U,54,NR,5,5824.00
HOGAR-011853,ENHOGAR,2026-08-09,17,1772,R,61,F,8,5961.00
HOGAR-011854,ENHOGAR,2026-08-10,18,1873,U,68,M,3,6098.00
HOGAR-011855,ENHOGAR,2026-08-11,19,1974,U,75,X,6,6235.00
HOGAR-011856,ENHOGAR,2026-08-12,20,2075,R,82,NR,1,6372.00
HOGAR-011857,ENHOGAR,2026-08-13,21,2176,U,89,F,4,6509.00
HOGAR-011858,ENHOGAR,2026-08-14,22,2277,U,23,M,7,6646.00
HOGAR-011859,ENHOGAR,2026-08-15,01,0178,R,30,X,2,6783.00
HOGAR-011860,ENHOGAR,2026-08-16,02,0279,U,37,NR,5,6920.00
HOGAR-011861,ENHOGAR,2026-08-17,03,0380,U,44,F,8,7057.00
HOGAR-011862,ENHOGAR,2026-08-18,04,0481,R,51,M,3,7194.00
HOGAR-011863,ENHOGAR,2026-08-19,05,0582,U,58,X,6,7331.00
HOGAR-011864,ENHOGAR,2026-08-20,06,0683,U,65,NR,1,7468.00
HOGAR-011865,ENHOGAR,2026-08-21,07,0784,R,72,F,4,7605.00
HOGAR-011866,ENHOGAR,2026-08-22,08,0885,U,79,M,7,7742.00
HOGAR-011867,ENHOGAR,2026-08-23,09,0986,U,86,X,2,7879.00
HOGAR-011868,ENHOGAR,2026-08-24,10,1087,R,20,NR,5,8016.00
HOGAR-011869,ENHOGAR,2026-08-25,11,1188,U,27,F,8,8153.00
HOGAR-011870,ENHOGAR,2026-08-26,12,1289,U,34,M,3,8290.00
HOGAR-011871,ENHOGAR,2026-08-27,13,1390,R,41,X,6,8427.00
HOGAR-011872,ENHOGAR,2026-08-28,14,1491,U,48,NR,1,964.00
HOGAR-011873,ENHOGAR,2026-08-01,15,1592,U,55,F,4,1101.00
HOGAR-011874,ENHOGAR,2026-08-02,16,1693,R,62,M,7,1238.00
HOGAR-011875,ENHOGAR,2026-08-03,17,1794,U,69,X,2,1375.00
HOGAR-011876,ENHOGAR,2026-08-04,18,1895,U,76,NR,5,1512.00
HOGAR-011877,ENHOGAR,2026-08-05,19,1996,R,83,F,8,1649.00
HOGAR-011878,ENHOGAR,2026-08-06,20,2097,U,90,M,3,1786.00
HOGAR-011879,ENHOGAR,2026-08-07,21,2198,U,24,X,6,1923.00
HOGAR-011880,ENHOGAR,2026-08-08,22,2299,R,31,NR,1,2060.00
HOGAR-011881,ENHOGAR,2026-08-09,01,0101,U,38,F,4,2197.00
HOGAR-011882,ENHOGAR,2026-08-10,02,0202,U,45,M,7,2334.00
HOGAR-011883,ENHOGAR,2026-08-11,03,0303,R,52,X,2,2471.00
HOGAR-011884,ENHOGAR,2026-08-12,04,0404,U,59,NR,5,2608.00
HOGAR-011885,ENHOGAR,2026-08-13,05,0505,U,66,F,8,2745.00
HOGAR-011886,ENHOGAR,2026-08-14,06,0606,R,73,M,3,2882.00
HOGAR-011887,ENHOGAR,2026-08-15,07,0707,U,80,X,6,3019.00
HOGAR-011888,ENHOGAR,2026-08-16,08,0808,U,87,NR,1,3156.00
HOGAR-011889,ENHOGAR,2026-08-17,09,0909,R,21,F,4,3293.00
HOGAR-011890,ENHOGAR,2026-08-18,10,1010,U,28,M,7,3430.00
HOGAR-011891,ENHOGAR,2026-08-19,11,1111,U,35,X,2,3567.00
HOGAR-011892,ENHOGAR,2026-08-20,12,1212,R,42,NR,5,3704.00
HOGAR-011893,ENHOGAR,2026-08-21,13,1313,U,49,F,8,3841.00
HOGAR-011894,ENHOGAR,2026-08-22,14,1414,U,56,M,3,3978.00
HOGAR-011895,ENHOGAR,2026-08-23,15,1515,R,63,X,6,4115.00
HOGAR-011896,ENHOGAR,2026-08-24,16,1616,U,70,NR,1,4252.00
HOGAR-011897,ENHOGAR,2026-08-25,17,1717,U,77,F,4,4389.00
HOGAR-011898,ENHOGAR,2026-08-26,18,1818,R,84,M,7,4526.00
HOGAR-011899,ENHOGAR,2026-08-27,19,1919,U,18,X,2,4663.00
HOGAR-011900,ENHOGAR,2026-08-28,20,2020,U,25,NR,5,4800.00
HOGAR-011901,ENHOGAR,2026-08-01,21,2121,R,32,F,8,4937.00
HOGAR-011902,ENHOGAR,2026-08-02,22,2222,U,39,M,3,5074.00
HOGAR-011903,ENHOGAR,2026-08-03,01,0123,U,46,X,6,5211.00
HOGAR-011904,ENHOGAR,2026-08-04,02,0224,R,53,NR,1,5348.00
HOGAR-011905,ENHOGAR,2026-08-05,03,0325,U,60,F,4,5485.00
HOGAR-011906,ENHOGAR,2026-08-06,04,0426,U,67,M,7,5622.00
HOGAR-011907,ENHOGAR,2026-08-07,05,0527,R,74,X,2,5759.00
HOGAR-011908,ENHOGAR,2026-08-08,06,0628,U,81,NR,5,5896.00
HOGAR-011909,ENHOGAR,2026-08-09,07,0729,U,88,F,8,6033.00
HOGAR-011910,ENHOGAR,2026-08-10,08,0830,R,22,M,3,6170.00
HOGAR-011911,ENHOGAR,2026-08-11,09,0931,U,29,X,6,6307.00
HOGAR-011912,ENHOGAR,2026-08-12,10,1032,U,36,NR,1,6444.00
HOGAR-011913,ENHOGAR,2026-08-13,11,1133,R,43,F,4,6581.00
HOGAR-011914,ENHOGAR,2026-08-14,12,1234,U,50,M,7,6718.00
HOGAR-011915,ENHOGAR,2026-08-15,13,1335,U,57,X,2,6855.00
HOGAR-011916,ENHOGAR,2026-08-16,14,1436,R,64,NR,5,6992.00
HOGAR-011917,ENHOGAR,2026-08-17,15,1537,U,71,F,8,7129.00
HOGAR-011918,ENHOGAR,2026-08-18,16,1638,U,78,M,3,7266.00
HOGAR-011919,ENHOGAR,2026-08-19,17,1739,R,85,X,6,7403.00
HOGAR-011920,ENHOGAR,2026-08-20,18,1840,U,19,NR,1,7540.00
HOGAR-011921,ENHOGAR,2026-08-21,19,1941,U,26,F,4,7677.00
HOGAR-011922,ENHOGAR,2026-08-22,20,2042,R,33,M,7,7814.00
HOGAR-011923,ENHOGAR,2026-08-23,21,2143,U,40,X,2,7951.00
HOGAR-011924,ENHOGAR,2026-08-24,22,2244,U,47,NR,5,8088.00
HOGAR-011925,ENHOGAR,2026-08-25,01,0145,R,54,F,8,8225.00
HOGAR-011926,ENHOGAR,2026-08-26,02,0246,U,61,M,3,8362.00
HOGAR-011927,ENHOGAR,2026-08-27,03,0347,U,68,X,6,8499.00
HOGAR-011928,ENHOGAR,2026-08-28,04,0448,R,75,NR,1,1036.00
HOGAR-011929,ENHOGAR,2026-08-01,05,0549,U,82,F,4,1173.00
HOGAR-011930,ENHOGAR,2026-08-02,06,0650,U,89,M,7,1310.00
HOGAR-011931,ENHOGAR,2026-08-03,07,0751,R,23,X,2,1447.00
HOGAR-011932,ENHOGAR,2026-08-04,08,0852,U,30,NR,5, 1584.00 
HOGAR-011933,ENHOGAR,2026-08-05,09,0953,U,37,F,8,1721.00
HOGAR-011934,ENHOGAR,2026-08-06,10,1054,R,44,M,3,1858.00
HOGAR-011935,ENHOGAR,2026-08-07,11,1155,U,51,X,6,1995.00
HOGAR-011936,ENHOGAR,2026-08-08,12,1256,U,58,NR,1,2132.00
HOGAR-011937,ENHOGAR,2026-08-09,13,1357,R,65,F,4,2269.00
HOGAR-011938,ENHOGAR,2026-08-10,14,1458,U,72,M,7,2406.00
HOGAR-011939,ENHOGAR,2026-08-11,15,1559,U,79,X,2,2543.00
HOGAR-011940,ENHOGAR,2026-08-12,16,1660,R,86,NR,5,2680.00
HOGAR-011941,ENHOGAR,2026-08-13,17,1761,U,20,F,8,2817.00
HOGAR-011942,ENHOGAR,2026-08-14,18,1862,U,27,M,3,2954.00
HOGAR-011943,ENHOGAR,2026-08-15,19,1963,R,34,X,6,3091.00
HOGAR-011944,ENHOGAR,2026-08-16,20,2064,U,41,NR,1,3228.00
HOGAR-011945,ENHOGAR,2026-08-17,21,2165,U,48,F,4,3365.00
HOGAR-011946,ENHOGAR,2026-08-18,22,2266,R,55,M,7,3502.00
HOGAR-011947,ENHOGAR,2026-08-19,01,0167,U,62,X,2,3639.00
HOGAR-011948,ENHOGAR,2026-08-20,02,0268,U,69,NR,5,3776.00
HOGAR-011949,ENHOGAR,2026-08-21,03,0369,R,76,F,8,3913.00
HOGAR-011950,ENHOGAR,2026-08-22,04,0470,U,83,M,3,4050.00
HOGAR-011951,ENHOGAR,2026-08-23,05,0571,U,90,X,6,4187.00
HOGAR-011952,ENHOGAR,2026-08-24,06,0672,R,24,NR,1,4324.00
HOGAR-011953,ENHOGAR,2026-08-25,07,0773,U,31,F,4,4461.00
HOGAR-011954,ENHOGAR,2026-08-26,08,0874,U,38,M,7,4598.00
HOGAR-011955,ENHOGAR,2026-08-27,09,0975,R,45,X,2,4735.00
HOGAR-011956,ENHOGAR,2026-08-28,10,1076,U,52,NR,5,4872.00
HOGAR-011957,ENHOGAR,2026-08-01,11,1177,U,59,F,8,5009.00
HOGAR-011958,ENHOGAR,2026-08-02,12,1278,R,66,M,3,5146.00
HOGAR-011959,ENHOGAR,2026-08-03,13,1379,U,73,X,6,5283.00
HOGAR-011960,ENHOGAR,2026-08-04,14,1480,U,80,NR,1,5420.00
HOGAR-011961,ENHOGAR,2026-08-05,15,1581,R,87,F,4,5557.00
HOGAR-011962,ENHOGAR,2026-08-06,16,1682,U,21,M,7,5694.00
HOGAR-011963,ENHOGAR,2026-08-07,17,1783,U,28,X,2,5831.00
HOGAR-011964,ENHOGAR,2026-08-08,18,1884,R,35,NR,5,
HOGAR-011965,ENHOGAR,2026-08-09,19,1985,U,42,F,8,6105.00
HOGAR-011966,ENHOGAR,2026-08-10,20,2086,U,49,M,3,6242.00
HOGAR-011967,ENHOGAR,2026-08-11,21,2187,R,56,X,6,6379.00
HOGAR-011968,ENHOGAR,2026-08-12,22,2288,U,63,NR,1,6516.00
HOGAR-011969,ENHOGAR,2026-08-13,01,0189,U,70,F,4,6653.00
HOGAR-011970,ENHOGAR,2026-08-14,02,0290,R,77,M,7,6790.00
HOGAR-011971,ENHOGAR,2026-08-15,03,0391,U,84,X,2,6927.00
HOGAR-011972,ENHOGAR,2026-08-16,04,0492,U,18,NR,5,7064.00
HOGAR-011973,ENHOGAR,2026-08-17,05,0593,R,25,F,8,7201.00
HOGAR-011974,ENHOGAR,2026-08-18,06,0694,U,32,M,3,7338.00
HOGAR-011975,ENHOGAR,2026-08-19,07,0795,U,39,X,6,7475.00
HOGAR-011976,ENHOGAR,2026-08-20,08,0896,R,46,NR,1,7612.00
HOGAR-011977,ENHOGAR,2026-08-21,09,0997,U,53,F,4,7749.00
HOGAR-011978,ENHOGAR,2026-08-22,10,1098,U,60,M,7,7886.00
HOGAR-011979,ENHOGAR,2026-08-23,11,1199,R,67,X,2,8023.00
HOGAR-011980,ENHOGAR,2026-08-24,12,1201,U,74,NR,5,8160.00
HOGAR-011981,ENHOGAR,2026-08-25,13,1302,U,81,F,8,8297.00
HOGAR-011982,ENHOGAR,2026-08-26,14,1403,R,88,M,3,8434.00
HOGAR-011983,ENHOGAR,2026-08-27,15,1504,U,22,X,6,971.00
HOGAR-011984,ENHOGAR,2026-08-28,16,1605,U,29,NR,1,1108.00
HOGAR-011985,ENHOGAR,2026-08-01,17,1706,R,36,F,4,1245.00
HOGAR-011986,ENHOGAR,2026-08-02,18,1807,U,43,M,7,1382.00
HOGAR-011987,ENHOGAR,2026-08-03,19,1908,U,50,X,2,1519.00
HOGAR-011988,ENHOGAR,2026-08-04,20,2009,R,57,NR,5,1656.00
HOGAR-011989,ENHOGAR,2026-08-05,21,2110,U,64,F,8,1793.00
HOGAR-011990,ENHOGAR,2026-08-06,22,2211,U,71,M,3,1930.00
HOGAR-011991,ENHOGAR,2026-08-07,01,0112,R,78,X,6,2067.00
HOGAR-011992,ENHOGAR,2026-08-08,02,0213,U,85,NR,1,2204.00
HOGAR-011993,ENHOGAR,2026-08-09,03,0314,U,19,F,4,2341.00
HOGAR-011994,ENHOGAR,2026-08-10,04,0415,R,26,M,7,2478.00
HOGAR-011995,ENHOGAR,2026-08-11,05,0516,U,33,X,2,2615.00
HOGAR-011996,ENHOGAR,2026-08-12,06,0617,U,40,NR,5,2752.00
HOGAR-011997,ENHOGAR,2026-08-13,07,0718,R,47,F,8,2889.00
HOGAR-011998,ENHOGAR,2026-08-14,08,0819,U,54,M,3,3026.00
HOGAR-011999,ENHOGAR,2026-08-15,09,0920,U,61,X,6,3163.00
HOGAR-012000,ENHOGAR,2026-08-16,10,1021,R,68,NR,1,3300.00
