record_id,survey_code,interview_date,department_code,municipality_code,urban_rural,respondent_age,respondent_sex,household_size,monthly_income_gtq
VIDEO-000001,ENHOGAR,2026-08-06,01,0101,U,36,F,6,1540.00
VIDEO-000002,ENHOGAR,2026-08-07,02,0202,U,43,M,1,1677.00
VIDEO-000003,ENHOGAR,2026-08-08,03,0303,R,50,X,4,1814.00
VIDEO-000004,ENHOGAR,2026-08-09,04,0404,U,57,NR,7,1951.00
VIDEO-000005,ENHOGAR,2026-08-10,05,0505,U,64,F,2,2088.00
VIDEO-000006,ENHOGAR,2026-08-11,06,0606,R,71,M,5,2225.00
VIDEO-000007,ENHOGAR,2026-08-12,07,0707,U,78,X,8,2362.00
VIDEO-000008,ENHOGAR,2026-08-13,08,0808,U,85,NR,3,2499.00
VIDEO-000009,ENHOGAR,2026-08-14,09,0909,R,19,F,6,2636.00
VIDEO-000010,ENHOGAR,2026-08-15,10,1010,U,26,M,1,2773.00
VIDEO-000011,ENHOGAR,2026-08-16,11,1111,U,33,X,4,2910.00
VIDEO-000012,ENHOGAR,2026-08-17,12,1212,R,40,NR,7,3047.00
VIDEO-000013,ENHOGAR,2026-08-18,13,1313,U,47,F,2,3184.00
VIDEO-000014,ENHOGAR,2026-08-19,14,1414,U,54,M,5,3321.00
VIDEO-000015,ENHOGAR,2026-08-20,15,1515,R,61,X,8,3458.00
VIDEO-000016,ENHOGAR,2026-08-01,16,1616,U,68,NR,3,3595.00
VIDEO-000017,ENHOGAR,2026-08-02,17,1717,U,75,F,6,3732.00
VIDEO-000018,ENHOGAR,2026-08-03,18,1818,R,82,M,1,3869.00
VIDEO-000019,ENHOGAR,2026-08-04,19,1919,U,89,X,4,4006.00
VIDEO-000020,ENHOGAR,2026-08-05,20,2020,U,23,NR,7,4143.00
VIDEO-000021,ENHOGAR,2026-08-06,21,2121,R,30,F,2,4280.00
VIDEO-000022,ENHOGAR,2026-08-07,22,2222,U,37,M,5,4417.00
VIDEO-000023,ENHOGAR,2026-08-08,01,0123,U,44,X,8,4554.00
VIDEO-000024,ENHOGAR,2026-08-09,02,0224,R,51,NR,3,4691.00
VIDEO-000025,ENHOGAR,2026-08-10,03,0325,U,58,F,6,4828.00
VIDEO-000026,ENHOGAR,2026-08-11,04,0426,U,65,M,1,4965.00
VIDEO-000027,ENHOGAR,2026-08-12,05,0527,R,72,X,4,5102.00
VIDEO-000028,ENHOGAR,2026-08-13,06,0628,U,79,NR,7,5239.00
VIDEO-000029,ENHOGAR,2026-08-14,07,0729,U,86,F,2,5376.00
VIDEO-000030,ENHOGAR,2026-08-15,08,0830,R,20,M,5,5513.00
VIDEO-000031,ENHOGAR,2026-08-16,09,0931,U,27,X,8,5650.00
VIDEO-000032,ENHOGAR,2026-08-17,10,1032,U,34,NR,3,5787.00
VIDEO-000033,ENHOGAR,2026-08-18,11,1133,R,41,F,6,5924.00
VIDEO-000034,ENHOGAR,2026-08-19,12,1234,U,48,M,1,6061.00
VIDEO-000035,ENHOGAR,2026-08-20,13,1335,U,55,X,4,6198.00
VIDEO-000036,ENHOGAR,2026-08-01,14,1436,R,62,NR,7,6335.00
VIDEO-000037,ENHOGAR,2026-08-02,15,1537,U,69,F,2,6472.00
VIDEO-000038,ENHOGAR,2026-08-03,16,1638,U,76,M,5,6609.00
VIDEO-000039,ENHOGAR,2026-08-04,17,1739,R,83,X,8,6746.00
VIDEO-000040,ENHOGAR,2026-08-05,18,1840,U,90,NR,3,6883.00
VIDEO-000041,ENHOGAR,2026-08-06,19,1941,U,24,F,6,7020.00
VIDEO-000042,ENHOGAR,2026-08-07,20,2042,R,31,M,1,7157.00
VIDEO-000043,ENHOGAR,2026-08-08,21,2143,U,38,X,4,7294.00
VIDEO-000044,ENHOGAR,2026-08-09,22,2244,U,45,NR,7,7431.00
VIDEO-000045,ENHOGAR,2026-08-10,01,0145,R,52,F,2,7568.00
VIDEO-000046,ENHOGAR,2026-08-11,02,0246,U,59,M,5,7705.00
VIDEO-000047,ENHOGAR,2026-08-12,03,0347,U,66,X,8,7842.00
VIDEO-000048,ENHOGAR,2026-08-13,04,0448,R,73,NR,3,7979.00
VIDEO-000049,ENHOGAR,2026-08-14,05,0549,U,80,F,6,8116.00
VIDEO-000050,ENHOGAR,2026-08-15,06,0650,U,87,M,1,8253.00
VIDEO-000051,ENHOGAR,2026-08-16,07,0751,R,21,X,4,8390.00
VIDEO-000052,ENHOGAR,2026-08-17,08,0852,U,28,NR,7,927.00
VIDEO-000053,ENHOGAR,2026-08-18,09,0953,U,35,F,2,1064.00
VIDEO-000054,ENHOGAR,2026-08-19,10,1054,R,42,M,5,1201.00
VIDEO-000055,ENHOGAR,2026-08-20,11,1155,U,49,X,8,1338.00
VIDEO-000056,ENHOGAR,2026-08-01,12,1256,U,56,NR,3,1475.00
VIDEO-000057,ENHOGAR,2026-08-02,13,1357,R,63,F,6,1612.00
VIDEO-000058,ENHOGAR,2026-08-03,14,1458,U,70,M,1,1749.00
VIDEO-000059,ENHOGAR,2026-08-04,15,1559,U,77,X,4,1886.00
VIDEO-000060,ENHOGAR,2026-08-05,16,1660,R,84,NR,7,2023.00
VIDEO-000061,ENHOGAR,2026-08-06,17,1761,U,18,F,2,2160.00
VIDEO-000062,ENHOGAR,2026-08-07,18,1862,U,25,M,5,2297.00
VIDEO-000063,ENHOGAR,2026-08-08,19,1963,R,32,X,8,2434.00
VIDEO-000064,ENHOGAR,2026-08-09,20,2064,U,39,NR,3,2571.00
VIDEO-000065,ENHOGAR,2026-08-10,21,2165,U,46,F,6,2708.00
VIDEO-000066,ENHOGAR,2026-08-11,22,2266,R,53,M,1,2845.00
VIDEO-000067,ENHOGAR,2026-08-12,01,0167,U,60,X,4,2982.00
VIDEO-000068,ENHOGAR,2026-08-13,02,0268,U,67,NR,7,3119.00
VIDEO-000069,ENHOGAR,2026-08-14,03,0369,R,74,F,2,3256.00
VIDEO-000070,ENHOGAR,2026-08-15,04,0470,U,81,M,5,3393.00
VIDEO-000071,ENHOGAR,2026-08-16,05,0571,U,88,X,8,3530.00
VIDEO-000072,ENHOGAR,2026-08-17,06,0672,R,22,NR,3,3667.00
VIDEO-000073,ENHOGAR,2026-08-18,07,0773,U,29,F,6,3804.00
VIDEO-000074,ENHOGAR,2026-08-19,08,0874,U,36,M,1,3941.00
VIDEO-000075,ENHOGAR,2026-08-20,09,0975,R,43,X,4,4078.00
VIDEO-000076,ENHOGAR,2026-08-01,10,1076,U,50,NR,7,4215.00
VIDEO-000077,ENHOGAR,2026-08-02,11,1177,U,57,F,2,4352.00
VIDEO-000078,ENHOGAR,2026-08-03,12,1278,R,64,M,5,4489.00
VIDEO-000079,ENHOGAR,2026-08-04,13,1379,U,71,X,8,4626.00
VIDEO-000080,ENHOGAR,2026-08-05,14,1480,U,78,NR,3,4763.00
VIDEO-000081,ENHOGAR,2026-08-06,15,1581,R,85,F,6,4900.00
VIDEO-000082,ENHOGAR,2026-08-07,16,1682,U,19,M,1,5037.00
VIDEO-000083,ENHOGAR,2026-08-08,17,1783,U,26,X,4,5174.00
VIDEO-000084,ENHOGAR,2026-08-09,18,1884,R,33,NR,7,5311.00
VIDEO-000085,ENHOGAR,2026-08-10,19,1985,U,40,F,2,5448.00
VIDEO-000086,ENHOGAR,2026-08-11,20,2086,U,47,M,5,5585.00
VIDEO-000087,ENHOGAR,2026-08-12,21,2187,R,54,X,8,5722.00
VIDEO-000088,ENHOGAR,2026-08-13,22,2288,U,61,NR,3,5859.00
VIDEO-000089,ENHOGAR,2026-08-14,01,0189,U,68,F,6,5996.00
VIDEO-000090,ENHOGAR,2026-08-15,02,0290,R,75,M,1,6133.00
VIDEO-000091,ENHOGAR,2026-08-16,03,0391,U,82,X,4,6270.00
VIDEO-000092,ENHOGAR,2026-08-17,04,0492,U,89,NR,7,6407.00
VIDEO-000093,ENHOGAR,2026-08-18,05,0593,R,23,F,2,6544.00
VIDEO-000094,ENHOGAR,2026-08-19,06,0694,U,30,M,5,6681.00
VIDEO-000095,ENHOGAR,2026-08-20,07,0795,U,37,X,8,6818.00
VIDEO-000096,ENHOGAR,2026-08-01,08,0896,R,44,NR,3,6955.00
VIDEO-000097,ENHOGAR,2026-08-02,09,0997,U,51,F,6,7092.00
VIDEO-000098,ENHOGAR,2026-08-03,10,1098,U,58,M,1,7229.00
VIDEO-000099,ENHOGAR,2026-08-04,11,1199,R,65,X,4,7366.00
VIDEO-000100,ENHOGAR,2026-08-05,12,1201,U,72,NR,7,7503.00
VIDEO-000101,ENHOGAR,2026-08-06,13,1302,U,79,F,2,7640.00
VIDEO-000102,ENHOGAR,2026-08-07,14,1403,R,86,M,5,7777.00
VIDEO-000103,ENHOGAR,2026-08-08,15,1504,U,20,X,8,7914.00
VIDEO-000104,ENHOGAR,2026-08-09,16,1605,U,27,NR,3,8051.00
VIDEO-000105,ENHOGAR,2026-08-10,17,1706,R,34,F,6,8188.00
VIDEO-000106,ENHOGAR,2026-08-11,18,1807,U,41,M,1,8325.00
VIDEO-000107,ENHOGAR,2026-08-12,19,1908,U,48,X,4,8462.00
VIDEO-000108,ENHOGAR,2026-08-13,20,2009,R,55,NR,7,999.00
VIDEO-000109,ENHOGAR,2026-08-14,21,2110,U,62,F,2,1136.00
VIDEO-000110,ENHOGAR,2026-08-15,22,2211,U,69,M,5,1273.00
VIDEO-000111,ENHOGAR,2026-08-16,01,0112,R,76,X,8,1410.00
VIDEO-000112,ENHOGAR,2026-08-17,02,0213,U,83,NR,3,1547.00
VIDEO-000113,ENHOGAR,2026-08-18,03,0314,U,90,F,6,1684.00
VIDEO-000114,ENHOGAR,2026-08-19,04,0415,R,24,M,1,1821.00
VIDEO-000115,ENHOGAR,2026-08-20,05,0516,U,31,X,4,1958.00
VIDEO-000116,ENHOGAR,2026-08-01,06,0617,U,38,NR,7,2095.00
VIDEO-000117,ENHOGAR,2026-08-02,07,0718,R,45,F,2,2232.00
VIDEO-000118,ENHOGAR,2026-08-03,08,0819,U,52,M,5,2369.00
VIDEO-000119,ENHOGAR,2026-08-04,09,0920,U,59,X,8,2506.00
VIDEO-000120,ENHOGAR,2026-08-05,10,1021,R,66,NR,3,2643.00
VIDEO-000121,ENHOGAR,2026-08-06,11,1122,U,73,F,6,2780.00
VIDEO-000122,ENHOGAR,2026-08-07,12,1223,U,80,M,1,2917.00
VIDEO-000123,ENHOGAR,2026-08-08,13,1324,R,87,X,4,3054.00
VIDEO-000124,ENHOGAR,2026-08-09,14,1425,U,21,NR,7,3191.00
VIDEO-000125,ENHOGAR,2026-08-10,15,1526,U,28,F,2,3328.00
VIDEO-000126,ENHOGAR,2026-08-11,16,1627,R,35,M,5,3465.00
VIDEO-000127,ENHOGAR,2026-08-12,17,1728,U,42,X,8,3602.00
VIDEO-000128,ENHOGAR,2026-08-13,18,1829,U,49,NR,3,3739.00
VIDEO-000129,ENHOGAR,2026-08-14,19,1930,R,56,F,6,3876.00
VIDEO-000130,ENHOGAR,2026-08-15,20,2031,U,63,M,1,4013.00
VIDEO-000131,ENHOGAR,2026-08-16,21,2132,U,70,X,4,4150.00
VIDEO-000132,ENHOGAR,2026-08-17,22,2233,R,77,NR,7,4287.00
VIDEO-000133,ENHOGAR,2026-08-18,01,0134,U,84,F,2,4424.00
VIDEO-000134,ENHOGAR,2026-08-19,02,0235,U,18,M,5,4561.00
VIDEO-000135,ENHOGAR,2026-08-20,03,0336,R,25,X,8,4698.00
VIDEO-000136,ENHOGAR,2026-08-01,04,0437,U,32,NR,3,4835.00
VIDEO-000137,ENHOGAR,2026-08-02,05,0538,U,39,F,6,4972.00
VIDEO-000138,ENHOGAR,2026-08-03,06,0639,R,46,M,1,5109.00
VIDEO-000139,ENHOGAR,2026-08-04,07,0740,U,53,X,4,5246.00
VIDEO-000140,ENHOGAR,2026-08-05,08,0841,U,60,NR,7,5383.00
VIDEO-000141,ENHOGAR,2026-08-06,09,0942,R,67,F,2,5520.00
VIDEO-000142,ENHOGAR,2026-08-07,10,1043,U,74,M,5,5657.00
VIDEO-000143,ENHOGAR,2026-08-08,11,1144,U,81,X,8,5794.00
VIDEO-000144,ENHOGAR,2026-08-09,12,1245,R,88,NR,3,5931.00
VIDEO-000145,ENHOGAR,2026-08-10,13,1346,U,22,F,6,6068.00
VIDEO-000146,ENHOGAR,2026-08-11,14,1447,U,29,M,1,6205.00
VIDEO-000147,ENHOGAR,2026-08-12,15,1548,R,36,X,4,6342.00
VIDEO-000148,ENHOGAR,2026-08-13,16,1649,U,43,NR,7,6479.00
VIDEO-000149,ENHOGAR,2026-08-14,17,1750,U,50,F,2,6616.00
VIDEO-000150,ENHOGAR,2026-08-15,18,1851,R,57,M,5,6753.00
VIDEO-000151,ENHOGAR,2026-08-16,19,1952,U,64,X,8,6890.00
VIDEO-000152,ENHOGAR,2026-08-17,20,2053,U,71,NR,3,7027.00
VIDEO-000153,ENHOGAR,2026-08-18,21,2154,R,78,F,6,7164.00
VIDEO-000154,ENHOGAR,2026-08-19,22,2255,U,85,M,1,7301.00
VIDEO-000155,ENHOGAR,2026-08-20,01,0156,U,19,X,4,7438.00
VIDEO-000156,ENHOGAR,2026-08-01,02,0257,R,26,NR,7,7575.00
VIDEO-000157,ENHOGAR,2026-08-02,03,0358,U,33,F,2,7712.00
VIDEO-000158,ENHOGAR,2026-08-03,04,0459,U,40,M,5,7849.00
VIDEO-000159,ENHOGAR,2026-08-04,05,0560,R,47,X,8,7986.00
VIDEO-000160,ENHOGAR,2026-08-05,06,0661,U,54,NR,3,8123.00
VIDEO-000161,ENHOGAR,2026-08-06,07,0762,U,61,F,6,8260.00
VIDEO-000162,ENHOGAR,2026-08-07,08,0863,R,68,M,1,8397.00
VIDEO-000163,ENHOGAR,2026-08-08,09,0964,U,75,X,4,934.00
VIDEO-000164,ENHOGAR,2026-08-09,10,1065,U,82,NR,7,1071.00
VIDEO-000165,ENHOGAR,2026-08-10,11,1166,R,89,F,2,1208.00
VIDEO-000166,ENHOGAR,2026-08-11,12,1267,U,23,M,5,1345.00
VIDEO-000167,ENHOGAR,2026-08-12,13,1368,U,30,X,8,1482.00
VIDEO-000168,ENHOGAR,2026-08-13,14,1469,R,37,NR,3,1619.00
VIDEO-000169,ENHOGAR,2026-08-14,15,1570,U,44,F,6,1756.00
VIDEO-000170,ENHOGAR,2026-08-15,16,1671,U,51,M,1,1893.00
VIDEO-000171,ENHOGAR,2026-08-16,17,1772,R,58,X,4,2030.00
VIDEO-000172,ENHOGAR,2026-08-17,18,1873,U,65,NR,7,2167.00
VIDEO-000173,ENHOGAR,2026-08-18,19,1974,U,72,F,2,2304.00
VIDEO-000174,ENHOGAR,2026-08-19,20,2075,R,79,M,5,2441.00
VIDEO-000175,ENHOGAR,2026-08-20,21,2176,U,86,X,8,2578.00
VIDEO-000176,ENHOGAR,2026-08-01,22,2277,U,20,NR,3,2715.00
VIDEO-000177,ENHOGAR,2026-08-02,01,0178,R,27,F,6,2852.00
VIDEO-000178,ENHOGAR,2026-08-03,02,0279,U,34,M,1,2989.00
VIDEO-000179,ENHOGAR,2026-08-04,03,0380,U,41,X,4,3126.00
VIDEO-000180,ENHOGAR,2026-08-05,04,0481,R,48,NR,7,3263.00
VIDEO-000181,ENHOGAR,2026-08-06,05,0582,U,55,F,2,3400.00
VIDEO-000182,ENHOGAR,2026-08-07,06,0683,U,62,M,5,3537.00
VIDEO-000183,ENHOGAR,2026-08-08,07,0784,R,69,X,8,3674.00
VIDEO-000184,ENHOGAR,2026-08-09,08,0885,U,76,NR,3,3811.00
VIDEO-000185,ENHOGAR,2026-08-10,09,0986,U,83,F,6,3948.00
VIDEO-000186,ENHOGAR,2026-08-11,10,1087,R,90,M,1,4085.00
VIDEO-000187,ENHOGAR,2026-08-12,11,1188,U,24,X,4,4222.00
VIDEO-000188,ENHOGAR,2026-08-13,12,1289,U,31,NR,7,4359.00
VIDEO-000189,ENHOGAR,2026-08-14,13,1390,R,38,F,2,4496.00
VIDEO-000190,ENHOGAR,2026-08-15,14,1491,U,45,M,5,4633.00
VIDEO-000191,ENHOGAR,2026-08-16,15,1592,U,52,X,8,4770.00
VIDEO-000192,ENHOGAR,2026-08-17,16,1693,R,59,NR,3,4907.00
VIDEO-000193,ENHOGAR,2026-08-18,17,1794,U,66,F,6,5044.00
VIDEO-000194,ENHOGAR,2026-08-19,18,1895,U,73,M,1,5181.00
VIDEO-000195,ENHOGAR,2026-08-20,19,1996,R,80,X,4,5318.00
VIDEO-000196,ENHOGAR,2026-08-01,20,2097,U,87,NR,7,5455.00
VIDEO-000197,ENHOGAR,2026-08-02,21,2198,U,21,F,2,5592.00
VIDEO-000198,ENHOGAR,2026-08-03,22,2299,R,28,M,5,5729.00
VIDEO-000199,ENHOGAR,2026-08-04,01,0101,U,35,X,8,5866.00
VIDEO-000200,ENHOGAR,2026-08-05,02,0202,U,42,NR,3,6003.00
VIDEO-000201,ENHOGAR,2026-08-06,03,0303,R,49,F,6,6140.00
VIDEO-000202,ENHOGAR,2026-08-07,04,0404,U,56,M,1,6277.00
VIDEO-000203,ENHOGAR,2026-08-08,05,0505,U,63,X,4,6414.00
VIDEO-000204,ENHOGAR,2026-08-09,06,0606,R,70,NR,7,6551.00
VIDEO-000205,ENHOGAR,2026-08-10,07,0707,U,77,F,2,6688.00
VIDEO-000206,ENHOGAR,2026-08-11,08,0808,U,84,M,5,6825.00
VIDEO-000207,ENHOGAR,2026-08-12,09,0909,R,18,X,8,6962.00
VIDEO-000208,ENHOGAR,2026-08-13,10,1010,U,25,NR,3,7099.00
VIDEO-000209,ENHOGAR,2026-08-14,11,1111,U,32,F,6,7236.00
VIDEO-000210,ENHOGAR,2026-08-15,12,1212,R,39,M,1,7373.00
VIDEO-000211,ENHOGAR,2026-08-16,13,1313,U,46,X,4,7510.00
VIDEO-000212,ENHOGAR,2026-08-17,14,1414,U,53,NR,7,7647.00
VIDEO-000213,ENHOGAR,2026-08-18,15,1515,R,60,F,2,7784.00
VIDEO-000214,ENHOGAR,2026-08-19,16,1616,U,67,M,5,7921.00
VIDEO-000215,ENHOGAR,2026-08-20,17,1717,U,74,X,8,8058.00
VIDEO-000216,ENHOGAR,2026-08-01,18,1818,R,81,NR,3,8195.00
VIDEO-000217,ENHOGAR,2026-08-02,19,1919,U,88,F,6,8332.00
VIDEO-000218,ENHOGAR,2026-08-03,20,2020,U,22,M,1,8469.00
VIDEO-000219,ENHOGAR,2026-08-04,21,2121,R,29,X,4,1006.00
VIDEO-000220,ENHOGAR,2026-08-05,22,2222,U,36,NR,7,1143.00
VIDEO-000221,ENHOGAR,2026-08-06,01,0123,U,43,F,2,1280.00
VIDEO-000222,ENHOGAR,2026-08-07,02,0224,R,50,M,5,1417.00
VIDEO-000223,ENHOGAR,2026-08-08,03,0325,U,57,X,8,1554.00
VIDEO-000224,ENHOGAR,2026-08-09,04,0426,U,64,NR,3,1691.00
VIDEO-000225,ENHOGAR,2026-08-10,05,0527,R,71,F,6,1828.00
VIDEO-000226,ENHOGAR,2026-08-11,06,0628,U,78,M,1,1965.00
VIDEO-000227,ENHOGAR,2026-08-12,07,0729,U,85,X,4,2102.00
VIDEO-000228,ENHOGAR,2026-08-13,08,0830,R,19,NR,7,2239.00
VIDEO-000229,ENHOGAR,2026-08-14,09,0931,U,26,F,2,2376.00
VIDEO-000230,ENHOGAR,2026-08-15,10,1032,U,33,M,5,2513.00
VIDEO-000231,ENHOGAR,2026-08-16,11,1133,R,40,X,8,2650.00
VIDEO-000232,ENHOGAR,2026-08-17,12,1234,U,47,NR,3,2787.00
VIDEO-000233,ENHOGAR,2026-08-18,13,1335,U,54,F,6,2924.00
VIDEO-000234,ENHOGAR,2026-08-19,14,1436,R,61,M,1,3061.00
VIDEO-000235,ENHOGAR,2026-08-20,15,1537,U,68,X,4,3198.00
VIDEO-000236,ENHOGAR,2026-08-01,16,1638,U,75,NR,7,3335.00
VIDEO-000237,ENHOGAR,2026-08-02,17,1739,R,82,F,2,3472.00
VIDEO-000238,ENHOGAR,2026-08-03,18,1840,U,89,M,5,3609.00
VIDEO-000239,ENHOGAR,2026-08-04,19,1941,U,23,X,8,3746.00
VIDEO-000240,ENHOGAR,2026-08-05,20,2042,R,30,NR,3,3883.00
VIDEO-000241,ENHOGAR,2026-08-06,21,2143,U,37,F,6,4020.00
VIDEO-000242,ENHOGAR,2026-08-07,22,2244,U,44,M,1,4157.00
VIDEO-000243,ENHOGAR,2026-08-08,01,0145,R,51,X,4,4294.00
VIDEO-000244,ENHOGAR,2026-08-09,02,0246,U,58,NR,7,4431.00
VIDEO-000245,ENHOGAR,2026-08-10,03,0347,U,65,F,2,4568.00
VIDEO-000246,ENHOGAR,2026-08-11,04,0448,R,72,M,5,4705.00
VIDEO-000247,ENHOGAR,2026-08-12,05,0549,U,79,X,8,4842.00
VIDEO-000248,ENHOGAR,2026-08-13,06,0650,U,86,NR,3,4979.00
VIDEO-000249,ENHOGAR,2026-08-14,07,0751,R,20,F,6,5116.00
VIDEO-000250,ENHOGAR,2026-08-15,08,0852,U,27,M,1,5253.00
VIDEO-000251,ENHOGAR,2026-08-16,09,0953,U,34,X,4,5390.00
VIDEO-000252,ENHOGAR,2026-08-17,10,1054,R,41,NR,7,5527.00
VIDEO-000253,ENHOGAR,2026-08-18,11,1155,U,48,F,2,5664.00
VIDEO-000254,ENHOGAR,2026-08-19,12,1256,U,55,M,5,5801.00
VIDEO-000255,ENHOGAR,2026-08-20,13,1357,R,62,X,8,5938.00
VIDEO-000256,ENHOGAR,2026-08-01,14,1458,U,69,NR,3,6075.00
VIDEO-000257,ENHOGAR,2026-08-02,15,1559,U,76,F,6,6212.00
VIDEO-000258,ENHOGAR,2026-08-03,16,1660,R,83,M,1,6349.00
VIDEO-000259,ENHOGAR,2026-08-04,17,1761,U,90,X,4,6486.00
VIDEO-000260,ENHOGAR,2026-08-05,18,1862,U,24,NR,7,6623.00
VIDEO-000261,ENHOGAR,2026-08-06,19,1963,R,31,F,2,6760.00
VIDEO-000262,ENHOGAR,2026-08-07,20,2064,U,38,M,5,6897.00
VIDEO-000263,ENHOGAR,2026-08-08,21,2165,U,45,X,8,7034.00
VIDEO-000264,ENHOGAR,2026-08-09,22,2266,R,52,NR,3,7171.00
VIDEO-000265,ENHOGAR,2026-08-10,01,0167,U,59,F,6,7308.00
VIDEO-000266,ENHOGAR,2026-08-11,02,0268,U,66,M,1,7445.00
VIDEO-000267,ENHOGAR,2026-08-12,03,0369,R,73,X,4,7582.00
VIDEO-000268,ENHOGAR,2026-08-13,04,0470,U,80,NR,7,7719.00
VIDEO-000269,ENHOGAR,2026-08-14,05,0571,U,87,F,2,7856.00
VIDEO-000270,ENHOGAR,2026-08-15,06,0672,R,21,M,5,7993.00
VIDEO-000271,ENHOGAR,2026-08-16,07,0773,U,28,X,8,8130.00
VIDEO-000272,ENHOGAR,2026-08-17,08,0874,U,35,NR,3,8267.00
VIDEO-000273,ENHOGAR,2026-08-18,09,0975,R,42,F,6,8404.00
VIDEO-000274,ENHOGAR,2026-08-19,10,1076,U,49,M,1,941.00
VIDEO-000275,ENHOGAR,2026-08-20,11,1177,U,56,X,4,1078.00
VIDEO-000276,ENHOGAR,2026-08-01,12,1278,R,63,NR,7,1215.00
VIDEO-000277,ENHOGAR,2026-08-02,13,1379,U,70,F,2,1352.00
VIDEO-000278,ENHOGAR,2026-08-03,14,1480,U,77,M,5,1489.00
VIDEO-000279,ENHOGAR,2026-08-04,15,1581,R,84,X,8,1626.00
VIDEO-000280,ENHOGAR,2026-08-05,16,1682,U,18,NR,3,1763.00
VIDEO-000281,ENHOGAR,2026-08-06,17,1783,U,25,F,6,1900.00
VIDEO-000282,ENHOGAR,2026-08-07,18,1884,R,32,M,1,2037.00
VIDEO-000283,ENHOGAR,2026-08-08,19,1985,U,39,X,4,2174.00
VIDEO-000284,ENHOGAR,2026-08-09,20,2086,U,46,NR,7,2311.00
VIDEO-000285,ENHOGAR,2026-08-10,21,2187,R,53,F,2,2448.00
VIDEO-000286,ENHOGAR,2026-08-11,22,2288,U,60,M,5,2585.00
VIDEO-000287,ENHOGAR,2026-08-12,01,0189,U,67,X,8,2722.00
VIDEO-000288,ENHOGAR,2026-08-13,02,0290,R,74,NR,3,2859.00
VIDEO-000289,ENHOGAR,2026-08-14,03,0391,U,81,F,6,2996.00
VIDEO-000290,ENHOGAR,2026-08-15,04,0492,U,88,M,1,3133.00
VIDEO-000291,ENHOGAR,2026-08-16,05,0593,R,22,X,4,3270.00
VIDEO-000292,ENHOGAR,2026-08-17,06,0694,U,29,NR,7,3407.00
VIDEO-000293,ENHOGAR,2026-08-18,07,0795,U,36,F,2,3544.00
VIDEO-000294,ENHOGAR,2026-08-19,08,0896,R,43,M,5,3681.00
VIDEO-000295,ENHOGAR,2026-08-20,09,0997,U,50,X,8,3818.00
VIDEO-000296,ENHOGAR,2026-08-01,10,1098,U,57,NR,3,3955.00
VIDEO-000297,ENHOGAR,2026-08-02,11,1199,R,64,F,6,4092.00
VIDEO-000298,ENHOGAR,2026-08-03,12,1201,U,71,M,1,4229.00
VIDEO-000299,ENHOGAR,2026-08-04,13,1302,U,78,X,4,4366.00
VIDEO-000300,ENHOGAR,2026-08-05,14,1403,R,85,NR,7,4503.00
VIDEO-000301,ENHOGAR,2026-08-06,15,1504,U,19,F,2,4640.00
VIDEO-000302,ENHOGAR,2026-08-07,16,1605,U,26,M,5,4777.00
VIDEO-000303,ENHOGAR,2026-08-08,17,1706,R,33,X,8,4914.00
VIDEO-000304,ENHOGAR,2026-08-09,18,1807,U,40,NR,3,5051.00
VIDEO-000305,ENHOGAR,2026-08-10,19,1908,U,47,F,6,5188.00
VIDEO-000306,ENHOGAR,2026-08-11,20,2009,R,54,M,1,5325.00
VIDEO-000307,ENHOGAR,2026-08-12,21,2110,U,61,X,4,5462.00
VIDEO-000308,ENHOGAR,2026-08-13,22,2211,U,68,NR,7,5599.00
VIDEO-000309,ENHOGAR,2026-08-14,01,0112,R,75,F,2,5736.00
VIDEO-000310,ENHOGAR,2026-08-15,02,0213,U,82,M,5,5873.00
VIDEO-000311,ENHOGAR,2026-08-16,03,0314,U,89,X,8,6010.00
VIDEO-000312,ENHOGAR,2026-08-17,04,0415,R,23,NR,3,6147.00
VIDEO-000313,ENHOGAR,2026-08-18,05,0516,U,30,F,6,6284.00
VIDEO-000314,ENHOGAR,2026-08-19,06,0617,U,37,M,1,6421.00
VIDEO-000315,ENHOGAR,2026-08-20,07,0718,R,44,X,4,6558.00
VIDEO-000316,ENHOGAR,2026-08-01,08,0819,U,51,NR,7,6695.00
VIDEO-000317,ENHOGAR,2026-08-02,09,0920,U,58,F,2,6832.00
VIDEO-000318,ENHOGAR,2026-08-03,10,1021,R,65,M,5,6969.00
VIDEO-000319,ENHOGAR,2026-08-04,11,1122,U,72,X,8,7106.00
VIDEO-000320,ENHOGAR,2026-08-05,12,1223,U,79,NR,3,7243.00
VIDEO-000321,ENHOGAR,2026-08-06,13,1324,R,86,F,6,7380.00
VIDEO-000322,ENHOGAR,2026-08-07,14,1425,U,20,M,1,7517.00
VIDEO-000323,ENHOGAR,2026-08-08,15,1526,U,27,X,4,7654.00
VIDEO-000324,ENHOGAR,2026-08-09,16,1627,R,34,NR,7,7791.00
VIDEO-000325,ENHOGAR,2026-08-10,17,1728,U,41,F,2,7928.00
VIDEO-000326,ENHOGAR,2026-08-11,18,1829,U,48,M,5,8065.00
VIDEO-000327,ENHOGAR,2026-08-12,19,1930,R,55,X,8,8202.00
VIDEO-000328,ENHOGAR,2026-08-13,20,2031,U,62,NR,3,8339.00
VIDEO-000329,ENHOGAR,2026-08-14,21,2132,U,69,F,6,8476.00
VIDEO-000330,ENHOGAR,2026-08-15,22,2233,R,76,M,1,1013.00
VIDEO-000331,ENHOGAR,2026-08-16,01,0134,U,83,X,4,1150.00
VIDEO-000332,ENHOGAR,2026-08-17,02,0235,U,90,NR,7,1287.00
VIDEO-000333,ENHOGAR,2026-08-18,03,0336,R,24,F,2,1424.00
VIDEO-000334,ENHOGAR,2026-08-19,04,0437,U,31,M,5,1561.00
VIDEO-000335,ENHOGAR,2026-08-20,05,0538,U,38,X,8,1698.00
VIDEO-000336,ENHOGAR,2026-08-01,06,0639,R,45,NR,3,1835.00
VIDEO-000337,ENHOGAR,2026-08-02,07,0740,U,52,F,6,1972.00
VIDEO-000338,ENHOGAR,2026-08-03,08,0841,U,59,M,1,2109.00
VIDEO-000339,ENHOGAR,2026-08-04,09,0942,R,66,X,4,2246.00
VIDEO-000340,ENHOGAR,2026-08-05,10,1043,U,73,NR,7,2383.00
VIDEO-000341,ENHOGAR,2026-08-06,11,1144,U,80,F,2,2520.00
VIDEO-000342,ENHOGAR,2026-08-07,12,1245,R,87,M,5,2657.00
VIDEO-000343,ENHOGAR,2026-08-08,13,1346,U,21,X,8,2794.00
VIDEO-000344,ENHOGAR,2026-08-09,14,1447,U,28,NR,3,2931.00
VIDEO-000345,ENHOGAR,2026-08-10,15,1548,R,35,F,6,3068.00
VIDEO-000346,ENHOGAR,2026-08-11,16,1649,U,42,M,1,3205.00
VIDEO-000347,ENHOGAR,2026-08-12,17,1750,U,49,X,4,3342.00
VIDEO-000348,ENHOGAR,2026-08-13,18,1851,R,56,NR,7,3479.00
VIDEO-000349,ENHOGAR,2026-08-14,19,1952,U,63,F,2,3616.00
VIDEO-000350,ENHOGAR,2026-08-15,20,2053,U,70,M,5,3753.00
VIDEO-000351,ENHOGAR,2026-08-16,21,2154,R,77,X,8,3890.00
VIDEO-000352,ENHOGAR,2026-08-17,22,2255,U,84,NR,3,4027.00
VIDEO-000353,ENHOGAR,2026-08-18,01,0156,U,18,F,6,4164.00
VIDEO-000354,ENHOGAR,2026-08-19,02,0257,R,25,M,1,4301.00
VIDEO-000355,ENHOGAR,2026-08-20,03,0358,U,32,X,4,4438.00
VIDEO-000356,ENHOGAR,2026-08-01,04,0459,U,39,NR,7,4575.00
VIDEO-000357,ENHOGAR,2026-08-02,05,0560,R,46,F,2,4712.00
VIDEO-000358,ENHOGAR,2026-08-03,06,0661,U,53,M,5,4849.00
VIDEO-000359,ENHOGAR,2026-08-04,07,0762,U,60,X,8,4986.00
VIDEO-000360,ENHOGAR,2026-08-05,08,0863,R,67,NR,3,5123.00
VIDEO-000361,ENHOGAR,2026-08-06,09,0964,U,74,F,6,5260.00
VIDEO-000362,ENHOGAR,2026-08-07,10,1065,U,81,M,1,5397.00
VIDEO-000363,ENHOGAR,2026-08-08,11,1166,R,88,X,4,5534.00
VIDEO-000364,ENHOGAR,2026-08-09,12,1267,U,22,NR,7,5671.00
VIDEO-000365,ENHOGAR,2026-08-10,13,1368,U,29,F,2,5808.00
VIDEO-000366,ENHOGAR,2026-08-11,14,1469,R,36,M,5,5945.00
VIDEO-000367,ENHOGAR,2026-08-12,15,1570,U,43,X,8,6082.00
VIDEO-000368,ENHOGAR,2026-08-13,16,1671,U,50,NR,3,6219.00
VIDEO-000369,ENHOGAR,2026-08-14,17,1772,R,57,F,6,6356.00
VIDEO-000370,ENHOGAR,2026-08-15,18,1873,U,64,M,1,6493.00
VIDEO-000371,ENHOGAR,2026-08-16,19,1974,U,71,X,4,6630.00
VIDEO-000372,ENHOGAR,2026-08-17,20,2075,R,78,NR,7,6767.00
VIDEO-000373,ENHOGAR,2026-08-18,21,2176,U,85,F,2,6904.00
VIDEO-000374,ENHOGAR,2026-08-19,22,2277,U,19,M,5,7041.00
VIDEO-000375,ENHOGAR,2026-08-20,01,0178,R,26,X,8,7178.00
VIDEO-000376,ENHOGAR,2026-08-01,02,0279,U,33,NR,3,7315.00
VIDEO-000377,ENHOGAR,2026-08-02,03,0380,U,40,F,6,7452.00
VIDEO-000378,ENHOGAR,2026-08-03,04,0481,R,47,M,1,7589.00
VIDEO-000379,ENHOGAR,2026-08-04,05,0582,U,54,X,4,7726.00
VIDEO-000380,ENHOGAR,2026-08-05,06,0683,U,61,NR,7,7863.00
VIDEO-000381,ENHOGAR,2026-08-06,07,0784,R,68,F,2,8000.00
VIDEO-000382,ENHOGAR,2026-08-07,08,0885,U,75,M,5,8137.00
VIDEO-000383,ENHOGAR,2026-08-08,09,0986,U,82,X,8,8274.00
VIDEO-000384,ENHOGAR,2026-08-09,10,1087,R,89,NR,3,8411.00
VIDEO-000385,ENHOGAR,2026-08-10,11,1188,U,23,F,6,948.00
VIDEO-000386,ENHOGAR,2026-08-11,12,1289,U,30,M,1,1085.00
VIDEO-000387,ENHOGAR,2026-08-12,13,1390,R,37,X,4,1222.00
VIDEO-000388,ENHOGAR,2026-08-13,14,1491,U,44,NR,7,1359.00
VIDEO-000389,ENHOGAR,2026-08-14,15,1592,U,51,F,2,1496.00
VIDEO-000390,ENHOGAR,2026-08-15,16,1693,R,58,M,5,1633.00
VIDEO-000391,ENHOGAR,2026-08-16,17,1794,U,65,X,8,1770.00
VIDEO-000392,ENHOGAR,2026-08-17,18,1895,U,72,NR,3,1907.00
VIDEO-000393,ENHOGAR,2026-08-18,19,1996,R,79,F,6,2044.00
VIDEO-000394,ENHOGAR,2026-08-19,20,2097,U,86,M,1,2181.00
VIDEO-000395,ENHOGAR,2026-08-20,21,2198,U,20,X,4,2318.00
VIDEO-000396,ENHOGAR,2026-08-01,22,2299,R,27,NR,7,2455.00
VIDEO-000397,ENHOGAR,2026-08-02,01,0101,U,34,F,2,2592.00
VIDEO-000398,ENHOGAR,2026-08-03,02,0202,U,41,M,5,2729.00
VIDEO-000399,ENHOGAR,2026-08-04,03,0303,R,48,X,8,2866.00
VIDEO-000400,ENHOGAR,2026-08-05,04,0404,U,55,NR,3,3003.00
VIDEO-000401,ENHOGAR,2026-08-06,05,0505,U,62,F,6,3140.00
VIDEO-000402,ENHOGAR,2026-08-07,06,0606,R,69,M,1,3277.00
VIDEO-000403,ENHOGAR,2026-08-08,07,0707,U,76,X,4,3414.00
VIDEO-000404,ENHOGAR,2026-08-09,08,0808,U,83,NR,7,3551.00
VIDEO-000405,ENHOGAR,2026-08-10,09,0909,R,90,F,2,3688.00
VIDEO-000406,ENHOGAR,2026-08-11,10,1010,U,24,M,5,3825.00
VIDEO-000407,ENHOGAR,2026-08-12,11,1111,U,31,X,8,3962.00
VIDEO-000408,ENHOGAR,2026-08-13,12,1212,R,38,NR,3,4099.00
VIDEO-000409,ENHOGAR,2026-08-14,13,1313,U,45,F,6,4236.00
VIDEO-000410,ENHOGAR,2026-08-15,14,1414,U,52,M,1,4373.00
VIDEO-000411,ENHOGAR,2026-08-16,15,1515,R,59,X,4,4510.00
VIDEO-000412,ENHOGAR,2026-08-17,16,1616,U,66,NR,7,4647.00
VIDEO-000413,ENHOGAR,2026-08-18,17,1717,U,73,F,2,4784.00
VIDEO-000414,ENHOGAR,2026-08-19,18,1818,R,80,M,5,4921.00
VIDEO-000415,ENHOGAR,2026-08-20,19,1919,U,87,X,8,5058.00
VIDEO-000416,ENHOGAR,2026-08-01,20,2020,U,21,NR,3,5195.00
VIDEO-000417,ENHOGAR,2026-08-02,21,2121,R,28,F,6,5332.00
VIDEO-000418,ENHOGAR,2026-08-03,22,2222,U,35,M,1,5469.00
VIDEO-000419,ENHOGAR,2026-08-04,01,0123,U,42,X,4,5606.00
VIDEO-000420,ENHOGAR,2026-08-05,02,0224,R,49,NR,7,5743.00
VIDEO-000421,ENHOGAR,2026-08-06,03,0325,U,56,F,2,5880.00
VIDEO-000422,ENHOGAR,2026-08-07,04,0426,U,63,M,5,6017.00
VIDEO-000423,ENHOGAR,2026-08-08,05,0527,R,70,X,8,6154.00
VIDEO-000424,ENHOGAR,2026-08-09,06,0628,U,77,NR,3,6291.00
VIDEO-000425,ENHOGAR,2026-08-10,07,0729,U,84,F,6,6428.00
VIDEO-000426,ENHOGAR,2026-08-11,08,0830,R,18,M,1,6565.00
VIDEO-000427,ENHOGAR,2026-08-12,09,0931,U,25,X,4,6702.00
VIDEO-000428,ENHOGAR,2026-08-13,10,1032,U,32,NR,7,6839.00
VIDEO-000429,ENHOGAR,2026-08-14,11,1133,R,39,F,2,6976.00
VIDEO-000430,ENHOGAR,2026-08-15,12,1234,U,46,M,5,7113.00
VIDEO-000431,ENHOGAR,2026-08-16,13,1335,U,53,X,8,7250.00
VIDEO-000432,ENHOGAR,2026-08-17,14,1436,R,60,NR,3,7387.00
VIDEO-000433,ENHOGAR,2026-08-18,15,1537,U,67,F,6,7524.00
VIDEO-000434,ENHOGAR,2026-08-19,16,1638,U,74,M,1,7661.00
VIDEO-000435,ENHOGAR,2026-08-20,17,1739,R,81,X,4,7798.00
VIDEO-000436,ENHOGAR,2026-08-01,18,1840,U,88,NR,7,7935.00
VIDEO-000437,ENHOGAR,2026-08-02,19,1941,U,22,F,2,8072.00
VIDEO-000438,ENHOGAR,2026-08-03,20,2042,R,29,M,5,8209.00
VIDEO-000439,ENHOGAR,2026-08-04,21,2143,U,36,X,8,8346.00
VIDEO-000440,ENHOGAR,2026-08-05,22,2244,U,43,NR,3,8483.00
VIDEO-000441,ENHOGAR,2026-08-06,01,0145,R,50,F,6,1020.00
VIDEO-000442,ENHOGAR,2026-08-07,02,0246,U,57,M,1,1157.00
VIDEO-000443,ENHOGAR,2026-08-08,03,0347,U,64,X,4,1294.00
VIDEO-000444,ENHOGAR,2026-08-09,04,0448,R,71,NR,7,1431.00
VIDEO-000445,ENHOGAR,2026-08-10,05,0549,U,78,F,2,1568.00
VIDEO-000446,ENHOGAR,2026-08-11,06,0650,U,85,M,5,1705.00
VIDEO-000447,ENHOGAR,2026-08-12,07,0751,R,19,X,8,1842.00
VIDEO-000448,ENHOGAR,2026-08-13,08,0852,U,26,NR,3,1979.00
VIDEO-000449,ENHOGAR,2026-08-14,09,0953,U,33,F,6,2116.00
VIDEO-000450,ENHOGAR,2026-08-15,10,1054,R,40,M,1,2253.00
VIDEO-000451,ENHOGAR,2026-08-16,11,1155,U,47,X,4,2390.00
VIDEO-000452,ENHOGAR,2026-08-17,12,1256,U,54,NR,7,2527.00
VIDEO-000453,ENHOGAR,2026-08-18,13,1357,R,61,F,2,2664.00
VIDEO-000454,ENHOGAR,2026-08-19,14,1458,U,68,M,5,2801.00
VIDEO-000455,ENHOGAR,2026-08-20,15,1559,U,75,X,8,2938.00
VIDEO-000456,ENHOGAR,2026-08-01,16,1660,R,82,NR,3,3075.00
VIDEO-000457,ENHOGAR,2026-08-02,17,1761,U,89,F,6,3212.00
VIDEO-000458,ENHOGAR,2026-08-03,18,1862,U,23,M,1,3349.00
VIDEO-000459,ENHOGAR,2026-08-04,19,1963,R,30,X,4,3486.00
VIDEO-000460,ENHOGAR,2026-08-05,20,2064,U,37,NR,7,3623.00
VIDEO-000461,ENHOGAR,2026-08-06,21,2165,U,44,F,2,3760.00
VIDEO-000462,ENHOGAR,2026-08-07,22,2266,R,51,M,5,3897.00
VIDEO-000463,ENHOGAR,2026-08-08,01,0167,U,58,X,8,4034.00
VIDEO-000464,ENHOGAR,2026-08-09,02,0268,U,65,NR,3,4171.00
VIDEO-000465,ENHOGAR,2026-08-10,03,0369,R,72,F,6,4308.00
VIDEO-000466,ENHOGAR,2026-08-11,04,0470,U,79,M,1,4445.00
VIDEO-000467,ENHOGAR,2026-08-12,05,0571,U,86,X,4,4582.00
VIDEO-000468,ENHOGAR,2026-08-13,06,0672,R,20,NR,7,4719.00
VIDEO-000469,ENHOGAR,2026-08-14,07,0773,U,27,F,2,4856.00
VIDEO-000470,ENHOGAR,2026-08-15,08,0874,U,34,M,5,4993.00
VIDEO-000471,ENHOGAR,2026-08-16,09,0975,R,41,X,8,5130.00
VIDEO-000472,ENHOGAR,2026-08-17,10,1076,U,48,NR,3,5267.00
VIDEO-000473,ENHOGAR,2026-08-18,11,1177,U,55,F,6,5404.00
VIDEO-000474,ENHOGAR,2026-08-19,12,1278,R,62,M,1,5541.00
VIDEO-000475,ENHOGAR,2026-08-20,13,1379,U,69,X,4,5678.00
VIDEO-000476,ENHOGAR,2026-08-01,14,1480,U,76,NR,7,5815.00
VIDEO-000477,ENHOGAR,2026-08-02,15,1581,R,83,F,2,5952.00
VIDEO-000478,ENHOGAR,2026-08-03,16,1682,U,90,M,5,6089.00
VIDEO-000479,ENHOGAR,2026-08-04,17,1783,U,24,X,8,6226.00
VIDEO-000480,ENHOGAR,2026-08-05,18,1884,R,31,NR,3,6363.00
VIDEO-000481,ENHOGAR,2026-08-06,19,1985,U,38,F,6,6500.00
VIDEO-000482,ENHOGAR,2026-08-07,20,2086,U,45,M,1,6637.00
VIDEO-000483,ENHOGAR,2026-08-08,21,2187,R,52,X,4,6774.00
VIDEO-000484,ENHOGAR,2026-08-09,22,2288,U,59,NR,7,6911.00
VIDEO-000485,ENHOGAR,2026-08-10,01,0189,U,66,F,2,7048.00
VIDEO-000486,ENHOGAR,2026-08-11,02,0290,R,73,M,5,7185.00
VIDEO-000487,ENHOGAR,2026-08-12,03,0391,U,80,X,8,7322.00
VIDEO-000488,ENHOGAR,2026-08-13,04,0492,U,87,NR,3,7459.00
VIDEO-000489,ENHOGAR,2026-08-14,05,0593,R,21,F,6,7596.00
VIDEO-000490,ENHOGAR,2026-08-15,06,0694,U,28,M,1,7733.00
VIDEO-000491,ENHOGAR,2026-08-16,07,0795,U,35,X,4,7870.00
VIDEO-000492,ENHOGAR,2026-08-17,08,0896,R,42,NR,7,8007.00
VIDEO-000493,ENHOGAR,2026-08-18,09,0997,U,49,F,2,8144.00
VIDEO-000494,ENHOGAR,2026-08-19,10,1098,U,56,M,5,8281.00
VIDEO-000495,ENHOGAR,2026-08-20,11,1199,R,63,X,8,8418.00
VIDEO-000496,ENHOGAR,2026-08-01,12,1201,U,70,NR,3,955.00
VIDEO-000497,ENHOGAR,2026-08-02,13,1302,U,77,F,6,1092.00
VIDEO-000498,ENHOGAR,2026-08-03,14,1403,R,84,M,1,1229.00
VIDEO-000499,ENHOGAR,2026-08-04,15,1504,U,18,X,4,1366.00
VIDEO-000500,ENHOGAR,2026-08-05,16,1605,U,25,NR,7,1503.00
VIDEO-000501,ENHOGAR,2026-08-06,17,1706,R,32,F,2,1640.00
VIDEO-000502,ENHOGAR,2026-08-07,18,1807,U,39,M,5,1777.00
VIDEO-000503,ENHOGAR,2026-08-08,19,1908,U,46,X,8,1914.00
VIDEO-000504,ENHOGAR,2026-08-09,20,2009,R,53,NR,3,2051.00
VIDEO-000505,ENHOGAR,2026-08-10,21,2110,U,60,F,6,2188.00
VIDEO-000506,ENHOGAR,2026-08-11,22,2211,U,67,M,1,2325.00
VIDEO-000507,ENHOGAR,2026-08-12,01,0112,R,74,X,4,2462.00
VIDEO-000508,ENHOGAR,2026-08-13,02,0213,U,81,NR,7,2599.00
VIDEO-000509,ENHOGAR,2026-08-14,03,0314,U,88,F,2,2736.00
VIDEO-000510,ENHOGAR,2026-08-15,04,0415,R,22,M,5,2873.00
VIDEO-000511,ENHOGAR,2026-08-16,05,0516,U,29,X,8,3010.00
VIDEO-000512,ENHOGAR,2026-08-17,06,0617,U,36,NR,3,3147.00
VIDEO-000513,ENHOGAR,2026-08-18,07,0718,R,43,F,6,3284.00
VIDEO-000514,ENHOGAR,2026-08-19,08,0819,U,50,M,1,3421.00
VIDEO-000515,ENHOGAR,2026-08-20,09,0920,U,57,X,4,3558.00
VIDEO-000516,ENHOGAR,2026-08-01,10,1021,R,64,NR,7,3695.00
VIDEO-000517,ENHOGAR,2026-08-02,11,1122,U,71,F,2,3832.00
VIDEO-000518,ENHOGAR,2026-08-03,12,1223,U,78,M,5,3969.00
VIDEO-000519,ENHOGAR,2026-08-04,13,1324,R,85,X,8,4106.00
VIDEO-000520,ENHOGAR,2026-08-05,14,1425,U,19,NR,3,4243.00
VIDEO-000521,ENHOGAR,2026-08-06,15,1526,U,26,F,6,4380.00
VIDEO-000522,ENHOGAR,2026-08-07,16,1627,R,33,M,1,4517.00
VIDEO-000523,ENHOGAR,2026-08-08,17,1728,U,40,X,4,4654.00
VIDEO-000524,ENHOGAR,2026-08-09,18,1829,U,47,NR,7,4791.00
VIDEO-000525,ENHOGAR,2026-08-10,19,1930,R,54,F,2,4928.00
VIDEO-000526,ENHOGAR,2026-08-11,20,2031,U,61,M,5,5065.00
VIDEO-000527,ENHOGAR,2026-08-12,21,2132,U,68,X,8,5202.00
VIDEO-000528,ENHOGAR,2026-08-13,22,2233,R,75,NR,3,5339.00
VIDEO-000529,ENHOGAR,2026-08-14,01,0134,U,82,F,6,5476.00
VIDEO-000530,ENHOGAR,2026-08-15,02,0235,U,89,M,1,5613.00
VIDEO-000531,ENHOGAR,2026-08-16,03,0336,R,23,X,4,5750.00
VIDEO-000532,ENHOGAR,2026-08-17,04,0437,U,30,NR,7,5887.00
VIDEO-000533,ENHOGAR,2026-08-18,05,0538,U,37,F,2,6024.00
VIDEO-000534,ENHOGAR,2026-08-19,06,0639,R,44,M,5,6161.00
VIDEO-000535,ENHOGAR,2026-08-20,07,0740,U,51,X,8,6298.00
VIDEO-000536,ENHOGAR,2026-08-01,08,0841,U,58,NR,3,6435.00
VIDEO-000537,ENHOGAR,2026-08-02,09,0942,R,65,F,6,6572.00
VIDEO-000538,ENHOGAR,2026-08-03,10,1043,U,72,M,1,6709.00
VIDEO-000539,ENHOGAR,2026-08-04,11,1144,U,79,X,4,6846.00
VIDEO-000540,ENHOGAR,2026-08-05,12,1245,R,86,NR,7,6983.00
VIDEO-000541,ENHOGAR,2026-08-06,13,1346,U,20,F,2,7120.00
VIDEO-000542,ENHOGAR,2026-08-07,14,1447,U,27,M,5,7257.00
VIDEO-000543,ENHOGAR,2026-08-08,15,1548,R,34,X,8,7394.00
VIDEO-000544,ENHOGAR,2026-08-09,16,1649,U,41,NR,3,7531.00
VIDEO-000545,ENHOGAR,2026-08-10,17,1750,U,48,F,6,7668.00
VIDEO-000546,ENHOGAR,2026-08-11,18,1851,R,55,M,1,7805.00
VIDEO-000547,ENHOGAR,2026-08-12,19,1952,U,62,X,4,7942.00
VIDEO-000548,ENHOGAR,2026-08-13,20,2053,U,69,NR,7,8079.00
VIDEO-000549,ENHOGAR,2026-08-14,21,2154,R,76,F,2,8216.00
VIDEO-000550,ENHOGAR,2026-08-15,22,2255,U,83,M,5,8353.00
VIDEO-000551,ENHOGAR,2026-08-16,01,0156,U,90,X,8,8490.00
VIDEO-000552,ENHOGAR,2026-08-17,02,0257,R,24,NR,3,1027.00
VIDEO-000553,ENHOGAR,2026-08-18,03,0358,U,31,F,6,1164.00
VIDEO-000554,ENHOGAR,2026-08-19,04,0459,U,38,M,1,1301.00
VIDEO-000555,ENHOGAR,2026-08-20,05,0560,R,45,X,4,1438.00
VIDEO-000556,ENHOGAR,2026-08-01,06,0661,U,52,NR,7,1575.00
VIDEO-000557,ENHOGAR,2026-08-02,07,0762,U,59,F,2,1712.00
VIDEO-000558,ENHOGAR,2026-08-03,08,0863,R,66,M,5,1849.00
VIDEO-000559,ENHOGAR,2026-08-04,09,0964,U,73,X,8,1986.00
VIDEO-000560,ENHOGAR,2026-08-05,10,1065,U,80,NR,3,2123.00
VIDEO-000561,ENHOGAR,2026-08-06,11,1166,R,87,F,6,2260.00
VIDEO-000562,ENHOGAR,2026-08-07,12,1267,U,21,M,1,2397.00
VIDEO-000563,ENHOGAR,2026-08-08,13,1368,U,28,X,4,2534.00
VIDEO-000564,ENHOGAR,2026-08-09,14,1469,R,35,NR,7,2671.00
VIDEO-000565,ENHOGAR,2026-08-10,15,1570,U,42,F,2,2808.00
VIDEO-000566,ENHOGAR,2026-08-11,16,1671,U,49,M,5,2945.00
VIDEO-000567,ENHOGAR,2026-08-12,17,1772,R,56,X,8,3082.00
VIDEO-000568,ENHOGAR,2026-08-13,18,1873,U,63,NR,3,3219.00
VIDEO-000569,ENHOGAR,2026-08-14,19,1974,U,70,F,6,3356.00
VIDEO-000570,ENHOGAR,2026-08-15,20,2075,R,77,M,1,3493.00
VIDEO-000571,ENHOGAR,2026-08-16,21,2176,U,84,X,4,3630.00
VIDEO-000572,ENHOGAR,2026-08-17,22,2277,U,18,NR,7,3767.00
VIDEO-000573,ENHOGAR,2026-08-18,01,0178,R,25,F,2,3904.00
VIDEO-000574,ENHOGAR,2026-08-19,02,0279,U,32,M,5,4041.00
VIDEO-000575,ENHOGAR,2026-08-20,03,0380,U,39,X,8,4178.00
VIDEO-000576,ENHOGAR,2026-08-01,04,0481,R,46,NR,3,4315.00
VIDEO-000577,ENHOGAR,2026-08-02,05,0582,U,53,F,6,4452.00
VIDEO-000578,ENHOGAR,2026-08-03,06,0683,U,60,M,1,4589.00
VIDEO-000579,ENHOGAR,2026-08-04,07,0784,R,67,X,4,4726.00
VIDEO-000580,ENHOGAR,2026-08-05,08,0885,U,74,NR,7,4863.00
VIDEO-000581,ENHOGAR,2026-08-06,09,0986,U,81,F,2,5000.00
VIDEO-000582,ENHOGAR,2026-08-07,10,1087,R,88,M,5,5137.00
VIDEO-000583,ENHOGAR,2026-08-08,11,1188,U,22,X,8,5274.00
VIDEO-000584,ENHOGAR,2026-08-09,12,1289,U,29,NR,3,5411.00
VIDEO-000585,ENHOGAR,2026-08-10,13,1390,R,36,F,6,5548.00
VIDEO-000586,ENHOGAR,2026-08-11,14,1491,U,43,M,1,5685.00
VIDEO-000587,ENHOGAR,2026-08-12,15,1592,U,50,X,4,5822.00
VIDEO-000588,ENHOGAR,2026-08-13,16,1693,R,57,NR,7,5959.00
VIDEO-000589,ENHOGAR,2026-08-14,17,1794,U,64,F,2,6096.00
VIDEO-000590,ENHOGAR,2026-08-15,18,1895,U,71,M,5,6233.00
VIDEO-000591,ENHOGAR,2026-08-16,19,1996,R,78,X,8,6370.00
VIDEO-000592,ENHOGAR,2026-08-17,20,2097,U,85,NR,3,6507.00
VIDEO-000593,ENHOGAR,2026-08-18,21,2198,U,19,F,6,6644.00
VIDEO-000594,ENHOGAR,2026-08-19,22,2299,R,26,M,1,6781.00
VIDEO-000595,ENHOGAR,2026-08-20,01,0101,U,33,X,4,6918.00
VIDEO-000596,ENHOGAR,2026-08-01,02,0202,U,40,NR,7,7055.00
VIDEO-000597,ENHOGAR,2026-08-02,03,0303,R,47,F,2,7192.00
VIDEO-000598,ENHOGAR,2026-08-03,04,0404,U,54,M,5,7329.00
VIDEO-000599,ENHOGAR,2026-08-04,05,0505,U,61,X,8,7466.00
VIDEO-000600,ENHOGAR,2026-08-05,06,0606,R,68,NR,3,7603.00
VIDEO-000601,ENHOGAR,2026-08-06,07,0707,U,75,F,6,7740.00
VIDEO-000602,ENHOGAR,2026-08-07,08,0808,U,82,M,1,7877.00
VIDEO-000603,ENHOGAR,2026-08-08,09,0909,R,89,X,4,8014.00
VIDEO-000604,ENHOGAR,2026-08-09,10,1010,U,23,NR,7,8151.00
VIDEO-000605,ENHOGAR,2026-08-10,11,1111,U,30,F,2,8288.00
VIDEO-000606,ENHOGAR,2026-08-11,12,1212,R,37,M,5,8425.00
VIDEO-000607,ENHOGAR,2026-08-12,13,1313,U,44,X,8,962.00
VIDEO-000608,ENHOGAR,2026-08-13,14,1414,U,51,NR,3,1099.00
VIDEO-000609,ENHOGAR,2026-08-14,15,1515,R,58,F,6,1236.00
VIDEO-000610,ENHOGAR,2026-08-15,16,1616,U,65,M,1,1373.00
VIDEO-000611,ENHOGAR,2026-08-16,17,1717,U,72,X,4,1510.00
VIDEO-000612,ENHOGAR,2026-08-17,18,1818,R,79,NR,7,1647.00
VIDEO-000613,ENHOGAR,2026-08-18,19,1919,U,86,F,2,1784.00
VIDEO-000614,ENHOGAR,2026-08-19,20,2020,U,20,M,5,1921.00
VIDEO-000615,ENHOGAR,2026-08-20,21,2121,R,27,X,8,2058.00
VIDEO-000616,ENHOGAR,2026-08-01,22,2222,U,34,NR,3,2195.00
VIDEO-000617,ENHOGAR,2026-08-02,01,0123,U,41,F,6,2332.00
VIDEO-000618,ENHOGAR,2026-08-03,02,0224,R,48,M,1,2469.00
VIDEO-000619,ENHOGAR,2026-08-04,03,0325,U,55,X,4,2606.00
VIDEO-000620,ENHOGAR,2026-08-05,04,0426,U,62,NR,7,2743.00
VIDEO-000621,ENHOGAR,2026-08-06,05,0527,R,69,F,2,2880.00
VIDEO-000622,ENHOGAR,2026-08-07,06,0628,U,76,M,5,3017.00
VIDEO-000623,ENHOGAR,2026-08-08,07,0729,U,83,X,8,3154.00
VIDEO-000624,ENHOGAR,2026-08-09,08,0830,R,90,NR,3,3291.00
VIDEO-000625,ENHOGAR,2026-08-10,09,0931,U,24,F,6,3428.00
VIDEO-000626,ENHOGAR,2026-08-11,10,1032,U,31,M,1,3565.00
VIDEO-000627,ENHOGAR,2026-08-12,11,1133,R,38,X,4,3702.00
VIDEO-000628,ENHOGAR,2026-08-13,12,1234,U,45,NR,7,3839.00
VIDEO-000629,ENHOGAR,2026-08-14,13,1335,U,52,F,2,3976.00
VIDEO-000630,ENHOGAR,2026-08-15,14,1436,R,59,M,5,4113.00
VIDEO-000631,ENHOGAR,2026-08-16,15,1537,U,66,X,8,4250.00
VIDEO-000632,ENHOGAR,2026-08-17,16,1638,U,73,NR,3,4387.00
VIDEO-000633,ENHOGAR,2026-08-18,17,1739,R,80,F,6,4524.00
VIDEO-000634,ENHOGAR,2026-08-19,18,1840,U,87,M,1,4661.00
VIDEO-000635,ENHOGAR,2026-08-20,19,1941,U,21,X,4,4798.00
VIDEO-000636,ENHOGAR,2026-08-01,20,2042,R,28,NR,7,4935.00
VIDEO-000637,ENHOGAR,2026-08-02,21,2143,U,35,F,2,5072.00
VIDEO-000638,ENHOGAR,2026-08-03,22,2244,U,42,M,5,5209.00
VIDEO-000639,ENHOGAR,2026-08-04,01,0145,R,49,X,8,5346.00
VIDEO-000640,ENHOGAR,2026-08-05,02,0246,U,56,NR,3,5483.00
VIDEO-000641,ENHOGAR,2026-08-06,03,0347,U,63,F,6,5620.00
VIDEO-000642,ENHOGAR,2026-08-07,04,0448,R,70,M,1,5757.00
VIDEO-000643,ENHOGAR,2026-08-08,05,0549,U,77,X,4,5894.00
VIDEO-000644,ENHOGAR,2026-08-09,06,0650,U,84,NR,7,6031.00
VIDEO-000645,ENHOGAR,2026-08-10,07,0751,R,18,F,2,6168.00
VIDEO-000646,ENHOGAR,2026-08-11,08,0852,U,25,M,5,6305.00
VIDEO-000647,ENHOGAR,2026-08-12,09,0953,U,32,X,8,6442.00
VIDEO-000648,ENHOGAR,2026-08-13,10,1054,R,39,NR,3,6579.00
VIDEO-000649,ENHOGAR,2026-08-14,11,1155,U,46,F,6,6716.00
VIDEO-000650,ENHOGAR,2026-08-15,12,1256,U,53,M,1,6853.00
VIDEO-000651,ENHOGAR,2026-08-16,13,1357,R,60,X,4,6990.00
VIDEO-000652,ENHOGAR,2026-08-17,14,1458,U,67,NR,7,7127.00
VIDEO-000653,ENHOGAR,2026-08-18,15,1559,U,74,F,2,7264.00
VIDEO-000654,ENHOGAR,2026-08-19,16,1660,R,81,M,5,7401.00
VIDEO-000655,ENHOGAR,2026-08-20,17,1761,U,88,X,8,7538.00
VIDEO-000656,ENHOGAR,2026-08-01,18,1862,U,22,NR,3,7675.00
VIDEO-000657,ENHOGAR,2026-08-02,19,1963,R,29,F,6,7812.00
VIDEO-000658,ENHOGAR,2026-08-03,20,2064,U,36,M,1,7949.00
VIDEO-000659,ENHOGAR,2026-08-04,21,2165,U,43,X,4,8086.00
VIDEO-000660,ENHOGAR,2026-08-05,22,2266,R,50,NR,7,8223.00
VIDEO-000661,ENHOGAR,2026-08-06,01,0167,U,57,F,2,8360.00
VIDEO-000662,ENHOGAR,2026-08-07,02,0268,U,64,M,5,8497.00
VIDEO-000663,ENHOGAR,2026-08-08,03,0369,R,71,X,8,1034.00
VIDEO-000664,ENHOGAR,2026-08-09,04,0470,U,78,NR,3,1171.00
VIDEO-000665,ENHOGAR,2026-08-10,05,0571,U,85,F,6,1308.00
VIDEO-000666,ENHOGAR,2026-08-11,06,0672,R,19,M,1,1445.00
VIDEO-000667,ENHOGAR,2026-08-12,07,0773,U,26,X,4,1582.00
VIDEO-000668,ENHOGAR,2026-08-13,08,0874,U,33,NR,7,1719.00
VIDEO-000669,ENHOGAR,2026-08-14,09,0975,R,40,F,2,1856.00
VIDEO-000670,ENHOGAR,2026-08-15,10,1076,U,47,M,5,1993.00
VIDEO-000671,ENHOGAR,2026-08-16,11,1177,U,54,X,8,2130.00
VIDEO-000672,ENHOGAR,2026-08-17,12,1278,R,61,NR,3,2267.00
VIDEO-000673,ENHOGAR,2026-08-18,13,1379,U,68,F,6,2404.00
VIDEO-000674,ENHOGAR,2026-08-19,14,1480,U,75,M,1,2541.00
VIDEO-000675,ENHOGAR,2026-08-20,15,1581,R,82,X,4,2678.00
VIDEO-000676,ENHOGAR,2026-08-01,16,1682,U,89,NR,7,2815.00
VIDEO-000677,ENHOGAR,2026-08-02,17,1783,U,23,F,2,2952.00
VIDEO-000678,ENHOGAR,2026-08-03,18,1884,R,30,M,5,3089.00
VIDEO-000679,ENHOGAR,2026-08-04,19,1985,U,37,X,8,3226.00
VIDEO-000680,ENHOGAR,2026-08-05,20,2086,U,44,NR,3,3363.00
VIDEO-000681,ENHOGAR,2026-08-06,21,2187,R,51,F,6,3500.00
VIDEO-000682,ENHOGAR,2026-08-07,22,2288,U,58,M,1,3637.00
VIDEO-000683,ENHOGAR,2026-08-08,01,0189,U,65,X,4,3774.00
VIDEO-000684,ENHOGAR,2026-08-09,02,0290,R,72,NR,7,3911.00
VIDEO-000685,ENHOGAR,2026-08-10,03,0391,U,79,F,2,4048.00
VIDEO-000686,ENHOGAR,2026-08-11,04,0492,U,86,M,5,4185.00
VIDEO-000687,ENHOGAR,2026-08-12,05,0593,R,20,X,8,4322.00
VIDEO-000688,ENHOGAR,2026-08-13,06,0694,U,27,NR,3,4459.00
VIDEO-000689,ENHOGAR,2026-08-14,07,0795,U,34,F,6,4596.00
VIDEO-000690,ENHOGAR,2026-08-15,08,0896,R,41,M,1,4733.00
VIDEO-000691,ENHOGAR,2026-08-16,09,0997,U,48,X,4,4870.00
VIDEO-000692,ENHOGAR,2026-08-17,10,1098,U,55,NR,7,5007.00
VIDEO-000693,ENHOGAR,2026-08-18,11,1199,R,62,F,2,5144.00
VIDEO-000694,ENHOGAR,2026-08-19,12,1201,U,69,M,5,5281.00
VIDEO-000695,ENHOGAR,2026-08-20,13,1302,U,76,X,8,5418.00
VIDEO-000696,ENHOGAR,2026-08-01,14,1403,R,83,NR,3,5555.00
VIDEO-000697,ENHOGAR,2026-08-02,15,1504,U,90,F,6,5692.00
VIDEO-000698,ENHOGAR,2026-08-03,16,1605,U,24,M,1,5829.00
VIDEO-000699,ENHOGAR,2026-08-04,17,1706,R,31,X,4,5966.00
VIDEO-000700,ENHOGAR,2026-08-05,18,1807,U,38,NR,7,6103.00
VIDEO-000701,ENHOGAR,2026-08-06,19,1908,U,45,F,2,6240.00
VIDEO-000702,ENHOGAR,2026-08-07,20,2009,R,52,M,5,6377.00
VIDEO-000703,ENHOGAR,2026-08-08,21,2110,U,59,X,8,6514.00
VIDEO-000704,ENHOGAR,2026-08-09,22,2211,U,66,NR,3,6651.00
VIDEO-000705,ENHOGAR,2026-08-10,01,0112,R,73,F,6,6788.00
VIDEO-000706,ENHOGAR,2026-08-11,02,0213,U,80,M,1,6925.00
VIDEO-000707,ENHOGAR,2026-08-12,03,0314,U,87,X,4,7062.00
VIDEO-000708,ENHOGAR,2026-08-13,04,0415,R,21,NR,7,7199.00
VIDEO-000709,ENHOGAR,2026-08-14,05,0516,U,28,F,2,7336.00
VIDEO-000710,ENHOGAR,2026-08-15,06,0617,U,35,M,5,7473.00
VIDEO-000711,ENHOGAR,2026-08-16,07,0718,R,42,X,8,7610.00
VIDEO-000712,ENHOGAR,2026-08-17,08,0819,U,49,NR,3,7747.00
VIDEO-000713,ENHOGAR,2026-08-18,09,0920,U,56,F,6,7884.00
VIDEO-000714,ENHOGAR,2026-08-19,10,1021,R,63,M,1,8021.00
VIDEO-000715,ENHOGAR,2026-08-20,11,1122,U,70,X,4,8158.00
VIDEO-000716,ENHOGAR,2026-08-01,12,1223,U,77,NR,7,8295.00
VIDEO-000717,ENHOGAR,2026-08-02,13,1324,R,84,F,2,8432.00
VIDEO-000718,ENHOGAR,2026-08-03,14,1425,U,18,M,5,969.00
VIDEO-000719,ENHOGAR,2026-08-04,15,1526,U,25,X,8,1106.00
VIDEO-000720,ENHOGAR,2026-08-05,16,1627,R,32,NR,3,1243.00
VIDEO-000721,ENHOGAR,2026-08-06,17,1728,U,39,F,6,1380.00
VIDEO-000722,ENHOGAR,2026-08-07,18,1829,U,46,M,1,1517.00
VIDEO-000723,ENHOGAR,2026-08-08,19,1930,R,53,X,4,1654.00
VIDEO-000724,ENHOGAR,2026-08-09,20,2031,U,60,NR,7,1791.00
VIDEO-000725,ENHOGAR,2026-08-10,21,2132,U,67,F,2,1928.00
VIDEO-000726,ENHOGAR,2026-08-11,22,2233,R,74,M,5,2065.00
VIDEO-000727,ENHOGAR,2026-08-12,01,0134,U,81,X,8,2202.00
VIDEO-000728,ENHOGAR,2026-08-13,02,0235,U,88,NR,3,2339.00
VIDEO-000729,ENHOGAR,2026-08-14,03,0336,R,22,F,6,2476.00
VIDEO-000730,ENHOGAR,2026-08-15,04,0437,U,29,M,1,2613.00
VIDEO-000731,ENHOGAR,2026-08-16,05,0538,U,36,X,4,2750.00
VIDEO-000732,ENHOGAR,2026-08-17,06,0639,R,43,NR,7,2887.00
VIDEO-000733,ENHOGAR,2026-08-18,07,0740,U,50,F,2,3024.00
VIDEO-000734,ENHOGAR,2026-08-19,08,0841,U,57,M,5,3161.00
VIDEO-000735,ENHOGAR,2026-08-20,09,0942,R,64,X,8,3298.00
VIDEO-000736,ENHOGAR,2026-08-01,10,1043,U,71,NR,3,3435.00
VIDEO-000737,ENHOGAR,2026-08-02,11,1144,U,78,F,6,3572.00
VIDEO-000738,ENHOGAR,2026-08-03,12,1245,R,85,M,1,3709.00
VIDEO-000739,ENHOGAR,2026-08-04,13,1346,U,19,X,4,3846.00
VIDEO-000740,ENHOGAR,2026-08-05,14,1447,U,26,NR,7,3983.00
VIDEO-000741,ENHOGAR,2026-08-06,15,1548,R,33,F,2,4120.00
VIDEO-000742,ENHOGAR,2026-08-07,16,1649,U,40,M,5,4257.00
VIDEO-000743,ENHOGAR,2026-08-08,17,1750,U,47,X,8,4394.00
VIDEO-000744,ENHOGAR,2026-08-09,18,1851,R,54,NR,3,4531.00
VIDEO-000745,ENHOGAR,2026-08-10,19,1952,U,61,F,6,4668.00
VIDEO-000746,ENHOGAR,2026-08-11,20,2053,U,68,M,1,4805.00
VIDEO-000747,ENHOGAR,2026-08-12,21,2154,R,75,X,4,4942.00
VIDEO-000748,ENHOGAR,2026-08-13,22,2255,U,82,NR,7,5079.00
VIDEO-000749,ENHOGAR,2026-08-14,01,0156,U,89,F,2,5216.00
VIDEO-000750,ENHOGAR,2026-08-15,02,0257,R,23,M,5,5353.00
VIDEO-000751,ENHOGAR,2026-08-16,03,0358,U,30,X,8,5490.00
VIDEO-000752,ENHOGAR,2026-08-17,04,0459,U,37,NR,3,5627.00
VIDEO-000753,ENHOGAR,2026-08-18,05,0560,R,44,F,6,5764.00
VIDEO-000754,ENHOGAR,2026-08-19,06,0661,U,51,M,1,5901.00
VIDEO-000755,ENHOGAR,2026-08-20,07,0762,U,58,X,4,6038.00
VIDEO-000756,ENHOGAR,2026-08-01,08,0863,R,65,NR,7,6175.00
VIDEO-000757,ENHOGAR,2026-08-02,09,0964,U,72,F,2,6312.00
VIDEO-000758,ENHOGAR,2026-08-03,10,1065,U,79,M,5,6449.00
VIDEO-000759,ENHOGAR,2026-08-04,11,1166,R,86,X,8,6586.00
VIDEO-000760,ENHOGAR,2026-08-05,12,1267,U,20,NR,3,6723.00
VIDEO-000761,ENHOGAR,2026-08-06,13,1368,U,27,F,6,6860.00
VIDEO-000762,ENHOGAR,2026-08-07,14,1469,R,34,M,1,6997.00
VIDEO-000763,ENHOGAR,2026-08-08,15,1570,U,41,X,4,7134.00
VIDEO-000764,ENHOGAR,2026-08-09,16,1671,U,48,NR,7,7271.00
VIDEO-000765,ENHOGAR,2026-08-10,17,1772,R,55,F,2,7408.00
VIDEO-000766,ENHOGAR,2026-08-11,18,1873,U,62,M,5,7545.00
VIDEO-000767,ENHOGAR,2026-08-12,19,1974,U,69,X,8,7682.00
VIDEO-000768,ENHOGAR,2026-08-13,20,2075,R,76,NR,3,7819.00
VIDEO-000769,ENHOGAR,2026-08-14,21,2176,U,83,F,6,7956.00
VIDEO-000770,ENHOGAR,2026-08-15,22,2277,U,90,M,1,8093.00
VIDEO-000771,ENHOGAR,2026-08-16,01,0178,R,24,X,4,8230.00
VIDEO-000772,ENHOGAR,2026-08-17,02,0279,U,31,NR,7,8367.00
VIDEO-000773,ENHOGAR,2026-08-18,03,0380,U,38,F,2,904.00
VIDEO-000774,ENHOGAR,2026-08-19,04,0481,R,45,M,5,1041.00
VIDEO-000775,ENHOGAR,2026-08-20,05,0582,U,52,X,8,1178.00
VIDEO-000776,ENHOGAR,2026-08-01,06,0683,U,59,NR,3,1315.00
VIDEO-000777,ENHOGAR,2026-08-02,07,0784,R,66,F,6,1452.00
VIDEO-000778,ENHOGAR,2026-08-03,08,0885,U,73,M,1,1589.00
VIDEO-000779,ENHOGAR,2026-08-04,09,0986,U,80,X,4,1726.00
VIDEO-000780,ENHOGAR,2026-08-05,10,1087,R,87,NR,7,1863.00
VIDEO-000781,ENHOGAR,2026-08-06,11,1188,U,21,F,2,2000.00
VIDEO-000782,ENHOGAR,2026-08-07,12,1289,U,28,M,5,2137.00
VIDEO-000783,ENHOGAR,2026-08-08,13,1390,R,35,X,8,2274.00
VIDEO-000784,ENHOGAR,2026-08-09,14,1491,U,42,NR,3,2411.00
VIDEO-000785,ENHOGAR,2026-08-10,15,1592,U,49,F,6,2548.00
VIDEO-000786,ENHOGAR,2026-08-11,16,1693,R,56,M,1,2685.00
VIDEO-000787,ENHOGAR,2026-08-12,17,1794,U,63,X,4,2822.00
VIDEO-000788,ENHOGAR,2026-08-13,18,1895,U,70,NR,7,2959.00
VIDEO-000789,ENHOGAR,2026-08-14,19,1996,R,77,F,2,3096.00
VIDEO-000790,ENHOGAR,2026-08-15,20,2097,U,84,M,5,3233.00
VIDEO-000791,ENHOGAR,2026-08-16,21,2198,U,18,X,8,3370.00
VIDEO-000792,ENHOGAR,2026-08-17,22,2299,R,25,NR,3,3507.00
VIDEO-000793,ENHOGAR,2026-08-18,01,0101,U,32,F,6,3644.00
VIDEO-000794,ENHOGAR,2026-08-19,02,0202,U,39,M,1,3781.00
VIDEO-000795,ENHOGAR,2026-08-20,03,0303,R,46,X,4,3918.00
VIDEO-000796,ENHOGAR,2026-08-01,04,0404,U,53,NR,7,4055.00
VIDEO-000797,ENHOGAR,2026-08-02,05,0505,U,60,F,2,4192.00
VIDEO-000798,ENHOGAR,2026-08-03,06,0606,R,67,M,5,4329.00
VIDEO-000799,ENHOGAR,2026-08-04,07,0707,U,74,X,8,4466.00
VIDEO-000800,ENHOGAR,2026-08-05,08,0808,U,81,NR,3,4603.00
VIDEO-000801,ENHOGAR,2026-08-06,09,0909,R,88,F,6,4740.00
VIDEO-000802,ENHOGAR,2026-08-07,10,1010,U,22,M,1,4877.00
VIDEO-000803,ENHOGAR,2026-08-08,11,1111,U,29,X,4,5014.00
VIDEO-000804,ENHOGAR,2026-08-09,12,1212,R,36,NR,7,5151.00
VIDEO-000805,ENHOGAR,2026-08-10,13,1313,U,43,F,2,5288.00
VIDEO-000806,ENHOGAR,2026-08-11,14,1414,U,50,M,5,5425.00
VIDEO-000807,ENHOGAR,2026-08-12,15,1515,R,57,X,8,5562.00
VIDEO-000808,ENHOGAR,2026-08-13,16,1616,U,64,NR,3,5699.00
VIDEO-000809,ENHOGAR,2026-08-14,17,1717,U,71,F,6,5836.00
VIDEO-000810,ENHOGAR,2026-08-15,18,1818,R,78,M,1,5973.00
VIDEO-000811,ENHOGAR,2026-08-16,19,1919,U,85,X,4,6110.00
VIDEO-000812,ENHOGAR,2026-08-17,20,2020,U,19,NR,7,6247.00
VIDEO-000813,ENHOGAR,2026-08-18,21,2121,R,26,F,2,6384.00
VIDEO-000814,ENHOGAR,2026-08-19,22,2222,U,33,M,5,6521.00
VIDEO-000815,ENHOGAR,2026-08-20,01,0123,U,40,X,8,6658.00
VIDEO-000816,ENHOGAR,2026-08-01,02,0224,R,47,NR,3,6795.00
VIDEO-000817,ENHOGAR,2026-08-02,03,0325,U,54,F,6,6932.00
VIDEO-000818,ENHOGAR,2026-08-03,04,0426,U,61,M,1,7069.00
VIDEO-000819,ENHOGAR,2026-08-04,05,0527,R,68,X,4,7206.00
VIDEO-000820,ENHOGAR,2026-08-05,06,0628,U,75,NR,7,7343.00
VIDEO-000821,ENHOGAR,2026-08-06,07,0729,U,82,F,2,7480.00
VIDEO-000822,ENHOGAR,2026-08-07,08,0830,R,89,M,5,7617.00
VIDEO-000823,ENHOGAR,2026-08-08,09,0931,U,23,X,8,7754.00
VIDEO-000824,ENHOGAR,2026-08-09,10,1032,U,30,NR,3,7891.00
VIDEO-000825,ENHOGAR,2026-08-10,11,1133,R,37,F,6,8028.00
VIDEO-000826,ENHOGAR,2026-08-11,12,1234,U,44,M,1,8165.00
VIDEO-000827,ENHOGAR,2026-08-12,13,1335,U,51,X,4,8302.00
VIDEO-000828,ENHOGAR,2026-08-13,14,1436,R,58,NR,7,8439.00
VIDEO-000829,ENHOGAR,2026-08-14,15,1537,U,65,F,2,976.00
VIDEO-000830,ENHOGAR,2026-08-15,16,1638,U,72,M,5,1113.00
VIDEO-000831,ENHOGAR,2026-08-16,17,1739,R,79,X,8,1250.00
VIDEO-000832,ENHOGAR,2026-08-17,18,1840,U,86,NR,3,1387.00
VIDEO-000833,ENHOGAR,2026-08-18,19,1941,U,20,F,6,1524.00
VIDEO-000834,ENHOGAR,2026-08-19,20,2042,R,27,M,1,1661.00
VIDEO-000835,ENHOGAR,2026-08-20,21,2143,U,34,X,4,1798.00
VIDEO-000836,ENHOGAR,2026-08-01,22,2244,U,41,NR,7,1935.00
VIDEO-000837,ENHOGAR,2026-08-02,01,0145,R,48,F,2,2072.00
VIDEO-000838,ENHOGAR,2026-08-03,02,0246,U,55,M,5,2209.00
VIDEO-000839,ENHOGAR,2026-08-04,03,0347,U,62,X,8,2346.00
VIDEO-000840,ENHOGAR,2026-08-05,04,0448,R,69,NR,3,2483.00
VIDEO-000841,ENHOGAR,2026-08-06,05,0549,U,76,F,6,2620.00
VIDEO-000842,ENHOGAR,2026-08-07,06,0650,U,83,M,1,2757.00
VIDEO-000843,ENHOGAR,2026-08-08,07,0751,R,90,X,4,2894.00
VIDEO-000844,ENHOGAR,2026-08-09,08,0852,U,24,NR,7,3031.00
VIDEO-000845,ENHOGAR,2026-08-10,09,0953,U,31,F,2,3168.00
VIDEO-000846,ENHOGAR,2026-08-11,10,1054,R,38,M,5,3305.00
VIDEO-000847,ENHOGAR,2026-08-12,11,1155,U,45,X,8,3442.00
VIDEO-000848,ENHOGAR,2026-08-13,12,1256,U,52,NR,3,3579.00
VIDEO-000849,ENHOGAR,2026-08-14,13,1357,R,59,F,6,3716.00
VIDEO-000850,ENHOGAR,2026-08-15,14,1458,U,66,M,1,3853.00
VIDEO-000851,ENHOGAR,2026-08-16,15,1559,U,73,X,4,3990.00
VIDEO-000852,ENHOGAR,2026-08-17,16,1660,R,80,NR,7,4127.00
VIDEO-000853,ENHOGAR,2026-08-18,17,1761,U,87,F,2,4264.00
VIDEO-000854,ENHOGAR,2026-08-19,18,1862,U,21,M,5,4401.00
VIDEO-000855,ENHOGAR,2026-08-20,19,1963,R,28,X,8,4538.00
VIDEO-000856,ENHOGAR,2026-08-01,20,2064,U,35,NR,3,4675.00
VIDEO-000857,ENHOGAR,2026-08-02,21,2165,U,42,F,6,4812.00
VIDEO-000858,ENHOGAR,2026-08-03,22,2266,R,49,M,1,4949.00
VIDEO-000859,ENHOGAR,2026-08-04,01,0167,U,56,X,4,5086.00
VIDEO-000860,ENHOGAR,2026-08-05,02,0268,U,63,NR,7,5223.00
VIDEO-000861,ENHOGAR,2026-08-06,03,0369,R,70,F,2,5360.00
VIDEO-000862,ENHOGAR,2026-08-07,04,0470,U,77,M,5,5497.00
VIDEO-000863,ENHOGAR,2026-08-08,05,0571,U,84,X,8,5634.00
VIDEO-000864,ENHOGAR,2026-08-09,06,0672,R,18,NR,3,5771.00
VIDEO-000865,ENHOGAR,2026-08-10,07,0773,U,25,F,6,5908.00
VIDEO-000866,ENHOGAR,2026-08-11,08,0874,U,32,M,1,6045.00
VIDEO-000867,ENHOGAR,2026-08-12,09,0975,R,39,X,4,6182.00
VIDEO-000868,ENHOGAR,2026-08-13,10,1076,U,46,NR,7,6319.00
VIDEO-000869,ENHOGAR,2026-08-14,11,1177,U,53,F,2,6456.00
VIDEO-000870,ENHOGAR,2026-08-15,12,1278,R,60,M,5,6593.00
VIDEO-000871,ENHOGAR,2026-08-16,13,1379,U,67,X,8,6730.00
VIDEO-000872,ENHOGAR,2026-08-17,14,1480,U,74,NR,3,6867.00
VIDEO-000873,ENHOGAR,2026-08-18,15,1581,R,81,F,6,7004.00
VIDEO-000874,ENHOGAR,2026-08-19,16,1682,U,88,M,1,7141.00
VIDEO-000875,ENHOGAR,2026-08-20,17,1783,U,22,X,4,7278.00
VIDEO-000876,ENHOGAR,2026-08-01,18,1884,R,29,NR,7,7415.00
VIDEO-000877,ENHOGAR,2026-08-02,19,1985,U,36,F,2,7552.00
VIDEO-000878,ENHOGAR,2026-08-03,20,2086,U,43,M,5,7689.00
VIDEO-000879,ENHOGAR,2026-08-04,21,2187,R,50,X,8,7826.00
VIDEO-000880,ENHOGAR,2026-08-05,22,2288,U,57,NR,3,7963.00
VIDEO-000881,ENHOGAR,2026-08-06,01,0189,U,64,F,6,8100.00
VIDEO-000882,ENHOGAR,2026-08-07,02,0290,R,71,M,1,8237.00
VIDEO-000883,ENHOGAR,2026-08-08,03,0391,U,78,X,4,8374.00
VIDEO-000884,ENHOGAR,2026-08-09,04,0492,U,85,NR,7,911.00
VIDEO-000885,ENHOGAR,2026-08-10,05,0593,R,19,F,2,1048.00
VIDEO-000886,ENHOGAR,2026-08-11,06,0694,U,26,M,5,1185.00
VIDEO-000887,ENHOGAR,2026-08-12,07,0795,U,33,X,8,1322.00
VIDEO-000888,ENHOGAR,2026-08-13,08,0896,R,40,NR,3,1459.00
VIDEO-000889,ENHOGAR,2026-08-14,09,0997,U,47,F,6,1596.00
VIDEO-000890,ENHOGAR,2026-08-15,10,1098,U,54,M,1,1733.00
VIDEO-000891,ENHOGAR,2026-08-16,11,1199,R,61,X,4,1870.00
VIDEO-000892,ENHOGAR,2026-08-17,12,1201,U,68,NR,7,2007.00
VIDEO-000893,ENHOGAR,2026-08-18,13,1302,U,75,F,2,2144.00
VIDEO-000894,ENHOGAR,2026-08-19,14,1403,R,82,M,5,2281.00
VIDEO-000895,ENHOGAR,2026-08-20,15,1504,U,89,X,8,2418.00
VIDEO-000896,ENHOGAR,2026-08-01,16,1605,U,23,NR,3,2555.00
VIDEO-000897,ENHOGAR,2026-08-02,17,1706,R,30,F,6,2692.00
VIDEO-000898,ENHOGAR,2026-08-03,18,1807,U,37,M,1,2829.00
VIDEO-000899,ENHOGAR,2026-08-04,19,1908,U,44,X,4,2966.00
VIDEO-000900,ENHOGAR,2026-08-05,20,2009,R,51,NR,7,3103.00
VIDEO-000901,ENHOGAR,2026-08-06,21,2110,U,58,F,2,3240.00
VIDEO-000902,ENHOGAR,2026-08-07,22,2211,U,65,M,5,3377.00
VIDEO-000903,ENHOGAR,2026-08-08,01,0112,R,72,X,8,3514.00
VIDEO-000904,ENHOGAR,2026-08-09,02,0213,U,79,NR,3,3651.00
VIDEO-000905,ENHOGAR,2026-08-10,03,0314,U,86,F,6,3788.00
VIDEO-000906,ENHOGAR,2026-08-11,04,0415,R,20,M,1,3925.00
VIDEO-000907,ENHOGAR,2026-08-12,05,0516,U,27,X,4,4062.00
VIDEO-000908,ENHOGAR,2026-08-13,06,0617,U,34,NR,7,4199.00
VIDEO-000909,ENHOGAR,2026-08-14,07,0718,R,41,F,2,4336.00
VIDEO-000910,ENHOGAR,2026-08-15,08,0819,U,48,M,5,4473.00
VIDEO-000911,ENHOGAR,2026-08-16,09,0920,U,55,X,8,4610.00
VIDEO-000912,ENHOGAR,2026-08-17,10,1021,R,62,NR,3,4747.00
VIDEO-000913,ENHOGAR,2026-08-18,11,1122,U,69,F,6,4884.00
VIDEO-000914,ENHOGAR,2026-08-19,12,1223,U,76,M,1,5021.00
VIDEO-000915,ENHOGAR,2026-08-20,13,1324,R,83,X,4,5158.00
VIDEO-000916,ENHOGAR,2026-08-01,14,1425,U,90,NR,7,5295.00
VIDEO-000917,ENHOGAR,2026-08-02,15,1526,U,24,F,2,5432.00
VIDEO-000918,ENHOGAR,2026-08-03,16,1627,R,31,M,5,5569.00
VIDEO-000919,ENHOGAR,2026-08-04,17,1728,U,38,X,8,5706.00
VIDEO-000920,ENHOGAR,2026-08-05,18,1829,U,45,NR,3,5843.00
VIDEO-000921,ENHOGAR,2026-08-06,19,1930,R,52,F,6,5980.00
VIDEO-000922,ENHOGAR,2026-08-07,20,2031,U,59,M,1,6117.00
VIDEO-000923,ENHOGAR,2026-08-08,21,2132,U,66,X,4,6254.00
VIDEO-000924,ENHOGAR,2026-08-09,22,2233,R,73,NR,7,6391.00
VIDEO-000925,ENHOGAR,2026-08-10,01,0134,U,80,F,2,6528.00
VIDEO-000926,ENHOGAR,2026-08-11,02,0235,U,87,M,5,6665.00
VIDEO-000927,ENHOGAR,2026-08-12,03,0336,R,21,X,8,6802.00
VIDEO-000928,ENHOGAR,2026-08-13,04,0437,U,28,NR,3,6939.00
VIDEO-000929,ENHOGAR,2026-08-14,05,0538,U,35,F,6,7076.00
VIDEO-000930,ENHOGAR,2026-08-15,06,0639,R,42,M,1,7213.00
VIDEO-000931,ENHOGAR,2026-08-16,07,0740,U,49,X,4,7350.00
VIDEO-000932,ENHOGAR,2026-08-17,08,0841,U,56,NR,7,7487.00
VIDEO-000933,ENHOGAR,2026-08-18,09,0942,R,63,F,2,7624.00
VIDEO-000934,ENHOGAR,2026-08-19,10,1043,U,70,M,5,7761.00
VIDEO-000935,ENHOGAR,2026-08-20,11,1144,U,77,X,8,7898.00
VIDEO-000936,ENHOGAR,2026-08-01,12,1245,R,84,NR,3,8035.00
VIDEO-000937,ENHOGAR,2026-08-02,13,1346,U,18,F,6,8172.00
VIDEO-000938,ENHOGAR,2026-08-03,14,1447,U,25,M,1,8309.00
VIDEO-000939,ENHOGAR,2026-08-04,15,1548,R,32,X,4,8446.00
VIDEO-000940,ENHOGAR,2026-08-05,16,1649,U,39,NR,7,983.00
VIDEO-000941,ENHOGAR,2026-08-06,17,1750,U,46,F,2,1120.00
VIDEO-000942,ENHOGAR,2026-08-07,18,1851,R,53,M,5,1257.00
VIDEO-000943,ENHOGAR,2026-08-08,19,1952,U,60,X,8,1394.00
VIDEO-000944,ENHOGAR,2026-08-09,20,2053,U,67,NR,3,1531.00
VIDEO-000945,ENHOGAR,2026-08-10,21,2154,R,74,F,6,1668.00
VIDEO-000946,ENHOGAR,2026-08-11,22,2255,U,81,M,1,1805.00
VIDEO-000947,ENHOGAR,2026-08-12,01,0156,U,88,X,4,1942.00
VIDEO-000948,ENHOGAR,2026-08-13,02,0257,R,22,NR,7,2079.00
VIDEO-000949,ENHOGAR,2026-08-14,03,0358,U,29,F,2,2216.00
VIDEO-000950,ENHOGAR,2026-08-15,04,0459,U,36,M,5,2353.00
VIDEO-000951,ENHOGAR,2026-08-16,05,0560,R,43,X,8,2490.00
VIDEO-000952,ENHOGAR,2026-08-17,06,0661,U,50,NR,3,2627.00
VIDEO-000953,ENHOGAR,2026-08-18,07,0762,U,57,F,6,2764.00
VIDEO-000954,ENHOGAR,2026-08-19,08,0863,R,64,M,1,2901.00
VIDEO-000955,ENHOGAR,2026-08-20,09,0964,U,71,X,4,3038.00
VIDEO-000956,ENHOGAR,2026-08-01,10,1065,U,78,NR,7,3175.00
VIDEO-000957,ENHOGAR,2026-08-02,11,1166,R,85,F,2,3312.00
VIDEO-000958,ENHOGAR,2026-08-03,12,1267,U,19,M,5,3449.00
VIDEO-000959,ENHOGAR,2026-08-04,13,1368,U,26,X,8,3586.00
VIDEO-000960,ENHOGAR,2026-08-05,14,1469,R,33,NR,3,3723.00
VIDEO-000961,ENHOGAR,2026-08-06,15,1570,U,40,F,6,3860.00
VIDEO-000962,ENHOGAR,2026-08-07,16,1671,U,47,M,1,3997.00
VIDEO-000963,ENHOGAR,2026-08-08,17,1772,R,54,X,4,4134.00
VIDEO-000964,ENHOGAR,2026-08-09,18,1873,U,61,NR,7,4271.00
VIDEO-000965,ENHOGAR,2026-08-10,19,1974,U,68,F,2,4408.00
VIDEO-000966,ENHOGAR,2026-08-11,20,2075,R,75,M,5,4545.00
VIDEO-000967,ENHOGAR,2026-08-12,21,2176,U,82,X,8,4682.00
VIDEO-000968,ENHOGAR,2026-08-13,22,2277,U,89,NR,3,4819.00
VIDEO-000969,ENHOGAR,2026-08-14,01,0178,R,23,F,6,4956.00
VIDEO-000970,ENHOGAR,2026-08-15,02,0279,U,30,M,1,5093.00
VIDEO-000971,ENHOGAR,2026-08-16,03,0380,U,37,X,4,5230.00
VIDEO-000972,ENHOGAR,2026-08-17,04,0481,R,44,NR,7,5367.00
VIDEO-000973,ENHOGAR,2026-08-18,05,0582,U,51,F,2,5504.00
VIDEO-000974,ENHOGAR,2026-08-19,06,0683,U,58,M,5,5641.00
VIDEO-000975,ENHOGAR,2026-08-20,07,0784,R,65,X,8,5778.00
VIDEO-000976,ENHOGAR,2026-08-01,08,0885,U,72,NR,3,5915.00
VIDEO-000977,ENHOGAR,2026-08-02,09,0986,U,79,F,6,6052.00
VIDEO-000978,ENHOGAR,2026-08-03,10,1087,R,86,M,1,6189.00
VIDEO-000979,ENHOGAR,2026-08-04,11,1188,U,20,X,4,6326.00
VIDEO-000980,ENHOGAR,2026-08-05,12,1289,U,27,NR,7,6463.00
VIDEO-000981,ENHOGAR,2026-08-06,13,1390,R,34,F,2,6600.00
VIDEO-000982,ENHOGAR,2026-08-07,14,1491,U,41,M,5,6737.00
VIDEO-000983,ENHOGAR,2026-08-08,15,1592,U,48,X,8,6874.00
VIDEO-000984,ENHOGAR,2026-08-09,16,1693,R,55,NR,3,7011.00
VIDEO-000985,ENHOGAR,2026-08-10,17,1794,U,62,F,6,7148.00
VIDEO-000986,ENHOGAR,2026-08-11,18,1895,U,69,M,1,7285.00
VIDEO-000987,ENHOGAR,2026-08-12,19,1996,R,76,X,4,7422.00
VIDEO-000988,ENHOGAR,2026-08-13,20,2097,U,83,NR,7,7559.00
VIDEO-000989,ENHOGAR,2026-08-14,21,2198,U,90,F,2,7696.00
VIDEO-000990,ENHOGAR,2026-08-15,22,2299,R,24,M,5,7833.00
VIDEO-000991,ENHOGAR,2026-08-16,01,0101,U,31,X,8,7970.00
VIDEO-000992,ENHOGAR,2026-08-17,02,0202,U,38,NR,3,8107.00
VIDEO-000993,ENHOGAR,2026-08-18,03,0303,R,45,F,6,8244.00
VIDEO-000994,ENHOGAR,2026-08-19,04,0404,U,52,M,1,8381.00
VIDEO-000995,ENHOGAR,2026-08-20,05,0505,U,59,X,4,918.00
VIDEO-000996,ENHOGAR,2026-08-01,06,0606,R,66,NR,7,1055.00
VIDEO-000997,ENHOGAR,2026-08-02,07,0707,U,73,F,2,1192.00
VIDEO-000998,ENHOGAR,2026-08-03,08,0808,U,80,M,5,1329.00
VIDEO-000999,ENHOGAR,2026-08-04,09,0909,R,87,X,8,1466.00
VIDEO-001000,ENHOGAR,2026-08-05,10,1010,U,21,NR,3,1603.00
VIDEO-001001,ENHOGAR,2026-08-06,11,1111,U,28,F,6,1740.00
VIDEO-001002,ENHOGAR,2026-08-07,12,1212,R,35,M,1,1877.00
VIDEO-001003,ENHOGAR,2026-08-08,13,1313,U,42,X,4,2014.00
VIDEO-001004,ENHOGAR,2026-08-09,14,1414,U,49,NR,7,2151.00
VIDEO-001005,ENHOGAR,2026-08-10,15,1515,R,56,F,2,2288.00
VIDEO-001006,ENHOGAR,2026-08-11,16,1616,U,63,M,5,2425.00
VIDEO-001007,ENHOGAR,2026-08-12,17,1717,U,70,X,8,2562.00
VIDEO-001008,ENHOGAR,2026-08-13,18,1818,R,77,NR,3,2699.00
VIDEO-001009,ENHOGAR,2026-08-14,19,1919,U,84,F,6,2836.00
VIDEO-001010,ENHOGAR,2026-08-15,20,2020,U,18,M,1,2973.00
VIDEO-001011,ENHOGAR,2026-08-16,21,2121,R,25,X,4,3110.00
VIDEO-001012,ENHOGAR,2026-08-17,22,2222,U,32,NR,7,3247.00
VIDEO-001013,ENHOGAR,2026-08-18,01,0123,U,39,F,2,3384.00
VIDEO-001014,ENHOGAR,2026-08-19,02,0224,R,46,M,5,3521.00
VIDEO-001015,ENHOGAR,2026-08-20,03,0325,U,53,X,8,3658.00
VIDEO-001016,ENHOGAR,2026-08-01,04,0426,U,60,NR,3,3795.00
VIDEO-001017,ENHOGAR,2026-08-02,05,0527,R,67,F,6,3932.00
VIDEO-001018,ENHOGAR,2026-08-03,06,0628,U,74,M,1,4069.00
VIDEO-001019,ENHOGAR,2026-08-04,07,0729,U,81,X,4,4206.00
VIDEO-001020,ENHOGAR,2026-08-05,08,0830,R,88,NR,7,4343.00
VIDEO-001021,ENHOGAR,2026-08-06,09,0931,U,22,F,2,4480.00
VIDEO-001022,ENHOGAR,2026-08-07,10,1032,U,29,M,5,4617.00
VIDEO-001023,ENHOGAR,2026-08-08,11,1133,R,36,X,8,4754.00
VIDEO-001024,ENHOGAR,2026-08-09,12,1234,U,43,NR,3,4891.00
VIDEO-001025,ENHOGAR,2026-08-10,13,1335,U,50,F,6,5028.00
VIDEO-001026,ENHOGAR,2026-08-11,14,1436,R,57,M,1,5165.00
VIDEO-001027,ENHOGAR,2026-08-12,15,1537,U,64,X,4,5302.00
VIDEO-001028,ENHOGAR,2026-08-13,16,1638,U,71,NR,7,5439.00
VIDEO-001029,ENHOGAR,2026-08-14,17,1739,R,78,F,2,5576.00
VIDEO-001030,ENHOGAR,2026-08-15,18,1840,U,85,M,5,5713.00
VIDEO-001031,ENHOGAR,2026-08-16,19,1941,U,19,X,8,5850.00
VIDEO-001032,ENHOGAR,2026-08-17,20,2042,R,26,NR,3,5987.00
VIDEO-001033,ENHOGAR,2026-08-18,21,2143,U,33,F,6,6124.00
VIDEO-001034,ENHOGAR,2026-08-19,22,2244,U,40,M,1,6261.00
VIDEO-001035,ENHOGAR,2026-08-20,01,0145,R,47,X,4,6398.00
VIDEO-001036,ENHOGAR,2026-08-01,02,0246,U,54,NR,7,6535.00
VIDEO-001037,ENHOGAR,2026-08-02,03,0347,U,61,F,2,6672.00
VIDEO-001038,ENHOGAR,2026-08-03,04,0448,R,68,M,5,6809.00
VIDEO-001039,ENHOGAR,2026-08-04,05,0549,U,75,X,8,6946.00
VIDEO-001040,ENHOGAR,2026-08-05,06,0650,U,82,NR,3,7083.00
VIDEO-001041,ENHOGAR,2026-08-06,07,0751,R,89,F,6,7220.00
VIDEO-001042,ENHOGAR,2026-08-07,08,0852,U,23,M,1,7357.00
VIDEO-001043,ENHOGAR,2026-08-08,09,0953,U,30,X,4,7494.00
VIDEO-001044,ENHOGAR,2026-08-09,10,1054,R,37,NR,7,7631.00
VIDEO-001045,ENHOGAR,2026-08-10,11,1155,U,44,F,2,7768.00
VIDEO-001046,ENHOGAR,2026-08-11,12,1256,U,51,M,5,7905.00
VIDEO-001047,ENHOGAR,2026-08-12,13,1357,R,58,X,8,8042.00
VIDEO-001048,ENHOGAR,2026-08-13,14,1458,U,65,NR,3,8179.00
VIDEO-001049,ENHOGAR,2026-08-14,15,1559,U,72,F,6,8316.00
VIDEO-001050,ENHOGAR,2026-08-15,16,1660,R,79,M,1,8453.00
VIDEO-001051,ENHOGAR,2026-08-16,17,1761,U,86,X,4,990.00
VIDEO-001052,ENHOGAR,2026-08-17,18,1862,U,20,NR,7,1127.00
VIDEO-001053,ENHOGAR,2026-08-18,19,1963,R,27,F,2,1264.00
VIDEO-001054,ENHOGAR,2026-08-19,20,2064,U,34,M,5,1401.00
VIDEO-001055,ENHOGAR,2026-08-20,21,2165,U,41,X,8,1538.00
VIDEO-001056,ENHOGAR,2026-08-01,22,2266,R,48,NR,3,1675.00
VIDEO-001057,ENHOGAR,2026-08-02,01,0167,U,55,F,6,1812.00
VIDEO-001058,ENHOGAR,2026-08-03,02,0268,U,62,M,1,1949.00
VIDEO-001059,ENHOGAR,2026-08-04,03,0369,R,69,X,4,2086.00
VIDEO-001060,ENHOGAR,2026-08-05,04,0470,U,76,NR,7,2223.00
VIDEO-001061,ENHOGAR,2026-08-06,05,0571,U,83,F,2,2360.00
VIDEO-001062,ENHOGAR,2026-08-07,06,0672,R,90,M,5,2497.00
VIDEO-001063,ENHOGAR,2026-08-08,07,0773,U,24,X,8,2634.00
VIDEO-001064,ENHOGAR,2026-08-09,08,0874,U,31,NR,3,2771.00
VIDEO-001065,ENHOGAR,2026-08-10,09,0975,R,38,F,6,2908.00
VIDEO-001066,ENHOGAR,2026-08-11,10,1076,U,45,M,1,3045.00
VIDEO-001067,ENHOGAR,2026-08-12,11,1177,U,52,X,4,3182.00
VIDEO-001068,ENHOGAR,2026-08-13,12,1278,R,59,NR,7,3319.00
VIDEO-001069,ENHOGAR,2026-08-14,13,1379,U,66,F,2,3456.00
VIDEO-001070,ENHOGAR,2026-08-15,14,1480,U,73,M,5,3593.00
VIDEO-001071,ENHOGAR,2026-08-16,15,1581,R,80,X,8,3730.00
VIDEO-001072,ENHOGAR,2026-08-17,16,1682,U,87,NR,3,3867.00
VIDEO-001073,ENHOGAR,2026-08-18,17,1783,U,21,F,6,4004.00
VIDEO-001074,ENHOGAR,2026-08-19,18,1884,R,28,M,1,4141.00
VIDEO-001075,ENHOGAR,2026-08-20,19,1985,U,35,X,4,4278.00
VIDEO-001076,ENHOGAR,2026-08-01,20,2086,U,42,NR,7,4415.00
VIDEO-001077,ENHOGAR,2026-08-02,21,2187,R,49,F,2,4552.00
VIDEO-001078,ENHOGAR,2026-08-03,22,2288,U,56,M,5,4689.00
VIDEO-001079,ENHOGAR,2026-08-04,01,0189,U,63,X,8,4826.00
VIDEO-001080,ENHOGAR,2026-08-05,02,0290,R,70,NR,3,4963.00
VIDEO-001081,ENHOGAR,2026-08-06,03,0391,U,77,F,6,5100.00
VIDEO-001082,ENHOGAR,2026-08-07,04,0492,U,84,M,1,5237.00
VIDEO-001083,ENHOGAR,2026-08-08,05,0593,R,18,X,4,5374.00
VIDEO-001084,ENHOGAR,2026-08-09,06,0694,U,25,NR,7,5511.00
VIDEO-001085,ENHOGAR,2026-08-10,07,0795,U,32,F,2,5648.00
VIDEO-001086,ENHOGAR,2026-08-11,08,0896,R,39,M,5,5785.00
VIDEO-001087,ENHOGAR,2026-08-12,09,0997,U,46,X,8,5922.00
VIDEO-001088,ENHOGAR,2026-08-13,10,1098,U,53,NR,3,6059.00
VIDEO-001089,ENHOGAR,2026-08-14,11,1199,R,60,F,6,6196.00
VIDEO-001090,ENHOGAR,2026-08-15,12,1201,U,67,M,1,6333.00
VIDEO-001091,ENHOGAR,2026-08-16,13,1302,U,74,X,4,6470.00
VIDEO-001092,ENHOGAR,2026-08-17,14,1403,R,81,NR,7,6607.00
VIDEO-001093,ENHOGAR,2026-08-18,15,1504,U,88,F,2,6744.00
VIDEO-001094,ENHOGAR,2026-08-19,16,1605,U,22,M,5,6881.00
VIDEO-001095,ENHOGAR,2026-08-20,17,1706,R,29,X,8,7018.00
VIDEO-001096,ENHOGAR,2026-08-01,18,1807,U,36,NR,3,7155.00
VIDEO-001097,ENHOGAR,2026-08-02,19,1908,U,43,F,6,7292.00
VIDEO-001098,ENHOGAR,2026-08-03,20,2009,R,50,M,1,7429.00
VIDEO-001099,ENHOGAR,2026-08-04,21,2110,U,57,X,4,7566.00
VIDEO-001100,ENHOGAR,2026-08-05,22,2211,U,64,NR,7,7703.00
VIDEO-001101,ENHOGAR,2026-08-06,01,0112,R,71,F,2,7840.00
VIDEO-001102,ENHOGAR,2026-08-07,02,0213,U,78,M,5,7977.00
VIDEO-001103,ENHOGAR,2026-08-08,03,0314,U,85,X,8,8114.00
VIDEO-001104,ENHOGAR,2026-08-09,04,0415,R,19,NR,3,8251.00
VIDEO-001105,ENHOGAR,2026-08-10,05,0516,U,26,F,6,8388.00
VIDEO-001106,ENHOGAR,2026-08-11,06,0617,U,33,M,1,925.00
VIDEO-001107,ENHOGAR,2026-08-12,07,0718,R,40,X,4,1062.00
VIDEO-001108,ENHOGAR,2026-08-13,08,0819,U,47,NR,7,1199.00
VIDEO-001109,ENHOGAR,2026-08-14,09,0920,U,54,F,2,1336.00
VIDEO-001110,ENHOGAR,2026-08-15,10,1021,R,61,M,5,1473.00
VIDEO-001111,ENHOGAR,2026-08-16,11,1122,U,68,X,8,1610.00
VIDEO-001112,ENHOGAR,2026-08-17,12,1223,U,75,NR,3,1747.00
VIDEO-001113,ENHOGAR,2026-08-18,13,1324,R,82,F,6,1884.00
VIDEO-001114,ENHOGAR,2026-08-19,14,1425,U,89,M,1,2021.00
VIDEO-001115,ENHOGAR,2026-08-20,15,1526,U,23,X,4,2158.00
VIDEO-001116,ENHOGAR,2026-08-01,16,1627,R,30,NR,7,2295.00
VIDEO-001117,ENHOGAR,2026-08-02,17,1728,U,37,F,2,2432.00
VIDEO-001118,ENHOGAR,2026-08-03,18,1829,U,44,M,5,2569.00
VIDEO-001119,ENHOGAR,2026-08-04,19,1930,R,51,X,8,2706.00
VIDEO-001120,ENHOGAR,2026-08-05,20,2031,U,58,NR,3,2843.00
VIDEO-001121,ENHOGAR,2026-08-06,21,2132,U,65,F,6,2980.00
VIDEO-001122,ENHOGAR,2026-08-07,22,2233,R,72,M,1,3117.00
VIDEO-001123,ENHOGAR,2026-08-08,01,0134,U,79,X,4,3254.00
VIDEO-001124,ENHOGAR,2026-08-09,02,0235,U,86,NR,7,3391.00
VIDEO-001125,ENHOGAR,2026-08-10,03,0336,R,20,F,2,3528.00
VIDEO-001126,ENHOGAR,2026-08-11,04,0437,U,27,M,5,3665.00
VIDEO-001127,ENHOGAR,2026-08-12,05,0538,U,34,X,8,3802.00
VIDEO-001128,ENHOGAR,2026-08-13,06,0639,R,41,NR,3,3939.00
VIDEO-001129,ENHOGAR,2026-08-14,07,0740,U,48,F,6,4076.00
VIDEO-001130,ENHOGAR,2026-08-15,08,0841,U,55,M,1,4213.00
VIDEO-001131,ENHOGAR,2026-08-16,09,0942,R,62,X,4,4350.00
VIDEO-001132,ENHOGAR,2026-08-17,10,1043,U,69,NR,7,4487.00
VIDEO-001133,ENHOGAR,2026-08-18,11,1144,U,76,F,2,4624.00
VIDEO-001134,ENHOGAR,2026-08-19,12,1245,R,83,M,5,4761.00
VIDEO-001135,ENHOGAR,2026-08-20,13,1346,U,90,X,8,4898.00
VIDEO-001136,ENHOGAR,2026-08-01,14,1447,U,24,NR,3,5035.00
VIDEO-001137,ENHOGAR,2026-08-02,15,1548,R,31,F,6,5172.00
VIDEO-001138,ENHOGAR,2026-08-03,16,1649,U,38,M,1,5309.00
VIDEO-001139,ENHOGAR,2026-08-04,17,1750,U,45,X,4,5446.00
VIDEO-001140,ENHOGAR,2026-08-05,18,1851,R,52,NR,7,5583.00
VIDEO-001141,ENHOGAR,2026-08-06,19,1952,U,59,F,2,5720.00
VIDEO-001142,ENHOGAR,2026-08-07,20,2053,U,66,M,5,5857.00
VIDEO-001143,ENHOGAR,2026-08-08,21,2154,R,73,X,8,5994.00
VIDEO-001144,ENHOGAR,2026-08-09,22,2255,U,80,NR,3,6131.00
VIDEO-001145,ENHOGAR,2026-08-10,01,0156,U,87,F,6,6268.00
VIDEO-001146,ENHOGAR,2026-08-11,02,0257,R,21,M,1,6405.00
VIDEO-001147,ENHOGAR,2026-08-12,03,0358,U,28,X,4,6542.00
VIDEO-001148,ENHOGAR,2026-08-13,04,0459,U,35,NR,7,6679.00
VIDEO-001149,ENHOGAR,2026-08-14,05,0560,R,42,F,2,6816.00
VIDEO-001150,ENHOGAR,2026-08-15,06,0661,U,49,M,5,6953.00
VIDEO-001151,ENHOGAR,2026-08-16,07,0762,U,56,X,8,7090.00
VIDEO-001152,ENHOGAR,2026-08-17,08,0863,R,63,NR,3,7227.00
VIDEO-001153,ENHOGAR,2026-08-18,09,0964,U,70,F,6,7364.00
VIDEO-001154,ENHOGAR,2026-08-19,10,1065,U,77,M,1,7501.00
VIDEO-001155,ENHOGAR,2026-08-20,11,1166,R,84,X,4,7638.00
VIDEO-001156,ENHOGAR,2026-08-01,12,1267,U,18,NR,7,7775.00
VIDEO-001157,ENHOGAR,2026-08-02,13,1368,U,25,F,2,7912.00
VIDEO-001158,ENHOGAR,2026-08-03,14,1469,R,32,M,5,8049.00
VIDEO-001159,ENHOGAR,2026-08-04,15,1570,U,39,X,8,8186.00
VIDEO-001160,ENHOGAR,2026-08-05,16,1671,U,46,NR,3,8323.00
VIDEO-001161,ENHOGAR,2026-08-06,17,1772,R,53,F,6,8460.00
VIDEO-001162,ENHOGAR,2026-08-07,18,1873,U,60,M,1,997.00
VIDEO-001163,ENHOGAR,2026-08-08,19,1974,U,67,X,4,1134.00
VIDEO-001164,ENHOGAR,2026-08-09,20,2075,R,74,NR,7,1271.00
VIDEO-001165,ENHOGAR,2026-08-10,21,2176,U,81,F,2,1408.00
VIDEO-001166,ENHOGAR,2026-08-11,22,2277,U,88,M,5,1545.00
VIDEO-001167,ENHOGAR,2026-08-12,01,0178,R,22,X,8,1682.00
VIDEO-001168,ENHOGAR,2026-08-13,02,0279,U,29,NR,3,1819.00
VIDEO-001169,ENHOGAR,2026-08-14,03,0380,U,36,F,6,1956.00
VIDEO-001170,ENHOGAR,2026-08-15,04,0481,R,43,M,1,2093.00
VIDEO-001171,ENHOGAR,2026-08-16,05,0582,U,50,X,4,2230.00
VIDEO-001172,ENHOGAR,2026-08-17,06,0683,U,57,NR,7,2367.00
VIDEO-001173,ENHOGAR,2026-08-18,07,0784,R,64,F,2,2504.00
VIDEO-001174,ENHOGAR,2026-08-19,08,0885,U,71,M,5,2641.00
VIDEO-001175,ENHOGAR,2026-08-20,09,0986,U,78,X,8,2778.00
VIDEO-001176,ENHOGAR,2026-08-01,10,1087,R,85,NR,3,2915.00
VIDEO-001177,ENHOGAR,2026-08-02,11,1188,U,19,F,6,3052.00
VIDEO-001178,ENHOGAR,2026-08-03,12,1289,U,26,M,1,3189.00
VIDEO-001179,ENHOGAR,2026-08-04,13,1390,R,33,X,4,3326.00
VIDEO-001180,ENHOGAR,2026-08-05,14,1491,U,40,NR,7,3463.00
VIDEO-001181,ENHOGAR,2026-08-06,15,1592,U,47,F,2,3600.00
VIDEO-001182,ENHOGAR,2026-08-07,16,1693,R,54,M,5,3737.00
VIDEO-001183,ENHOGAR,2026-08-08,17,1794,U,61,X,8,3874.00
VIDEO-001184,ENHOGAR,2026-08-09,18,1895,U,68,NR,3,4011.00
VIDEO-001185,ENHOGAR,2026-08-10,19,1996,R,75,F,6,4148.00
VIDEO-001186,ENHOGAR,2026-08-11,20,2097,U,82,M,1,4285.00
VIDEO-001187,ENHOGAR,2026-08-12,21,2198,U,89,X,4,4422.00
VIDEO-001188,ENHOGAR,2026-08-13,22,2299,R,23,NR,7,4559.00
VIDEO-001189,ENHOGAR,2026-08-14,01,0101,U,30,F,2,4696.00
VIDEO-001190,ENHOGAR,2026-08-15,02,0202,U,37,M,5,4833.00
VIDEO-001191,ENHOGAR,2026-08-16,03,0303,R,44,X,8,4970.00
VIDEO-001192,ENHOGAR,2026-08-17,04,0404,U,51,NR,3,5107.00
VIDEO-001193,ENHOGAR,2026-08-18,05,0505,U,58,F,6,5244.00
VIDEO-001194,ENHOGAR,2026-08-19,06,0606,R,65,M,1,5381.00
VIDEO-001195,ENHOGAR,2026-08-20,07,0707,U,72,X,4,5518.00
VIDEO-001196,ENHOGAR,2026-08-01,08,0808,U,79,NR,7,5655.00
VIDEO-001197,ENHOGAR,2026-08-02,09,0909,R,86,F,2,5792.00
VIDEO-001198,ENHOGAR,2026-08-03,10,1010,U,20,M,5,5929.00
VIDEO-001199,ENHOGAR,2026-08-04,11,1111,U,27,X,8,6066.00
VIDEO-001200,ENHOGAR,2026-08-05,12,1212,R,34,NR,3,6203.00
VIDEO-001201,ENHOGAR,2026-08-06,13,1313,U,41,F,6,6340.00
VIDEO-001202,ENHOGAR,2026-08-07,14,1414,U,48,M,1,6477.00
VIDEO-001203,ENHOGAR,2026-08-08,15,1515,R,55,X,4,6614.00
VIDEO-001204,ENHOGAR,2026-08-09,16,1616,U,62,NR,7,6751.00
VIDEO-001205,ENHOGAR,2026-08-10,17,1717,U,69,F,2,6888.00
VIDEO-001206,ENHOGAR,2026-08-11,18,1818,R,76,M,5,7025.00
VIDEO-001207,ENHOGAR,2026-08-12,19,1919,U,83,X,8,7162.00
VIDEO-001208,ENHOGAR,2026-08-13,20,2020,U,90,NR,3,7299.00
VIDEO-001209,ENHOGAR,2026-08-14,21,2121,R,24,F,6,7436.00
VIDEO-001210,ENHOGAR,2026-08-15,22,2222,U,31,M,1,7573.00
VIDEO-001211,ENHOGAR,2026-08-16,01,0123,U,38,X,4,7710.00
VIDEO-001212,ENHOGAR,2026-08-17,02,0224,R,45,NR,7,7847.00
VIDEO-001213,ENHOGAR,2026-08-18,03,0325,U,52,F,2,7984.00
VIDEO-001214,ENHOGAR,2026-08-19,04,0426,U,59,M,5,8121.00
VIDEO-001215,ENHOGAR,2026-08-20,05,0527,R,66,X,8,8258.00
VIDEO-001216,ENHOGAR,2026-08-01,06,0628,U,73,NR,3,8395.00
VIDEO-001217,ENHOGAR,2026-08-02,07,0729,U,80,F,6,932.00
VIDEO-001218,ENHOGAR,2026-08-03,08,0830,R,87,M,1,1069.00
VIDEO-001219,ENHOGAR,2026-08-04,09,0931,U,21,X,4,1206.00
VIDEO-001220,ENHOGAR,2026-08-05,10,1032,U,28,NR,7,1343.00
VIDEO-001221,ENHOGAR,2026-08-06,11,1133,R,35,F,2,1480.00
VIDEO-001222,ENHOGAR,2026-08-07,12,1234,U,42,M,5,1617.00
VIDEO-001223,ENHOGAR,2026-08-08,13,1335,U,49,X,8,1754.00
VIDEO-001224,ENHOGAR,2026-08-09,14,1436,R,56,NR,3,1891.00
VIDEO-001225,ENHOGAR,2026-08-10,15,1537,U,63,F,6,2028.00
VIDEO-001226,ENHOGAR,2026-08-11,16,1638,U,70,M,1,2165.00
VIDEO-001227,ENHOGAR,2026-08-12,17,1739,R,77,X,4,2302.00
VIDEO-001228,ENHOGAR,2026-08-13,18,1840,U,84,NR,7,2439.00
VIDEO-001229,ENHOGAR,2026-08-14,19,1941,U,18,F,2,2576.00
VIDEO-001230,ENHOGAR,2026-08-15,20,2042,R,25,M,5,2713.00
VIDEO-001231,ENHOGAR,2026-08-16,21,2143,U,32,X,8,2850.00
VIDEO-001232,ENHOGAR,2026-08-17,22,2244,U,39,NR,3,2987.00
VIDEO-001233,ENHOGAR,2026-08-18,01,0145,R,46,F,6,3124.00
VIDEO-001234,ENHOGAR,2026-08-19,02,0246,U,53,M,1,3261.00
VIDEO-001235,ENHOGAR,2026-08-20,03,0347,U,60,X,4,3398.00
VIDEO-001236,ENHOGAR,2026-08-01,04,0448,R,67,NR,7,3535.00
VIDEO-001237,ENHOGAR,2026-08-02,05,0549,U,74,F,2,3672.00
VIDEO-001238,ENHOGAR,2026-08-03,06,0650,U,81,M,5,3809.00
VIDEO-001239,ENHOGAR,2026-08-04,07,0751,R,88,X,8,3946.00
VIDEO-001240,ENHOGAR,2026-08-05,08,0852,U,22,NR,3,4083.00
VIDEO-001241,ENHOGAR,2026-08-06,09,0953,U,29,F,6,4220.00
VIDEO-001242,ENHOGAR,2026-08-07,10,1054,R,36,M,1,4357.00
VIDEO-001243,ENHOGAR,2026-08-08,11,1155,U,43,X,4,4494.00
VIDEO-001244,ENHOGAR,2026-08-09,12,1256,U,50,NR,7,4631.00
VIDEO-001245,ENHOGAR,2026-08-10,13,1357,R,57,F,2,4768.00
VIDEO-001246,ENHOGAR,2026-08-11,14,1458,U,64,M,5,4905.00
VIDEO-001247,ENHOGAR,2026-08-12,15,1559,U,71,X,8,5042.00
VIDEO-001248,ENHOGAR,2026-08-13,16,1660,R,78,NR,3,5179.00
VIDEO-001249,ENHOGAR,2026-08-14,17,1761,U,85,F,6,5316.00
VIDEO-001250,ENHOGAR,2026-08-15,18,1862,U,19,M,1,5453.00
VIDEO-001251,ENHOGAR,2026-08-16,19,1963,R,26,X,4,5590.00
VIDEO-001252,ENHOGAR,2026-08-17,20,2064,U,33,NR,7,5727.00
VIDEO-001253,ENHOGAR,2026-08-18,21,2165,U,40,F,2,5864.00
VIDEO-001254,ENHOGAR,2026-08-19,22,2266,R,47,M,5,6001.00
VIDEO-001255,ENHOGAR,2026-08-20,01,0167,U,54,X,8,6138.00
VIDEO-001256,ENHOGAR,2026-08-01,02,0268,U,61,NR,3,6275.00
VIDEO-001257,ENHOGAR,2026-08-02,03,0369,R,68,F,6,6412.00
VIDEO-001258,ENHOGAR,2026-08-03,04,0470,U,75,M,1,6549.00
VIDEO-001259,ENHOGAR,2026-08-04,05,0571,U,82,X,4,6686.00
VIDEO-001260,ENHOGAR,2026-08-05,06,0672,R,89,NR,7,6823.00
VIDEO-001261,ENHOGAR,2026-08-06,07,0773,U,23,F,2,6960.00
VIDEO-001262,ENHOGAR,2026-08-07,08,0874,U,30,M,5,7097.00
VIDEO-001263,ENHOGAR,2026-08-08,09,0975,R,37,X,8,7234.00
VIDEO-001264,ENHOGAR,2026-08-09,10,1076,U,44,NR,3,7371.00
VIDEO-001265,ENHOGAR,2026-08-10,11,1177,U,51,F,6,7508.00
VIDEO-001266,ENHOGAR,2026-08-11,12,1278,R,58,M,1,7645.00
VIDEO-001267,ENHOGAR,2026-08-12,13,1379,U,65,X,4,7782.00
VIDEO-001268,ENHOGAR,2026-08-13,14,1480,U,72,NR,7,7919.00
VIDEO-001269,ENHOGAR,2026-08-14,15,1581,R,79,F,2,8056.00
VIDEO-001270,ENHOGAR,2026-08-15,16,1682,U,86,M,5,8193.00
VIDEO-001271,ENHOGAR,2026-08-16,17,1783,U,20,X,8,8330.00
VIDEO-001272,ENHOGAR,2026-08-17,18,1884,R,27,NR,3,8467.00
VIDEO-001273,ENHOGAR,2026-08-18,19,1985,U,34,F,6,1004.00
VIDEO-001274,ENHOGAR,2026-08-19,20,2086,U,41,M,1,1141.00
VIDEO-001275,ENHOGAR,2026-08-20,21,2187,R,48,X,4,1278.00
VIDEO-001276,ENHOGAR,2026-08-01,22,2288,U,55,NR,7,1415.00
VIDEO-001277,ENHOGAR,2026-08-02,01,0189,U,62,F,2,1552.00
VIDEO-001278,ENHOGAR,2026-08-03,02,0290,R,69,M,5,1689.00
VIDEO-001279,ENHOGAR,2026-08-04,03,0391,U,76,X,8,1826.00
VIDEO-001280,ENHOGAR,2026-08-05,04,0492,U,83,NR,3,1963.00
VIDEO-001281,ENHOGAR,2026-08-06,05,0593,R,90,F,6,2100.00
VIDEO-001282,ENHOGAR,2026-08-07,06,0694,U,24,M,1,2237.00
VIDEO-001283,ENHOGAR,2026-08-08,07,0795,U,31,X,4,2374.00
VIDEO-001284,ENHOGAR,2026-08-09,08,0896,R,38,NR,7,2511.00
VIDEO-001285,ENHOGAR,2026-08-10,09,0997,U,45,F,2,2648.00
VIDEO-001286,ENHOGAR,2026-08-11,10,1098,U,52,M,5,2785.00
VIDEO-001287,ENHOGAR,2026-08-12,11,1199,R,59,X,8,2922.00
VIDEO-001288,ENHOGAR,2026-08-13,12,1201,U,66,NR,3,3059.00
VIDEO-001289,ENHOGAR,2026-08-14,13,1302,U,73,F,6,3196.00
VIDEO-001290,ENHOGAR,2026-08-15,14,1403,R,80,M,1,3333.00
VIDEO-001291,ENHOGAR,2026-08-16,15,1504,U,87,X,4,3470.00
VIDEO-001292,ENHOGAR,2026-08-17,16,1605,U,21,NR,7,3607.00
VIDEO-001293,ENHOGAR,2026-08-18,17,1706,R,28,F,2,3744.00
VIDEO-001294,ENHOGAR,2026-08-19,18,1807,U,35,M,5,3881.00
VIDEO-001295,ENHOGAR,2026-08-20,19,1908,U,42,X,8,4018.00
VIDEO-001296,ENHOGAR,2026-08-01,20,2009,R,49,NR,3,4155.00
VIDEO-001297,ENHOGAR,2026-08-02,21,2110,U,56,F,6,4292.00
VIDEO-001298,ENHOGAR,2026-08-03,22,2211,U,63,M,1,4429.00
VIDEO-001299,ENHOGAR,2026-08-04,01,0112,R,70,X,4,4566.00
VIDEO-001300,ENHOGAR,2026-08-05,02,0213,U,77,NR,7,4703.00
VIDEO-001301,ENHOGAR,2026-08-06,03,0314,U,84,F,2,4840.00
VIDEO-001302,ENHOGAR,2026-08-07,04,0415,R,18,M,5,4977.00
VIDEO-001303,ENHOGAR,2026-08-08,05,0516,U,25,X,8,5114.00
VIDEO-001304,ENHOGAR,2026-08-09,06,0617,U,32,NR,3,5251.00
VIDEO-001305,ENHOGAR,2026-08-10,07,0718,R,39,F,6,5388.00
VIDEO-001306,ENHOGAR,2026-08-11,08,0819,U,46,M,1,5525.00
VIDEO-001307,ENHOGAR,2026-08-12,09,0920,U,53,X,4,5662.00
VIDEO-001308,ENHOGAR,2026-08-13,10,1021,R,60,NR,7,5799.00
VIDEO-001309,ENHOGAR,2026-08-14,11,1122,U,67,F,2,5936.00
VIDEO-001310,ENHOGAR,2026-08-15,12,1223,U,74,M,5,6073.00
VIDEO-001311,ENHOGAR,2026-08-16,13,1324,R,81,X,8,6210.00
VIDEO-001312,ENHOGAR,2026-08-17,14,1425,U,88,NR,3,6347.00
VIDEO-001313,ENHOGAR,2026-08-18,15,1526,U,22,F,6,6484.00
VIDEO-001314,ENHOGAR,2026-08-19,16,1627,R,29,M,1,6621.00
VIDEO-001315,ENHOGAR,2026-08-20,17,1728,U,36,X,4,6758.00
VIDEO-001316,ENHOGAR,2026-08-01,18,1829,U,43,NR,7,6895.00
VIDEO-001317,ENHOGAR,2026-08-02,19,1930,R,50,F,2,7032.00
VIDEO-001318,ENHOGAR,2026-08-03,20,2031,U,57,M,5,7169.00
VIDEO-001319,ENHOGAR,2026-08-04,21,2132,U,64,X,8,7306.00
VIDEO-001320,ENHOGAR,2026-08-05,22,2233,R,71,NR,3,7443.00
VIDEO-001321,ENHOGAR,2026-08-06,01,0134,U,78,F,6,7580.00
VIDEO-001322,ENHOGAR,2026-08-07,02,0235,U,85,M,1,7717.00
VIDEO-001323,ENHOGAR,2026-08-08,03,0336,R,19,X,4,7854.00
VIDEO-001324,ENHOGAR,2026-08-09,04,0437,U,26,NR,7,7991.00
VIDEO-001325,ENHOGAR,2026-08-10,05,0538,U,33,F,2,8128.00
VIDEO-001326,ENHOGAR,2026-08-11,06,0639,R,40,M,5,8265.00
VIDEO-001327,ENHOGAR,2026-08-12,07,0740,U,47,X,8,8402.00
VIDEO-001328,ENHOGAR,2026-08-13,08,0841,U,54,NR,3,939.00
VIDEO-001329,ENHOGAR,2026-08-14,09,0942,R,61,F,6,1076.00
VIDEO-001330,ENHOGAR,2026-08-15,10,1043,U,68,M,1,1213.00
VIDEO-001331,ENHOGAR,2026-08-16,11,1144,U,75,X,4,1350.00
VIDEO-001332,ENHOGAR,2026-08-17,12,1245,R,82,NR,7,1487.00
VIDEO-001333,ENHOGAR,2026-08-18,13,1346,U,89,F,2,1624.00
VIDEO-001334,ENHOGAR,2026-08-19,14,1447,U,23,M,5,1761.00
VIDEO-001335,ENHOGAR,2026-08-20,15,1548,R,30,X,8,1898.00
VIDEO-001336,ENHOGAR,2026-08-01,16,1649,U,37,NR,3,2035.00
VIDEO-001337,ENHOGAR,2026-08-02,17,1750,U,44,F,6,2172.00
VIDEO-001338,ENHOGAR,2026-08-03,18,1851,R,51,M,1,2309.00
VIDEO-001339,ENHOGAR,2026-08-04,19,1952,U,58,X,4,2446.00
VIDEO-001340,ENHOGAR,2026-08-05,20,2053,U,65,NR,7,2583.00
VIDEO-001341,ENHOGAR,2026-08-06,21,2154,R,72,F,2,2720.00
VIDEO-001342,ENHOGAR,2026-08-07,22,2255,U,79,M,5,2857.00
VIDEO-001343,ENHOGAR,2026-08-08,01,0156,U,86,X,8,2994.00
VIDEO-001344,ENHOGAR,2026-08-09,02,0257,R,20,NR,3,3131.00
VIDEO-001345,ENHOGAR,2026-08-10,03,0358,U,27,F,6,3268.00
VIDEO-001346,ENHOGAR,2026-08-11,04,0459,U,34,M,1,3405.00
VIDEO-001347,ENHOGAR,2026-08-12,05,0560,R,41,X,4,3542.00
VIDEO-001348,ENHOGAR,2026-08-13,06,0661,U,48,NR,7,3679.00
VIDEO-001349,ENHOGAR,2026-08-14,07,0762,U,55,F,2,3816.00
VIDEO-001350,ENHOGAR,2026-08-15,08,0863,R,62,M,5,3953.00
VIDEO-001351,ENHOGAR,2026-08-16,09,0964,U,69,X,8,4090.00
VIDEO-001352,ENHOGAR,2026-08-17,10,1065,U,76,NR,3,4227.00
VIDEO-001353,ENHOGAR,2026-08-18,11,1166,R,83,F,6,4364.00
VIDEO-001354,ENHOGAR,2026-08-19,12,1267,U,90,M,1,4501.00
VIDEO-001355,ENHOGAR,2026-08-20,13,1368,U,24,X,4,4638.00
VIDEO-001356,ENHOGAR,2026-08-01,14,1469,R,31,NR,7,4775.00
VIDEO-001357,ENHOGAR,2026-08-02,15,1570,U,38,F,2,4912.00
VIDEO-001358,ENHOGAR,2026-08-03,16,1671,U,45,M,5,5049.00
VIDEO-001359,ENHOGAR,2026-08-04,17,1772,R,52,X,8,5186.00
VIDEO-001360,ENHOGAR,2026-08-05,18,1873,U,59,NR,3,5323.00
VIDEO-001361,ENHOGAR,2026-08-06,19,1974,U,66,F,6,5460.00
VIDEO-001362,ENHOGAR,2026-08-07,20,2075,R,73,M,1,5597.00
VIDEO-001363,ENHOGAR,2026-08-08,21,2176,U,80,X,4,5734.00
VIDEO-001364,ENHOGAR,2026-08-09,22,2277,U,87,NR,7,5871.00
VIDEO-001365,ENHOGAR,2026-08-10,01,0178,R,21,F,2,6008.00
VIDEO-001366,ENHOGAR,2026-08-11,02,0279,U,28,M,5,6145.00
VIDEO-001367,ENHOGAR,2026-08-12,03,0380,U,35,X,8,6282.00
VIDEO-001368,ENHOGAR,2026-08-13,04,0481,R,42,NR,3,6419.00
VIDEO-001369,ENHOGAR,2026-08-14,05,0582,U,49,F,6,6556.00
VIDEO-001370,ENHOGAR,2026-08-15,06,0683,U,56,M,1,6693.00
VIDEO-001371,ENHOGAR,2026-08-16,07,0784,R,63,X,4,6830.00
VIDEO-001372,ENHOGAR,2026-08-17,08,0885,U,70,NR,7,6967.00
VIDEO-001373,ENHOGAR,2026-08-18,09,0986,U,77,F,2,7104.00
VIDEO-001374,ENHOGAR,2026-08-19,10,1087,R,84,M,5,7241.00
VIDEO-001375,ENHOGAR,2026-08-20,11,1188,U,18,X,8,7378.00
VIDEO-001376,ENHOGAR,2026-08-01,12,1289,U,25,NR,3,7515.00
VIDEO-001377,ENHOGAR,2026-08-02,13,1390,R,32,F,6,7652.00
VIDEO-001378,ENHOGAR,2026-08-03,14,1491,U,39,M,1,7789.00
VIDEO-001379,ENHOGAR,2026-08-04,15,1592,U,46,X,4,7926.00
VIDEO-001380,ENHOGAR,2026-08-05,16,1693,R,53,NR,7,8063.00
VIDEO-001381,ENHOGAR,2026-08-06,17,1794,U,60,F,2,8200.00
VIDEO-001382,ENHOGAR,2026-08-07,18,1895,U,67,M,5,8337.00
VIDEO-001383,ENHOGAR,2026-08-08,19,1996,R,74,X,8,8474.00
VIDEO-001384,ENHOGAR,2026-08-09,20,2097,U,81,NR,3,1011.00
VIDEO-001385,ENHOGAR,2026-08-10,21,2198,U,88,F,6,1148.00
VIDEO-001386,ENHOGAR,2026-08-11,22,2299,R,22,M,1,1285.00
VIDEO-001387,ENHOGAR,2026-08-12,01,0101,U,29,X,4,1422.00
VIDEO-001388,ENHOGAR,2026-08-13,02,0202,U,36,NR,7,1559.00
VIDEO-001389,ENHOGAR,2026-08-14,03,0303,R,43,F,2,1696.00
VIDEO-001390,ENHOGAR,2026-08-15,04,0404,U,50,M,5,1833.00
VIDEO-001391,ENHOGAR,2026-08-16,05,0505,U,57,X,8,1970.00
VIDEO-001392,ENHOGAR,2026-08-17,06,0606,R,64,NR,3,2107.00
VIDEO-001393,ENHOGAR,2026-08-18,07,0707,U,71,F,6,2244.00
VIDEO-001394,ENHOGAR,2026-08-19,08,0808,U,78,M,1,2381.00
VIDEO-001395,ENHOGAR,2026-08-20,09,0909,R,85,X,4,2518.00
VIDEO-001396,ENHOGAR,2026-08-01,10,1010,U,19,NR,7,2655.00
VIDEO-001397,ENHOGAR,2026-08-02,11,1111,U,26,F,2,2792.00
VIDEO-001398,ENHOGAR,2026-08-03,12,1212,R,33,M,5,2929.00
VIDEO-001399,ENHOGAR,2026-08-04,13,1313,U,40,X,8,3066.00
VIDEO-001400,ENHOGAR,2026-08-05,14,1414,U,47,NR,3,3203.00
VIDEO-001401,ENHOGAR,2026-08-06,15,1515,R,54,F,6,3340.00
VIDEO-001402,ENHOGAR,2026-08-07,16,1616,U,61,M,1,3477.00
VIDEO-001403,ENHOGAR,2026-08-08,17,1717,U,68,X,4,3614.00
VIDEO-001404,ENHOGAR,2026-08-09,18,1818,R,75,NR,7,3751.00
VIDEO-001405,ENHOGAR,2026-08-10,19,1919,U,82,F,2,3888.00
VIDEO-001406,ENHOGAR,2026-08-11,20,2020,U,89,M,5,4025.00
VIDEO-001407,ENHOGAR,2026-08-12,21,2121,R,23,X,8,4162.00
VIDEO-001408,ENHOGAR,2026-08-13,22,2222,U,30,NR,3,4299.00
VIDEO-001409,ENHOGAR,2026-08-14,01,0123,U,37,F,6,4436.00
VIDEO-001410,ENHOGAR,2026-08-15,02,0224,R,44,M,1,4573.00
VIDEO-001411,ENHOGAR,2026-08-16,03,0325,U,51,X,4,4710.00
VIDEO-001412,ENHOGAR,2026-08-17,04,0426,U,58,NR,7,4847.00
VIDEO-001413,ENHOGAR,2026-08-18,05,0527,R,65,F,2,4984.00
VIDEO-001414,ENHOGAR,2026-08-19,06,0628,U,72,M,5,5121.00
VIDEO-001415,ENHOGAR,2026-08-20,07,0729,U,79,X,8,5258.00
VIDEO-001416,ENHOGAR,2026-08-01,08,0830,R,86,NR,3,5395.00
VIDEO-001417,ENHOGAR,2026-08-02,09,0931,U,20,F,6,5532.00
VIDEO-001418,ENHOGAR,2026-08-03,10,1032,U,27,M,1,5669.00
VIDEO-001419,ENHOGAR,2026-08-04,11,1133,R,34,X,4,5806.00
VIDEO-001420,ENHOGAR,2026-08-05,12,1234,U,41,NR,7,5943.00
VIDEO-001421,ENHOGAR,2026-08-06,13,1335,U,48,F,2,6080.00
VIDEO-001422,ENHOGAR,2026-08-07,14,1436,R,55,M,5,6217.00
VIDEO-001423,ENHOGAR,2026-08-08,15,1537,U,62,X,8,6354.00
VIDEO-001424,ENHOGAR,2026-08-09,16,1638,U,69,NR,3,6491.00
VIDEO-001425,ENHOGAR,2026-08-10,17,1739,R,76,F,6,6628.00
VIDEO-001426,ENHOGAR,2026-08-11,18,1840,U,83,M,1,6765.00
VIDEO-001427,ENHOGAR,2026-08-12,19,1941,U,90,X,4,6902.00
VIDEO-001428,ENHOGAR,2026-08-13,20,2042,R,24,NR,7,7039.00
VIDEO-001429,ENHOGAR,2026-08-14,21,2143,U,31,F,2,7176.00
VIDEO-001430,ENHOGAR,2026-08-15,22,2244,U,38,M,5,7313.00
VIDEO-001431,ENHOGAR,2026-08-16,01,0145,R,45,X,8,7450.00
VIDEO-001432,ENHOGAR,2026-08-17,02,0246,U,52,NR,3,7587.00
VIDEO-001433,ENHOGAR,2026-08-18,03,0347,U,59,F,6,7724.00
VIDEO-001434,ENHOGAR,2026-08-19,04,0448,R,66,M,1,7861.00
VIDEO-001435,ENHOGAR,2026-08-20,05,0549,U,73,X,4,7998.00
VIDEO-001436,ENHOGAR,2026-08-01,06,0650,U,80,NR,7,8135.00
VIDEO-001437,ENHOGAR,2026-08-02,07,0751,R,87,F,2,8272.00
VIDEO-001438,ENHOGAR,2026-08-03,08,0852,U,21,M,5,8409.00
VIDEO-001439,ENHOGAR,2026-08-04,09,0953,U,28,X,8,946.00
VIDEO-001440,ENHOGAR,2026-08-05,10,1054,R,35,NR,3,1083.00
VIDEO-001441,ENHOGAR,2026-08-06,11,1155,U,42,F,6,1220.00
VIDEO-001442,ENHOGAR,2026-08-07,12,1256,U,49,M,1,1357.00
VIDEO-001443,ENHOGAR,2026-08-08,13,1357,R,56,X,4,1494.00
VIDEO-001444,ENHOGAR,2026-08-09,14,1458,U,63,NR,7,1631.00
VIDEO-001445,ENHOGAR,2026-08-10,15,1559,U,70,F,2,1768.00
VIDEO-001446,ENHOGAR,2026-08-11,16,1660,R,77,M,5,1905.00
VIDEO-001447,ENHOGAR,2026-08-12,17,1761,U,84,X,8,2042.00
VIDEO-001448,ENHOGAR,2026-08-13,18,1862,U,18,NR,3,2179.00
VIDEO-001449,ENHOGAR,2026-08-14,19,1963,R,25,F,6,2316.00
VIDEO-001450,ENHOGAR,2026-08-15,20,2064,U,32,M,1,2453.00
VIDEO-001451,ENHOGAR,2026-08-16,21,2165,U,39,X,4,2590.00
VIDEO-001452,ENHOGAR,2026-08-17,22,2266,R,46,NR,7,2727.00
VIDEO-001453,ENHOGAR,2026-08-18,01,0167,U,53,F,2,2864.00
VIDEO-001454,ENHOGAR,2026-08-19,02,0268,U,60,M,5,3001.00
VIDEO-001455,ENHOGAR,2026-08-20,03,0369,R,67,X,8,3138.00
VIDEO-001456,ENHOGAR,2026-08-01,04,0470,U,74,NR,3,3275.00
VIDEO-001457,ENHOGAR,2026-08-02,05,0571,U,81,F,6,3412.00
VIDEO-001458,ENHOGAR,2026-08-03,06,0672,R,88,M,1,3549.00
VIDEO-001459,ENHOGAR,2026-08-04,07,0773,U,22,X,4,3686.00
VIDEO-001460,ENHOGAR,2026-08-05,08,0874,U,29,NR,7,3823.00
VIDEO-001461,ENHOGAR,2026-08-06,09,0975,R,36,F,2,3960.00
VIDEO-001462,ENHOGAR,2026-08-07,10,1076,U,43,M,5,4097.00
VIDEO-001463,ENHOGAR,2026-08-08,11,1177,U,50,X,8,4234.00
VIDEO-001464,ENHOGAR,2026-08-09,12,1278,R,57,NR,3,4371.00
VIDEO-001465,ENHOGAR,2026-08-10,13,1379,U,64,F,6,4508.00
VIDEO-001466,ENHOGAR,2026-08-11,14,1480,U,71,M,1,4645.00
VIDEO-001467,ENHOGAR,2026-08-12,15,1581,R,78,X,4,4782.00
VIDEO-001468,ENHOGAR,2026-08-13,16,1682,U,85,NR,7,4919.00
VIDEO-001469,ENHOGAR,2026-08-14,17,1783,U,19,F,2,5056.00
VIDEO-001470,ENHOGAR,2026-08-15,18,1884,R,26,M,5,5193.00
VIDEO-001471,ENHOGAR,2026-08-16,19,1985,U,33,X,8,5330.00
VIDEO-001472,ENHOGAR,2026-08-17,20,2086,U,40,NR,3,5467.00
VIDEO-001473,ENHOGAR,2026-08-18,21,2187,R,47,F,6,5604.00
VIDEO-001474,ENHOGAR,2026-08-19,22,2288,U,54,M,1,5741.00
VIDEO-001475,ENHOGAR,2026-08-20,01,0189,U,61,X,4,5878.00
VIDEO-001476,ENHOGAR,2026-08-01,02,0290,R,68,NR,7,6015.00
VIDEO-001477,ENHOGAR,2026-08-02,03,0391,U,75,F,2,6152.00
VIDEO-001478,ENHOGAR,2026-08-03,04,0492,U,82,M,5,6289.00
VIDEO-001479,ENHOGAR,2026-08-04,05,0593,R,89,X,8,6426.00
VIDEO-001480,ENHOGAR,2026-08-05,06,0694,U,23,NR,3,6563.00
VIDEO-001481,ENHOGAR,2026-08-06,07,0795,U,30,F,6,6700.00
VIDEO-001482,ENHOGAR,2026-08-07,08,0896,R,37,M,1,6837.00
VIDEO-001483,ENHOGAR,2026-08-08,09,0997,U,44,X,4,6974.00
VIDEO-001484,ENHOGAR,2026-08-09,10,1098,U,51,NR,7,7111.00
VIDEO-001485,ENHOGAR,2026-08-10,11,1199,R,58,F,2,7248.00
VIDEO-001486,ENHOGAR,2026-08-11,12,1201,U,65,M,5,7385.00
VIDEO-001487,ENHOGAR,2026-08-12,13,1302,U,72,X,8,7522.00
VIDEO-001488,ENHOGAR,2026-08-13,14,1403,R,79,NR,3,7659.00
VIDEO-001489,ENHOGAR,2026-08-14,15,1504,U,86,F,6,7796.00
VIDEO-001490,ENHOGAR,2026-08-15,16,1605,U,20,M,1,7933.00
VIDEO-001491,ENHOGAR,2026-08-16,17,1706,R,27,X,4,8070.00
VIDEO-001492,ENHOGAR,2026-08-17,18,1807,U,34,NR,7,8207.00
VIDEO-001493,ENHOGAR,2026-08-18,19,1908,U,41,F,2,8344.00
VIDEO-001494,ENHOGAR,2026-08-19,20,2009,R,48,M,5,8481.00
VIDEO-001495,ENHOGAR,2026-08-20,21,2110,U,55,X,8,1018.00
VIDEO-001496,ENHOGAR,2026-08-01,22,2211,U,62,NR,3,1155.00
VIDEO-001497,ENHOGAR,2026-08-02,01,0112,R,69,F,6,1292.00
VIDEO-001498,ENHOGAR,2026-08-03,02,0213,U,76,M,1,1429.00
VIDEO-001499,ENHOGAR,2026-08-04,03,0314,U,83,X,4,1566.00
VIDEO-001500,ENHOGAR,2026-08-05,04,0415,R,90,NR,7,1703.00
VIDEO-001501,ENHOGAR,2026-08-06,05,0516,U,24,F,2,1840.00
VIDEO-001502,ENHOGAR,2026-08-07,06,0617,U,31,M,5,1977.00
VIDEO-001503,ENHOGAR,2026-08-08,07,0718,R,38,X,8,2114.00
VIDEO-001504,ENHOGAR,2026-08-09,08,0819,U,45,NR,3,2251.00
VIDEO-001505,ENHOGAR,2026-08-10,09,0920,U,52,F,6,2388.00
VIDEO-001506,ENHOGAR,2026-08-11,10,1021,R,59,M,1,2525.00
VIDEO-001507,ENHOGAR,2026-08-12,11,1122,U,66,X,4,2662.00
VIDEO-001508,ENHOGAR,2026-08-13,12,1223,U,73,NR,7,2799.00
VIDEO-001509,ENHOGAR,2026-08-14,13,1324,R,80,F,2,2936.00
VIDEO-001510,ENHOGAR,2026-08-15,14,1425,U,87,M,5,3073.00
VIDEO-001511,ENHOGAR,2026-08-16,15,1526,U,21,X,8,3210.00
VIDEO-001512,ENHOGAR,2026-08-17,16,1627,R,28,NR,3,3347.00
VIDEO-001513,ENHOGAR,2026-08-18,17,1728,U,35,F,6,3484.00
VIDEO-001514,ENHOGAR,2026-08-19,18,1829,U,42,M,1,3621.00
VIDEO-001515,ENHOGAR,2026-08-20,19,1930,R,49,X,4,3758.00
VIDEO-001516,ENHOGAR,2026-08-01,20,2031,U,56,NR,7,3895.00
VIDEO-001517,ENHOGAR,2026-08-02,21,2132,U,63,F,2,4032.00
VIDEO-001518,ENHOGAR,2026-08-03,22,2233,R,70,M,5,4169.00
VIDEO-001519,ENHOGAR,2026-08-04,01,0134,U,77,X,8,4306.00
VIDEO-001520,ENHOGAR,2026-08-05,02,0235,U,84,NR,3,4443.00
VIDEO-001521,ENHOGAR,2026-08-06,03,0336,R,18,F,6,4580.00
VIDEO-001522,ENHOGAR,2026-08-07,04,0437,U,25,M,1,4717.00
VIDEO-001523,ENHOGAR,2026-08-08,05,0538,U,32,X,4,4854.00
VIDEO-001524,ENHOGAR,2026-08-09,06,0639,R,39,NR,7,4991.00
VIDEO-001525,ENHOGAR,2026-08-10,07,0740,U,46,F,2,5128.00
VIDEO-001526,ENHOGAR,2026-08-11,08,0841,U,53,M,5,5265.00
VIDEO-001527,ENHOGAR,2026-08-12,09,0942,R,60,X,8,5402.00
VIDEO-001528,ENHOGAR,2026-08-13,10,1043,U,67,NR,3,5539.00
VIDEO-001529,ENHOGAR,2026-08-14,11,1144,U,74,F,6,5676.00
VIDEO-001530,ENHOGAR,2026-08-15,12,1245,R,81,M,1,5813.00
VIDEO-001531,ENHOGAR,2026-08-16,13,1346,U,88,X,4,5950.00
VIDEO-001532,ENHOGAR,2026-08-17,14,1447,U,22,NR,7,6087.00
VIDEO-001533,ENHOGAR,2026-08-18,15,1548,R,29,F,2,6224.00
VIDEO-001534,ENHOGAR,2026-08-19,16,1649,U,36,M,5,6361.00
VIDEO-001535,ENHOGAR,2026-08-20,17,1750,U,43,X,8,6498.00
VIDEO-001536,ENHOGAR,2026-08-01,18,1851,R,50,NR,3,6635.00
VIDEO-001537,ENHOGAR,2026-08-02,19,1952,U,57,F,6,6772.00
VIDEO-001538,ENHOGAR,2026-08-03,20,2053,U,64,M,1,6909.00
VIDEO-001539,ENHOGAR,2026-08-04,21,2154,R,71,X,4,7046.00
VIDEO-001540,ENHOGAR,2026-08-05,22,2255,U,78,NR,7,7183.00
VIDEO-001541,ENHOGAR,2026-08-06,01,0156,U,85,F,2,7320.00
VIDEO-001542,ENHOGAR,2026-08-07,02,0257,R,19,M,5,7457.00
VIDEO-001543,ENHOGAR,2026-08-08,03,0358,U,26,X,8,7594.00
VIDEO-001544,ENHOGAR,2026-08-09,04,0459,U,33,NR,3,7731.00
VIDEO-001545,ENHOGAR,2026-08-10,05,0560,R,40,F,6,7868.00
VIDEO-001546,ENHOGAR,2026-08-11,06,0661,U,47,M,1,8005.00
VIDEO-001547,ENHOGAR,2026-08-12,07,0762,U,54,X,4,8142.00
VIDEO-001548,ENHOGAR,2026-08-13,08,0863,R,61,NR,7,8279.00
VIDEO-001549,ENHOGAR,2026-08-14,09,0964,U,68,F,2,8416.00
VIDEO-001550,ENHOGAR,2026-08-15,10,1065,U,75,M,5,953.00
VIDEO-001551,ENHOGAR,2026-08-16,11,1166,R,82,X,8,1090.00
VIDEO-001552,ENHOGAR,2026-08-17,12,1267,U,89,NR,3,1227.00
VIDEO-001553,ENHOGAR,2026-08-18,13,1368,U,23,F,6,1364.00
VIDEO-001554,ENHOGAR,2026-08-19,14,1469,R,30,M,1,1501.00
VIDEO-001555,ENHOGAR,2026-08-20,15,1570,U,37,X,4,1638.00
VIDEO-001556,ENHOGAR,2026-08-01,16,1671,U,44,NR,7,1775.00
VIDEO-001557,ENHOGAR,2026-08-02,17,1772,R,51,F,2,1912.00
VIDEO-001558,ENHOGAR,2026-08-03,18,1873,U,58,M,5,2049.00
VIDEO-001559,ENHOGAR,2026-08-04,19,1974,U,65,X,8,2186.00
VIDEO-001560,ENHOGAR,2026-08-05,20,2075,R,72,NR,3,2323.00
VIDEO-001561,ENHOGAR,2026-08-06,21,2176,U,79,F,6,2460.00
VIDEO-001562,ENHOGAR,2026-08-07,22,2277,U,86,M,1,2597.00
VIDEO-001563,ENHOGAR,2026-08-08,01,0178,R,20,X,4,2734.00
VIDEO-001564,ENHOGAR,2026-08-09,02,0279,U,27,NR,7,2871.00
VIDEO-001565,ENHOGAR,2026-08-10,03,0380,U,34,F,2,3008.00
VIDEO-001566,ENHOGAR,2026-08-11,04,0481,R,41,M,5,3145.00
VIDEO-001567,ENHOGAR,2026-08-12,05,0582,U,48,X,8,3282.00
VIDEO-001568,ENHOGAR,2026-08-13,06,0683,U,55,NR,3,3419.00
VIDEO-001569,ENHOGAR,2026-08-14,07,0784,R,62,F,6,3556.00
VIDEO-001570,ENHOGAR,2026-08-15,08,0885,U,69,M,1,3693.00
VIDEO-001571,ENHOGAR,2026-08-16,09,0986,U,76,X,4,3830.00
VIDEO-001572,ENHOGAR,2026-08-17,10,1087,R,83,NR,7,3967.00
VIDEO-001573,ENHOGAR,2026-08-18,11,1188,U,90,F,2,4104.00
VIDEO-001574,ENHOGAR,2026-08-19,12,1289,U,24,M,5,4241.00
VIDEO-001575,ENHOGAR,2026-08-20,13,1390,R,31,X,8,4378.00
VIDEO-001576,ENHOGAR,2026-08-01,14,1491,U,38,NR,3,4515.00
VIDEO-001577,ENHOGAR,2026-08-02,15,1592,U,45,F,6,4652.00
VIDEO-001578,ENHOGAR,2026-08-03,16,1693,R,52,M,1,4789.00
VIDEO-001579,ENHOGAR,2026-08-04,17,1794,U,59,X,4,4926.00
VIDEO-001580,ENHOGAR,2026-08-05,18,1895,U,66,NR,7,5063.00
VIDEO-001581,ENHOGAR,2026-08-06,19,1996,R,73,F,2,5200.00
VIDEO-001582,ENHOGAR,2026-08-07,20,2097,U,80,M,5,5337.00
VIDEO-001583,ENHOGAR,2026-08-08,21,2198,U,87,X,8,5474.00
VIDEO-001584,ENHOGAR,2026-08-09,22,2299,R,21,NR,3,5611.00
VIDEO-001585,ENHOGAR,2026-08-10,01,0101,U,28,F,6,5748.00
VIDEO-001586,ENHOGAR,2026-08-11,02,0202,U,35,M,1,5885.00
VIDEO-001587,ENHOGAR,2026-08-12,03,0303,R,42,X,4,6022.00
VIDEO-001588,ENHOGAR,2026-08-13,04,0404,U,49,NR,7,6159.00
VIDEO-001589,ENHOGAR,2026-08-14,05,0505,U,56,F,2,6296.00
VIDEO-001590,ENHOGAR,2026-08-15,06,0606,R,63,M,5,6433.00
VIDEO-001591,ENHOGAR,2026-08-16,07,0707,U,70,X,8,6570.00
VIDEO-001592,ENHOGAR,2026-08-17,08,0808,U,77,NR,3,6707.00
VIDEO-001593,ENHOGAR,2026-08-18,09,0909,R,84,F,6,6844.00
VIDEO-001594,ENHOGAR,2026-08-19,10,1010,U,18,M,1,6981.00
VIDEO-001595,ENHOGAR,2026-08-20,11,1111,U,25,X,4,7118.00
VIDEO-001596,ENHOGAR,2026-08-01,12,1212,R,32,NR,7,7255.00
VIDEO-001597,ENHOGAR,2026-08-02,13,1313,U,39,F,2,7392.00
VIDEO-001598,ENHOGAR,2026-08-03,14,1414,U,46,M,5,7529.00
VIDEO-001599,ENHOGAR,2026-08-04,15,1515,R,53,X,8,7666.00
VIDEO-001600,ENHOGAR,2026-08-05,16,1616,U,60,NR,3,7803.00
VIDEO-001601,ENHOGAR,2026-08-06,17,1717,U,67,F,6,7940.00
VIDEO-001602,ENHOGAR,2026-08-07,18,1818,R,74,M,1,8077.00
VIDEO-001603,ENHOGAR,2026-08-08,19,1919,U,81,X,4,8214.00
VIDEO-001604,ENHOGAR,2026-08-09,20,2020,U,88,NR,7,8351.00
VIDEO-001605,ENHOGAR,2026-08-10,21,2121,R,22,F,2,8488.00
VIDEO-001606,ENHOGAR,2026-08-11,22,2222,U,29,M,5,1025.00
VIDEO-001607,ENHOGAR,2026-08-12,01,0123,U,36,X,8,1162.00
VIDEO-001608,ENHOGAR,2026-08-13,02,0224,R,43,NR,3,1299.00
VIDEO-001609,ENHOGAR,2026-08-14,03,0325,U,50,F,6,1436.00
VIDEO-001610,ENHOGAR,2026-08-15,04,0426,U,57,M,1,1573.00
VIDEO-001611,ENHOGAR,2026-08-16,05,0527,R,64,X,4,1710.00
VIDEO-001612,ENHOGAR,2026-08-17,06,0628,U,71,NR,7,1847.00
VIDEO-001613,ENHOGAR,2026-08-18,07,0729,U,78,F,2,1984.00
VIDEO-001614,ENHOGAR,2026-08-19,08,0830,R,85,M,5,2121.00
VIDEO-001615,ENHOGAR,2026-08-20,09,0931,U,19,X,8,2258.00
VIDEO-001616,ENHOGAR,2026-08-01,10,1032,U,26,NR,3,2395.00
VIDEO-001617,ENHOGAR,2026-08-02,11,1133,R,33,F,6,2532.00
VIDEO-001618,ENHOGAR,2026-08-03,12,1234,U,40,M,1,2669.00
VIDEO-001619,ENHOGAR,2026-08-04,13,1335,U,47,X,4,2806.00
VIDEO-001620,ENHOGAR,2026-08-05,14,1436,R,54,NR,7,2943.00
VIDEO-001621,ENHOGAR,2026-08-06,15,1537,U,61,F,2,3080.00
VIDEO-001622,ENHOGAR,2026-08-07,16,1638,U,68,M,5,3217.00
VIDEO-001623,ENHOGAR,2026-08-08,17,1739,R,75,X,8,3354.00
VIDEO-001624,ENHOGAR,2026-08-09,18,1840,U,82,NR,3,3491.00
VIDEO-001625,ENHOGAR,2026-08-10,19,1941,U,89,F,6,3628.00
VIDEO-001626,ENHOGAR,2026-08-11,20,2042,R,23,M,1,3765.00
VIDEO-001627,ENHOGAR,2026-08-12,21,2143,U,30,X,4,3902.00
VIDEO-001628,ENHOGAR,2026-08-13,22,2244,U,37,NR,7,4039.00
VIDEO-001629,ENHOGAR,2026-08-14,01,0145,R,44,F,2,4176.00
VIDEO-001630,ENHOGAR,2026-08-15,02,0246,U,51,M,5,4313.00
VIDEO-001631,ENHOGAR,2026-08-16,03,0347,U,58,X,8,4450.00
VIDEO-001632,ENHOGAR,2026-08-17,04,0448,R,65,NR,3,4587.00
VIDEO-001633,ENHOGAR,2026-08-18,05,0549,U,72,F,6,4724.00
VIDEO-001634,ENHOGAR,2026-08-19,06,0650,U,79,M,1,4861.00
VIDEO-001635,ENHOGAR,2026-08-20,07,0751,R,86,X,4,4998.00
VIDEO-001636,ENHOGAR,2026-08-01,08,0852,U,20,NR,7,5135.00
VIDEO-001637,ENHOGAR,2026-08-02,09,0953,U,27,F,2,5272.00
VIDEO-001638,ENHOGAR,2026-08-03,10,1054,R,34,M,5,5409.00
VIDEO-001639,ENHOGAR,2026-08-04,11,1155,U,41,X,8,5546.00
VIDEO-001640,ENHOGAR,2026-08-05,12,1256,U,48,NR,3,5683.00
VIDEO-001641,ENHOGAR,2026-08-06,13,1357,R,55,F,6,5820.00
VIDEO-001642,ENHOGAR,2026-08-07,14,1458,U,62,M,1,5957.00
VIDEO-001643,ENHOGAR,2026-08-08,15,1559,U,69,X,4,6094.00
VIDEO-001644,ENHOGAR,2026-08-09,16,1660,R,76,NR,7,6231.00
VIDEO-001645,ENHOGAR,2026-08-10,17,1761,U,83,F,2,6368.00
VIDEO-001646,ENHOGAR,2026-08-11,18,1862,U,90,M,5,6505.00
VIDEO-001647,ENHOGAR,2026-08-12,19,1963,R,24,X,8,6642.00
VIDEO-001648,ENHOGAR,2026-08-13,20,2064,U,31,NR,3,6779.00
VIDEO-001649,ENHOGAR,2026-08-14,21,2165,U,38,F,6,6916.00
VIDEO-001650,ENHOGAR,2026-08-15,22,2266,R,45,M,1,7053.00
VIDEO-001651,ENHOGAR,2026-08-16,01,0167,U,52,X,4,7190.00
VIDEO-001652,ENHOGAR,2026-08-17,02,0268,U,59,NR,7,7327.00
VIDEO-001653,ENHOGAR,2026-08-18,03,0369,R,66,F,2,7464.00
VIDEO-001654,ENHOGAR,2026-08-19,04,0470,U,73,M,5,7601.00
VIDEO-001655,ENHOGAR,2026-08-20,05,0571,U,80,X,8,7738.00
VIDEO-001656,ENHOGAR,2026-08-01,06,0672,R,87,NR,3,7875.00
VIDEO-001657,ENHOGAR,2026-08-02,07,0773,U,21,F,6,8012.00
VIDEO-001658,ENHOGAR,2026-08-03,08,0874,U,28,M,1,8149.00
VIDEO-001659,ENHOGAR,2026-08-04,09,0975,R,35,X,4,8286.00
VIDEO-001660,ENHOGAR,2026-08-05,10,1076,U,42,NR,7,8423.00
VIDEO-001661,ENHOGAR,2026-08-06,11,1177,U,49,F,2,960.00
VIDEO-001662,ENHOGAR,2026-08-07,12,1278,R,56,M,5,1097.00
VIDEO-001663,ENHOGAR,2026-08-08,13,1379,U,63,X,8,1234.00
VIDEO-001664,ENHOGAR,2026-08-09,14,1480,U,70,NR,3,1371.00
VIDEO-001665,ENHOGAR,2026-08-10,15,1581,R,77,F,6,1508.00
VIDEO-001666,ENHOGAR,2026-08-11,16,1682,U,84,M,1,1645.00
VIDEO-001667,ENHOGAR,2026-08-12,17,1783,U,18,X,4,1782.00
VIDEO-001668,ENHOGAR,2026-08-13,18,1884,R,25,NR,7,1919.00
VIDEO-001669,ENHOGAR,2026-08-14,19,1985,U,32,F,2,2056.00
VIDEO-001670,ENHOGAR,2026-08-15,20,2086,U,39,M,5,2193.00
VIDEO-001671,ENHOGAR,2026-08-16,21,2187,R,46,X,8,2330.00
VIDEO-001672,ENHOGAR,2026-08-17,22,2288,U,53,NR,3,2467.00
VIDEO-001673,ENHOGAR,2026-08-18,01,0189,U,60,F,6,2604.00
VIDEO-001674,ENHOGAR,2026-08-19,02,0290,R,67,M,1,2741.00
VIDEO-001675,ENHOGAR,2026-08-20,03,0391,U,74,X,4,2878.00
VIDEO-001676,ENHOGAR,2026-08-01,04,0492,U,81,NR,7,3015.00
VIDEO-001677,ENHOGAR,2026-08-02,05,0593,R,88,F,2,3152.00
VIDEO-001678,ENHOGAR,2026-08-03,06,0694,U,22,M,5,3289.00
VIDEO-001679,ENHOGAR,2026-08-04,07,0795,U,29,X,8,3426.00
VIDEO-001680,ENHOGAR,2026-08-05,08,0896,R,36,NR,3,3563.00
VIDEO-001681,ENHOGAR,2026-08-06,09,0997,U,43,F,6,3700.00
VIDEO-001682,ENHOGAR,2026-08-07,10,1098,U,50,M,1,3837.00
VIDEO-001683,ENHOGAR,2026-08-08,11,1199,R,57,X,4,3974.00
VIDEO-001684,ENHOGAR,2026-08-09,12,1201,U,64,NR,7,4111.00
VIDEO-001685,ENHOGAR,2026-08-10,13,1302,U,71,F,2,4248.00
VIDEO-001686,ENHOGAR,2026-08-11,14,1403,R,78,M,5,4385.00
VIDEO-001687,ENHOGAR,2026-08-12,15,1504,U,85,X,8,4522.00
VIDEO-001688,ENHOGAR,2026-08-13,16,1605,U,19,NR,3,4659.00
VIDEO-001689,ENHOGAR,2026-08-14,17,1706,R,26,F,6,4796.00
VIDEO-001690,ENHOGAR,2026-08-15,18,1807,U,33,M,1,4933.00
VIDEO-001691,ENHOGAR,2026-08-16,19,1908,U,40,X,4,5070.00
VIDEO-001692,ENHOGAR,2026-08-17,20,2009,R,47,NR,7,5207.00
VIDEO-001693,ENHOGAR,2026-08-18,21,2110,U,54,F,2,5344.00
VIDEO-001694,ENHOGAR,2026-08-19,22,2211,U,61,M,5,5481.00
VIDEO-001695,ENHOGAR,2026-08-20,01,0112,R,68,X,8,5618.00
VIDEO-001696,ENHOGAR,2026-08-01,02,0213,U,75,NR,3,5755.00
VIDEO-001697,ENHOGAR,2026-08-02,03,0314,U,82,F,6,5892.00
VIDEO-001698,ENHOGAR,2026-08-03,04,0415,R,89,M,1,6029.00
VIDEO-001699,ENHOGAR,2026-08-04,05,0516,U,23,X,4,6166.00
VIDEO-001700,ENHOGAR,2026-08-05,06,0617,U,30,NR,7,6303.00
VIDEO-001701,ENHOGAR,2026-08-06,07,0718,R,37,F,2,6440.00
VIDEO-001702,ENHOGAR,2026-08-07,08,0819,U,44,M,5,6577.00
VIDEO-001703,ENHOGAR,2026-08-08,09,0920,U,51,X,8,6714.00
VIDEO-001704,ENHOGAR,2026-08-09,10,1021,R,58,NR,3,6851.00
VIDEO-001705,ENHOGAR,2026-08-10,11,1122,U,65,F,6,6988.00
VIDEO-001706,ENHOGAR,2026-08-11,12,1223,U,72,M,1,7125.00
VIDEO-001707,ENHOGAR,2026-08-12,13,1324,R,79,X,4,7262.00
VIDEO-001708,ENHOGAR,2026-08-13,14,1425,U,86,NR,7,7399.00
VIDEO-001709,ENHOGAR,2026-08-14,15,1526,U,20,F,2,7536.00
VIDEO-001710,ENHOGAR,2026-08-15,16,1627,R,27,M,5,7673.00
VIDEO-001711,ENHOGAR,2026-08-16,17,1728,U,34,X,8,7810.00
VIDEO-001712,ENHOGAR,2026-08-17,18,1829,U,41,NR,3,7947.00
VIDEO-001713,ENHOGAR,2026-08-18,19,1930,R,48,F,6,8084.00
VIDEO-001714,ENHOGAR,2026-08-19,20,2031,U,55,M,1,8221.00
VIDEO-001715,ENHOGAR,2026-08-20,21,2132,U,62,X,4,8358.00
VIDEO-001716,ENHOGAR,2026-08-01,22,2233,R,69,NR,7,8495.00
VIDEO-001717,ENHOGAR,2026-08-02,01,0134,U,76,F,2,1032.00
VIDEO-001718,ENHOGAR,2026-08-03,02,0235,U,83,M,5,1169.00
VIDEO-001719,ENHOGAR,2026-08-04,03,0336,R,90,X,8,1306.00
VIDEO-001720,ENHOGAR,2026-08-05,04,0437,U,24,NR,3,1443.00
VIDEO-001721,ENHOGAR,2026-08-06,05,0538,U,31,F,6,1580.00
VIDEO-001722,ENHOGAR,2026-08-07,06,0639,R,38,M,1,1717.00
VIDEO-001723,ENHOGAR,2026-08-08,07,0740,U,45,X,4,1854.00
VIDEO-001724,ENHOGAR,2026-08-09,08,0841,U,52,NR,7,1991.00
VIDEO-001725,ENHOGAR,2026-08-10,09,0942,R,59,F,2,2128.00
VIDEO-001726,ENHOGAR,2026-08-11,10,1043,U,66,M,5,2265.00
VIDEO-001727,ENHOGAR,2026-08-12,11,1144,U,73,X,8,2402.00
VIDEO-001728,ENHOGAR,2026-08-13,12,1245,R,80,NR,3,2539.00
VIDEO-001729,ENHOGAR,2026-08-14,13,1346,U,87,F,6,2676.00
VIDEO-001730,ENHOGAR,2026-08-15,14,1447,U,21,M,1,2813.00
VIDEO-001731,ENHOGAR,2026-08-16,15,1548,R,28,X,4,2950.00
VIDEO-001732,ENHOGAR,2026-08-17,16,1649,U,35,NR,7,3087.00
VIDEO-001733,ENHOGAR,2026-08-18,17,1750,U,42,F,2,3224.00
VIDEO-001734,ENHOGAR,2026-08-19,18,1851,R,49,M,5,3361.00
VIDEO-001735,ENHOGAR,2026-08-20,19,1952,U,56,X,8,3498.00
VIDEO-001736,ENHOGAR,2026-08-01,20,2053,U,63,NR,3,3635.00
VIDEO-001737,ENHOGAR,2026-08-02,21,2154,R,70,F,6,3772.00
VIDEO-001738,ENHOGAR,2026-08-03,22,2255,U,77,M,1,3909.00
VIDEO-001739,ENHOGAR,2026-08-04,01,0156,U,84,X,4,4046.00
VIDEO-001740,ENHOGAR,2026-08-05,02,0257,R,18,NR,7,4183.00
VIDEO-001741,ENHOGAR,2026-08-06,03,0358,U,25,F,2,4320.00
VIDEO-001742,ENHOGAR,2026-08-07,04,0459,U,32,M,5,4457.00
VIDEO-001743,ENHOGAR,2026-08-08,05,0560,R,39,X,8,4594.00
VIDEO-001744,ENHOGAR,2026-08-09,06,0661,U,46,NR,3,4731.00
VIDEO-001745,ENHOGAR,2026-08-10,07,0762,U,53,F,6,4868.00
VIDEO-001746,ENHOGAR,2026-08-11,08,0863,R,60,M,1,5005.00
VIDEO-001747,ENHOGAR,2026-08-12,09,0964,U,67,X,4,5142.00
VIDEO-001748,ENHOGAR,2026-08-13,10,1065,U,74,NR,7,5279.00
VIDEO-001749,ENHOGAR,2026-08-14,11,1166,R,81,F,2,5416.00
VIDEO-001750,ENHOGAR,2026-08-15,12,1267,U,88,M,5,5553.00
VIDEO-001751,ENHOGAR,2026-08-16,13,1368,U,22,X,8,5690.00
VIDEO-001752,ENHOGAR,2026-08-17,14,1469,R,29,NR,3,5827.00
VIDEO-001753,ENHOGAR,2026-08-18,15,1570,U,36,F,6,5964.00
VIDEO-001754,ENHOGAR,2026-08-19,16,1671,U,43,M,1,6101.00
VIDEO-001755,ENHOGAR,2026-08-20,17,1772,R,50,X,4,6238.00
VIDEO-001756,ENHOGAR,2026-08-01,18,1873,U,57,NR,7,6375.00
VIDEO-001757,ENHOGAR,2026-08-02,19,1974,U,64,F,2,6512.00
VIDEO-001758,ENHOGAR,2026-08-03,20,2075,R,71,M,5,6649.00
VIDEO-001759,ENHOGAR,2026-08-04,21,2176,U,78,X,8,6786.00
VIDEO-001760,ENHOGAR,2026-08-05,22,2277,U,85,NR,3,6923.00
VIDEO-001761,ENHOGAR,2026-08-06,01,0178,R,19,F,6,7060.00
VIDEO-001762,ENHOGAR,2026-08-07,02,0279,U,26,M,1,7197.00
VIDEO-001763,ENHOGAR,2026-08-08,03,0380,U,33,X,4,7334.00
VIDEO-001764,ENHOGAR,2026-08-09,04,0481,R,40,NR,7,7471.00
VIDEO-001765,ENHOGAR,2026-08-10,05,0582,U,47,F,2,7608.00
VIDEO-001766,ENHOGAR,2026-08-11,06,0683,U,54,M,5,7745.00
VIDEO-001767,ENHOGAR,2026-08-12,07,0784,R,61,X,8,7882.00
VIDEO-001768,ENHOGAR,2026-08-13,08,0885,U,68,NR,3,8019.00
VIDEO-001769,ENHOGAR,2026-08-14,09,0986,U,75,F,6,8156.00
VIDEO-001770,ENHOGAR,2026-08-15,10,1087,R,82,M,1,8293.00
VIDEO-001771,ENHOGAR,2026-08-16,11,1188,U,89,X,4,8430.00
VIDEO-001772,ENHOGAR,2026-08-17,12,1289,U,23,NR,7,967.00
VIDEO-001773,ENHOGAR,2026-08-18,13,1390,R,30,F,2,1104.00
VIDEO-001774,ENHOGAR,2026-08-19,14,1491,U,37,M,5,1241.00
VIDEO-001775,ENHOGAR,2026-08-20,15,1592,U,44,X,8,1378.00
VIDEO-001776,ENHOGAR,2026-08-01,16,1693,R,51,NR,3,1515.00
VIDEO-001777,ENHOGAR,2026-08-02,17,1794,U,58,F,6,1652.00
VIDEO-001778,ENHOGAR,2026-08-03,18,1895,U,65,M,1,1789.00
VIDEO-001779,ENHOGAR,2026-08-04,19,1996,R,72,X,4,1926.00
VIDEO-001780,ENHOGAR,2026-08-05,20,2097,U,79,NR,7,2063.00
VIDEO-001781,ENHOGAR,2026-08-06,21,2198,U,86,F,2,2200.00
VIDEO-001782,ENHOGAR,2026-08-07,22,2299,R,20,M,5,2337.00
VIDEO-001783,ENHOGAR,2026-08-08,01,0101,U,27,X,8,2474.00
VIDEO-001784,ENHOGAR,2026-08-09,02,0202,U,34,NR,3,2611.00
VIDEO-001785,ENHOGAR,2026-08-10,03,0303,R,41,F,6,2748.00
VIDEO-001786,ENHOGAR,2026-08-11,04,0404,U,48,M,1,2885.00
VIDEO-001787,ENHOGAR,2026-08-12,05,0505,U,55,X,4,3022.00
VIDEO-001788,ENHOGAR,2026-08-13,06,0606,R,62,NR,7,3159.00
VIDEO-001789,ENHOGAR,2026-08-14,07,0707,U,69,F,2,3296.00
VIDEO-001790,ENHOGAR,2026-08-15,08,0808,U,76,M,5,3433.00
VIDEO-001791,ENHOGAR,2026-08-16,09,0909,R,83,X,8,3570.00
VIDEO-001792,ENHOGAR,2026-08-17,10,1010,U,90,NR,3,3707.00
VIDEO-001793,ENHOGAR,2026-08-18,11,1111,U,24,F,6,3844.00
VIDEO-001794,ENHOGAR,2026-08-19,12,1212,R,31,M,1,3981.00
VIDEO-001795,ENHOGAR,2026-08-20,13,1313,U,38,X,4,4118.00
VIDEO-001796,ENHOGAR,2026-08-01,14,1414,U,45,NR,7,4255.00
VIDEO-001797,ENHOGAR,2026-08-02,15,1515,R,52,F,2,4392.00
VIDEO-001798,ENHOGAR,2026-08-03,16,1616,U,59,M,5,4529.00
VIDEO-001799,ENHOGAR,2026-08-04,17,1717,U,66,X,8,4666.00
VIDEO-001800,ENHOGAR,2026-08-05,18,1818,R,73,NR,3,4803.00
VIDEO-001801,ENHOGAR,2026-08-06,19,1919,U,80,F,6,4940.00
VIDEO-001802,ENHOGAR,2026-08-07,20,2020,U,87,M,1,5077.00
VIDEO-001803,ENHOGAR,2026-08-08,21,2121,R,21,X,4,5214.00
VIDEO-001804,ENHOGAR,2026-08-09,22,2222,U,28,NR,7,5351.00
VIDEO-001805,ENHOGAR,2026-08-10,01,0123,U,35,F,2,5488.00
VIDEO-001806,ENHOGAR,2026-08-11,02,0224,R,42,M,5,5625.00
VIDEO-001807,ENHOGAR,2026-08-12,03,0325,U,49,X,8,5762.00
VIDEO-001808,ENHOGAR,2026-08-13,04,0426,U,56,NR,3,5899.00
VIDEO-001809,ENHOGAR,2026-08-14,05,0527,R,63,F,6,6036.00
VIDEO-001810,ENHOGAR,2026-08-15,06,0628,U,70,M,1,6173.00
VIDEO-001811,ENHOGAR,2026-08-16,07,0729,U,77,X,4,6310.00
VIDEO-001812,ENHOGAR,2026-08-17,08,0830,R,84,NR,7,6447.00
VIDEO-001813,ENHOGAR,2026-08-18,09,0931,U,18,F,2,6584.00
VIDEO-001814,ENHOGAR,2026-08-19,10,1032,U,25,M,5,6721.00
VIDEO-001815,ENHOGAR,2026-08-20,11,1133,R,32,X,8,6858.00
VIDEO-001816,ENHOGAR,2026-08-01,12,1234,U,39,NR,3,6995.00
VIDEO-001817,ENHOGAR,2026-08-02,13,1335,U,46,F,6,7132.00
VIDEO-001818,ENHOGAR,2026-08-03,14,1436,R,53,M,1,7269.00
VIDEO-001819,ENHOGAR,2026-08-04,15,1537,U,60,X,4,7406.00
VIDEO-001820,ENHOGAR,2026-08-05,16,1638,U,67,NR,7,7543.00
VIDEO-001821,ENHOGAR,2026-08-06,17,1739,R,74,F,2,7680.00
VIDEO-001822,ENHOGAR,2026-08-07,18,1840,U,81,M,5,7817.00
VIDEO-001823,ENHOGAR,2026-08-08,19,1941,U,88,X,8,7954.00
VIDEO-001824,ENHOGAR,2026-08-09,20,2042,R,22,NR,3,8091.00
VIDEO-001825,ENHOGAR,2026-08-10,21,2143,U,29,F,6,8228.00
VIDEO-001826,ENHOGAR,2026-08-11,22,2244,U,36,M,1,8365.00
VIDEO-001827,ENHOGAR,2026-08-12,01,0145,R,43,X,4,902.00
VIDEO-001828,ENHOGAR,2026-08-13,02,0246,U,50,NR,7,1039.00
VIDEO-001829,ENHOGAR,2026-08-14,03,0347,U,57,F,2,1176.00
VIDEO-001830,ENHOGAR,2026-08-15,04,0448,R,64,M,5,1313.00
VIDEO-001831,ENHOGAR,2026-08-16,05,0549,U,71,X,8,1450.00
VIDEO-001832,ENHOGAR,2026-08-17,06,0650,U,78,NR,3,1587.00
VIDEO-001833,ENHOGAR,2026-08-18,07,0751,R,85,F,6,1724.00
VIDEO-001834,ENHOGAR,2026-08-19,08,0852,U,19,M,1,1861.00
VIDEO-001835,ENHOGAR,2026-08-20,09,0953,U,26,X,4,1998.00
VIDEO-001836,ENHOGAR,2026-08-01,10,1054,R,33,NR,7,2135.00
VIDEO-001837,ENHOGAR,2026-08-02,11,1155,U,40,F,2,2272.00
VIDEO-001838,ENHOGAR,2026-08-03,12,1256,U,47,M,5,2409.00
VIDEO-001839,ENHOGAR,2026-08-04,13,1357,R,54,X,8,2546.00
VIDEO-001840,ENHOGAR,2026-08-05,14,1458,U,61,NR,3,2683.00
VIDEO-001841,ENHOGAR,2026-08-06,15,1559,U,68,F,6,2820.00
VIDEO-001842,ENHOGAR,2026-08-07,16,1660,R,75,M,1,2957.00
VIDEO-001843,ENHOGAR,2026-08-08,17,1761,U,82,X,4,3094.00
VIDEO-001844,ENHOGAR,2026-08-09,18,1862,U,89,NR,7,3231.00
VIDEO-001845,ENHOGAR,2026-08-10,19,1963,R,23,F,2,3368.00
VIDEO-001846,ENHOGAR,2026-08-11,20,2064,U,30,M,5,3505.00
VIDEO-001847,ENHOGAR,2026-08-12,21,2165,U,37,X,8,3642.00
VIDEO-001848,ENHOGAR,2026-08-13,22,2266,R,44,NR,3,3779.00
VIDEO-001849,ENHOGAR,2026-08-14,01,0167,U,51,F,6,3916.00
VIDEO-001850,ENHOGAR,2026-08-15,02,0268,U,58,M,1,4053.00
VIDEO-001851,ENHOGAR,2026-08-16,03,0369,R,65,X,4,4190.00
VIDEO-001852,ENHOGAR,2026-08-17,04,0470,U,72,NR,7,4327.00
VIDEO-001853,ENHOGAR,2026-08-18,05,0571,U,79,F,2,4464.00
VIDEO-001854,ENHOGAR,2026-08-19,06,0672,R,86,M,5,4601.00
VIDEO-001855,ENHOGAR,2026-08-20,07,0773,U,20,X,8,4738.00
VIDEO-001856,ENHOGAR,2026-08-01,08,0874,U,27,NR,3,4875.00
VIDEO-001857,ENHOGAR,2026-08-02,09,0975,R,34,F,6,5012.00
VIDEO-001858,ENHOGAR,2026-08-03,10,1076,U,41,M,1,5149.00
VIDEO-001859,ENHOGAR,2026-08-04,11,1177,U,48,X,4,5286.00
VIDEO-001860,ENHOGAR,2026-08-05,12,1278,R,55,NR,7,5423.00
VIDEO-001861,ENHOGAR,2026-08-06,13,1379,U,62,F,2,5560.00
VIDEO-001862,ENHOGAR,2026-08-07,14,1480,U,69,M,5,5697.00
VIDEO-001863,ENHOGAR,2026-08-08,15,1581,R,76,X,8,5834.00
VIDEO-001864,ENHOGAR,2026-08-09,16,1682,U,83,NR,3,5971.00
VIDEO-001865,ENHOGAR,2026-08-10,17,1783,U,90,F,6,6108.00
VIDEO-001866,ENHOGAR,2026-08-11,18,1884,R,24,M,1,6245.00
VIDEO-001867,ENHOGAR,2026-08-12,19,1985,U,31,X,4,6382.00
VIDEO-001868,ENHOGAR,2026-08-13,20,2086,U,38,NR,7,6519.00
VIDEO-001869,ENHOGAR,2026-08-14,21,2187,R,45,F,2,6656.00
VIDEO-001870,ENHOGAR,2026-08-15,22,2288,U,52,M,5,6793.00
VIDEO-001871,ENHOGAR,2026-08-16,01,0189,U,59,X,8,6930.00
VIDEO-001872,ENHOGAR,2026-08-17,02,0290,R,66,NR,3,7067.00
VIDEO-001873,ENHOGAR,2026-08-18,03,0391,U,73,F,6,7204.00
VIDEO-001874,ENHOGAR,2026-08-19,04,0492,U,80,M,1,7341.00
VIDEO-001875,ENHOGAR,2026-08-20,05,0593,R,87,X,4,7478.00
VIDEO-001876,ENHOGAR,2026-08-01,06,0694,U,21,NR,7,7615.00
VIDEO-001877,ENHOGAR,2026-08-02,07,0795,U,28,F,2,7752.00
VIDEO-001878,ENHOGAR,2026-08-03,08,0896,R,35,M,5,7889.00
VIDEO-001879,ENHOGAR,2026-08-04,09,0997,U,42,X,8,8026.00
VIDEO-001880,ENHOGAR,2026-08-05,10,1098,U,49,NR,3,8163.00
VIDEO-001881,ENHOGAR,2026-08-06,11,1199,R,56,F,6,8300.00
VIDEO-001882,ENHOGAR,2026-08-07,12,1201,U,63,M,1,8437.00
VIDEO-001883,ENHOGAR,2026-08-08,13,1302,U,70,X,4,974.00
VIDEO-001884,ENHOGAR,2026-08-09,14,1403,R,77,NR,7,1111.00
VIDEO-001885,ENHOGAR,2026-08-10,15,1504,U,84,F,2,1248.00
VIDEO-001886,ENHOGAR,2026-08-11,16,1605,U,18,M,5,1385.00
VIDEO-001887,ENHOGAR,2026-08-12,17,1706,R,25,X,8,1522.00
VIDEO-001888,ENHOGAR,2026-08-13,18,1807,U,32,NR,3,1659.00
VIDEO-001889,ENHOGAR,2026-08-14,19,1908,U,39,F,6,1796.00
VIDEO-001890,ENHOGAR,2026-08-15,20,2009,R,46,M,1,1933.00
VIDEO-001891,ENHOGAR,2026-08-16,21,2110,U,53,X,4,2070.00
VIDEO-001892,ENHOGAR,2026-08-17,22,2211,U,60,NR,7,2207.00
VIDEO-001893,ENHOGAR,2026-08-18,01,0112,R,67,F,2,2344.00
VIDEO-001894,ENHOGAR,2026-08-19,02,0213,U,74,M,5,2481.00
VIDEO-001895,ENHOGAR,2026-08-20,03,0314,U,81,X,8,2618.00
VIDEO-001896,ENHOGAR,2026-08-01,04,0415,R,88,NR,3,2755.00
VIDEO-001897,ENHOGAR,2026-08-02,05,0516,U,22,F,6,2892.00
VIDEO-001898,ENHOGAR,2026-08-03,06,0617,U,29,M,1,3029.00
VIDEO-001899,ENHOGAR,2026-08-04,07,0718,R,36,X,4,3166.00
VIDEO-001900,ENHOGAR,2026-08-05,08,0819,U,43,NR,7,3303.00
VIDEO-001901,ENHOGAR,2026-08-06,09,0920,U,50,F,2,3440.00
VIDEO-001902,ENHOGAR,2026-08-07,10,1021,R,57,M,5,3577.00
VIDEO-001903,ENHOGAR,2026-08-08,11,1122,U,64,X,8,3714.00
VIDEO-001904,ENHOGAR,2026-08-09,12,1223,U,71,NR,3,3851.00
VIDEO-001905,ENHOGAR,2026-08-10,13,1324,R,78,F,6,3988.00
VIDEO-001906,ENHOGAR,2026-08-11,14,1425,U,85,M,1,4125.00
VIDEO-001907,ENHOGAR,2026-08-12,15,1526,U,19,X,4,4262.00
VIDEO-001908,ENHOGAR,2026-08-13,16,1627,R,26,NR,7,4399.00
VIDEO-001909,ENHOGAR,2026-08-14,17,1728,U,33,F,2,4536.00
VIDEO-001910,ENHOGAR,2026-08-15,18,1829,U,40,M,5,4673.00
VIDEO-001911,ENHOGAR,2026-08-16,19,1930,R,47,X,8,4810.00
VIDEO-001912,ENHOGAR,2026-08-17,20,2031,U,54,NR,3,4947.00
VIDEO-001913,ENHOGAR,2026-08-18,21,2132,U,61,F,6,5084.00
VIDEO-001914,ENHOGAR,2026-08-19,22,2233,R,68,M,1,5221.00
VIDEO-001915,ENHOGAR,2026-08-20,01,0134,U,75,X,4,5358.00
VIDEO-001916,ENHOGAR,2026-08-01,02,0235,U,82,NR,7,5495.00
VIDEO-001917,ENHOGAR,2026-08-02,03,0336,R,89,F,2,5632.00
VIDEO-001918,ENHOGAR,2026-08-03,04,0437,U,23,M,5,5769.00
VIDEO-001919,ENHOGAR,2026-08-04,05,0538,U,30,X,8,5906.00
VIDEO-001920,ENHOGAR,2026-08-05,06,0639,R,37,NR,3,6043.00
VIDEO-001921,ENHOGAR,2026-08-06,07,0740,U,44,F,6,6180.00
VIDEO-001922,ENHOGAR,2026-08-07,08,0841,U,51,M,1,6317.00
VIDEO-001923,ENHOGAR,2026-08-08,09,0942,R,58,X,4,6454.00
VIDEO-001924,ENHOGAR,2026-08-09,10,1043,U,65,NR,7,6591.00
VIDEO-001925,ENHOGAR,2026-08-10,11,1144,U,72,F,2,6728.00
VIDEO-001926,ENHOGAR,2026-08-11,12,1245,R,79,M,5,6865.00
VIDEO-001927,ENHOGAR,2026-08-12,13,1346,U,86,X,8,7002.00
VIDEO-001928,ENHOGAR,2026-08-13,14,1447,U,20,NR,3,7139.00
VIDEO-001929,ENHOGAR,2026-08-14,15,1548,R,27,F,6,7276.00
VIDEO-001930,ENHOGAR,2026-08-15,16,1649,U,34,M,1,7413.00
VIDEO-001931,ENHOGAR,2026-08-16,17,1750,U,41,X,4,7550.00
VIDEO-001932,ENHOGAR,2026-08-17,18,1851,R,48,NR,7,7687.00
VIDEO-001933,ENHOGAR,2026-08-18,19,1952,U,55,F,2,7824.00
VIDEO-001934,ENHOGAR,2026-08-19,20,2053,U,62,M,5,7961.00
VIDEO-001935,ENHOGAR,2026-08-20,21,2154,R,69,X,8,8098.00
VIDEO-001936,ENHOGAR,2026-08-01,22,2255,U,76,NR,3,8235.00
VIDEO-001937,ENHOGAR,2026-08-02,01,0156,U,83,F,6,8372.00
VIDEO-001938,ENHOGAR,2026-08-03,02,0257,R,90,M,1,909.00
VIDEO-001939,ENHOGAR,2026-08-04,03,0358,U,24,X,4,1046.00
VIDEO-001940,ENHOGAR,2026-08-05,04,0459,U,31,NR,7,1183.00
VIDEO-001941,ENHOGAR,2026-08-06,05,0560,R,38,F,2,1320.00
VIDEO-001942,ENHOGAR,2026-08-07,06,0661,U,45,M,5,1457.00
VIDEO-001943,ENHOGAR,2026-08-08,07,0762,U,52,X,8,1594.00
VIDEO-001944,ENHOGAR,2026-08-09,08,0863,R,59,NR,3,1731.00
VIDEO-001945,ENHOGAR,2026-08-10,09,0964,U,66,F,6,1868.00
VIDEO-001946,ENHOGAR,2026-08-11,10,1065,U,73,M,1,2005.00
VIDEO-001947,ENHOGAR,2026-08-12,11,1166,R,80,X,4,2142.00
VIDEO-001948,ENHOGAR,2026-08-13,12,1267,U,87,NR,7,2279.00
VIDEO-001949,ENHOGAR,2026-08-14,13,1368,U,21,F,2,2416.00
VIDEO-001950,ENHOGAR,2026-08-15,14,1469,R,28,M,5,2553.00
VIDEO-001951,ENHOGAR,2026-08-16,15,1570,U,35,X,8,2690.00
VIDEO-001952,ENHOGAR,2026-08-17,16,1671,U,42,NR,3,2827.00
VIDEO-001953,ENHOGAR,2026-08-18,17,1772,R,49,F,6,2964.00
VIDEO-001954,ENHOGAR,2026-08-19,18,1873,U,56,M,1,3101.00
VIDEO-001955,ENHOGAR,2026-08-20,19,1974,U,63,X,4,3238.00
VIDEO-001956,ENHOGAR,2026-08-01,20,2075,R,70,NR,7,3375.00
VIDEO-001957,ENHOGAR,2026-08-02,21,2176,U,77,F,2,3512.00
VIDEO-001958,ENHOGAR,2026-08-03,22,2277,U,84,M,5,3649.00
VIDEO-001959,ENHOGAR,2026-08-04,01,0178,R,18,X,8,3786.00
VIDEO-001960,ENHOGAR,2026-08-05,02,0279,U,25,NR,3,3923.00
VIDEO-001961,ENHOGAR,2026-08-06,03,0380,U,32,F,6,4060.00
VIDEO-001962,ENHOGAR,2026-08-07,04,0481,R,39,M,1,4197.00
VIDEO-001963,ENHOGAR,2026-08-08,05,0582,U,46,X,4,4334.00
VIDEO-001964,ENHOGAR,2026-08-09,06,0683,U,53,NR,7,4471.00
VIDEO-001965,ENHOGAR,2026-08-10,07,0784,R,60,F,2,4608.00
VIDEO-001966,ENHOGAR,2026-08-11,08,0885,U,67,M,5,4745.00
VIDEO-001967,ENHOGAR,2026-08-12,09,0986,U,74,X,8,4882.00
VIDEO-001968,ENHOGAR,2026-08-13,10,1087,R,81,NR,3,5019.00
VIDEO-001969,ENHOGAR,2026-08-14,11,1188,U,88,F,6,5156.00
VIDEO-001970,ENHOGAR,2026-08-15,12,1289,U,22,M,1,5293.00
VIDEO-001971,ENHOGAR,2026-08-16,13,1390,R,29,X,4,5430.00
VIDEO-001972,ENHOGAR,2026-08-17,14,1491,U,36,NR,7,5567.00
VIDEO-001973,ENHOGAR,2026-08-18,15,1592,U,43,F,2,5704.00
VIDEO-001974,ENHOGAR,2026-08-19,16,1693,R,50,M,5,5841.00
VIDEO-001975,ENHOGAR,2026-08-20,17,1794,U,57,X,8,5978.00
VIDEO-001976,ENHOGAR,2026-08-01,18,1895,U,64,NR,3,6115.00
VIDEO-001977,ENHOGAR,2026-08-02,19,1996,R,71,F,6,6252.00
VIDEO-001978,ENHOGAR,2026-08-03,20,2097,U,78,M,1,6389.00
VIDEO-001979,ENHOGAR,2026-08-04,21,2198,U,85,X,4,6526.00
VIDEO-001980,ENHOGAR,2026-08-05,22,2299,R,19,NR,7,6663.00
VIDEO-001981,ENHOGAR,2026-08-06,01,0101,U,26,F,2,6800.00
VIDEO-001982,ENHOGAR,2026-08-07,02,0202,U,33,M,5,6937.00
VIDEO-001983,ENHOGAR,2026-08-08,03,0303,R,40,X,8,7074.00
VIDEO-001984,ENHOGAR,2026-08-09,04,0404,U,47,NR,3,7211.00
VIDEO-001985,ENHOGAR,2026-08-10,05,0505,U,54,F,6,7348.00
VIDEO-001986,ENHOGAR,2026-08-11,06,0606,R,61,M,1,7485.00
VIDEO-001987,ENHOGAR,2026-08-12,07,0707,U,68,X,4,7622.00
VIDEO-001988,ENHOGAR,2026-08-13,08,0808,U,75,NR,7,7759.00
VIDEO-001989,ENHOGAR,2026-08-14,09,0909,R,82,F,2,7896.00
VIDEO-001990,ENHOGAR,2026-08-15,10,1010,U,89,M,5,8033.00
VIDEO-001991,ENHOGAR,2026-08-16,11,1111,U,23,X,8,8170.00
VIDEO-001992,ENHOGAR,2026-08-17,12,1212,R,30,NR,3,8307.00
VIDEO-001993,ENHOGAR,2026-08-18,13,1313,U,37,F,6,8444.00
VIDEO-001994,ENHOGAR,2026-08-19,14,1414,U,44,M,1,981.00
VIDEO-001995,ENHOGAR,2026-08-20,15,1515,R,51,X,4,1118.00
VIDEO-001996,ENHOGAR,2026-08-01,16,1616,U,58,NR,7,1255.00
VIDEO-001997,ENHOGAR,2026-08-02,17,1717,U,65,F,2,1392.00
VIDEO-001998,ENHOGAR,2026-08-03,18,1818,R,72,M,5,1529.00
VIDEO-001999,ENHOGAR,2026-08-04,19,1919,U,79,X,8,1666.00
VIDEO-002000,ENHOGAR,2026-08-05,20,2020,U,86,NR,3,1803.00
VIDEO-002001,ENHOGAR,2026-08-06,21,2121,R,20,F,6,1940.00
VIDEO-002002,ENHOGAR,2026-08-07,22,2222,U,27,M,1,2077.00
VIDEO-002003,ENHOGAR,2026-08-08,01,0123,U,34,X,4,2214.00
VIDEO-002004,ENHOGAR,2026-08-09,02,0224,R,41,NR,7,2351.00
VIDEO-002005,ENHOGAR,2026-08-10,03,0325,U,48,F,2,2488.00
VIDEO-002006,ENHOGAR,2026-08-11,04,0426,U,55,M,5,2625.00
VIDEO-002007,ENHOGAR,2026-08-12,05,0527,R,62,X,8,2762.00
VIDEO-002008,ENHOGAR,2026-08-13,06,0628,U,69,NR,3,2899.00
VIDEO-002009,ENHOGAR,2026-08-14,07,0729,U,76,F,6,3036.00
VIDEO-002010,ENHOGAR,2026-08-15,08,0830,R,83,M,1,3173.00
VIDEO-002011,ENHOGAR,2026-08-16,09,0931,U,90,X,4,3310.00
VIDEO-002012,ENHOGAR,2026-08-17,10,1032,U,24,NR,7,3447.00
VIDEO-002013,ENHOGAR,2026-08-18,11,1133,R,31,F,2,3584.00
VIDEO-002014,ENHOGAR,2026-08-19,12,1234,U,38,M,5,3721.00
VIDEO-002015,ENHOGAR,2026-08-20,13,1335,U,45,X,8,3858.00
VIDEO-002016,ENHOGAR,2026-08-01,14,1436,R,52,NR,3,3995.00
VIDEO-002017,ENHOGAR,2026-08-02,15,1537,U,59,F,6,4132.00
VIDEO-002018,ENHOGAR,2026-08-03,16,1638,U,66,M,1,4269.00
VIDEO-002019,ENHOGAR,2026-08-04,17,1739,R,73,X,4,4406.00
VIDEO-002020,ENHOGAR,2026-08-05,18,1840,U,80,NR,7,4543.00
VIDEO-002021,ENHOGAR,2026-08-06,19,1941,U,87,F,2,4680.00
VIDEO-002022,ENHOGAR,2026-08-07,20,2042,R,21,M,5,4817.00
VIDEO-002023,ENHOGAR,2026-08-08,21,2143,U,28,X,8,4954.00
VIDEO-002024,ENHOGAR,2026-08-09,22,2244,U,35,NR,3,5091.00
VIDEO-002025,ENHOGAR,2026-08-10,01,0145,R,42,F,6,5228.00
VIDEO-002026,ENHOGAR,2026-08-11,02,0246,U,49,M,1,5365.00
VIDEO-002027,ENHOGAR,2026-08-12,03,0347,U,56,X,4,5502.00
VIDEO-002028,ENHOGAR,2026-08-13,04,0448,R,63,NR,7,5639.00
VIDEO-002029,ENHOGAR,2026-08-14,05,0549,U,70,F,2,5776.00
VIDEO-002030,ENHOGAR,2026-08-15,06,0650,U,77,M,5,5913.00
VIDEO-002031,ENHOGAR,2026-08-16,07,0751,R,84,X,8,6050.00
VIDEO-002032,ENHOGAR,2026-08-17,08,0852,U,18,NR,3,6187.00
VIDEO-002033,ENHOGAR,2026-08-18,09,0953,U,25,F,6,6324.00
VIDEO-002034,ENHOGAR,2026-08-19,10,1054,R,32,M,1,6461.00
VIDEO-002035,ENHOGAR,2026-08-20,11,1155,U,39,X,4,6598.00
VIDEO-002036,ENHOGAR,2026-08-01,12,1256,U,46,NR,7,6735.00
VIDEO-002037,ENHOGAR,2026-08-02,13,1357,R,53,F,2,6872.00
VIDEO-002038,ENHOGAR,2026-08-03,14,1458,U,60,M,5,7009.00
VIDEO-002039,ENHOGAR,2026-08-04,15,1559,U,67,X,8,7146.00
VIDEO-002040,ENHOGAR,2026-08-05,16,1660,R,74,NR,3,7283.00
VIDEO-002041,ENHOGAR,2026-08-06,17,1761,U,81,F,6,7420.00
VIDEO-002042,ENHOGAR,2026-08-07,18,1862,U,88,M,1,7557.00
VIDEO-002043,ENHOGAR,2026-08-08,19,1963,R,22,X,4,7694.00
VIDEO-002044,ENHOGAR,2026-08-09,20,2064,U,29,NR,7,7831.00
VIDEO-002045,ENHOGAR,2026-08-10,21,2165,U,36,F,2,7968.00
VIDEO-002046,ENHOGAR,2026-08-11,22,2266,R,43,M,5,8105.00
VIDEO-002047,ENHOGAR,2026-08-12,01,0167,U,50,X,8,8242.00
VIDEO-002048,ENHOGAR,2026-08-13,02,0268,U,57,NR,3,8379.00
VIDEO-002049,ENHOGAR,2026-08-14,03,0369,R,64,F,6,916.00
VIDEO-002050,ENHOGAR,2026-08-15,04,0470,U,71,M,1,1053.00
VIDEO-002051,ENHOGAR,2026-08-16,05,0571,U,78,X,4,1190.00
VIDEO-002052,ENHOGAR,2026-08-17,06,0672,R,85,NR,7,1327.00
VIDEO-002053,ENHOGAR,2026-08-18,07,0773,U,19,F,2,1464.00
VIDEO-002054,ENHOGAR,2026-08-19,08,0874,U,26,M,5,1601.00
VIDEO-002055,ENHOGAR,2026-08-20,09,0975,R,33,X,8,1738.00
VIDEO-002056,ENHOGAR,2026-08-01,10,1076,U,40,NR,3,1875.00
VIDEO-002057,ENHOGAR,2026-08-02,11,1177,U,47,F,6,2012.00
VIDEO-002058,ENHOGAR,2026-08-03,12,1278,R,54,M,1,2149.00
VIDEO-002059,ENHOGAR,2026-08-04,13,1379,U,61,X,4,2286.00
VIDEO-002060,ENHOGAR,2026-08-05,14,1480,U,68,NR,7,2423.00
VIDEO-002061,ENHOGAR,2026-08-06,15,1581,R,75,F,2,2560.00
VIDEO-002062,ENHOGAR,2026-08-07,16,1682,U,82,M,5,2697.00
VIDEO-002063,ENHOGAR,2026-08-08,17,1783,U,89,X,8,2834.00
VIDEO-002064,ENHOGAR,2026-08-09,18,1884,R,23,NR,3,2971.00
VIDEO-002065,ENHOGAR,2026-08-10,19,1985,U,30,F,6,3108.00
VIDEO-002066,ENHOGAR,2026-08-11,20,2086,U,37,M,1,3245.00
VIDEO-002067,ENHOGAR,2026-08-12,21,2187,R,44,X,4,3382.00
VIDEO-002068,ENHOGAR,2026-08-13,22,2288,U,51,NR,7,3519.00
VIDEO-002069,ENHOGAR,2026-08-14,01,0189,U,58,F,2,3656.00
VIDEO-002070,ENHOGAR,2026-08-15,02,0290,R,65,M,5,3793.00
VIDEO-002071,ENHOGAR,2026-08-16,03,0391,U,72,X,8,3930.00
VIDEO-002072,ENHOGAR,2026-08-17,04,0492,U,79,NR,3,4067.00
VIDEO-002073,ENHOGAR,2026-08-18,05,0593,R,86,F,6,4204.00
VIDEO-002074,ENHOGAR,2026-08-19,06,0694,U,20,M,1,4341.00
VIDEO-002075,ENHOGAR,2026-08-20,07,0795,U,27,X,4,4478.00
VIDEO-002076,ENHOGAR,2026-08-01,08,0896,R,34,NR,7,4615.00
VIDEO-002077,ENHOGAR,2026-08-02,09,0997,U,41,F,2,4752.00
VIDEO-002078,ENHOGAR,2026-08-03,10,1098,U,48,M,5,4889.00
VIDEO-002079,ENHOGAR,2026-08-04,11,1199,R,55,X,8,5026.00
VIDEO-002080,ENHOGAR,2026-08-05,12,1201,U,62,NR,3,5163.00
VIDEO-002081,ENHOGAR,2026-08-06,13,1302,U,69,F,6,5300.00
VIDEO-002082,ENHOGAR,2026-08-07,14,1403,R,76,M,1,5437.00
VIDEO-002083,ENHOGAR,2026-08-08,15,1504,U,83,X,4,5574.00
VIDEO-002084,ENHOGAR,2026-08-09,16,1605,U,90,NR,7,5711.00
VIDEO-002085,ENHOGAR,2026-08-10,17,1706,R,24,F,2,5848.00
VIDEO-002086,ENHOGAR,2026-08-11,18,1807,U,31,M,5,5985.00
VIDEO-002087,ENHOGAR,2026-08-12,19,1908,U,38,X,8,6122.00
VIDEO-002088,ENHOGAR,2026-08-13,20,2009,R,45,NR,3,6259.00
VIDEO-002089,ENHOGAR,2026-08-14,21,2110,U,52,F,6,6396.00
VIDEO-002090,ENHOGAR,2026-08-15,22,2211,U,59,M,1,6533.00
VIDEO-002091,ENHOGAR,2026-08-16,01,0112,R,66,X,4,6670.00
VIDEO-002092,ENHOGAR,2026-08-17,02,0213,U,73,NR,7,6807.00
VIDEO-002093,ENHOGAR,2026-08-18,03,0314,U,80,F,2,6944.00
VIDEO-002094,ENHOGAR,2026-08-19,04,0415,R,87,M,5,7081.00
VIDEO-002095,ENHOGAR,2026-08-20,05,0516,U,21,X,8,7218.00
VIDEO-002096,ENHOGAR,2026-08-01,06,0617,U,28,NR,3,7355.00
VIDEO-002097,ENHOGAR,2026-08-02,07,0718,R,35,F,6,7492.00
VIDEO-002098,ENHOGAR,2026-08-03,08,0819,U,42,M,1,7629.00
VIDEO-002099,ENHOGAR,2026-08-04,09,0920,U,49,X,4,7766.00
VIDEO-002100,ENHOGAR,2026-08-05,10,1021,R,56,NR,7,7903.00
VIDEO-002101,ENHOGAR,2026-08-06,11,1122,U,63,F,2,8040.00
VIDEO-002102,ENHOGAR,2026-08-07,12,1223,U,70,M,5,8177.00
VIDEO-002103,ENHOGAR,2026-08-08,13,1324,R,77,X,8,8314.00
VIDEO-002104,ENHOGAR,2026-08-09,14,1425,U,84,NR,3,8451.00
VIDEO-002105,ENHOGAR,2026-08-10,15,1526,U,18,F,6,988.00
VIDEO-002106,ENHOGAR,2026-08-11,16,1627,R,25,M,1,1125.00
VIDEO-002107,ENHOGAR,2026-08-12,17,1728,U,32,X,4,1262.00
VIDEO-002108,ENHOGAR,2026-08-13,18,1829,U,39,NR,7,1399.00
VIDEO-002109,ENHOGAR,2026-08-14,19,1930,R,46,F,2,1536.00
VIDEO-002110,ENHOGAR,2026-08-15,20,2031,U,53,M,5,1673.00
VIDEO-002111,ENHOGAR,2026-08-16,21,2132,U,60,X,8,1810.00
VIDEO-002112,ENHOGAR,2026-08-17,22,2233,R,67,NR,3,1947.00
VIDEO-002113,ENHOGAR,2026-08-18,01,0134,U,74,F,6,2084.00
VIDEO-002114,ENHOGAR,2026-08-19,02,0235,U,81,M,1,2221.00
VIDEO-002115,ENHOGAR,2026-08-20,03,0336,R,88,X,4,2358.00
VIDEO-002116,ENHOGAR,2026-08-01,04,0437,U,22,NR,7,2495.00
VIDEO-002117,ENHOGAR,2026-08-02,05,0538,U,29,F,2,2632.00
VIDEO-002118,ENHOGAR,2026-08-03,06,0639,R,36,M,5,2769.00
VIDEO-002119,ENHOGAR,2026-08-04,07,0740,U,43,X,8,2906.00
VIDEO-002120,ENHOGAR,2026-08-05,08,0841,U,50,NR,3,3043.00
VIDEO-002121,ENHOGAR,2026-08-06,09,0942,R,57,F,6,3180.00
VIDEO-002122,ENHOGAR,2026-08-07,10,1043,U,64,M,1,3317.00
VIDEO-002123,ENHOGAR,2026-08-08,11,1144,U,71,X,4,3454.00
VIDEO-002124,ENHOGAR,2026-08-09,12,1245,R,78,NR,7,3591.00
VIDEO-002125,ENHOGAR,2026-08-10,13,1346,U,85,F,2,3728.00
VIDEO-002126,ENHOGAR,2026-08-11,14,1447,U,19,M,5,3865.00
VIDEO-002127,ENHOGAR,2026-08-12,15,1548,R,26,X,8,4002.00
VIDEO-002128,ENHOGAR,2026-08-13,16,1649,U,33,NR,3,4139.00
VIDEO-002129,ENHOGAR,2026-08-14,17,1750,U,40,F,6,4276.00
VIDEO-002130,ENHOGAR,2026-08-15,18,1851,R,47,M,1,4413.00
VIDEO-002131,ENHOGAR,2026-08-16,19,1952,U,54,X,4,4550.00
VIDEO-002132,ENHOGAR,2026-08-17,20,2053,U,61,NR,7,4687.00
VIDEO-002133,ENHOGAR,2026-08-18,21,2154,R,68,F,2,4824.00
VIDEO-002134,ENHOGAR,2026-08-19,22,2255,U,75,M,5,4961.00
VIDEO-002135,ENHOGAR,2026-08-20,01,0156,U,82,X,8,5098.00
VIDEO-002136,ENHOGAR,2026-08-01,02,0257,R,89,NR,3,5235.00
VIDEO-002137,ENHOGAR,2026-08-02,03,0358,U,23,F,6,5372.00
VIDEO-002138,ENHOGAR,2026-08-03,04,0459,U,30,M,1,5509.00
VIDEO-002139,ENHOGAR,2026-08-04,05,0560,R,37,X,4,5646.00
VIDEO-002140,ENHOGAR,2026-08-05,06,0661,U,44,NR,7,5783.00
VIDEO-002141,ENHOGAR,2026-08-06,07,0762,U,51,F,2,5920.00
VIDEO-002142,ENHOGAR,2026-08-07,08,0863,R,58,M,5,6057.00
VIDEO-002143,ENHOGAR,2026-08-08,09,0964,U,65,X,8,6194.00
VIDEO-002144,ENHOGAR,2026-08-09,10,1065,U,72,NR,3,6331.00
VIDEO-002145,ENHOGAR,2026-08-10,11,1166,R,79,F,6,6468.00
VIDEO-002146,ENHOGAR,2026-08-11,12,1267,U,86,M,1,6605.00
VIDEO-002147,ENHOGAR,2026-08-12,13,1368,U,20,X,4,6742.00
VIDEO-002148,ENHOGAR,2026-08-13,14,1469,R,27,NR,7,6879.00
VIDEO-002149,ENHOGAR,2026-08-14,15,1570,U,34,F,2,7016.00
VIDEO-002150,ENHOGAR,2026-08-15,16,1671,U,41,M,5,7153.00
VIDEO-002151,ENHOGAR,2026-08-16,17,1772,R,48,X,8,7290.00
VIDEO-002152,ENHOGAR,2026-08-17,18,1873,U,55,NR,3,7427.00
VIDEO-002153,ENHOGAR,2026-08-18,19,1974,U,62,F,6,7564.00
VIDEO-002154,ENHOGAR,2026-08-19,20,2075,R,69,M,1,7701.00
VIDEO-002155,ENHOGAR,2026-08-20,21,2176,U,76,X,4,7838.00
VIDEO-002156,ENHOGAR,2026-08-01,22,2277,U,83,NR,7,7975.00
VIDEO-002157,ENHOGAR,2026-08-02,01,0178,R,90,F,2,8112.00
VIDEO-002158,ENHOGAR,2026-08-03,02,0279,U,24,M,5,8249.00
VIDEO-002159,ENHOGAR,2026-08-04,03,0380,U,31,X,8,8386.00
VIDEO-002160,ENHOGAR,2026-08-05,04,0481,R,38,NR,3,923.00
VIDEO-002161,ENHOGAR,2026-08-06,05,0582,U,45,F,6,1060.00
VIDEO-002162,ENHOGAR,2026-08-07,06,0683,U,52,M,1,1197.00
VIDEO-002163,ENHOGAR,2026-08-08,07,0784,R,59,X,4,1334.00
VIDEO-002164,ENHOGAR,2026-08-09,08,0885,U,66,NR,7,1471.00
VIDEO-002165,ENHOGAR,2026-08-10,09,0986,U,73,F,2,1608.00
VIDEO-002166,ENHOGAR,2026-08-11,10,1087,R,80,M,5,1745.00
VIDEO-002167,ENHOGAR,2026-08-12,11,1188,U,87,X,8,1882.00
VIDEO-002168,ENHOGAR,2026-08-13,12,1289,U,21,NR,3,2019.00
VIDEO-002169,ENHOGAR,2026-08-14,13,1390,R,28,F,6,2156.00
VIDEO-002170,ENHOGAR,2026-08-15,14,1491,U,35,M,1,2293.00
VIDEO-002171,ENHOGAR,2026-08-16,15,1592,U,42,X,4,2430.00
VIDEO-002172,ENHOGAR,2026-08-17,16,1693,R,49,NR,7,2567.00
VIDEO-002173,ENHOGAR,2026-08-18,17,1794,U,56,F,2,2704.00
VIDEO-002174,ENHOGAR,2026-08-19,18,1895,U,63,M,5,2841.00
VIDEO-002175,ENHOGAR,2026-08-20,19,1996,R,70,X,8,2978.00
VIDEO-002176,ENHOGAR,2026-08-01,20,2097,U,77,NR,3,3115.00
VIDEO-002177,ENHOGAR,2026-08-02,21,2198,U,84,F,6,3252.00
VIDEO-002178,ENHOGAR,2026-08-03,22,2299,R,18,M,1,3389.00
VIDEO-002179,ENHOGAR,2026-08-04,01,0101,U,25,X,4,3526.00
VIDEO-002180,ENHOGAR,2026-08-05,02,0202,U,32,NR,7,3663.00
VIDEO-002181,ENHOGAR,2026-08-06,03,0303,R,39,F,2,3800.00
VIDEO-002182,ENHOGAR,2026-08-07,04,0404,U,46,M,5,3937.00
VIDEO-002183,ENHOGAR,2026-08-08,05,0505,U,53,X,8,4074.00
VIDEO-002184,ENHOGAR,2026-08-09,06,0606,R,60,NR,3,4211.00
VIDEO-002185,ENHOGAR,2026-08-10,07,0707,U,67,F,6,4348.00
VIDEO-002186,ENHOGAR,2026-08-11,08,0808,U,74,M,1,4485.00
VIDEO-002187,ENHOGAR,2026-08-12,09,0909,R,81,X,4,4622.00
VIDEO-002188,ENHOGAR,2026-08-13,10,1010,U,88,NR,7,4759.00
VIDEO-002189,ENHOGAR,2026-08-14,11,1111,U,22,F,2,4896.00
VIDEO-002190,ENHOGAR,2026-08-15,12,1212,R,29,M,5,5033.00
VIDEO-002191,ENHOGAR,2026-08-16,13,1313,U,36,X,8,5170.00
VIDEO-002192,ENHOGAR,2026-08-17,14,1414,U,43,NR,3,5307.00
VIDEO-002193,ENHOGAR,2026-08-18,15,1515,R,50,F,6,5444.00
VIDEO-002194,ENHOGAR,2026-08-19,16,1616,U,57,M,1,5581.00
VIDEO-002195,ENHOGAR,2026-08-20,17,1717,U,64,X,4,5718.00
VIDEO-002196,ENHOGAR,2026-08-01,18,1818,R,71,NR,7,5855.00
VIDEO-002197,ENHOGAR,2026-08-02,19,1919,U,78,F,2,5992.00
VIDEO-002198,ENHOGAR,2026-08-03,20,2020,U,85,M,5,6129.00
VIDEO-002199,ENHOGAR,2026-08-04,21,2121,R,19,X,8,6266.00
VIDEO-002200,ENHOGAR,2026-08-05,22,2222,U,26,NR,3,6403.00
VIDEO-002201,ENHOGAR,2026-08-06,01,0123,U,33,F,6,6540.00
VIDEO-002202,ENHOGAR,2026-08-07,02,0224,R,40,M,1,6677.00
VIDEO-002203,ENHOGAR,2026-08-08,03,0325,U,47,X,4,6814.00
VIDEO-002204,ENHOGAR,2026-08-09,04,0426,U,54,NR,7,6951.00
VIDEO-002205,ENHOGAR,2026-08-10,05,0527,R,61,F,2,7088.00
VIDEO-002206,ENHOGAR,2026-08-11,06,0628,U,68,M,5,7225.00
VIDEO-002207,ENHOGAR,2026-08-12,07,0729,U,75,X,8,7362.00
VIDEO-002208,ENHOGAR,2026-08-13,08,0830,R,82,NR,3,7499.00
VIDEO-002209,ENHOGAR,2026-08-14,09,0931,U,89,F,6,7636.00
VIDEO-002210,ENHOGAR,2026-08-15,10,1032,U,23,M,1,7773.00
VIDEO-002211,ENHOGAR,2026-08-16,11,1133,R,30,X,4,7910.00
VIDEO-002212,ENHOGAR,2026-08-17,12,1234,U,37,NR,7,8047.00
VIDEO-002213,ENHOGAR,2026-08-18,13,1335,U,44,F,2,8184.00
VIDEO-002214,ENHOGAR,2026-08-19,14,1436,R,51,M,5,8321.00
VIDEO-002215,ENHOGAR,2026-08-20,15,1537,U,58,X,8,8458.00
VIDEO-002216,ENHOGAR,2026-08-01,16,1638,U,65,NR,3,995.00
VIDEO-002217,ENHOGAR,2026-08-02,17,1739,R,72,F,6,1132.00
VIDEO-002218,ENHOGAR,2026-08-03,18,1840,U,79,M,1,1269.00
VIDEO-002219,ENHOGAR,2026-08-04,19,1941,U,86,X,4,1406.00
VIDEO-002220,ENHOGAR,2026-08-05,20,2042,R,20,NR,7,1543.00
VIDEO-002221,ENHOGAR,2026-08-06,21,2143,U,27,F,2,1680.00
VIDEO-002222,ENHOGAR,2026-08-07,22,2244,U,34,M,5,1817.00
VIDEO-002223,ENHOGAR,2026-08-08,01,0145,R,41,X,8,1954.00
VIDEO-002224,ENHOGAR,2026-08-09,02,0246,U,48,NR,3,2091.00
VIDEO-002225,ENHOGAR,2026-08-10,03,0347,U,55,F,6,2228.00
VIDEO-002226,ENHOGAR,2026-08-11,04,0448,R,62,M,1,2365.00
VIDEO-002227,ENHOGAR,2026-08-12,05,0549,U,69,X,4,2502.00
VIDEO-002228,ENHOGAR,2026-08-13,06,0650,U,76,NR,7,2639.00
VIDEO-002229,ENHOGAR,2026-08-14,07,0751,R,83,F,2,2776.00
VIDEO-002230,ENHOGAR,2026-08-15,08,0852,U,90,M,5,2913.00
VIDEO-002231,ENHOGAR,2026-08-16,09,0953,U,24,X,8,3050.00
VIDEO-002232,ENHOGAR,2026-08-17,10,1054,R,31,NR,3,3187.00
VIDEO-002233,ENHOGAR,2026-08-18,11,1155,U,38,F,6,3324.00
VIDEO-002234,ENHOGAR,2026-08-19,12,1256,U,45,M,1,3461.00
VIDEO-002235,ENHOGAR,2026-08-20,13,1357,R,52,X,4,3598.00
VIDEO-002236,ENHOGAR,2026-08-01,14,1458,U,59,NR,7,3735.00
VIDEO-002237,ENHOGAR,2026-08-02,15,1559,U,66,F,2,3872.00
VIDEO-002238,ENHOGAR,2026-08-03,16,1660,R,73,M,5,4009.00
VIDEO-002239,ENHOGAR,2026-08-04,17,1761,U,80,X,8,4146.00
VIDEO-002240,ENHOGAR,2026-08-05,18,1862,U,87,NR,3,4283.00
VIDEO-002241,ENHOGAR,2026-08-06,19,1963,R,21,F,6,4420.00
VIDEO-002242,ENHOGAR,2026-08-07,20,2064,U,28,M,1,4557.00
VIDEO-002243,ENHOGAR,2026-08-08,21,2165,U,35,X,4,4694.00
VIDEO-002244,ENHOGAR,2026-08-09,22,2266,R,42,NR,7,4831.00
VIDEO-002245,ENHOGAR,2026-08-10,01,0167,U,49,F,2,4968.00
VIDEO-002246,ENHOGAR,2026-08-11,02,0268,U,56,M,5,5105.00
VIDEO-002247,ENHOGAR,2026-08-12,03,0369,R,63,X,8,5242.00
VIDEO-002248,ENHOGAR,2026-08-13,04,0470,U,70,NR,3,5379.00
VIDEO-002249,ENHOGAR,2026-08-14,05,0571,U,77,F,6,5516.00
VIDEO-002250,ENHOGAR,2026-08-15,06,0672,R,84,M,1,5653.00
VIDEO-002251,ENHOGAR,2026-08-16,07,0773,U,18,X,4,5790.00
VIDEO-002252,ENHOGAR,2026-08-17,08,0874,U,25,NR,7,5927.00
VIDEO-002253,ENHOGAR,2026-08-18,09,0975,R,32,F,2,6064.00
VIDEO-002254,ENHOGAR,2026-08-19,10,1076,U,39,M,5,6201.00
VIDEO-002255,ENHOGAR,2026-08-20,11,1177,U,46,X,8,6338.00
VIDEO-002256,ENHOGAR,2026-08-01,12,1278,R,53,NR,3,6475.00
VIDEO-002257,ENHOGAR,2026-08-02,13,1379,U,60,F,6,6612.00
VIDEO-002258,ENHOGAR,2026-08-03,14,1480,U,67,M,1,6749.00
VIDEO-002259,ENHOGAR,2026-08-04,15,1581,R,74,X,4,6886.00
VIDEO-002260,ENHOGAR,2026-08-05,16,1682,U,81,NR,7,7023.00
VIDEO-002261,ENHOGAR,2026-08-06,17,1783,U,88,F,2,7160.00
VIDEO-002262,ENHOGAR,2026-08-07,18,1884,R,22,M,5,7297.00
VIDEO-002263,ENHOGAR,2026-08-08,19,1985,U,29,X,8,7434.00
VIDEO-002264,ENHOGAR,2026-08-09,20,2086,U,36,NR,3,7571.00
VIDEO-002265,ENHOGAR,2026-08-10,21,2187,R,43,F,6,7708.00
VIDEO-002266,ENHOGAR,2026-08-11,22,2288,U,50,M,1,7845.00
VIDEO-002267,ENHOGAR,2026-08-12,01,0189,U,57,X,4,7982.00
VIDEO-002268,ENHOGAR,2026-08-13,02,0290,R,64,NR,7,8119.00
VIDEO-002269,ENHOGAR,2026-08-14,03,0391,U,71,F,2,8256.00
VIDEO-002270,ENHOGAR,2026-08-15,04,0492,U,78,M,5,8393.00
VIDEO-002271,ENHOGAR,2026-08-16,05,0593,R,85,X,8,930.00
VIDEO-002272,ENHOGAR,2026-08-17,06,0694,U,19,NR,3,1067.00
VIDEO-002273,ENHOGAR,2026-08-18,07,0795,U,26,F,6,1204.00
VIDEO-002274,ENHOGAR,2026-08-19,08,0896,R,33,M,1,1341.00
VIDEO-002275,ENHOGAR,2026-08-20,09,0997,U,40,X,4,1478.00
VIDEO-002276,ENHOGAR,2026-08-01,10,1098,U,47,NR,7,1615.00
VIDEO-002277,ENHOGAR,2026-08-02,11,1199,R,54,F,2,1752.00
VIDEO-002278,ENHOGAR,2026-08-03,12,1201,U,61,M,5,1889.00
VIDEO-002279,ENHOGAR,2026-08-04,13,1302,U,68,X,8,2026.00
VIDEO-002280,ENHOGAR,2026-08-05,14,1403,R,75,NR,3,2163.00
VIDEO-002281,ENHOGAR,2026-08-06,15,1504,U,82,F,6,2300.00
VIDEO-002282,ENHOGAR,2026-08-07,16,1605,U,89,M,1,2437.00
VIDEO-002283,ENHOGAR,2026-08-08,17,1706,R,23,X,4,2574.00
VIDEO-002284,ENHOGAR,2026-08-09,18,1807,U,30,NR,7,2711.00
VIDEO-002285,ENHOGAR,2026-08-10,19,1908,U,37,F,2,2848.00
VIDEO-002286,ENHOGAR,2026-08-11,20,2009,R,44,M,5,2985.00
VIDEO-002287,ENHOGAR,2026-08-12,21,2110,U,51,X,8,3122.00
VIDEO-002288,ENHOGAR,2026-08-13,22,2211,U,58,NR,3,3259.00
VIDEO-002289,ENHOGAR,2026-08-14,01,0112,R,65,F,6,3396.00
VIDEO-002290,ENHOGAR,2026-08-15,02,0213,U,72,M,1,3533.00
VIDEO-002291,ENHOGAR,2026-08-16,03,0314,U,79,X,4,3670.00
VIDEO-002292,ENHOGAR,2026-08-17,04,0415,R,86,NR,7,3807.00
VIDEO-002293,ENHOGAR,2026-08-18,05,0516,U,20,F,2,3944.00
VIDEO-002294,ENHOGAR,2026-08-19,06,0617,U,27,M,5,4081.00
VIDEO-002295,ENHOGAR,2026-08-20,07,0718,R,34,X,8,4218.00
VIDEO-002296,ENHOGAR,2026-08-01,08,0819,U,41,NR,3,4355.00
VIDEO-002297,ENHOGAR,2026-08-02,09,0920,U,48,F,6,4492.00
VIDEO-002298,ENHOGAR,2026-08-03,10,1021,R,55,M,1,4629.00
VIDEO-002299,ENHOGAR,2026-08-04,11,1122,U,62,X,4,4766.00
VIDEO-002300,ENHOGAR,2026-08-05,12,1223,U,69,NR,7,4903.00
VIDEO-002301,ENHOGAR,2026-08-06,13,1324,R,76,F,2,5040.00
VIDEO-002302,ENHOGAR,2026-08-07,14,1425,U,83,M,5,5177.00
VIDEO-002303,ENHOGAR,2026-08-08,15,1526,U,90,X,8,5314.00
VIDEO-002304,ENHOGAR,2026-08-09,16,1627,R,24,NR,3,5451.00
VIDEO-002305,ENHOGAR,2026-08-10,17,1728,U,31,F,6,5588.00
VIDEO-002306,ENHOGAR,2026-08-11,18,1829,U,38,M,1,5725.00
VIDEO-002307,ENHOGAR,2026-08-12,19,1930,R,45,X,4,5862.00
VIDEO-002308,ENHOGAR,2026-08-13,20,2031,U,52,NR,7,5999.00
VIDEO-002309,ENHOGAR,2026-08-14,21,2132,U,59,F,2,6136.00
VIDEO-002310,ENHOGAR,2026-08-15,22,2233,R,66,M,5,6273.00
VIDEO-002311,ENHOGAR,2026-08-16,01,0134,U,73,X,8,6410.00
VIDEO-002312,ENHOGAR,2026-08-17,02,0235,U,80,NR,3,6547.00
VIDEO-002313,ENHOGAR,2026-08-18,03,0336,R,87,F,6,6684.00
VIDEO-002314,ENHOGAR,2026-08-19,04,0437,U,21,M,1,6821.00
VIDEO-002315,ENHOGAR,2026-08-20,05,0538,U,28,X,4,6958.00
VIDEO-002316,ENHOGAR,2026-08-01,06,0639,R,35,NR,7,7095.00
VIDEO-002317,ENHOGAR,2026-08-02,07,0740,U,42,F,2,7232.00
VIDEO-002318,ENHOGAR,2026-08-03,08,0841,U,49,M,5,7369.00
VIDEO-002319,ENHOGAR,2026-08-04,09,0942,R,56,X,8,7506.00
VIDEO-002320,ENHOGAR,2026-08-05,10,1043,U,63,NR,3,7643.00
VIDEO-002321,ENHOGAR,2026-08-06,11,1144,U,70,F,6,7780.00
VIDEO-002322,ENHOGAR,2026-08-07,12,1245,R,77,M,1,7917.00
VIDEO-002323,ENHOGAR,2026-08-08,13,1346,U,84,X,4,8054.00
VIDEO-002324,ENHOGAR,2026-08-09,14,1447,U,18,NR,7,8191.00
VIDEO-002325,ENHOGAR,2026-08-10,15,1548,R,25,F,2,8328.00
VIDEO-002326,ENHOGAR,2026-08-11,16,1649,U,32,M,5,8465.00
VIDEO-002327,ENHOGAR,2026-08-12,17,1750,U,39,X,8,1002.00
VIDEO-002328,ENHOGAR,2026-08-13,18,1851,R,46,NR,3,1139.00
VIDEO-002329,ENHOGAR,2026-08-14,19,1952,U,53,F,6,1276.00
VIDEO-002330,ENHOGAR,2026-08-15,20,2053,U,60,M,1,1413.00
VIDEO-002331,ENHOGAR,2026-08-16,21,2154,R,67,X,4,1550.00
VIDEO-002332,ENHOGAR,2026-08-17,22,2255,U,74,NR,7,1687.00
VIDEO-002333,ENHOGAR,2026-08-18,01,0156,U,81,F,2,1824.00
VIDEO-002334,ENHOGAR,2026-08-19,02,0257,R,88,M,5,1961.00
VIDEO-002335,ENHOGAR,2026-08-20,03,0358,U,22,X,8,2098.00
VIDEO-002336,ENHOGAR,2026-08-01,04,0459,U,29,NR,3,2235.00
VIDEO-002337,ENHOGAR,2026-08-02,05,0560,R,36,F,6,2372.00
VIDEO-002338,ENHOGAR,2026-08-03,06,0661,U,43,M,1,2509.00
VIDEO-002339,ENHOGAR,2026-08-04,07,0762,U,50,X,4,2646.00
VIDEO-002340,ENHOGAR,2026-08-05,08,0863,R,57,NR,7,2783.00
VIDEO-002341,ENHOGAR,2026-08-06,09,0964,U,64,F,2,2920.00
VIDEO-002342,ENHOGAR,2026-08-07,10,1065,U,71,M,5,3057.00
VIDEO-002343,ENHOGAR,2026-08-08,11,1166,R,78,X,8,3194.00
VIDEO-002344,ENHOGAR,2026-08-09,12,1267,U,85,NR,3,3331.00
VIDEO-002345,ENHOGAR,2026-08-10,13,1368,U,19,F,6,3468.00
VIDEO-002346,ENHOGAR,2026-08-11,14,1469,R,26,M,1,3605.00
VIDEO-002347,ENHOGAR,2026-08-12,15,1570,U,33,X,4,3742.00
VIDEO-002348,ENHOGAR,2026-08-13,16,1671,U,40,NR,7,3879.00
VIDEO-002349,ENHOGAR,2026-08-14,17,1772,R,47,F,2,4016.00
VIDEO-002350,ENHOGAR,2026-08-15,18,1873,U,54,M,5,4153.00
VIDEO-002351,ENHOGAR,2026-08-16,19,1974,U,61,X,8,4290.00
VIDEO-002352,ENHOGAR,2026-08-17,20,2075,R,68,NR,3,4427.00
VIDEO-002353,ENHOGAR,2026-08-18,21,2176,U,75,F,6,4564.00
VIDEO-002354,ENHOGAR,2026-08-19,22,2277,U,82,M,1,4701.00
VIDEO-002355,ENHOGAR,2026-08-20,01,0178,R,89,X,4,4838.00
VIDEO-002356,ENHOGAR,2026-08-01,02,0279,U,23,NR,7,4975.00
VIDEO-002357,ENHOGAR,2026-08-02,03,0380,U,30,F,2,5112.00
VIDEO-002358,ENHOGAR,2026-08-03,04,0481,R,37,M,5,5249.00
VIDEO-002359,ENHOGAR,2026-08-04,05,0582,U,44,X,8,5386.00
VIDEO-002360,ENHOGAR,2026-08-05,06,0683,U,51,NR,3,5523.00
VIDEO-002361,ENHOGAR,2026-08-06,07,0784,R,58,F,6,5660.00
VIDEO-002362,ENHOGAR,2026-08-07,08,0885,U,65,M,1,5797.00
VIDEO-002363,ENHOGAR,2026-08-08,09,0986,U,72,X,4,5934.00
VIDEO-002364,ENHOGAR,2026-08-09,10,1087,R,79,NR,7,6071.00
VIDEO-002365,ENHOGAR,2026-08-10,11,1188,U,86,F,2,6208.00
VIDEO-002366,ENHOGAR,2026-08-11,12,1289,U,20,M,5,6345.00
VIDEO-002367,ENHOGAR,2026-08-12,13,1390,R,27,X,8,6482.00
VIDEO-002368,ENHOGAR,2026-08-13,14,1491,U,34,NR,3,6619.00
VIDEO-002369,ENHOGAR,2026-08-14,15,1592,U,41,F,6,6756.00
VIDEO-002370,ENHOGAR,2026-08-15,16,1693,R,48,M,1,6893.00
VIDEO-002371,ENHOGAR,2026-08-16,17,1794,U,55,X,4,7030.00
VIDEO-002372,ENHOGAR,2026-08-17,18,1895,U,62,NR,7,7167.00
VIDEO-002373,ENHOGAR,2026-08-18,19,1996,R,69,F,2,7304.00
VIDEO-002374,ENHOGAR,2026-08-19,20,2097,U,76,M,5,7441.00
VIDEO-002375,ENHOGAR,2026-08-20,21,2198,U,83,X,8,7578.00
VIDEO-002376,ENHOGAR,2026-08-01,22,2299,R,90,NR,3,7715.00
VIDEO-002377,ENHOGAR,2026-08-02,01,0101,U,24,F,6,7852.00
VIDEO-002378,ENHOGAR,2026-08-03,02,0202,U,31,M,1,7989.00
VIDEO-002379,ENHOGAR,2026-08-04,03,0303,R,38,X,4,8126.00
VIDEO-002380,ENHOGAR,2026-08-05,04,0404,U,45,NR,7,8263.00
VIDEO-002381,ENHOGAR,2026-08-06,05,0505,U,52,F,2,8400.00
VIDEO-002382,ENHOGAR,2026-08-07,06,0606,R,59,M,5,937.00
VIDEO-002383,ENHOGAR,2026-08-08,07,0707,U,66,X,8,1074.00
VIDEO-002384,ENHOGAR,2026-08-09,08,0808,U,73,NR,3,1211.00
VIDEO-002385,ENHOGAR,2026-08-10,09,0909,R,80,F,6,1348.00
VIDEO-002386,ENHOGAR,2026-08-11,10,1010,U,87,M,1,1485.00
VIDEO-002387,ENHOGAR,2026-08-12,11,1111,U,21,X,4,1622.00
VIDEO-002388,ENHOGAR,2026-08-13,12,1212,R,28,NR,7,1759.00
VIDEO-002389,ENHOGAR,2026-08-14,13,1313,U,35,F,2,1896.00
VIDEO-002390,ENHOGAR,2026-08-15,14,1414,U,42,M,5,2033.00
VIDEO-002391,ENHOGAR,2026-08-16,15,1515,R,49,X,8,2170.00
VIDEO-002392,ENHOGAR,2026-08-17,16,1616,U,56,NR,3,2307.00
VIDEO-002393,ENHOGAR,2026-08-18,17,1717,U,63,F,6,2444.00
VIDEO-002394,ENHOGAR,2026-08-19,18,1818,R,70,M,1,2581.00
VIDEO-002395,ENHOGAR,2026-08-20,19,1919,U,77,X,4,2718.00
VIDEO-002396,ENHOGAR,2026-08-01,20,2020,U,84,NR,7,2855.00
VIDEO-002397,ENHOGAR,2026-08-02,21,2121,R,18,F,2,2992.00
VIDEO-002398,ENHOGAR,2026-08-03,22,2222,U,25,M,5,3129.00
VIDEO-002399,ENHOGAR,2026-08-04,01,0123,U,32,X,8,3266.00
VIDEO-002400,ENHOGAR,2026-08-05,02,0224,R,39,NR,3,3403.00
VIDEO-002401,ENHOGAR,2026-08-06,03,0325,U,46,F,6,3540.00
VIDEO-002402,ENHOGAR,2026-08-07,04,0426,U,53,M,1,3677.00
VIDEO-002403,ENHOGAR,2026-08-08,05,0527,R,60,X,4,3814.00
VIDEO-002404,ENHOGAR,2026-08-09,06,0628,U,67,NR,7,3951.00
VIDEO-002405,ENHOGAR,2026-08-10,07,0729,U,74,F,2,4088.00
VIDEO-002406,ENHOGAR,2026-08-11,08,0830,R,81,M,5,4225.00
VIDEO-002407,ENHOGAR,2026-08-12,09,0931,U,88,X,8,4362.00
VIDEO-002408,ENHOGAR,2026-08-13,10,1032,U,22,NR,3,4499.00
VIDEO-002409,ENHOGAR,2026-08-14,11,1133,R,29,F,6,4636.00
VIDEO-002410,ENHOGAR,2026-08-15,12,1234,U,36,M,1,4773.00
VIDEO-002411,ENHOGAR,2026-08-16,13,1335,U,43,X,4,4910.00
VIDEO-002412,ENHOGAR,2026-08-17,14,1436,R,50,NR,7,5047.00
VIDEO-002413,ENHOGAR,2026-08-18,15,1537,U,57,F,2,5184.00
VIDEO-002414,ENHOGAR,2026-08-19,16,1638,U,64,M,5,5321.00
VIDEO-002415,ENHOGAR,2026-08-20,17,1739,R,71,X,8,5458.00
VIDEO-002416,ENHOGAR,2026-08-01,18,1840,U,78,NR,3,5595.00
VIDEO-002417,ENHOGAR,2026-08-02,19,1941,U,85,F,6,5732.00
VIDEO-002418,ENHOGAR,2026-08-03,20,2042,R,19,M,1,5869.00
VIDEO-002419,ENHOGAR,2026-08-04,21,2143,U,26,X,4,6006.00
VIDEO-002420,ENHOGAR,2026-08-05,22,2244,U,33,NR,7,6143.00
VIDEO-002421,ENHOGAR,2026-08-06,01,0145,R,40,F,2,6280.00
VIDEO-002422,ENHOGAR,2026-08-07,02,0246,U,47,M,5,6417.00
VIDEO-002423,ENHOGAR,2026-08-08,03,0347,U,54,X,8,6554.00
VIDEO-002424,ENHOGAR,2026-08-09,04,0448,R,61,NR,3,6691.00
VIDEO-002425,ENHOGAR,2026-08-10,05,0549,U,68,F,6,6828.00
VIDEO-002426,ENHOGAR,2026-08-11,06,0650,U,75,M,1,6965.00
VIDEO-002427,ENHOGAR,2026-08-12,07,0751,R,82,X,4,7102.00
VIDEO-002428,ENHOGAR,2026-08-13,08,0852,U,89,NR,7,7239.00
VIDEO-002429,ENHOGAR,2026-08-14,09,0953,U,23,F,2,7376.00
VIDEO-002430,ENHOGAR,2026-08-15,10,1054,R,30,M,5,7513.00
VIDEO-002431,ENHOGAR,2026-08-16,11,1155,U,37,X,8,7650.00
VIDEO-002432,ENHOGAR,2026-08-17,12,1256,U,44,NR,3,7787.00
VIDEO-002433,ENHOGAR,2026-08-18,13,1357,R,51,F,6,7924.00
VIDEO-002434,ENHOGAR,2026-08-19,14,1458,U,58,M,1,8061.00
VIDEO-002435,ENHOGAR,2026-08-20,15,1559,U,65,X,4,8198.00
VIDEO-002436,ENHOGAR,2026-08-01,16,1660,R,72,NR,7,8335.00
VIDEO-002437,ENHOGAR,2026-08-02,17,1761,U,79,F,2,8472.00
VIDEO-002438,ENHOGAR,2026-08-03,18,1862,U,86,M,5,1009.00
VIDEO-002439,ENHOGAR,2026-08-04,19,1963,R,20,X,8,1146.00
VIDEO-002440,ENHOGAR,2026-08-05,20,2064,U,27,NR,3,1283.00
VIDEO-002441,ENHOGAR,2026-08-06,21,2165,U,34,F,6,1420.00
VIDEO-002442,ENHOGAR,2026-08-07,22,2266,R,41,M,1,1557.00
VIDEO-002443,ENHOGAR,2026-08-08,01,0167,U,48,X,4,1694.00
VIDEO-002444,ENHOGAR,2026-08-09,02,0268,U,55,NR,7,1831.00
VIDEO-002445,ENHOGAR,2026-08-10,03,0369,R,62,F,2,1968.00
VIDEO-002446,ENHOGAR,2026-08-11,04,0470,U,69,M,5,2105.00
VIDEO-002447,ENHOGAR,2026-08-12,05,0571,U,76,X,8,2242.00
VIDEO-002448,ENHOGAR,2026-08-13,06,0672,R,83,NR,3,2379.00
VIDEO-002449,ENHOGAR,2026-08-14,07,0773,U,90,F,6,2516.00
VIDEO-002450,ENHOGAR,2026-08-15,08,0874,U,24,M,1,2653.00
VIDEO-002451,ENHOGAR,2026-08-16,09,0975,R,31,X,4,2790.00
VIDEO-002452,ENHOGAR,2026-08-17,10,1076,U,38,NR,7,2927.00
VIDEO-002453,ENHOGAR,2026-08-18,11,1177,U,45,F,2,3064.00
VIDEO-002454,ENHOGAR,2026-08-19,12,1278,R,52,M,5,3201.00
VIDEO-002455,ENHOGAR,2026-08-20,13,1379,U,59,X,8,3338.00
VIDEO-002456,ENHOGAR,2026-08-01,14,1480,U,66,NR,3,3475.00
VIDEO-002457,ENHOGAR,2026-08-02,15,1581,R,73,F,6,3612.00
VIDEO-002458,ENHOGAR,2026-08-03,16,1682,U,80,M,1,3749.00
VIDEO-002459,ENHOGAR,2026-08-04,17,1783,U,87,X,4,3886.00
VIDEO-002460,ENHOGAR,2026-08-05,18,1884,R,21,NR,7,4023.00
VIDEO-002461,ENHOGAR,2026-08-06,19,1985,U,28,F,2,4160.00
VIDEO-002462,ENHOGAR,2026-08-07,20,2086,U,35,M,5,4297.00
VIDEO-002463,ENHOGAR,2026-08-08,21,2187,R,42,X,8,4434.00
VIDEO-002464,ENHOGAR,2026-08-09,22,2288,U,49,NR,3,4571.00
VIDEO-002465,ENHOGAR,2026-08-10,01,0189,U,56,F,6,4708.00
VIDEO-002466,ENHOGAR,2026-08-11,02,0290,R,63,M,1,4845.00
VIDEO-002467,ENHOGAR,2026-08-12,03,0391,U,70,X,4,4982.00
VIDEO-002468,ENHOGAR,2026-08-13,04,0492,U,77,NR,7,5119.00
VIDEO-002469,ENHOGAR,2026-08-14,05,0593,R,84,F,2,5256.00
VIDEO-002470,ENHOGAR,2026-08-15,06,0694,U,18,M,5,5393.00
VIDEO-002471,ENHOGAR,2026-08-16,07,0795,U,25,X,8,5530.00
VIDEO-002472,ENHOGAR,2026-08-17,08,0896,R,32,NR,3,5667.00
VIDEO-002473,ENHOGAR,2026-08-18,09,0997,U,39,F,6,5804.00
VIDEO-002474,ENHOGAR,2026-08-19,10,1098,U,46,M,1,5941.00
VIDEO-002475,ENHOGAR,2026-08-20,11,1199,R,53,X,4,6078.00
VIDEO-002476,ENHOGAR,2026-08-01,12,1201,U,60,NR,7,6215.00
VIDEO-002477,ENHOGAR,2026-08-02,13,1302,U,67,F,2,6352.00
VIDEO-002478,ENHOGAR,2026-08-03,14,1403,R,74,M,5,6489.00
VIDEO-002479,ENHOGAR,2026-08-04,15,1504,U,81,X,8,6626.00
VIDEO-002480,ENHOGAR,2026-08-05,16,1605,U,88,NR,3,6763.00
VIDEO-002481,ENHOGAR,2026-08-06,17,1706,R,22,F,6,6900.00
VIDEO-002482,ENHOGAR,2026-08-07,18,1807,U,29,M,1,7037.00
VIDEO-002483,ENHOGAR,2026-08-08,19,1908,U,36,X,4,7174.00
VIDEO-002484,ENHOGAR,2026-08-09,20,2009,R,43,NR,7,7311.00
VIDEO-002485,ENHOGAR,2026-08-10,21,2110,U,50,F,2,7448.00
VIDEO-002486,ENHOGAR,2026-08-11,22,2211,U,57,M,5,7585.00
VIDEO-002487,ENHOGAR,2026-08-12,01,0112,R,64,X,8,7722.00
VIDEO-002488,ENHOGAR,2026-08-13,02,0213,U,71,NR,3,7859.00
VIDEO-002489,ENHOGAR,2026-08-14,03,0314,U,78,F,6,7996.00
VIDEO-002490,ENHOGAR,2026-08-15,04,0415,R,85,M,1,8133.00
VIDEO-002491,ENHOGAR,2026-08-16,05,0516,U,19,X,4,8270.00
VIDEO-002492,ENHOGAR,2026-08-17,06,0617,U,26,NR,7,8407.00
VIDEO-002493,ENHOGAR,2026-08-18,07,0718,R,33,F,2,944.00
VIDEO-002494,ENHOGAR,2026-08-19,08,0819,U,40,M,5,1081.00
VIDEO-002495,ENHOGAR,2026-08-20,09,0920,U,47,X,8,1218.00
VIDEO-002496,ENHOGAR,2026-08-01,10,1021,R,54,NR,3,1355.00
VIDEO-002497,ENHOGAR,2026-08-02,11,1122,U,61,F,6,1492.00
VIDEO-002498,ENHOGAR,2026-08-03,12,1223,U,68,M,1,1629.00
VIDEO-002499,ENHOGAR,2026-08-04,13,1324,R,75,X,4,1766.00
VIDEO-002500,ENHOGAR,2026-08-05,14,1425,U,82,NR,7,1903.00
VIDEO-002501,ENHOGAR,2026-08-06,15,1526,U,89,F,2,2040.00
VIDEO-002502,ENHOGAR,2026-08-07,16,1627,R,23,M,5,2177.00
VIDEO-002503,ENHOGAR,2026-08-08,17,1728,U,30,X,8,2314.00
VIDEO-002504,ENHOGAR,2026-08-09,18,1829,U,37,NR,3,2451.00
VIDEO-002505,ENHOGAR,2026-08-10,19,1930,R,44,F,6,2588.00
VIDEO-002506,ENHOGAR,2026-08-11,20,2031,U,51,M,1,2725.00
VIDEO-002507,ENHOGAR,2026-08-12,21,2132,U,58,X,4,2862.00
VIDEO-002508,ENHOGAR,2026-08-13,22,2233,R,65,NR,7,2999.00
VIDEO-002509,ENHOGAR,2026-08-14,01,0134,U,72,F,2,3136.00
VIDEO-002510,ENHOGAR,2026-08-15,02,0235,U,79,M,5,3273.00
VIDEO-002511,ENHOGAR,2026-08-16,03,0336,R,86,X,8,3410.00
VIDEO-002512,ENHOGAR,2026-08-17,04,0437,U,20,NR,3,3547.00
VIDEO-002513,ENHOGAR,2026-08-18,05,0538,U,27,F,6,3684.00
VIDEO-002514,ENHOGAR,2026-08-19,06,0639,R,34,M,1,3821.00
VIDEO-002515,ENHOGAR,2026-08-20,07,0740,U,41,X,4,3958.00
VIDEO-002516,ENHOGAR,2026-08-01,08,0841,U,48,NR,7,4095.00
VIDEO-002517,ENHOGAR,2026-08-02,09,0942,R,55,F,2,4232.00
VIDEO-002518,ENHOGAR,2026-08-03,10,1043,U,62,M,5,4369.00
VIDEO-002519,ENHOGAR,2026-08-04,11,1144,U,69,X,8,4506.00
VIDEO-002520,ENHOGAR,2026-08-05,12,1245,R,76,NR,3,4643.00
VIDEO-002521,ENHOGAR,2026-08-06,13,1346,U,83,F,6,4780.00
VIDEO-002522,ENHOGAR,2026-08-07,14,1447,U,90,M,1,4917.00
VIDEO-002523,ENHOGAR,2026-08-08,15,1548,R,24,X,4,5054.00
VIDEO-002524,ENHOGAR,2026-08-09,16,1649,U,31,NR,7,5191.00
VIDEO-002525,ENHOGAR,2026-08-10,17,1750,U,38,F,2,5328.00
VIDEO-002526,ENHOGAR,2026-08-11,18,1851,R,45,M,5,5465.00
VIDEO-002527,ENHOGAR,2026-08-12,19,1952,U,52,X,8,5602.00
VIDEO-002528,ENHOGAR,2026-08-13,20,2053,U,59,NR,3,5739.00
VIDEO-002529,ENHOGAR,2026-08-14,21,2154,R,66,F,6,5876.00
VIDEO-002530,ENHOGAR,2026-08-15,22,2255,U,73,M,1,6013.00
VIDEO-002531,ENHOGAR,2026-08-16,01,0156,U,80,X,4,6150.00
VIDEO-002532,ENHOGAR,2026-08-17,02,0257,R,87,NR,7,6287.00
VIDEO-002533,ENHOGAR,2026-08-18,03,0358,U,21,F,2,6424.00
VIDEO-002534,ENHOGAR,2026-08-19,04,0459,U,28,M,5,6561.00
VIDEO-002535,ENHOGAR,2026-08-20,05,0560,R,35,X,8,6698.00
VIDEO-002536,ENHOGAR,2026-08-01,06,0661,U,42,NR,3,6835.00
VIDEO-002537,ENHOGAR,2026-08-02,07,0762,U,49,F,6,6972.00
VIDEO-002538,ENHOGAR,2026-08-03,08,0863,R,56,M,1,7109.00
VIDEO-002539,ENHOGAR,2026-08-04,09,0964,U,63,X,4,7246.00
VIDEO-002540,ENHOGAR,2026-08-05,10,1065,U,70,NR,7,7383.00
VIDEO-002541,ENHOGAR,2026-08-06,11,1166,R,77,F,2,7520.00
VIDEO-002542,ENHOGAR,2026-08-07,12,1267,U,84,M,5,7657.00
VIDEO-002543,ENHOGAR,2026-08-08,13,1368,U,18,X,8,7794.00
VIDEO-002544,ENHOGAR,2026-08-09,14,1469,R,25,NR,3,7931.00
VIDEO-002545,ENHOGAR,2026-08-10,15,1570,U,32,F,6,8068.00
VIDEO-002546,ENHOGAR,2026-08-11,16,1671,U,39,M,1,8205.00
VIDEO-002547,ENHOGAR,2026-08-12,17,1772,R,46,X,4,8342.00
VIDEO-002548,ENHOGAR,2026-08-13,18,1873,U,53,NR,7,8479.00
VIDEO-002549,ENHOGAR,2026-08-14,19,1974,U,60,F,2,1016.00
VIDEO-002550,ENHOGAR,2026-08-15,20,2075,R,67,M,5,1153.00
VIDEO-002551,ENHOGAR,2026-08-16,21,2176,U,74,X,8,1290.00
VIDEO-002552,ENHOGAR,2026-08-17,22,2277,U,81,NR,3,1427.00
VIDEO-002553,ENHOGAR,2026-08-18,01,0178,R,88,F,6,1564.00
VIDEO-002554,ENHOGAR,2026-08-19,02,0279,U,22,M,1,1701.00
VIDEO-002555,ENHOGAR,2026-08-20,03,0380,U,29,X,4,1838.00
VIDEO-002556,ENHOGAR,2026-08-01,04,0481,R,36,NR,7,1975.00
VIDEO-002557,ENHOGAR,2026-08-02,05,0582,U,43,F,2,2112.00
VIDEO-002558,ENHOGAR,2026-08-03,06,0683,U,50,M,5,2249.00
VIDEO-002559,ENHOGAR,2026-08-04,07,0784,R,57,X,8,2386.00
VIDEO-002560,ENHOGAR,2026-08-05,08,0885,U,64,NR,3,2523.00
VIDEO-002561,ENHOGAR,2026-08-06,09,0986,U,71,F,6,2660.00
VIDEO-002562,ENHOGAR,2026-08-07,10,1087,R,78,M,1,2797.00
VIDEO-002563,ENHOGAR,2026-08-08,11,1188,U,85,X,4,2934.00
VIDEO-002564,ENHOGAR,2026-08-09,12,1289,U,19,NR,7,3071.00
VIDEO-002565,ENHOGAR,2026-08-10,13,1390,R,26,F,2,3208.00
VIDEO-002566,ENHOGAR,2026-08-11,14,1491,U,33,M,5,3345.00
VIDEO-002567,ENHOGAR,2026-08-12,15,1592,U,40,X,8,3482.00
VIDEO-002568,ENHOGAR,2026-08-13,16,1693,R,47,NR,3,3619.00
VIDEO-002569,ENHOGAR,2026-08-14,17,1794,U,54,F,6,3756.00
VIDEO-002570,ENHOGAR,2026-08-15,18,1895,U,61,M,1,3893.00
VIDEO-002571,ENHOGAR,2026-08-16,19,1996,R,68,X,4,4030.00
VIDEO-002572,ENHOGAR,2026-08-17,20,2097,U,75,NR,7,4167.00
VIDEO-002573,ENHOGAR,2026-08-18,21,2198,U,82,F,2,4304.00
VIDEO-002574,ENHOGAR,2026-08-19,22,2299,R,89,M,5,4441.00
VIDEO-002575,ENHOGAR,2026-08-20,01,0101,U,23,X,8,4578.00
VIDEO-002576,ENHOGAR,2026-08-01,02,0202,U,30,NR,3,4715.00
VIDEO-002577,ENHOGAR,2026-08-02,03,0303,R,37,F,6,4852.00
VIDEO-002578,ENHOGAR,2026-08-03,04,0404,U,44,M,1,4989.00
VIDEO-002579,ENHOGAR,2026-08-04,05,0505,U,51,X,4,5126.00
VIDEO-002580,ENHOGAR,2026-08-05,06,0606,R,58,NR,7,5263.00
VIDEO-002581,ENHOGAR,2026-08-06,07,0707,U,65,F,2,5400.00
VIDEO-002582,ENHOGAR,2026-08-07,08,0808,U,72,M,5,5537.00
VIDEO-002583,ENHOGAR,2026-08-08,09,0909,R,79,X,8,5674.00
VIDEO-002584,ENHOGAR,2026-08-09,10,1010,U,86,NR,3,5811.00
VIDEO-002585,ENHOGAR,2026-08-10,11,1111,U,20,F,6,5948.00
VIDEO-002586,ENHOGAR,2026-08-11,12,1212,R,27,M,1,6085.00
VIDEO-002587,ENHOGAR,2026-08-12,13,1313,U,34,X,4,6222.00
VIDEO-002588,ENHOGAR,2026-08-13,14,1414,U,41,NR,7,6359.00
VIDEO-002589,ENHOGAR,2026-08-14,15,1515,R,48,F,2,6496.00
VIDEO-002590,ENHOGAR,2026-08-15,16,1616,U,55,M,5,6633.00
VIDEO-002591,ENHOGAR,2026-08-16,17,1717,U,62,X,8,6770.00
VIDEO-002592,ENHOGAR,2026-08-17,18,1818,R,69,NR,3,6907.00
VIDEO-002593,ENHOGAR,2026-08-18,19,1919,U,76,F,6,7044.00
VIDEO-002594,ENHOGAR,2026-08-19,20,2020,U,83,M,1,7181.00
VIDEO-002595,ENHOGAR,2026-08-20,21,2121,R,90,X,4,7318.00
VIDEO-002596,ENHOGAR,2026-08-01,22,2222,U,24,NR,7,7455.00
VIDEO-002597,ENHOGAR,2026-08-02,01,0123,U,31,F,2,7592.00
VIDEO-002598,ENHOGAR,2026-08-03,02,0224,R,38,M,5,7729.00
VIDEO-002599,ENHOGAR,2026-08-04,03,0325,U,45,X,8,7866.00
VIDEO-002600,ENHOGAR,2026-08-05,04,0426,U,52,NR,3,8003.00
VIDEO-002601,ENHOGAR,2026-08-06,05,0527,R,59,F,6,8140.00
VIDEO-002602,ENHOGAR,2026-08-07,06,0628,U,66,M,1,8277.00
VIDEO-002603,ENHOGAR,2026-08-08,07,0729,U,73,X,4,8414.00
VIDEO-002604,ENHOGAR,2026-08-09,08,0830,R,80,NR,7,951.00
VIDEO-002605,ENHOGAR,2026-08-10,09,0931,U,87,F,2,1088.00
VIDEO-002606,ENHOGAR,2026-08-11,10,1032,U,21,M,5,1225.00
VIDEO-002607,ENHOGAR,2026-08-12,11,1133,R,28,X,8,1362.00
VIDEO-002608,ENHOGAR,2026-08-13,12,1234,U,35,NR,3,1499.00
VIDEO-002609,ENHOGAR,2026-08-14,13,1335,U,42,F,6,1636.00
VIDEO-002610,ENHOGAR,2026-08-15,14,1436,R,49,M,1,1773.00
VIDEO-002611,ENHOGAR,2026-08-16,15,1537,U,56,X,4,1910.00
VIDEO-002612,ENHOGAR,2026-08-17,16,1638,U,63,NR,7,2047.00
VIDEO-002613,ENHOGAR,2026-08-18,17,1739,R,70,F,2,2184.00
VIDEO-002614,ENHOGAR,2026-08-19,18,1840,U,77,M,5,2321.00
VIDEO-002615,ENHOGAR,2026-08-20,19,1941,U,84,X,8,2458.00
VIDEO-002616,ENHOGAR,2026-08-01,20,2042,R,18,NR,3,2595.00
VIDEO-002617,ENHOGAR,2026-08-02,21,2143,U,25,F,6,2732.00
VIDEO-002618,ENHOGAR,2026-08-03,22,2244,U,32,M,1,2869.00
VIDEO-002619,ENHOGAR,2026-08-04,01,0145,R,39,X,4,3006.00
VIDEO-002620,ENHOGAR,2026-08-05,02,0246,U,46,NR,7,3143.00
VIDEO-002621,ENHOGAR,2026-08-06,03,0347,U,53,F,2,3280.00
VIDEO-002622,ENHOGAR,2026-08-07,04,0448,R,60,M,5,3417.00
VIDEO-002623,ENHOGAR,2026-08-08,05,0549,U,67,X,8,3554.00
VIDEO-002624,ENHOGAR,2026-08-09,06,0650,U,74,NR,3,3691.00
VIDEO-002625,ENHOGAR,2026-08-10,07,0751,R,81,F,6,3828.00
VIDEO-002626,ENHOGAR,2026-08-11,08,0852,U,88,M,1,3965.00
VIDEO-002627,ENHOGAR,2026-08-12,09,0953,U,22,X,4,4102.00
VIDEO-002628,ENHOGAR,2026-08-13,10,1054,R,29,NR,7,4239.00
VIDEO-002629,ENHOGAR,2026-08-14,11,1155,U,36,F,2,4376.00
VIDEO-002630,ENHOGAR,2026-08-15,12,1256,U,43,M,5,4513.00
VIDEO-002631,ENHOGAR,2026-08-16,13,1357,R,50,X,8,4650.00
VIDEO-002632,ENHOGAR,2026-08-17,14,1458,U,57,NR,3,4787.00
VIDEO-002633,ENHOGAR,2026-08-18,15,1559,U,64,F,6,4924.00
VIDEO-002634,ENHOGAR,2026-08-19,16,1660,R,71,M,1,5061.00
VIDEO-002635,ENHOGAR,2026-08-20,17,1761,U,78,X,4,5198.00
VIDEO-002636,ENHOGAR,2026-08-01,18,1862,U,85,NR,7,5335.00
VIDEO-002637,ENHOGAR,2026-08-02,19,1963,R,19,F,2,5472.00
VIDEO-002638,ENHOGAR,2026-08-03,20,2064,U,26,M,5,5609.00
VIDEO-002639,ENHOGAR,2026-08-04,21,2165,U,33,X,8,5746.00
VIDEO-002640,ENHOGAR,2026-08-05,22,2266,R,40,NR,3,5883.00
VIDEO-002641,ENHOGAR,2026-08-06,01,0167,U,47,F,6,6020.00
VIDEO-002642,ENHOGAR,2026-08-07,02,0268,U,54,M,1,6157.00
VIDEO-002643,ENHOGAR,2026-08-08,03,0369,R,61,X,4,6294.00
VIDEO-002644,ENHOGAR,2026-08-09,04,0470,U,68,NR,7,6431.00
VIDEO-002645,ENHOGAR,2026-08-10,05,0571,U,75,F,2,6568.00
VIDEO-002646,ENHOGAR,2026-08-11,06,0672,R,82,M,5,6705.00
VIDEO-002647,ENHOGAR,2026-08-12,07,0773,U,89,X,8,6842.00
VIDEO-002648,ENHOGAR,2026-08-13,08,0874,U,23,NR,3,6979.00
VIDEO-002649,ENHOGAR,2026-08-14,09,0975,R,30,F,6,7116.00
VIDEO-002650,ENHOGAR,2026-08-15,10,1076,U,37,M,1,7253.00
VIDEO-002651,ENHOGAR,2026-08-16,11,1177,U,44,X,4,7390.00
VIDEO-002652,ENHOGAR,2026-08-17,12,1278,R,51,NR,7,7527.00
VIDEO-002653,ENHOGAR,2026-08-18,13,1379,U,58,F,2,7664.00
VIDEO-002654,ENHOGAR,2026-08-19,14,1480,U,65,M,5,7801.00
VIDEO-002655,ENHOGAR,2026-08-20,15,1581,R,72,X,8,7938.00
VIDEO-002656,ENHOGAR,2026-08-01,16,1682,U,79,NR,3,8075.00
VIDEO-002657,ENHOGAR,2026-08-02,17,1783,U,86,F,6,8212.00
VIDEO-002658,ENHOGAR,2026-08-03,18,1884,R,20,M,1,8349.00
VIDEO-002659,ENHOGAR,2026-08-04,19,1985,U,27,X,4,8486.00
VIDEO-002660,ENHOGAR,2026-08-05,20,2086,U,34,NR,7,1023.00
VIDEO-002661,ENHOGAR,2026-08-06,21,2187,R,41,F,2,1160.00
VIDEO-002662,ENHOGAR,2026-08-07,22,2288,U,48,M,5,1297.00
VIDEO-002663,ENHOGAR,2026-08-08,01,0189,U,55,X,8,1434.00
VIDEO-002664,ENHOGAR,2026-08-09,02,0290,R,62,NR,3,1571.00
VIDEO-002665,ENHOGAR,2026-08-10,03,0391,U,69,F,6,1708.00
VIDEO-002666,ENHOGAR,2026-08-11,04,0492,U,76,M,1,1845.00
VIDEO-002667,ENHOGAR,2026-08-12,05,0593,R,83,X,4,1982.00
VIDEO-002668,ENHOGAR,2026-08-13,06,0694,U,90,NR,7,2119.00
VIDEO-002669,ENHOGAR,2026-08-14,07,0795,U,24,F,2,2256.00
VIDEO-002670,ENHOGAR,2026-08-15,08,0896,R,31,M,5,2393.00
VIDEO-002671,ENHOGAR,2026-08-16,09,0997,U,38,X,8,2530.00
VIDEO-002672,ENHOGAR,2026-08-17,10,1098,U,45,NR,3,2667.00
VIDEO-002673,ENHOGAR,2026-08-18,11,1199,R,52,F,6,2804.00
VIDEO-002674,ENHOGAR,2026-08-19,12,1201,U,59,M,1,2941.00
VIDEO-002675,ENHOGAR,2026-08-20,13,1302,U,66,X,4,3078.00
VIDEO-002676,ENHOGAR,2026-08-01,14,1403,R,73,NR,7,3215.00
VIDEO-002677,ENHOGAR,2026-08-02,15,1504,U,80,F,2,3352.00
VIDEO-002678,ENHOGAR,2026-08-03,16,1605,U,87,M,5,3489.00
VIDEO-002679,ENHOGAR,2026-08-04,17,1706,R,21,X,8,3626.00
VIDEO-002680,ENHOGAR,2026-08-05,18,1807,U,28,NR,3,3763.00
VIDEO-002681,ENHOGAR,2026-08-06,19,1908,U,35,F,6,3900.00
VIDEO-002682,ENHOGAR,2026-08-07,20,2009,R,42,M,1,4037.00
VIDEO-002683,ENHOGAR,2026-08-08,21,2110,U,49,X,4,4174.00
VIDEO-002684,ENHOGAR,2026-08-09,22,2211,U,56,NR,7,4311.00
VIDEO-002685,ENHOGAR,2026-08-10,01,0112,R,63,F,2,4448.00
VIDEO-002686,ENHOGAR,2026-08-11,02,0213,U,70,M,5,4585.00
VIDEO-002687,ENHOGAR,2026-08-12,03,0314,U,77,X,8,4722.00
VIDEO-002688,ENHOGAR,2026-08-13,04,0415,R,84,NR,3,4859.00
VIDEO-002689,ENHOGAR,2026-08-14,05,0516,U,18,F,6,4996.00
VIDEO-002690,ENHOGAR,2026-08-15,06,0617,U,25,M,1,5133.00
VIDEO-002691,ENHOGAR,2026-08-16,07,0718,R,32,X,4,5270.00
VIDEO-002692,ENHOGAR,2026-08-17,08,0819,U,39,NR,7,5407.00
VIDEO-002693,ENHOGAR,2026-08-18,09,0920,U,46,F,2,5544.00
VIDEO-002694,ENHOGAR,2026-08-19,10,1021,R,53,M,5,5681.00
VIDEO-002695,ENHOGAR,2026-08-20,11,1122,U,60,X,8,5818.00
VIDEO-002696,ENHOGAR,2026-08-01,12,1223,U,67,NR,3,5955.00
VIDEO-002697,ENHOGAR,2026-08-02,13,1324,R,74,F,6,6092.00
VIDEO-002698,ENHOGAR,2026-08-03,14,1425,U,81,M,1,6229.00
VIDEO-002699,ENHOGAR,2026-08-04,15,1526,U,88,X,4,6366.00
VIDEO-002700,ENHOGAR,2026-08-05,16,1627,R,22,NR,7,6503.00
VIDEO-002701,ENHOGAR,2026-08-06,17,1728,U,29,F,2,6640.00
VIDEO-002702,ENHOGAR,2026-08-07,18,1829,U,36,M,5,6777.00
VIDEO-002703,ENHOGAR,2026-08-08,19,1930,R,43,X,8,6914.00
VIDEO-002704,ENHOGAR,2026-08-09,20,2031,U,50,NR,3,7051.00
VIDEO-002705,ENHOGAR,2026-08-10,21,2132,U,57,F,6,7188.00
VIDEO-002706,ENHOGAR,2026-08-11,22,2233,R,64,M,1,7325.00
VIDEO-002707,ENHOGAR,2026-08-12,01,0134,U,71,X,4,7462.00
VIDEO-002708,ENHOGAR,2026-08-13,02,0235,U,78,NR,7,7599.00
VIDEO-002709,ENHOGAR,2026-08-14,03,0336,R,85,F,2,7736.00
VIDEO-002710,ENHOGAR,2026-08-15,04,0437,U,19,M,5,7873.00
VIDEO-002711,ENHOGAR,2026-08-16,05,0538,U,26,X,8,8010.00
VIDEO-002712,ENHOGAR,2026-08-17,06,0639,R,33,NR,3,8147.00
VIDEO-002713,ENHOGAR,2026-08-18,07,0740,U,40,F,6,8284.00
VIDEO-002714,ENHOGAR,2026-08-19,08,0841,U,47,M,1,8421.00
VIDEO-002715,ENHOGAR,2026-08-20,09,0942,R,54,X,4,958.00
VIDEO-002716,ENHOGAR,2026-08-01,10,1043,U,61,NR,7,1095.00
VIDEO-002717,ENHOGAR,2026-08-02,11,1144,U,68,F,2,1232.00
VIDEO-002718,ENHOGAR,2026-08-03,12,1245,R,75,M,5,1369.00
VIDEO-002719,ENHOGAR,2026-08-04,13,1346,U,82,X,8,1506.00
VIDEO-002720,ENHOGAR,2026-08-05,14,1447,U,89,NR,3,1643.00
VIDEO-002721,ENHOGAR,2026-08-06,15,1548,R,23,F,6,1780.00
VIDEO-002722,ENHOGAR,2026-08-07,16,1649,U,30,M,1,1917.00
VIDEO-002723,ENHOGAR,2026-08-08,17,1750,U,37,X,4,2054.00
VIDEO-002724,ENHOGAR,2026-08-09,18,1851,R,44,NR,7,2191.00
VIDEO-002725,ENHOGAR,2026-08-10,19,1952,U,51,F,2,2328.00
VIDEO-002726,ENHOGAR,2026-08-11,20,2053,U,58,M,5,2465.00
VIDEO-002727,ENHOGAR,2026-08-12,21,2154,R,65,X,8,2602.00
VIDEO-002728,ENHOGAR,2026-08-13,22,2255,U,72,NR,3,2739.00
VIDEO-002729,ENHOGAR,2026-08-14,01,0156,U,79,F,6,2876.00
VIDEO-002730,ENHOGAR,2026-08-15,02,0257,R,86,M,1,3013.00
VIDEO-002731,ENHOGAR,2026-08-16,03,0358,U,20,X,4,3150.00
VIDEO-002732,ENHOGAR,2026-08-17,04,0459,U,27,NR,7,3287.00
VIDEO-002733,ENHOGAR,2026-08-18,05,0560,R,34,F,2,3424.00
VIDEO-002734,ENHOGAR,2026-08-19,06,0661,U,41,M,5,3561.00
VIDEO-002735,ENHOGAR,2026-08-20,07,0762,U,48,X,8,3698.00
VIDEO-002736,ENHOGAR,2026-08-01,08,0863,R,55,NR,3,3835.00
VIDEO-002737,ENHOGAR,2026-08-02,09,0964,U,62,F,6,3972.00
VIDEO-002738,ENHOGAR,2026-08-03,10,1065,U,69,M,1,4109.00
VIDEO-002739,ENHOGAR,2026-08-04,11,1166,R,76,X,4,4246.00
VIDEO-002740,ENHOGAR,2026-08-05,12,1267,U,83,NR,7,4383.00
VIDEO-002741,ENHOGAR,2026-08-06,13,1368,U,90,F,2,4520.00
VIDEO-002742,ENHOGAR,2026-08-07,14,1469,R,24,M,5,4657.00
VIDEO-002743,ENHOGAR,2026-08-08,15,1570,U,31,X,8,4794.00
VIDEO-002744,ENHOGAR,2026-08-09,16,1671,U,38,NR,3,4931.00
VIDEO-002745,ENHOGAR,2026-08-10,17,1772,R,45,F,6,5068.00
VIDEO-002746,ENHOGAR,2026-08-11,18,1873,U,52,M,1,5205.00
VIDEO-002747,ENHOGAR,2026-08-12,19,1974,U,59,X,4,5342.00
VIDEO-002748,ENHOGAR,2026-08-13,20,2075,R,66,NR,7,5479.00
VIDEO-002749,ENHOGAR,2026-08-14,21,2176,U,73,F,2,5616.00
VIDEO-002750,ENHOGAR,2026-08-15,22,2277,U,80,M,5,5753.00
VIDEO-002751,ENHOGAR,2026-08-16,01,0178,R,87,X,8,5890.00
VIDEO-002752,ENHOGAR,2026-08-17,02,0279,U,21,NR,3,6027.00
VIDEO-002753,ENHOGAR,2026-08-18,03,0380,U,28,F,6,6164.00
VIDEO-002754,ENHOGAR,2026-08-19,04,0481,R,35,M,1,6301.00
VIDEO-002755,ENHOGAR,2026-08-20,05,0582,U,42,X,4,6438.00
VIDEO-002756,ENHOGAR,2026-08-01,06,0683,U,49,NR,7,6575.00
VIDEO-002757,ENHOGAR,2026-08-02,07,0784,R,56,F,2,6712.00
VIDEO-002758,ENHOGAR,2026-08-03,08,0885,U,63,M,5,6849.00
VIDEO-002759,ENHOGAR,2026-08-04,09,0986,U,70,X,8,6986.00
VIDEO-002760,ENHOGAR,2026-08-05,10,1087,R,77,NR,3,7123.00
VIDEO-002761,ENHOGAR,2026-08-06,11,1188,U,84,F,6,7260.00
VIDEO-002762,ENHOGAR,2026-08-07,12,1289,U,18,M,1,7397.00
VIDEO-002763,ENHOGAR,2026-08-08,13,1390,R,25,X,4,7534.00
VIDEO-002764,ENHOGAR,2026-08-09,14,1491,U,32,NR,7,7671.00
VIDEO-002765,ENHOGAR,2026-08-10,15,1592,U,39,F,2,7808.00
VIDEO-002766,ENHOGAR,2026-08-11,16,1693,R,46,M,5,7945.00
VIDEO-002767,ENHOGAR,2026-08-12,17,1794,U,53,X,8,8082.00
VIDEO-002768,ENHOGAR,2026-08-13,18,1895,U,60,NR,3,8219.00
VIDEO-002769,ENHOGAR,2026-08-14,19,1996,R,67,F,6,8356.00
VIDEO-002770,ENHOGAR,2026-08-15,20,2097,U,74,M,1,8493.00
VIDEO-002771,ENHOGAR,2026-08-16,21,2198,U,81,X,4,1030.00
VIDEO-002772,ENHOGAR,2026-08-17,22,2299,R,88,NR,7,1167.00
VIDEO-002773,ENHOGAR,2026-08-18,01,0101,U,22,F,2,1304.00
VIDEO-002774,ENHOGAR,2026-08-19,02,0202,U,29,M,5,1441.00
VIDEO-002775,ENHOGAR,2026-08-20,03,0303,R,36,X,8,1578.00
VIDEO-002776,ENHOGAR,2026-08-01,04,0404,U,43,NR,3,1715.00
VIDEO-002777,ENHOGAR,2026-08-02,05,0505,U,50,F,6,1852.00
VIDEO-002778,ENHOGAR,2026-08-03,06,0606,R,57,M,1,1989.00
VIDEO-002779,ENHOGAR,2026-08-04,07,0707,U,64,X,4,2126.00
VIDEO-002780,ENHOGAR,2026-08-05,08,0808,U,71,NR,7,2263.00
VIDEO-002781,ENHOGAR,2026-08-06,09,0909,R,78,F,2,2400.00
VIDEO-002782,ENHOGAR,2026-08-07,10,1010,U,85,M,5,2537.00
VIDEO-002783,ENHOGAR,2026-08-08,11,1111,U,19,X,8,2674.00
VIDEO-002784,ENHOGAR,2026-08-09,12,1212,R,26,NR,3,2811.00
VIDEO-002785,ENHOGAR,2026-08-10,13,1313,U,33,F,6,2948.00
VIDEO-002786,ENHOGAR,2026-08-11,14,1414,U,40,M,1,3085.00
VIDEO-002787,ENHOGAR,2026-08-12,15,1515,R,47,X,4,3222.00
VIDEO-002788,ENHOGAR,2026-08-13,16,1616,U,54,NR,7,3359.00
VIDEO-002789,ENHOGAR,2026-08-14,17,1717,U,61,F,2,3496.00
VIDEO-002790,ENHOGAR,2026-08-15,18,1818,R,68,M,5,3633.00
VIDEO-002791,ENHOGAR,2026-08-16,19,1919,U,75,X,8,3770.00
VIDEO-002792,ENHOGAR,2026-08-17,20,2020,U,82,NR,3,3907.00
VIDEO-002793,ENHOGAR,2026-08-18,21,2121,R,89,F,6,4044.00
VIDEO-002794,ENHOGAR,2026-08-19,22,2222,U,23,M,1,4181.00
VIDEO-002795,ENHOGAR,2026-08-20,01,0123,U,30,X,4,4318.00
VIDEO-002796,ENHOGAR,2026-08-01,02,0224,R,37,NR,7,4455.00
VIDEO-002797,ENHOGAR,2026-08-02,03,0325,U,44,F,2,4592.00
VIDEO-002798,ENHOGAR,2026-08-03,04,0426,U,51,M,5,4729.00
VIDEO-002799,ENHOGAR,2026-08-04,05,0527,R,58,X,8,4866.00
VIDEO-002800,ENHOGAR,2026-08-05,06,0628,U,65,NR,3,5003.00
VIDEO-002801,ENHOGAR,2026-08-06,07,0729,U,72,F,6,5140.00
VIDEO-002802,ENHOGAR,2026-08-07,08,0830,R,79,M,1,5277.00
VIDEO-002803,ENHOGAR,2026-08-08,09,0931,U,86,X,4,5414.00
VIDEO-002804,ENHOGAR,2026-08-09,10,1032,U,20,NR,7,5551.00
VIDEO-002805,ENHOGAR,2026-08-10,11,1133,R,27,F,2,5688.00
VIDEO-002806,ENHOGAR,2026-08-11,12,1234,U,34,M,5,5825.00
VIDEO-002807,ENHOGAR,2026-08-12,13,1335,U,41,X,8,5962.00
VIDEO-002808,ENHOGAR,2026-08-13,14,1436,R,48,NR,3,6099.00
VIDEO-002809,ENHOGAR,2026-08-14,15,1537,U,55,F,6,6236.00
VIDEO-002810,ENHOGAR,2026-08-15,16,1638,U,62,M,1,6373.00
VIDEO-002811,ENHOGAR,2026-08-16,17,1739,R,69,X,4,6510.00
VIDEO-002812,ENHOGAR,2026-08-17,18,1840,U,76,NR,7,6647.00
VIDEO-002813,ENHOGAR,2026-08-18,19,1941,U,83,F,2,6784.00
VIDEO-002814,ENHOGAR,2026-08-19,20,2042,R,90,M,5,6921.00
VIDEO-002815,ENHOGAR,2026-08-20,21,2143,U,24,X,8,7058.00
VIDEO-002816,ENHOGAR,2026-08-01,22,2244,U,31,NR,3,7195.00
VIDEO-002817,ENHOGAR,2026-08-02,01,0145,R,38,F,6,7332.00
VIDEO-002818,ENHOGAR,2026-08-03,02,0246,U,45,M,1,7469.00
VIDEO-002819,ENHOGAR,2026-08-04,03,0347,U,52,X,4,7606.00
VIDEO-002820,ENHOGAR,2026-08-05,04,0448,R,59,NR,7,7743.00
VIDEO-002821,ENHOGAR,2026-08-06,05,0549,U,66,F,2,7880.00
VIDEO-002822,ENHOGAR,2026-08-07,06,0650,U,73,M,5,8017.00
VIDEO-002823,ENHOGAR,2026-08-08,07,0751,R,80,X,8,8154.00
VIDEO-002824,ENHOGAR,2026-08-09,08,0852,U,87,NR,3,8291.00
VIDEO-002825,ENHOGAR,2026-08-10,09,0953,U,21,F,6,8428.00
VIDEO-002826,ENHOGAR,2026-08-11,10,1054,R,28,M,1,965.00
VIDEO-002827,ENHOGAR,2026-08-12,11,1155,U,35,X,4,1102.00
VIDEO-002828,ENHOGAR,2026-08-13,12,1256,U,42,NR,7,1239.00
VIDEO-002829,ENHOGAR,2026-08-14,13,1357,R,49,F,2,1376.00
VIDEO-002830,ENHOGAR,2026-08-15,14,1458,U,56,M,5,1513.00
VIDEO-002831,ENHOGAR,2026-08-16,15,1559,U,63,X,8,1650.00
VIDEO-002832,ENHOGAR,2026-08-17,16,1660,R,70,NR,3,1787.00
VIDEO-002833,ENHOGAR,2026-08-18,17,1761,U,77,F,6,1924.00
VIDEO-002834,ENHOGAR,2026-08-19,18,1862,U,84,M,1,2061.00
VIDEO-002835,ENHOGAR,2026-08-20,19,1963,R,18,X,4,2198.00
VIDEO-002836,ENHOGAR,2026-08-01,20,2064,U,25,NR,7,2335.00
VIDEO-002837,ENHOGAR,2026-08-02,21,2165,U,32,F,2,2472.00
VIDEO-002838,ENHOGAR,2026-08-03,22,2266,R,39,M,5,2609.00
VIDEO-002839,ENHOGAR,2026-08-04,01,0167,U,46,X,8,2746.00
VIDEO-002840,ENHOGAR,2026-08-05,02,0268,U,53,NR,3,2883.00
VIDEO-002841,ENHOGAR,2026-08-06,03,0369,R,60,F,6,3020.00
VIDEO-002842,ENHOGAR,2026-08-07,04,0470,U,67,M,1,3157.00
VIDEO-002843,ENHOGAR,2026-08-08,05,0571,U,74,X,4,3294.00
VIDEO-002844,ENHOGAR,2026-08-09,06,0672,R,81,NR,7,3431.00
VIDEO-002845,ENHOGAR,2026-08-10,07,0773,U,88,F,2,3568.00
VIDEO-002846,ENHOGAR,2026-08-11,08,0874,U,22,M,5,3705.00
VIDEO-002847,ENHOGAR,2026-08-12,09,0975,R,29,X,8,3842.00
VIDEO-002848,ENHOGAR,2026-08-13,10,1076,U,36,NR,3,3979.00
VIDEO-002849,ENHOGAR,2026-08-14,11,1177,U,43,F,6,4116.00
VIDEO-002850,ENHOGAR,2026-08-15,12,1278,R,50,M,1,4253.00
VIDEO-002851,ENHOGAR,2026-08-16,13,1379,U,57,X,4,4390.00
VIDEO-002852,ENHOGAR,2026-08-17,14,1480,U,64,NR,7,4527.00
VIDEO-002853,ENHOGAR,2026-08-18,15,1581,R,71,F,2,4664.00
VIDEO-002854,ENHOGAR,2026-08-19,16,1682,U,78,M,5,4801.00
VIDEO-002855,ENHOGAR,2026-08-20,17,1783,U,85,X,8,4938.00
VIDEO-002856,ENHOGAR,2026-08-01,18,1884,R,19,NR,3,5075.00
VIDEO-002857,ENHOGAR,2026-08-02,19,1985,U,26,F,6,5212.00
VIDEO-002858,ENHOGAR,2026-08-03,20,2086,U,33,M,1,5349.00
VIDEO-002859,ENHOGAR,2026-08-04,21,2187,R,40,X,4,5486.00
VIDEO-002860,ENHOGAR,2026-08-05,22,2288,U,47,NR,7,5623.00
VIDEO-002861,ENHOGAR,2026-08-06,01,0189,U,54,F,2,5760.00
VIDEO-002862,ENHOGAR,2026-08-07,02,0290,R,61,M,5,5897.00
VIDEO-002863,ENHOGAR,2026-08-08,03,0391,U,68,X,8,6034.00
VIDEO-002864,ENHOGAR,2026-08-09,04,0492,U,75,NR,3,6171.00
VIDEO-002865,ENHOGAR,2026-08-10,05,0593,R,82,F,6,6308.00
VIDEO-002866,ENHOGAR,2026-08-11,06,0694,U,89,M,1,6445.00
VIDEO-002867,ENHOGAR,2026-08-12,07,0795,U,23,X,4,6582.00
VIDEO-002868,ENHOGAR,2026-08-13,08,0896,R,30,NR,7,6719.00
VIDEO-002869,ENHOGAR,2026-08-14,09,0997,U,37,F,2,6856.00
VIDEO-002870,ENHOGAR,2026-08-15,10,1098,U,44,M,5,6993.00
VIDEO-002871,ENHOGAR,2026-08-16,11,1199,R,51,X,8,7130.00
VIDEO-002872,ENHOGAR,2026-08-17,12,1201,U,58,NR,3,7267.00
VIDEO-002873,ENHOGAR,2026-08-18,13,1302,U,65,F,6,7404.00
VIDEO-002874,ENHOGAR,2026-08-19,14,1403,R,72,M,1,7541.00
VIDEO-002875,ENHOGAR,2026-08-20,15,1504,U,79,X,4,7678.00
VIDEO-002876,ENHOGAR,2026-08-01,16,1605,U,86,NR,7,7815.00
VIDEO-002877,ENHOGAR,2026-08-02,17,1706,R,20,F,2,7952.00
VIDEO-002878,ENHOGAR,2026-08-03,18,1807,U,27,M,5,8089.00
VIDEO-002879,ENHOGAR,2026-08-04,19,1908,U,34,X,8,8226.00
VIDEO-002880,ENHOGAR,2026-08-05,20,2009,R,41,NR,3,8363.00
VIDEO-002881,ENHOGAR,2026-08-06,21,2110,U,48,F,6,900.00
VIDEO-002882,ENHOGAR,2026-08-07,22,2211,U,55,M,1,1037.00
VIDEO-002883,ENHOGAR,2026-08-08,01,0112,R,62,X,4,1174.00
VIDEO-002884,ENHOGAR,2026-08-09,02,0213,U,69,NR,7,1311.00
VIDEO-002885,ENHOGAR,2026-08-10,03,0314,U,76,F,2,1448.00
VIDEO-002886,ENHOGAR,2026-08-11,04,0415,R,83,M,5,1585.00
VIDEO-002887,ENHOGAR,2026-08-12,05,0516,U,90,X,8,1722.00
VIDEO-002888,ENHOGAR,2026-08-13,06,0617,U,24,NR,3,1859.00
VIDEO-002889,ENHOGAR,2026-08-14,07,0718,R,31,F,6,1996.00
VIDEO-002890,ENHOGAR,2026-08-15,08,0819,U,38,M,1,2133.00
VIDEO-002891,ENHOGAR,2026-08-16,09,0920,U,45,X,4,2270.00
VIDEO-002892,ENHOGAR,2026-08-17,10,1021,R,52,NR,7,2407.00
VIDEO-002893,ENHOGAR,2026-08-18,11,1122,U,59,F,2,2544.00
VIDEO-002894,ENHOGAR,2026-08-19,12,1223,U,66,M,5,2681.00
VIDEO-002895,ENHOGAR,2026-08-20,13,1324,R,73,X,8,2818.00
VIDEO-002896,ENHOGAR,2026-08-01,14,1425,U,80,NR,3,2955.00
VIDEO-002897,ENHOGAR,2026-08-02,15,1526,U,87,F,6,3092.00
VIDEO-002898,ENHOGAR,2026-08-03,16,1627,R,21,M,1,3229.00
VIDEO-002899,ENHOGAR,2026-08-04,17,1728,U,28,X,4,3366.00
VIDEO-002900,ENHOGAR,2026-08-05,18,1829,U,35,NR,7,3503.00
VIDEO-002901,ENHOGAR,2026-08-06,19,1930,R,42,F,2,3640.00
VIDEO-002902,ENHOGAR,2026-08-07,20,2031,U,49,M,5,3777.00
VIDEO-002903,ENHOGAR,2026-08-08,21,2132,U,56,X,8,3914.00
VIDEO-002904,ENHOGAR,2026-08-09,22,2233,R,63,NR,3,4051.00
VIDEO-002905,ENHOGAR,2026-08-10,01,0134,U,70,F,6,4188.00
VIDEO-002906,ENHOGAR,2026-08-11,02,0235,U,77,M,1,4325.00
VIDEO-002907,ENHOGAR,2026-08-12,03,0336,R,84,X,4,4462.00
VIDEO-002908,ENHOGAR,2026-08-13,04,0437,U,18,NR,7,4599.00
VIDEO-002909,ENHOGAR,2026-08-14,05,0538,U,25,F,2,4736.00
VIDEO-002910,ENHOGAR,2026-08-15,06,0639,R,32,M,5,4873.00
VIDEO-002911,ENHOGAR,2026-08-16,07,0740,U,39,X,8,5010.00
VIDEO-002912,ENHOGAR,2026-08-17,08,0841,U,46,NR,3,5147.00
VIDEO-002913,ENHOGAR,2026-08-18,09,0942,R,53,F,6,5284.00
VIDEO-002914,ENHOGAR,2026-08-19,10,1043,U,60,M,1,5421.00
VIDEO-002915,ENHOGAR,2026-08-20,11,1144,U,67,X,4,5558.00
VIDEO-002916,ENHOGAR,2026-08-01,12,1245,R,74,NR,7,5695.00
VIDEO-002917,ENHOGAR,2026-08-02,13,1346,U,81,F,2,5832.00
VIDEO-002918,ENHOGAR,2026-08-03,14,1447,U,88,M,5,5969.00
VIDEO-002919,ENHOGAR,2026-08-04,15,1548,R,22,X,8,6106.00
VIDEO-002920,ENHOGAR,2026-08-05,16,1649,U,29,NR,3,6243.00
VIDEO-002921,ENHOGAR,2026-08-06,17,1750,U,36,F,6,6380.00
VIDEO-002922,ENHOGAR,2026-08-07,18,1851,R,43,M,1,6517.00
VIDEO-002923,ENHOGAR,2026-08-08,19,1952,U,50,X,4,6654.00
VIDEO-002924,ENHOGAR,2026-08-09,20,2053,U,57,NR,7,6791.00
VIDEO-002925,ENHOGAR,2026-08-10,21,2154,R,64,F,2,6928.00
VIDEO-002926,ENHOGAR,2026-08-11,22,2255,U,71,M,5,7065.00
VIDEO-002927,ENHOGAR,2026-08-12,01,0156,U,78,X,8,7202.00
VIDEO-002928,ENHOGAR,2026-08-13,02,0257,R,85,NR,3,7339.00
VIDEO-002929,ENHOGAR,2026-08-14,03,0358,U,19,F,6,7476.00
VIDEO-002930,ENHOGAR,2026-08-15,04,0459,U,26,M,1,7613.00
VIDEO-002931,ENHOGAR,2026-08-16,05,0560,R,33,X,4,7750.00
VIDEO-002932,ENHOGAR,2026-08-17,06,0661,U,40,NR,7,7887.00
VIDEO-002933,ENHOGAR,2026-08-18,07,0762,U,47,F,2,8024.00
VIDEO-002934,ENHOGAR,2026-08-19,08,0863,R,54,M,5,8161.00
VIDEO-002935,ENHOGAR,2026-08-20,09,0964,U,61,X,8,8298.00
VIDEO-002936,ENHOGAR,2026-08-01,10,1065,U,68,NR,3,8435.00
VIDEO-002937,ENHOGAR,2026-08-02,11,1166,R,75,F,6,972.00
VIDEO-002938,ENHOGAR,2026-08-03,12,1267,U,82,M,1,1109.00
VIDEO-002939,ENHOGAR,2026-08-04,13,1368,U,89,X,4,1246.00
VIDEO-002940,ENHOGAR,2026-08-05,14,1469,R,23,NR,7,1383.00
VIDEO-002941,ENHOGAR,2026-08-06,15,1570,U,30,F,2,1520.00
VIDEO-002942,ENHOGAR,2026-08-07,16,1671,U,37,M,5,1657.00
VIDEO-002943,ENHOGAR,2026-08-08,17,1772,R,44,X,8,1794.00
VIDEO-002944,ENHOGAR,2026-08-09,18,1873,U,51,NR,3,1931.00
VIDEO-002945,ENHOGAR,2026-08-10,19,1974,U,58,F,6,2068.00
VIDEO-002946,ENHOGAR,2026-08-11,20,2075,R,65,M,1,2205.00
VIDEO-002947,ENHOGAR,2026-08-12,21,2176,U,72,X,4,2342.00
VIDEO-002948,ENHOGAR,2026-08-13,22,2277,U,79,NR,7,2479.00
VIDEO-002949,ENHOGAR,2026-08-14,01,0178,R,86,F,2,2616.00
VIDEO-002950,ENHOGAR,2026-08-15,02,0279,U,20,M,5,2753.00
VIDEO-002951,ENHOGAR,2026-08-16,03,0380,U,27,X,8,2890.00
VIDEO-002952,ENHOGAR,2026-08-17,04,0481,R,34,NR,3,3027.00
VIDEO-002953,ENHOGAR,2026-08-18,05,0582,U,41,F,6,3164.00
VIDEO-002954,ENHOGAR,2026-08-19,06,0683,U,48,M,1,3301.00
VIDEO-002955,ENHOGAR,2026-08-20,07,0784,R,55,X,4,3438.00
VIDEO-002956,ENHOGAR,2026-08-01,08,0885,U,62,NR,7,3575.00
VIDEO-002957,ENHOGAR,2026-08-02,09,0986,U,69,F,2,3712.00
VIDEO-002958,ENHOGAR,2026-08-03,10,1087,R,76,M,5,3849.00
VIDEO-002959,ENHOGAR,2026-08-04,11,1188,U,83,X,8,3986.00
VIDEO-002960,ENHOGAR,2026-08-05,12,1289,U,90,NR,3,4123.00
VIDEO-002961,ENHOGAR,2026-08-06,13,1390,R,24,F,6,4260.00
VIDEO-002962,ENHOGAR,2026-08-07,14,1491,U,31,M,1,4397.00
VIDEO-002963,ENHOGAR,2026-08-08,15,1592,U,38,X,4,4534.00
VIDEO-002964,ENHOGAR,2026-08-09,16,1693,R,45,NR,7,4671.00
VIDEO-002965,ENHOGAR,2026-08-10,17,1794,U,52,F,2,4808.00
VIDEO-002966,ENHOGAR,2026-08-11,18,1895,U,59,M,5,4945.00
VIDEO-002967,ENHOGAR,2026-08-12,19,1996,R,66,X,8,5082.00
VIDEO-002968,ENHOGAR,2026-08-13,20,2097,U,73,NR,3,5219.00
VIDEO-002969,ENHOGAR,2026-08-14,21,2198,U,80,F,6,5356.00
VIDEO-002970,ENHOGAR,2026-08-15,22,2299,R,87,M,1,5493.00
VIDEO-002971,ENHOGAR,2026-08-16,01,0101,U,21,X,4,5630.00
VIDEO-002972,ENHOGAR,2026-08-17,02,0202,U,28,NR,7,5767.00
VIDEO-002973,ENHOGAR,2026-08-18,03,0303,R,35,F,2,5904.00
VIDEO-002974,ENHOGAR,2026-08-19,04,0404,U,42,M,5,6041.00
VIDEO-002975,ENHOGAR,2026-08-20,05,0505,U,49,X,8,6178.00
VIDEO-002976,ENHOGAR,2026-08-01,06,0606,R,56,NR,3,6315.00
VIDEO-002977,ENHOGAR,2026-08-02,07,0707,U,63,F,6,6452.00
VIDEO-002978,ENHOGAR,2026-08-03,08,0808,U,70,M,1,6589.00
VIDEO-002979,ENHOGAR,2026-08-04,09,0909,R,77,X,4,6726.00
VIDEO-002980,ENHOGAR,2026-08-05,10,1010,U,84,NR,7,6863.00
VIDEO-002981,ENHOGAR,2026-08-06,11,1111,U,18,F,2,7000.00
VIDEO-002982,ENHOGAR,2026-08-07,12,1212,R,25,M,5,7137.00
VIDEO-002983,ENHOGAR,2026-08-08,13,1313,U,32,X,8,7274.00
VIDEO-002984,ENHOGAR,2026-08-09,14,1414,U,39,NR,3,7411.00
VIDEO-002985,ENHOGAR,2026-08-10,15,1515,R,46,F,6,7548.00
VIDEO-002986,ENHOGAR,2026-08-11,16,1616,U,53,M,1,7685.00
VIDEO-002987,ENHOGAR,2026-08-12,17,1717,U,60,X,4,7822.00
VIDEO-002988,ENHOGAR,2026-08-13,18,1818,R,67,NR,7,7959.00
VIDEO-002989,ENHOGAR,2026-08-14,19,1919,U,74,F,2,8096.00
VIDEO-002990,ENHOGAR,2026-08-15,20,2020,U,81,M,5,8233.00
VIDEO-002991,ENHOGAR,2026-08-16,21,2121,R,88,X,8,8370.00
VIDEO-002992,ENHOGAR,2026-08-17,22,2222,U,22,NR,3,907.00
VIDEO-002993,ENHOGAR,2026-08-18,01,0123,U,29,F,6,1044.00
VIDEO-002994,ENHOGAR,2026-08-19,02,0224,R,36,M,1,1181.00
VIDEO-002995,ENHOGAR,2026-08-20,03,0325,U,43,X,4,1318.00
VIDEO-002996,ENHOGAR,2026-08-01,04,0426,U,50,NR,7,1455.00
VIDEO-002997,ENHOGAR,2026-08-02,05,0527,R,57,F,2,1592.00
VIDEO-002998,ENHOGAR,2026-08-03,06,0628,U,64,M,5,1729.00
VIDEO-002999,ENHOGAR,2026-08-04,07,0729,U,71,X,8,1866.00
VIDEO-003000,ENHOGAR,2026-08-05,08,0830,R,78,NR,3,2003.00
VIDEO-003001,ENHOGAR,2026-08-06,09,0931,U,85,F,6,2140.00
VIDEO-003002,ENHOGAR,2026-08-07,10,1032,U,19,M,1,2277.00
VIDEO-003003,ENHOGAR,2026-08-08,11,1133,R,26,X,4,2414.00
VIDEO-003004,ENHOGAR,2026-08-09,12,1234,U,33,NR,7,2551.00
VIDEO-003005,ENHOGAR,2026-08-10,13,1335,U,40,F,2,2688.00
VIDEO-003006,ENHOGAR,2026-08-11,14,1436,R,47,M,5,2825.00
VIDEO-003007,ENHOGAR,2026-08-12,15,1537,U,54,X,8,2962.00
VIDEO-003008,ENHOGAR,2026-08-13,16,1638,U,61,NR,3,3099.00
VIDEO-003009,ENHOGAR,2026-08-14,17,1739,R,68,F,6,3236.00
VIDEO-003010,ENHOGAR,2026-08-15,18,1840,U,75,M,1,3373.00
VIDEO-003011,ENHOGAR,2026-08-16,19,1941,U,82,X,4,3510.00
VIDEO-003012,ENHOGAR,2026-08-17,20,2042,R,89,NR,7,3647.00
VIDEO-003013,ENHOGAR,2026-08-18,21,2143,U,23,F,2,3784.00
VIDEO-003014,ENHOGAR,2026-08-19,22,2244,U,30,M,5,3921.00
VIDEO-003015,ENHOGAR,2026-08-20,01,0145,R,37,X,8,4058.00
VIDEO-003016,ENHOGAR,2026-08-01,02,0246,U,44,NR,3,4195.00
VIDEO-003017,ENHOGAR,2026-08-02,03,0347,U,51,F,6,4332.00
VIDEO-003018,ENHOGAR,2026-08-03,04,0448,R,58,M,1,4469.00
VIDEO-003019,ENHOGAR,2026-08-04,05,0549,U,65,X,4,4606.00
VIDEO-003020,ENHOGAR,2026-08-05,06,0650,U,72,NR,7,4743.00
VIDEO-003021,ENHOGAR,2026-08-06,07,0751,R,79,F,2,4880.00
VIDEO-003022,ENHOGAR,2026-08-07,08,0852,U,86,M,5,5017.00
VIDEO-003023,ENHOGAR,2026-08-08,09,0953,U,20,X,8,5154.00
VIDEO-003024,ENHOGAR,2026-08-09,10,1054,R,27,NR,3,5291.00
VIDEO-003025,ENHOGAR,2026-08-10,11,1155,U,34,F,6,5428.00
VIDEO-003026,ENHOGAR,2026-08-11,12,1256,U,41,M,1,5565.00
VIDEO-003027,ENHOGAR,2026-08-12,13,1357,R,48,X,4,5702.00
VIDEO-003028,ENHOGAR,2026-08-13,14,1458,U,55,NR,7,5839.00
VIDEO-003029,ENHOGAR,2026-08-14,15,1559,U,62,F,2,5976.00
VIDEO-003030,ENHOGAR,2026-08-15,16,1660,R,69,M,5,6113.00
VIDEO-003031,ENHOGAR,2026-08-16,17,1761,U,76,X,8,6250.00
VIDEO-003032,ENHOGAR,2026-08-17,18,1862,U,83,NR,3,6387.00
VIDEO-003033,ENHOGAR,2026-08-18,19,1963,R,90,F,6,6524.00
VIDEO-003034,ENHOGAR,2026-08-19,20,2064,U,24,M,1,6661.00
VIDEO-003035,ENHOGAR,2026-08-20,21,2165,U,31,X,4,6798.00
VIDEO-003036,ENHOGAR,2026-08-01,22,2266,R,38,NR,7,6935.00
VIDEO-003037,ENHOGAR,2026-08-02,01,0167,U,45,F,2,7072.00
VIDEO-003038,ENHOGAR,2026-08-03,02,0268,U,52,M,5,7209.00
VIDEO-003039,ENHOGAR,2026-08-04,03,0369,R,59,X,8,7346.00
VIDEO-003040,ENHOGAR,2026-08-05,04,0470,U,66,NR,3,7483.00
VIDEO-003041,ENHOGAR,2026-08-06,05,0571,U,73,F,6,7620.00
VIDEO-003042,ENHOGAR,2026-08-07,06,0672,R,80,M,1,7757.00
VIDEO-003043,ENHOGAR,2026-08-08,07,0773,U,87,X,4,7894.00
VIDEO-003044,ENHOGAR,2026-08-09,08,0874,U,21,NR,7,8031.00
VIDEO-003045,ENHOGAR,2026-08-10,09,0975,R,28,F,2,8168.00
VIDEO-003046,ENHOGAR,2026-08-11,10,1076,U,35,M,5,8305.00
VIDEO-003047,ENHOGAR,2026-08-12,11,1177,U,42,X,8,8442.00
VIDEO-003048,ENHOGAR,2026-08-13,12,1278,R,49,NR,3,979.00
VIDEO-003049,ENHOGAR,2026-08-14,13,1379,U,56,F,6,1116.00
VIDEO-003050,ENHOGAR,2026-08-15,14,1480,U,63,M,1,1253.00
VIDEO-003051,ENHOGAR,2026-08-16,15,1581,R,70,X,4,1390.00
VIDEO-003052,ENHOGAR,2026-08-17,16,1682,U,77,NR,7,1527.00
VIDEO-003053,ENHOGAR,2026-08-18,17,1783,U,84,F,2,1664.00
VIDEO-003054,ENHOGAR,2026-08-19,18,1884,R,18,M,5,1801.00
VIDEO-003055,ENHOGAR,2026-08-20,19,1985,U,25,X,8,1938.00
VIDEO-003056,ENHOGAR,2026-08-01,20,2086,U,32,NR,3,2075.00
VIDEO-003057,ENHOGAR,2026-08-02,21,2187,R,39,F,6,2212.00
VIDEO-003058,ENHOGAR,2026-08-03,22,2288,U,46,M,1,2349.00
VIDEO-003059,ENHOGAR,2026-08-04,01,0189,U,53,X,4,2486.00
VIDEO-003060,ENHOGAR,2026-08-05,02,0290,R,60,NR,7,2623.00
VIDEO-003061,ENHOGAR,2026-08-06,03,0391,U,67,F,2,2760.00
VIDEO-003062,ENHOGAR,2026-08-07,04,0492,U,74,M,5,2897.00
VIDEO-003063,ENHOGAR,2026-08-08,05,0593,R,81,X,8,3034.00
VIDEO-003064,ENHOGAR,2026-08-09,06,0694,U,88,NR,3,3171.00
VIDEO-003065,ENHOGAR,2026-08-10,07,0795,U,22,F,6,3308.00
VIDEO-003066,ENHOGAR,2026-08-11,08,0896,R,29,M,1,3445.00
VIDEO-003067,ENHOGAR,2026-08-12,09,0997,U,36,X,4,3582.00
VIDEO-003068,ENHOGAR,2026-08-13,10,1098,U,43,NR,7,3719.00
VIDEO-003069,ENHOGAR,2026-08-14,11,1199,R,50,F,2,3856.00
VIDEO-003070,ENHOGAR,2026-08-15,12,1201,U,57,M,5,3993.00
VIDEO-003071,ENHOGAR,2026-08-16,13,1302,U,64,X,8,4130.00
VIDEO-003072,ENHOGAR,2026-08-17,14,1403,R,71,NR,3,4267.00
VIDEO-003073,ENHOGAR,2026-08-18,15,1504,U,78,F,6,4404.00
VIDEO-003074,ENHOGAR,2026-08-19,16,1605,U,85,M,1,4541.00
VIDEO-003075,ENHOGAR,2026-08-20,17,1706,R,19,X,4,4678.00
VIDEO-003076,ENHOGAR,2026-08-01,18,1807,U,26,NR,7,4815.00
VIDEO-003077,ENHOGAR,2026-08-02,19,1908,U,33,F,2,4952.00
VIDEO-003078,ENHOGAR,2026-08-03,20,2009,R,40,M,5,5089.00
VIDEO-003079,ENHOGAR,2026-08-04,21,2110,U,47,X,8,5226.00
VIDEO-003080,ENHOGAR,2026-08-05,22,2211,U,54,NR,3,5363.00
VIDEO-003081,ENHOGAR,2026-08-06,01,0112,R,61,F,6,5500.00
VIDEO-003082,ENHOGAR,2026-08-07,02,0213,U,68,M,1,5637.00
VIDEO-003083,ENHOGAR,2026-08-08,03,0314,U,75,X,4,5774.00
VIDEO-003084,ENHOGAR,2026-08-09,04,0415,R,82,NR,7,5911.00
VIDEO-003085,ENHOGAR,2026-08-10,05,0516,U,89,F,2,6048.00
VIDEO-003086,ENHOGAR,2026-08-11,06,0617,U,23,M,5,6185.00
VIDEO-003087,ENHOGAR,2026-08-12,07,0718,R,30,X,8,6322.00
VIDEO-003088,ENHOGAR,2026-08-13,08,0819,U,37,NR,3,6459.00
VIDEO-003089,ENHOGAR,2026-08-14,09,0920,U,44,F,6,6596.00
VIDEO-003090,ENHOGAR,2026-08-15,10,1021,R,51,M,1,6733.00
VIDEO-003091,ENHOGAR,2026-08-16,11,1122,U,58,X,4,6870.00
VIDEO-003092,ENHOGAR,2026-08-17,12,1223,U,65,NR,7,7007.00
VIDEO-003093,ENHOGAR,2026-08-18,13,1324,R,72,F,2,7144.00
VIDEO-003094,ENHOGAR,2026-08-19,14,1425,U,79,M,5,7281.00
VIDEO-003095,ENHOGAR,2026-08-20,15,1526,U,86,X,8,7418.00
VIDEO-003096,ENHOGAR,2026-08-01,16,1627,R,20,NR,3,7555.00
VIDEO-003097,ENHOGAR,2026-08-02,17,1728,U,27,F,6,7692.00
VIDEO-003098,ENHOGAR,2026-08-03,18,1829,U,34,M,1,7829.00
VIDEO-003099,ENHOGAR,2026-08-04,19,1930,R,41,X,4,7966.00
VIDEO-003100,ENHOGAR,2026-08-05,20,2031,U,48,NR,7,8103.00
VIDEO-003101,ENHOGAR,2026-08-06,21,2132,U,55,F,2,8240.00
VIDEO-003102,ENHOGAR,2026-08-07,22,2233,R,62,M,5,8377.00
VIDEO-003103,ENHOGAR,2026-08-08,01,0134,U,69,X,8,914.00
VIDEO-003104,ENHOGAR,2026-08-09,02,0235,U,76,NR,3,1051.00
VIDEO-003105,ENHOGAR,2026-08-10,03,0336,R,83,F,6,1188.00
VIDEO-003106,ENHOGAR,2026-08-11,04,0437,U,90,M,1,1325.00
VIDEO-003107,ENHOGAR,2026-08-12,05,0538,U,24,X,4,1462.00
VIDEO-003108,ENHOGAR,2026-08-13,06,0639,R,31,NR,7,1599.00
VIDEO-003109,ENHOGAR,2026-08-14,07,0740,U,38,F,2,1736.00
VIDEO-003110,ENHOGAR,2026-08-15,08,0841,U,45,M,5,1873.00
VIDEO-003111,ENHOGAR,2026-08-16,09,0942,R,52,X,8,2010.00
VIDEO-003112,ENHOGAR,2026-08-17,10,1043,U,59,NR,3,2147.00
VIDEO-003113,ENHOGAR,2026-08-18,11,1144,U,66,F,6,2284.00
VIDEO-003114,ENHOGAR,2026-08-19,12,1245,R,73,M,1,2421.00
VIDEO-003115,ENHOGAR,2026-08-20,13,1346,U,80,X,4,2558.00
VIDEO-003116,ENHOGAR,2026-08-01,14,1447,U,87,NR,7,2695.00
VIDEO-003117,ENHOGAR,2026-08-02,15,1548,R,21,F,2,2832.00
VIDEO-003118,ENHOGAR,2026-08-03,16,1649,U,28,M,5,2969.00
VIDEO-003119,ENHOGAR,2026-08-04,17,1750,U,35,X,8,3106.00
VIDEO-003120,ENHOGAR,2026-08-05,18,1851,R,42,NR,3,3243.00
VIDEO-003121,ENHOGAR,2026-08-06,19,1952,U,49,F,6,3380.00
VIDEO-003122,ENHOGAR,2026-08-07,20,2053,U,56,M,1,3517.00
VIDEO-003123,ENHOGAR,2026-08-08,21,2154,R,63,X,4,3654.00
VIDEO-003124,ENHOGAR,2026-08-09,22,2255,U,70,NR,7,3791.00
VIDEO-003125,ENHOGAR,2026-08-10,01,0156,U,77,F,2,3928.00
VIDEO-003126,ENHOGAR,2026-08-11,02,0257,R,84,M,5,4065.00
VIDEO-003127,ENHOGAR,2026-08-12,03,0358,U,18,X,8,4202.00
VIDEO-003128,ENHOGAR,2026-08-13,04,0459,U,25,NR,3,4339.00
VIDEO-003129,ENHOGAR,2026-08-14,05,0560,R,32,F,6,4476.00
VIDEO-003130,ENHOGAR,2026-08-15,06,0661,U,39,M,1,4613.00
VIDEO-003131,ENHOGAR,2026-08-16,07,0762,U,46,X,4,4750.00
VIDEO-003132,ENHOGAR,2026-08-17,08,0863,R,53,NR,7,4887.00
VIDEO-003133,ENHOGAR,2026-08-18,09,0964,U,60,F,2,5024.00
VIDEO-003134,ENHOGAR,2026-08-19,10,1065,U,67,M,5,5161.00
VIDEO-003135,ENHOGAR,2026-08-20,11,1166,R,74,X,8,5298.00
VIDEO-003136,ENHOGAR,2026-08-01,12,1267,U,81,NR,3,5435.00
VIDEO-003137,ENHOGAR,2026-08-02,13,1368,U,88,F,6,5572.00
VIDEO-003138,ENHOGAR,2026-08-03,14,1469,R,22,M,1,5709.00
VIDEO-003139,ENHOGAR,2026-08-04,15,1570,U,29,X,4,5846.00
VIDEO-003140,ENHOGAR,2026-08-05,16,1671,U,36,NR,7,5983.00
VIDEO-003141,ENHOGAR,2026-08-06,17,1772,R,43,F,2,6120.00
VIDEO-003142,ENHOGAR,2026-08-07,18,1873,U,50,M,5,6257.00
VIDEO-003143,ENHOGAR,2026-08-08,19,1974,U,57,X,8,6394.00
VIDEO-003144,ENHOGAR,2026-08-09,20,2075,R,64,NR,3,6531.00
VIDEO-003145,ENHOGAR,2026-08-10,21,2176,U,71,F,6,6668.00
VIDEO-003146,ENHOGAR,2026-08-11,22,2277,U,78,M,1,6805.00
VIDEO-003147,ENHOGAR,2026-08-12,01,0178,R,85,X,4,6942.00
VIDEO-003148,ENHOGAR,2026-08-13,02,0279,U,19,NR,7,7079.00
VIDEO-003149,ENHOGAR,2026-08-14,03,0380,U,26,F,2,7216.00
VIDEO-003150,ENHOGAR,2026-08-15,04,0481,R,33,M,5,7353.00
VIDEO-003151,ENHOGAR,2026-08-16,05,0582,U,40,X,8,7490.00
VIDEO-003152,ENHOGAR,2026-08-17,06,0683,U,47,NR,3,7627.00
VIDEO-003153,ENHOGAR,2026-08-18,07,0784,R,54,F,6,7764.00
VIDEO-003154,ENHOGAR,2026-08-19,08,0885,U,61,M,1,7901.00
VIDEO-003155,ENHOGAR,2026-08-20,09,0986,U,68,X,4,8038.00
VIDEO-003156,ENHOGAR,2026-08-01,10,1087,R,75,NR,7,8175.00
VIDEO-003157,ENHOGAR,2026-08-02,11,1188,U,82,F,2,8312.00
VIDEO-003158,ENHOGAR,2026-08-03,12,1289,U,89,M,5,8449.00
VIDEO-003159,ENHOGAR,2026-08-04,13,1390,R,23,X,8,986.00
VIDEO-003160,ENHOGAR,2026-08-05,14,1491,U,30,NR,3,1123.00
VIDEO-003161,ENHOGAR,2026-08-06,15,1592,U,37,F,6,1260.00
VIDEO-003162,ENHOGAR,2026-08-07,16,1693,R,44,M,1,1397.00
VIDEO-003163,ENHOGAR,2026-08-08,17,1794,U,51,X,4,1534.00
VIDEO-003164,ENHOGAR,2026-08-09,18,1895,U,58,NR,7,1671.00
VIDEO-003165,ENHOGAR,2026-08-10,19,1996,R,65,F,2,1808.00
VIDEO-003166,ENHOGAR,2026-08-11,20,2097,U,72,M,5,1945.00
VIDEO-003167,ENHOGAR,2026-08-12,21,2198,U,79,X,8,2082.00
VIDEO-003168,ENHOGAR,2026-08-13,22,2299,R,86,NR,3,2219.00
VIDEO-003169,ENHOGAR,2026-08-14,01,0101,U,20,F,6,2356.00
VIDEO-003170,ENHOGAR,2026-08-15,02,0202,U,27,M,1,2493.00
VIDEO-003171,ENHOGAR,2026-08-16,03,0303,R,34,X,4,2630.00
VIDEO-003172,ENHOGAR,2026-08-17,04,0404,U,41,NR,7,2767.00
VIDEO-003173,ENHOGAR,2026-08-18,05,0505,U,48,F,2,2904.00
VIDEO-003174,ENHOGAR,2026-08-19,06,0606,R,55,M,5,3041.00
VIDEO-003175,ENHOGAR,2026-08-20,07,0707,U,62,X,8,3178.00
VIDEO-003176,ENHOGAR,2026-08-01,08,0808,U,69,NR,3,3315.00
VIDEO-003177,ENHOGAR,2026-08-02,09,0909,R,76,F,6,3452.00
VIDEO-003178,ENHOGAR,2026-08-03,10,1010,U,83,M,1,3589.00
VIDEO-003179,ENHOGAR,2026-08-04,11,1111,U,90,X,4,3726.00
VIDEO-003180,ENHOGAR,2026-08-05,12,1212,R,24,NR,7,3863.00
VIDEO-003181,ENHOGAR,2026-08-06,13,1313,U,31,F,2,4000.00
VIDEO-003182,ENHOGAR,2026-08-07,14,1414,U,38,M,5,4137.00
VIDEO-003183,ENHOGAR,2026-08-08,15,1515,R,45,X,8,4274.00
VIDEO-003184,ENHOGAR,2026-08-09,16,1616,U,52,NR,3,4411.00
VIDEO-003185,ENHOGAR,2026-08-10,17,1717,U,59,F,6,4548.00
VIDEO-003186,ENHOGAR,2026-08-11,18,1818,R,66,M,1,4685.00
VIDEO-003187,ENHOGAR,2026-08-12,19,1919,U,73,X,4,4822.00
VIDEO-003188,ENHOGAR,2026-08-13,20,2020,U,80,NR,7,4959.00
VIDEO-003189,ENHOGAR,2026-08-14,21,2121,R,87,F,2,5096.00
VIDEO-003190,ENHOGAR,2026-08-15,22,2222,U,21,M,5,5233.00
VIDEO-003191,ENHOGAR,2026-08-16,01,0123,U,28,X,8,5370.00
VIDEO-003192,ENHOGAR,2026-08-17,02,0224,R,35,NR,3,5507.00
VIDEO-003193,ENHOGAR,2026-08-18,03,0325,U,42,F,6,5644.00
VIDEO-003194,ENHOGAR,2026-08-19,04,0426,U,49,M,1,5781.00
VIDEO-003195,ENHOGAR,2026-08-20,05,0527,R,56,X,4,5918.00
VIDEO-003196,ENHOGAR,2026-08-01,06,0628,U,63,NR,7,6055.00
VIDEO-003197,ENHOGAR,2026-08-02,07,0729,U,70,F,2,6192.00
VIDEO-003198,ENHOGAR,2026-08-03,08,0830,R,77,M,5,6329.00
VIDEO-003199,ENHOGAR,2026-08-04,09,0931,U,84,X,8,6466.00
VIDEO-003200,ENHOGAR,2026-08-05,10,1032,U,18,NR,3,6603.00
VIDEO-003201,ENHOGAR,2026-08-06,11,1133,R,25,F,6,6740.00
VIDEO-003202,ENHOGAR,2026-08-07,12,1234,U,32,M,1,6877.00
VIDEO-003203,ENHOGAR,2026-08-08,13,1335,U,39,X,4,7014.00
VIDEO-003204,ENHOGAR,2026-08-09,14,1436,R,46,NR,7,7151.00
VIDEO-003205,ENHOGAR,2026-08-10,15,1537,U,53,F,2,7288.00
VIDEO-003206,ENHOGAR,2026-08-11,16,1638,U,60,M,5,7425.00
VIDEO-003207,ENHOGAR,2026-08-12,17,1739,R,67,X,8,7562.00
VIDEO-003208,ENHOGAR,2026-08-13,18,1840,U,74,NR,3,7699.00
VIDEO-003209,ENHOGAR,2026-08-14,19,1941,U,81,F,6,7836.00
VIDEO-003210,ENHOGAR,2026-08-15,20,2042,R,88,M,1,7973.00
VIDEO-003211,ENHOGAR,2026-08-16,21,2143,U,22,X,4,8110.00
VIDEO-003212,ENHOGAR,2026-08-17,22,2244,U,29,NR,7,8247.00
VIDEO-003213,ENHOGAR,2026-08-18,01,0145,R,36,F,2,8384.00
VIDEO-003214,ENHOGAR,2026-08-19,02,0246,U,43,M,5,921.00
VIDEO-003215,ENHOGAR,2026-08-20,03,0347,U,50,X,8,1058.00
VIDEO-003216,ENHOGAR,2026-08-01,04,0448,R,57,NR,3,1195.00
VIDEO-003217,ENHOGAR,2026-08-02,05,0549,U,64,F,6,1332.00
VIDEO-003218,ENHOGAR,2026-08-03,06,0650,U,71,M,1,1469.00
VIDEO-003219,ENHOGAR,2026-08-04,07,0751,R,78,X,4,1606.00
VIDEO-003220,ENHOGAR,2026-08-05,08,0852,U,85,NR,7,1743.00
VIDEO-003221,ENHOGAR,2026-08-06,09,0953,U,19,F,2,1880.00
VIDEO-003222,ENHOGAR,2026-08-07,10,1054,R,26,M,5,2017.00
VIDEO-003223,ENHOGAR,2026-08-08,11,1155,U,33,X,8,2154.00
VIDEO-003224,ENHOGAR,2026-08-09,12,1256,U,40,NR,3,2291.00
VIDEO-003225,ENHOGAR,2026-08-10,13,1357,R,47,F,6,2428.00
VIDEO-003226,ENHOGAR,2026-08-11,14,1458,U,54,M,1,2565.00
VIDEO-003227,ENHOGAR,2026-08-12,15,1559,U,61,X,4,2702.00
VIDEO-003228,ENHOGAR,2026-08-13,16,1660,R,68,NR,7,2839.00
VIDEO-003229,ENHOGAR,2026-08-14,17,1761,U,75,F,2,2976.00
VIDEO-003230,ENHOGAR,2026-08-15,18,1862,U,82,M,5,3113.00
VIDEO-003231,ENHOGAR,2026-08-16,19,1963,R,89,X,8,3250.00
VIDEO-003232,ENHOGAR,2026-08-17,20,2064,U,23,NR,3,3387.00
VIDEO-003233,ENHOGAR,2026-08-18,21,2165,U,30,F,6,3524.00
VIDEO-003234,ENHOGAR,2026-08-19,22,2266,R,37,M,1,3661.00
VIDEO-003235,ENHOGAR,2026-08-20,01,0167,U,44,X,4,3798.00
VIDEO-003236,ENHOGAR,2026-08-01,02,0268,U,51,NR,7,3935.00
VIDEO-003237,ENHOGAR,2026-08-02,03,0369,R,58,F,2,4072.00
VIDEO-003238,ENHOGAR,2026-08-03,04,0470,U,65,M,5,4209.00
VIDEO-003239,ENHOGAR,2026-08-04,05,0571,U,72,X,8,4346.00
VIDEO-003240,ENHOGAR,2026-08-05,06,0672,R,79,NR,3,4483.00
VIDEO-003241,ENHOGAR,2026-08-06,07,0773,U,86,F,6,4620.00
VIDEO-003242,ENHOGAR,2026-08-07,08,0874,U,20,M,1,4757.00
VIDEO-003243,ENHOGAR,2026-08-08,09,0975,R,27,X,4,4894.00
VIDEO-003244,ENHOGAR,2026-08-09,10,1076,U,34,NR,7,5031.00
VIDEO-003245,ENHOGAR,2026-08-10,11,1177,U,41,F,2,5168.00
VIDEO-003246,ENHOGAR,2026-08-11,12,1278,R,48,M,5,5305.00
VIDEO-003247,ENHOGAR,2026-08-12,13,1379,U,55,X,8,5442.00
VIDEO-003248,ENHOGAR,2026-08-13,14,1480,U,62,NR,3,5579.00
VIDEO-003249,ENHOGAR,2026-08-14,15,1581,R,69,F,6,5716.00
VIDEO-003250,ENHOGAR,2026-08-15,16,1682,U,76,M,1,5853.00
VIDEO-003251,ENHOGAR,2026-08-16,17,1783,U,83,X,4,5990.00
VIDEO-003252,ENHOGAR,2026-08-17,18,1884,R,90,NR,7,6127.00
VIDEO-003253,ENHOGAR,2026-08-18,19,1985,U,24,F,2,6264.00
VIDEO-003254,ENHOGAR,2026-08-19,20,2086,U,31,M,5,6401.00
VIDEO-003255,ENHOGAR,2026-08-20,21,2187,R,38,X,8,6538.00
VIDEO-003256,ENHOGAR,2026-08-01,22,2288,U,45,NR,3,6675.00
VIDEO-003257,ENHOGAR,2026-08-02,01,0189,U,52,F,6,6812.00
VIDEO-003258,ENHOGAR,2026-08-03,02,0290,R,59,M,1,6949.00
VIDEO-003259,ENHOGAR,2026-08-04,03,0391,U,66,X,4,7086.00
VIDEO-003260,ENHOGAR,2026-08-05,04,0492,U,73,NR,7,7223.00
VIDEO-003261,ENHOGAR,2026-08-06,05,0593,R,80,F,2,7360.00
VIDEO-003262,ENHOGAR,2026-08-07,06,0694,U,87,M,5,7497.00
VIDEO-003263,ENHOGAR,2026-08-08,07,0795,U,21,X,8,7634.00
VIDEO-003264,ENHOGAR,2026-08-09,08,0896,R,28,NR,3,7771.00
VIDEO-003265,ENHOGAR,2026-08-10,09,0997,U,35,F,6,7908.00
VIDEO-003266,ENHOGAR,2026-08-11,10,1098,U,42,M,1,8045.00
VIDEO-003267,ENHOGAR,2026-08-12,11,1199,R,49,X,4,8182.00
VIDEO-003268,ENHOGAR,2026-08-13,12,1201,U,56,NR,7,8319.00
VIDEO-003269,ENHOGAR,2026-08-14,13,1302,U,63,F,2,8456.00
VIDEO-003270,ENHOGAR,2026-08-15,14,1403,R,70,M,5,993.00
VIDEO-003271,ENHOGAR,2026-08-16,15,1504,U,77,X,8,1130.00
VIDEO-003272,ENHOGAR,2026-08-17,16,1605,U,84,NR,3,1267.00
VIDEO-003273,ENHOGAR,2026-08-18,17,1706,R,18,F,6,1404.00
VIDEO-003274,ENHOGAR,2026-08-19,18,1807,U,25,M,1,1541.00
VIDEO-003275,ENHOGAR,2026-08-20,19,1908,U,32,X,4,1678.00
VIDEO-003276,ENHOGAR,2026-08-01,20,2009,R,39,NR,7,1815.00
VIDEO-003277,ENHOGAR,2026-08-02,21,2110,U,46,F,2,1952.00
VIDEO-003278,ENHOGAR,2026-08-03,22,2211,U,53,M,5,2089.00
VIDEO-003279,ENHOGAR,2026-08-04,01,0112,R,60,X,8,2226.00
VIDEO-003280,ENHOGAR,2026-08-05,02,0213,U,67,NR,3,2363.00
VIDEO-003281,ENHOGAR,2026-08-06,03,0314,U,74,F,6,2500.00
VIDEO-003282,ENHOGAR,2026-08-07,04,0415,R,81,M,1,2637.00
VIDEO-003283,ENHOGAR,2026-08-08,05,0516,U,88,X,4,2774.00
VIDEO-003284,ENHOGAR,2026-08-09,06,0617,U,22,NR,7,2911.00
VIDEO-003285,ENHOGAR,2026-08-10,07,0718,R,29,F,2,3048.00
VIDEO-003286,ENHOGAR,2026-08-11,08,0819,U,36,M,5,3185.00
VIDEO-003287,ENHOGAR,2026-08-12,09,0920,U,43,X,8,3322.00
VIDEO-003288,ENHOGAR,2026-08-13,10,1021,R,50,NR,3,3459.00
VIDEO-003289,ENHOGAR,2026-08-14,11,1122,U,57,F,6,3596.00
VIDEO-003290,ENHOGAR,2026-08-15,12,1223,U,64,M,1,3733.00
VIDEO-003291,ENHOGAR,2026-08-16,13,1324,R,71,X,4,3870.00
VIDEO-003292,ENHOGAR,2026-08-17,14,1425,U,78,NR,7,4007.00
VIDEO-003293,ENHOGAR,2026-08-18,15,1526,U,85,F,2,4144.00
VIDEO-003294,ENHOGAR,2026-08-19,16,1627,R,19,M,5,4281.00
VIDEO-003295,ENHOGAR,2026-08-20,17,1728,U,26,X,8,4418.00
VIDEO-003296,ENHOGAR,2026-08-01,18,1829,U,33,NR,3,4555.00
VIDEO-003297,ENHOGAR,2026-08-02,19,1930,R,40,F,6,4692.00
VIDEO-003298,ENHOGAR,2026-08-03,20,2031,U,47,M,1,4829.00
VIDEO-003299,ENHOGAR,2026-08-04,21,2132,U,54,X,4,4966.00
VIDEO-003300,ENHOGAR,2026-08-05,22,2233,R,61,NR,7,5103.00
VIDEO-003301,ENHOGAR,2026-08-06,01,0134,U,68,F,2,5240.00
VIDEO-003302,ENHOGAR,2026-08-07,02,0235,U,75,M,5,5377.00
VIDEO-003303,ENHOGAR,2026-08-08,03,0336,R,82,X,8,5514.00
VIDEO-003304,ENHOGAR,2026-08-09,04,0437,U,89,NR,3,5651.00
VIDEO-003305,ENHOGAR,2026-08-10,05,0538,U,23,F,6,5788.00
VIDEO-003306,ENHOGAR,2026-08-11,06,0639,R,30,M,1,5925.00
VIDEO-003307,ENHOGAR,2026-08-12,07,0740,U,37,X,4,6062.00
VIDEO-003308,ENHOGAR,2026-08-13,08,0841,U,44,NR,7,6199.00
VIDEO-003309,ENHOGAR,2026-08-14,09,0942,R,51,F,2,6336.00
VIDEO-003310,ENHOGAR,2026-08-15,10,1043,U,58,M,5,6473.00
VIDEO-003311,ENHOGAR,2026-08-16,11,1144,U,65,X,8,6610.00
VIDEO-003312,ENHOGAR,2026-08-17,12,1245,R,72,NR,3,6747.00
VIDEO-003313,ENHOGAR,2026-08-18,13,1346,U,79,F,6,6884.00
VIDEO-003314,ENHOGAR,2026-08-19,14,1447,U,86,M,1,7021.00
VIDEO-003315,ENHOGAR,2026-08-20,15,1548,R,20,X,4,7158.00
VIDEO-003316,ENHOGAR,2026-08-01,16,1649,U,27,NR,7,7295.00
VIDEO-003317,ENHOGAR,2026-08-02,17,1750,U,34,F,2,7432.00
VIDEO-003318,ENHOGAR,2026-08-03,18,1851,R,41,M,5,7569.00
VIDEO-003319,ENHOGAR,2026-08-04,19,1952,U,48,X,8,7706.00
VIDEO-003320,ENHOGAR,2026-08-05,20,2053,U,55,NR,3,7843.00
VIDEO-003321,ENHOGAR,2026-08-06,21,2154,R,62,F,6,7980.00
VIDEO-003322,ENHOGAR,2026-08-07,22,2255,U,69,M,1,8117.00
VIDEO-003323,ENHOGAR,2026-08-08,01,0156,U,76,X,4,8254.00
VIDEO-003324,ENHOGAR,2026-08-09,02,0257,R,83,NR,7,8391.00
VIDEO-003325,ENHOGAR,2026-08-10,03,0358,U,90,F,2,928.00
VIDEO-003326,ENHOGAR,2026-08-11,04,0459,U,24,M,5,1065.00
VIDEO-003327,ENHOGAR,2026-08-12,05,0560,R,31,X,8,1202.00
VIDEO-003328,ENHOGAR,2026-08-13,06,0661,U,38,NR,3,1339.00
VIDEO-003329,ENHOGAR,2026-08-14,07,0762,U,45,F,6,1476.00
VIDEO-003330,ENHOGAR,2026-08-15,08,0863,R,52,M,1,1613.00
VIDEO-003331,ENHOGAR,2026-08-16,09,0964,U,59,X,4,1750.00
VIDEO-003332,ENHOGAR,2026-08-17,10,1065,U,66,NR,7,1887.00
VIDEO-003333,ENHOGAR,2026-08-18,11,1166,R,73,F,2,2024.00
VIDEO-003334,ENHOGAR,2026-08-19,12,1267,U,80,M,5,2161.00
VIDEO-003335,ENHOGAR,2026-08-20,13,1368,U,87,X,8,2298.00
VIDEO-003336,ENHOGAR,2026-08-01,14,1469,R,21,NR,3,2435.00
VIDEO-003337,ENHOGAR,2026-08-02,15,1570,U,28,F,6,2572.00
VIDEO-003338,ENHOGAR,2026-08-03,16,1671,U,35,M,1,2709.00
VIDEO-003339,ENHOGAR,2026-08-04,17,1772,R,42,X,4,2846.00
VIDEO-003340,ENHOGAR,2026-08-05,18,1873,U,49,NR,7,2983.00
VIDEO-003341,ENHOGAR,2026-08-06,19,1974,U,56,F,2,3120.00
VIDEO-003342,ENHOGAR,2026-08-07,20,2075,R,63,M,5,3257.00
VIDEO-003343,ENHOGAR,2026-08-08,21,2176,U,70,X,8,3394.00
VIDEO-003344,ENHOGAR,2026-08-09,22,2277,U,77,NR,3,3531.00
VIDEO-003345,ENHOGAR,2026-08-10,01,0178,R,84,F,6,3668.00
VIDEO-003346,ENHOGAR,2026-08-11,02,0279,U,18,M,1,3805.00
VIDEO-003347,ENHOGAR,2026-08-12,03,0380,U,25,X,4,3942.00
VIDEO-003348,ENHOGAR,2026-08-13,04,0481,R,32,NR,7,4079.00
VIDEO-003349,ENHOGAR,2026-08-14,05,0582,U,39,F,2,4216.00
VIDEO-003350,ENHOGAR,2026-08-15,06,0683,U,46,M,5,4353.00
VIDEO-003351,ENHOGAR,2026-08-16,07,0784,R,53,X,8,4490.00
VIDEO-003352,ENHOGAR,2026-08-17,08,0885,U,60,NR,3,4627.00
VIDEO-003353,ENHOGAR,2026-08-18,09,0986,U,67,F,6,4764.00
VIDEO-003354,ENHOGAR,2026-08-19,10,1087,R,74,M,1,4901.00
VIDEO-003355,ENHOGAR,2026-08-20,11,1188,U,81,X,4,5038.00
VIDEO-003356,ENHOGAR,2026-08-01,12,1289,U,88,NR,7,5175.00
VIDEO-003357,ENHOGAR,2026-08-02,13,1390,R,22,F,2,5312.00
VIDEO-003358,ENHOGAR,2026-08-03,14,1491,U,29,M,5,5449.00
VIDEO-003359,ENHOGAR,2026-08-04,15,1592,U,36,X,8,5586.00
VIDEO-003360,ENHOGAR,2026-08-05,16,1693,R,43,NR,3,5723.00
VIDEO-003361,ENHOGAR,2026-08-06,17,1794,U,50,F,6,5860.00
VIDEO-003362,ENHOGAR,2026-08-07,18,1895,U,57,M,1,5997.00
VIDEO-003363,ENHOGAR,2026-08-08,19,1996,R,64,X,4,6134.00
VIDEO-003364,ENHOGAR,2026-08-09,20,2097,U,71,NR,7,6271.00
VIDEO-003365,ENHOGAR,2026-08-10,21,2198,U,78,F,2,6408.00
VIDEO-003366,ENHOGAR,2026-08-11,22,2299,R,85,M,5,6545.00
VIDEO-003367,ENHOGAR,2026-08-12,01,0101,U,19,X,8,6682.00
VIDEO-003368,ENHOGAR,2026-08-13,02,0202,U,26,NR,3,6819.00
VIDEO-003369,ENHOGAR,2026-08-14,03,0303,R,33,F,6,6956.00
VIDEO-003370,ENHOGAR,2026-08-15,04,0404,U,40,M,1,7093.00
VIDEO-003371,ENHOGAR,2026-08-16,05,0505,U,47,X,4,7230.00
VIDEO-003372,ENHOGAR,2026-08-17,06,0606,R,54,NR,7,7367.00
VIDEO-003373,ENHOGAR,2026-08-18,07,0707,U,61,F,2,7504.00
VIDEO-003374,ENHOGAR,2026-08-19,08,0808,U,68,M,5,7641.00
VIDEO-003375,ENHOGAR,2026-08-20,09,0909,R,75,X,8,7778.00
VIDEO-003376,ENHOGAR,2026-08-01,10,1010,U,82,NR,3,7915.00
VIDEO-003377,ENHOGAR,2026-08-02,11,1111,U,89,F,6,8052.00
VIDEO-003378,ENHOGAR,2026-08-03,12,1212,R,23,M,1,8189.00
VIDEO-003379,ENHOGAR,2026-08-04,13,1313,U,30,X,4,8326.00
VIDEO-003380,ENHOGAR,2026-08-05,14,1414,U,37,NR,7,8463.00
VIDEO-003381,ENHOGAR,2026-08-06,15,1515,R,44,F,2,1000.00
VIDEO-003382,ENHOGAR,2026-08-07,16,1616,U,51,M,5,1137.00
VIDEO-003383,ENHOGAR,2026-08-08,17,1717,U,58,X,8,1274.00
VIDEO-003384,ENHOGAR,2026-08-09,18,1818,R,65,NR,3,1411.00
VIDEO-003385,ENHOGAR,2026-08-10,19,1919,U,72,F,6,1548.00
VIDEO-003386,ENHOGAR,2026-08-11,20,2020,U,79,M,1,1685.00
VIDEO-003387,ENHOGAR,2026-08-12,21,2121,R,86,X,4,1822.00
VIDEO-003388,ENHOGAR,2026-08-13,22,2222,U,20,NR,7,1959.00
VIDEO-003389,ENHOGAR,2026-08-14,01,0123,U,27,F,2,2096.00
VIDEO-003390,ENHOGAR,2026-08-15,02,0224,R,34,M,5,2233.00
VIDEO-003391,ENHOGAR,2026-08-16,03,0325,U,41,X,8,2370.00
VIDEO-003392,ENHOGAR,2026-08-17,04,0426,U,48,NR,3,2507.00
VIDEO-003393,ENHOGAR,2026-08-18,05,0527,R,55,F,6,2644.00
VIDEO-003394,ENHOGAR,2026-08-19,06,0628,U,62,M,1,2781.00
VIDEO-003395,ENHOGAR,2026-08-20,07,0729,U,69,X,4,2918.00
VIDEO-003396,ENHOGAR,2026-08-01,08,0830,R,76,NR,7,3055.00
VIDEO-003397,ENHOGAR,2026-08-02,09,0931,U,83,F,2,3192.00
VIDEO-003398,ENHOGAR,2026-08-03,10,1032,U,90,M,5,3329.00
VIDEO-003399,ENHOGAR,2026-08-04,11,1133,R,24,X,8,3466.00
VIDEO-003400,ENHOGAR,2026-08-05,12,1234,U,31,NR,3,3603.00
VIDEO-003401,ENHOGAR,2026-08-06,13,1335,U,38,F,6,3740.00
VIDEO-003402,ENHOGAR,2026-08-07,14,1436,R,45,M,1,3877.00
VIDEO-003403,ENHOGAR,2026-08-08,15,1537,U,52,X,4,4014.00
VIDEO-003404,ENHOGAR,2026-08-09,16,1638,U,59,NR,7,4151.00
VIDEO-003405,ENHOGAR,2026-08-10,17,1739,R,66,F,2,4288.00
VIDEO-003406,ENHOGAR,2026-08-11,18,1840,U,73,M,5,4425.00
VIDEO-003407,ENHOGAR,2026-08-12,19,1941,U,80,X,8,4562.00
VIDEO-003408,ENHOGAR,2026-08-13,20,2042,R,87,NR,3,4699.00
VIDEO-003409,ENHOGAR,2026-08-14,21,2143,U,21,F,6,4836.00
VIDEO-003410,ENHOGAR,2026-08-15,22,2244,U,28,M,1,4973.00
VIDEO-003411,ENHOGAR,2026-08-16,01,0145,R,35,X,4,5110.00
VIDEO-003412,ENHOGAR,2026-08-17,02,0246,U,42,NR,7,5247.00
VIDEO-003413,ENHOGAR,2026-08-18,03,0347,U,49,F,2,5384.00
VIDEO-003414,ENHOGAR,2026-08-19,04,0448,R,56,M,5,5521.00
VIDEO-003415,ENHOGAR,2026-08-20,05,0549,U,63,X,8,5658.00
VIDEO-003416,ENHOGAR,2026-08-01,06,0650,U,70,NR,3,5795.00
VIDEO-003417,ENHOGAR,2026-08-02,07,0751,R,77,F,6,5932.00
VIDEO-003418,ENHOGAR,2026-08-03,08,0852,U,84,M,1,6069.00
VIDEO-003419,ENHOGAR,2026-08-04,09,0953,U,18,X,4,6206.00
VIDEO-003420,ENHOGAR,2026-08-05,10,1054,R,25,NR,7,6343.00
VIDEO-003421,ENHOGAR,2026-08-06,11,1155,U,32,F,2,6480.00
VIDEO-003422,ENHOGAR,2026-08-07,12,1256,U,39,M,5,6617.00
VIDEO-003423,ENHOGAR,2026-08-08,13,1357,R,46,X,8,6754.00
VIDEO-003424,ENHOGAR,2026-08-09,14,1458,U,53,NR,3,6891.00
VIDEO-003425,ENHOGAR,2026-08-10,15,1559,U,60,F,6,7028.00
VIDEO-003426,ENHOGAR,2026-08-11,16,1660,R,67,M,1,7165.00
VIDEO-003427,ENHOGAR,2026-08-12,17,1761,U,74,X,4,7302.00
VIDEO-003428,ENHOGAR,2026-08-13,18,1862,U,81,NR,7,7439.00
VIDEO-003429,ENHOGAR,2026-08-14,19,1963,R,88,F,2,7576.00
VIDEO-003430,ENHOGAR,2026-08-15,20,2064,U,22,M,5,7713.00
VIDEO-003431,ENHOGAR,2026-08-16,21,2165,U,29,X,8,7850.00
VIDEO-003432,ENHOGAR,2026-08-17,22,2266,R,36,NR,3,7987.00
VIDEO-003433,ENHOGAR,2026-08-18,01,0167,U,43,F,6,8124.00
VIDEO-003434,ENHOGAR,2026-08-19,02,0268,U,50,M,1,8261.00
VIDEO-003435,ENHOGAR,2026-08-20,03,0369,R,57,X,4,8398.00
VIDEO-003436,ENHOGAR,2026-08-01,04,0470,U,64,NR,7,935.00
VIDEO-003437,ENHOGAR,2026-08-02,05,0571,U,71,F,2,1072.00
VIDEO-003438,ENHOGAR,2026-08-03,06,0672,R,78,M,5,1209.00
VIDEO-003439,ENHOGAR,2026-08-04,07,0773,U,85,X,8,1346.00
VIDEO-003440,ENHOGAR,2026-08-05,08,0874,U,19,NR,3,1483.00
VIDEO-003441,ENHOGAR,2026-08-06,09,0975,R,26,F,6,1620.00
VIDEO-003442,ENHOGAR,2026-08-07,10,1076,U,33,M,1,1757.00
VIDEO-003443,ENHOGAR,2026-08-08,11,1177,U,40,X,4,1894.00
VIDEO-003444,ENHOGAR,2026-08-09,12,1278,R,47,NR,7,2031.00
VIDEO-003445,ENHOGAR,2026-08-10,13,1379,U,54,F,2,2168.00
VIDEO-003446,ENHOGAR,2026-08-11,14,1480,U,61,M,5,2305.00
VIDEO-003447,ENHOGAR,2026-08-12,15,1581,R,68,X,8,2442.00
VIDEO-003448,ENHOGAR,2026-08-13,16,1682,U,75,NR,3,2579.00
VIDEO-003449,ENHOGAR,2026-08-14,17,1783,U,82,F,6,2716.00
VIDEO-003450,ENHOGAR,2026-08-15,18,1884,R,89,M,1,2853.00
VIDEO-003451,ENHOGAR,2026-08-16,19,1985,U,23,X,4,2990.00
VIDEO-003452,ENHOGAR,2026-08-17,20,2086,U,30,NR,7,3127.00
VIDEO-003453,ENHOGAR,2026-08-18,21,2187,R,37,F,2,3264.00
VIDEO-003454,ENHOGAR,2026-08-19,22,2288,U,44,M,5,3401.00
VIDEO-003455,ENHOGAR,2026-08-20,01,0189,U,51,X,8,3538.00
VIDEO-003456,ENHOGAR,2026-08-01,02,0290,R,58,NR,3,3675.00
VIDEO-003457,ENHOGAR,2026-08-02,03,0391,U,65,F,6,3812.00
VIDEO-003458,ENHOGAR,2026-08-03,04,0492,U,72,M,1,3949.00
VIDEO-003459,ENHOGAR,2026-08-04,05,0593,R,79,X,4,4086.00
VIDEO-003460,ENHOGAR,2026-08-05,06,0694,U,86,NR,7,4223.00
VIDEO-003461,ENHOGAR,2026-08-06,07,0795,U,20,F,2,4360.00
VIDEO-003462,ENHOGAR,2026-08-07,08,0896,R,27,M,5,4497.00
VIDEO-003463,ENHOGAR,2026-08-08,09,0997,U,34,X,8,4634.00
VIDEO-003464,ENHOGAR,2026-08-09,10,1098,U,41,NR,3,4771.00
VIDEO-003465,ENHOGAR,2026-08-10,11,1199,R,48,F,6,4908.00
VIDEO-003466,ENHOGAR,2026-08-11,12,1201,U,55,M,1,5045.00
VIDEO-003467,ENHOGAR,2026-08-12,13,1302,U,62,X,4,5182.00
VIDEO-003468,ENHOGAR,2026-08-13,14,1403,R,69,NR,7,5319.00
VIDEO-003469,ENHOGAR,2026-08-14,15,1504,U,76,F,2,5456.00
VIDEO-003470,ENHOGAR,2026-08-15,16,1605,U,83,M,5,5593.00
VIDEO-003471,ENHOGAR,2026-08-16,17,1706,R,90,X,8,5730.00
VIDEO-003472,ENHOGAR,2026-08-17,18,1807,U,24,NR,3,5867.00
VIDEO-003473,ENHOGAR,2026-08-18,19,1908,U,31,F,6,6004.00
VIDEO-003474,ENHOGAR,2026-08-19,20,2009,R,38,M,1,6141.00
VIDEO-003475,ENHOGAR,2026-08-20,21,2110,U,45,X,4,6278.00
VIDEO-003476,ENHOGAR,2026-08-01,22,2211,U,52,NR,7,6415.00
VIDEO-003477,ENHOGAR,2026-08-02,01,0112,R,59,F,2,6552.00
VIDEO-003478,ENHOGAR,2026-08-03,02,0213,U,66,M,5,6689.00
VIDEO-003479,ENHOGAR,2026-08-04,03,0314,U,73,X,8,6826.00
VIDEO-003480,ENHOGAR,2026-08-05,04,0415,R,80,NR,3,6963.00
VIDEO-003481,ENHOGAR,2026-08-06,05,0516,U,87,F,6,7100.00
VIDEO-003482,ENHOGAR,2026-08-07,06,0617,U,21,M,1,7237.00
VIDEO-003483,ENHOGAR,2026-08-08,07,0718,R,28,X,4,7374.00
VIDEO-003484,ENHOGAR,2026-08-09,08,0819,U,35,NR,7,7511.00
VIDEO-003485,ENHOGAR,2026-08-10,09,0920,U,42,F,2,7648.00
VIDEO-003486,ENHOGAR,2026-08-11,10,1021,R,49,M,5,7785.00
VIDEO-003487,ENHOGAR,2026-08-12,11,1122,U,56,X,8,7922.00
VIDEO-003488,ENHOGAR,2026-08-13,12,1223,U,63,NR,3,8059.00
VIDEO-003489,ENHOGAR,2026-08-14,13,1324,R,70,F,6,8196.00
VIDEO-003490,ENHOGAR,2026-08-15,14,1425,U,77,M,1,8333.00
VIDEO-003491,ENHOGAR,2026-08-16,15,1526,U,84,X,4,8470.00
VIDEO-003492,ENHOGAR,2026-08-17,16,1627,R,18,NR,7,1007.00
VIDEO-003493,ENHOGAR,2026-08-18,17,1728,U,25,F,2,1144.00
VIDEO-003494,ENHOGAR,2026-08-19,18,1829,U,32,M,5,1281.00
VIDEO-003495,ENHOGAR,2026-08-20,19,1930,R,39,X,8,1418.00
VIDEO-003496,ENHOGAR,2026-08-01,20,2031,U,46,NR,3,1555.00
VIDEO-003497,ENHOGAR,2026-08-02,21,2132,U,53,F,6,1692.00
VIDEO-003498,ENHOGAR,2026-08-03,22,2233,R,60,M,1,1829.00
VIDEO-003499,ENHOGAR,2026-08-04,01,0134,U,67,X,4,1966.00
VIDEO-003500,ENHOGAR,2026-08-05,02,0235,U,74,NR,7,2103.00
VIDEO-003501,ENHOGAR,2026-08-06,03,0336,R,81,F,2,2240.00
VIDEO-003502,ENHOGAR,2026-08-07,04,0437,U,88,M,5,2377.00
VIDEO-003503,ENHOGAR,2026-08-08,05,0538,U,22,X,8,2514.00
VIDEO-003504,ENHOGAR,2026-08-09,06,0639,R,29,NR,3,2651.00
VIDEO-003505,ENHOGAR,2026-08-10,07,0740,U,36,F,6,2788.00
VIDEO-003506,ENHOGAR,2026-08-11,08,0841,U,43,M,1,2925.00
VIDEO-003507,ENHOGAR,2026-08-12,09,0942,R,50,X,4,3062.00
VIDEO-003508,ENHOGAR,2026-08-13,10,1043,U,57,NR,7,3199.00
VIDEO-003509,ENHOGAR,2026-08-14,11,1144,U,64,F,2,3336.00
VIDEO-003510,ENHOGAR,2026-08-15,12,1245,R,71,M,5,3473.00
VIDEO-003511,ENHOGAR,2026-08-16,13,1346,U,78,X,8,3610.00
VIDEO-003512,ENHOGAR,2026-08-17,14,1447,U,85,NR,3,3747.00
VIDEO-003513,ENHOGAR,2026-08-18,15,1548,R,19,F,6,3884.00
VIDEO-003514,ENHOGAR,2026-08-19,16,1649,U,26,M,1,4021.00
VIDEO-003515,ENHOGAR,2026-08-20,17,1750,U,33,X,4,4158.00
VIDEO-003516,ENHOGAR,2026-08-01,18,1851,R,40,NR,7,4295.00
VIDEO-003517,ENHOGAR,2026-08-02,19,1952,U,47,F,2,4432.00
VIDEO-003518,ENHOGAR,2026-08-03,20,2053,U,54,M,5,4569.00
VIDEO-003519,ENHOGAR,2026-08-04,21,2154,R,61,X,8,4706.00
VIDEO-003520,ENHOGAR,2026-08-05,22,2255,U,68,NR,3,4843.00
VIDEO-003521,ENHOGAR,2026-08-06,01,0156,U,75,F,6,4980.00
VIDEO-003522,ENHOGAR,2026-08-07,02,0257,R,82,M,1,5117.00
VIDEO-003523,ENHOGAR,2026-08-08,03,0358,U,89,X,4,5254.00
VIDEO-003524,ENHOGAR,2026-08-09,04,0459,U,23,NR,7,5391.00
VIDEO-003525,ENHOGAR,2026-08-10,05,0560,R,30,F,2,5528.00
VIDEO-003526,ENHOGAR,2026-08-11,06,0661,U,37,M,5,5665.00
VIDEO-003527,ENHOGAR,2026-08-12,07,0762,U,44,X,8,5802.00
VIDEO-003528,ENHOGAR,2026-08-13,08,0863,R,51,NR,3,5939.00
VIDEO-003529,ENHOGAR,2026-08-14,09,0964,U,58,F,6,6076.00
VIDEO-003530,ENHOGAR,2026-08-15,10,1065,U,65,M,1,6213.00
VIDEO-003531,ENHOGAR,2026-08-16,11,1166,R,72,X,4,6350.00
VIDEO-003532,ENHOGAR,2026-08-17,12,1267,U,79,NR,7,6487.00
VIDEO-003533,ENHOGAR,2026-08-18,13,1368,U,86,F,2,6624.00
VIDEO-003534,ENHOGAR,2026-08-19,14,1469,R,20,M,5,6761.00
VIDEO-003535,ENHOGAR,2026-08-20,15,1570,U,27,X,8,6898.00
VIDEO-003536,ENHOGAR,2026-08-01,16,1671,U,34,NR,3,7035.00
VIDEO-003537,ENHOGAR,2026-08-02,17,1772,R,41,F,6,7172.00
VIDEO-003538,ENHOGAR,2026-08-03,18,1873,U,48,M,1,7309.00
VIDEO-003539,ENHOGAR,2026-08-04,19,1974,U,55,X,4,7446.00
VIDEO-003540,ENHOGAR,2026-08-05,20,2075,R,62,NR,7,7583.00
VIDEO-003541,ENHOGAR,2026-08-06,21,2176,U,69,F,2,7720.00
VIDEO-003542,ENHOGAR,2026-08-07,22,2277,U,76,M,5,7857.00
VIDEO-003543,ENHOGAR,2026-08-08,01,0178,R,83,X,8,7994.00
VIDEO-003544,ENHOGAR,2026-08-09,02,0279,U,90,NR,3,8131.00
VIDEO-003545,ENHOGAR,2026-08-10,03,0380,U,24,F,6,8268.00
VIDEO-003546,ENHOGAR,2026-08-11,04,0481,R,31,M,1,8405.00
VIDEO-003547,ENHOGAR,2026-08-12,05,0582,U,38,X,4,942.00
VIDEO-003548,ENHOGAR,2026-08-13,06,0683,U,45,NR,7,1079.00
VIDEO-003549,ENHOGAR,2026-08-14,07,0784,R,52,F,2,1216.00
VIDEO-003550,ENHOGAR,2026-08-15,08,0885,U,59,M,5,1353.00
VIDEO-003551,ENHOGAR,2026-08-16,09,0986,U,66,X,8,1490.00
VIDEO-003552,ENHOGAR,2026-08-17,10,1087,R,73,NR,3,1627.00
VIDEO-003553,ENHOGAR,2026-08-18,11,1188,U,80,F,6,1764.00
VIDEO-003554,ENHOGAR,2026-08-19,12,1289,U,87,M,1,1901.00
VIDEO-003555,ENHOGAR,2026-08-20,13,1390,R,21,X,4,2038.00
VIDEO-003556,ENHOGAR,2026-08-01,14,1491,U,28,NR,7,2175.00
VIDEO-003557,ENHOGAR,2026-08-02,15,1592,U,35,F,2,2312.00
VIDEO-003558,ENHOGAR,2026-08-03,16,1693,R,42,M,5,2449.00
VIDEO-003559,ENHOGAR,2026-08-04,17,1794,U,49,X,8,2586.00
VIDEO-003560,ENHOGAR,2026-08-05,18,1895,U,56,NR,3,2723.00
VIDEO-003561,ENHOGAR,2026-08-06,19,1996,R,63,F,6,2860.00
VIDEO-003562,ENHOGAR,2026-08-07,20,2097,U,70,M,1,2997.00
VIDEO-003563,ENHOGAR,2026-08-08,21,2198,U,77,X,4,3134.00
VIDEO-003564,ENHOGAR,2026-08-09,22,2299,R,84,NR,7,3271.00
VIDEO-003565,ENHOGAR,2026-08-10,01,0101,U,18,F,2,3408.00
VIDEO-003566,ENHOGAR,2026-08-11,02,0202,U,25,M,5,3545.00
VIDEO-003567,ENHOGAR,2026-08-12,03,0303,R,32,X,8,3682.00
VIDEO-003568,ENHOGAR,2026-08-13,04,0404,U,39,NR,3,3819.00
VIDEO-003569,ENHOGAR,2026-08-14,05,0505,U,46,F,6,3956.00
VIDEO-003570,ENHOGAR,2026-08-15,06,0606,R,53,M,1,4093.00
VIDEO-003571,ENHOGAR,2026-08-16,07,0707,U,60,X,4,4230.00
VIDEO-003572,ENHOGAR,2026-08-17,08,0808,U,67,NR,7,4367.00
VIDEO-003573,ENHOGAR,2026-08-18,09,0909,R,74,F,2,4504.00
VIDEO-003574,ENHOGAR,2026-08-19,10,1010,U,81,M,5,4641.00
VIDEO-003575,ENHOGAR,2026-08-20,11,1111,U,88,X,8,4778.00
VIDEO-003576,ENHOGAR,2026-08-01,12,1212,R,22,NR,3,4915.00
VIDEO-003577,ENHOGAR,2026-08-02,13,1313,U,29,F,6,5052.00
VIDEO-003578,ENHOGAR,2026-08-03,14,1414,U,36,M,1,5189.00
VIDEO-003579,ENHOGAR,2026-08-04,15,1515,R,43,X,4,5326.00
VIDEO-003580,ENHOGAR,2026-08-05,16,1616,U,50,NR,7,5463.00
VIDEO-003581,ENHOGAR,2026-08-06,17,1717,U,57,F,2,5600.00
VIDEO-003582,ENHOGAR,2026-08-07,18,1818,R,64,M,5,5737.00
VIDEO-003583,ENHOGAR,2026-08-08,19,1919,U,71,X,8,5874.00
VIDEO-003584,ENHOGAR,2026-08-09,20,2020,U,78,NR,3,6011.00
VIDEO-003585,ENHOGAR,2026-08-10,21,2121,R,85,F,6,6148.00
VIDEO-003586,ENHOGAR,2026-08-11,22,2222,U,19,M,1,6285.00
VIDEO-003587,ENHOGAR,2026-08-12,01,0123,U,26,X,4,6422.00
VIDEO-003588,ENHOGAR,2026-08-13,02,0224,R,33,NR,7,6559.00
VIDEO-003589,ENHOGAR,2026-08-14,03,0325,U,40,F,2,6696.00
VIDEO-003590,ENHOGAR,2026-08-15,04,0426,U,47,M,5,6833.00
VIDEO-003591,ENHOGAR,2026-08-16,05,0527,R,54,X,8,6970.00
VIDEO-003592,ENHOGAR,2026-08-17,06,0628,U,61,NR,3,7107.00
VIDEO-003593,ENHOGAR,2026-08-18,07,0729,U,68,F,6,7244.00
VIDEO-003594,ENHOGAR,2026-08-19,08,0830,R,75,M,1,7381.00
VIDEO-003595,ENHOGAR,2026-08-20,09,0931,U,82,X,4,7518.00
VIDEO-003596,ENHOGAR,2026-08-01,10,1032,U,89,NR,7,7655.00
VIDEO-003597,ENHOGAR,2026-08-02,11,1133,R,23,F,2,7792.00
VIDEO-003598,ENHOGAR,2026-08-03,12,1234,U,30,M,5,7929.00
VIDEO-003599,ENHOGAR,2026-08-04,13,1335,U,37,X,8,8066.00
VIDEO-003600,ENHOGAR,2026-08-05,14,1436,R,44,NR,3,8203.00
VIDEO-003601,ENHOGAR,2026-08-06,15,1537,U,51,F,6,8340.00
VIDEO-003602,ENHOGAR,2026-08-07,16,1638,U,58,M,1,8477.00
VIDEO-003603,ENHOGAR,2026-08-08,17,1739,R,65,X,4,1014.00
VIDEO-003604,ENHOGAR,2026-08-09,18,1840,U,72,NR,7,1151.00
VIDEO-003605,ENHOGAR,2026-08-10,19,1941,U,79,F,2,1288.00
VIDEO-003606,ENHOGAR,2026-08-11,20,2042,R,86,M,5,1425.00
VIDEO-003607,ENHOGAR,2026-08-12,21,2143,U,20,X,8,1562.00
VIDEO-003608,ENHOGAR,2026-08-13,22,2244,U,27,NR,3,1699.00
VIDEO-003609,ENHOGAR,2026-08-14,01,0145,R,34,F,6,1836.00
VIDEO-003610,ENHOGAR,2026-08-15,02,0246,U,41,M,1,1973.00
VIDEO-003611,ENHOGAR,2026-08-16,03,0347,U,48,X,4,2110.00
VIDEO-003612,ENHOGAR,2026-08-17,04,0448,R,55,NR,7,2247.00
VIDEO-003613,ENHOGAR,2026-08-18,05,0549,U,62,F,2,2384.00
VIDEO-003614,ENHOGAR,2026-08-19,06,0650,U,69,M,5,2521.00
VIDEO-003615,ENHOGAR,2026-08-20,07,0751,R,76,X,8,2658.00
VIDEO-003616,ENHOGAR,2026-08-01,08,0852,U,83,NR,3,2795.00
VIDEO-003617,ENHOGAR,2026-08-02,09,0953,U,90,F,6,2932.00
VIDEO-003618,ENHOGAR,2026-08-03,10,1054,R,24,M,1,3069.00
VIDEO-003619,ENHOGAR,2026-08-04,11,1155,U,31,X,4,3206.00
VIDEO-003620,ENHOGAR,2026-08-05,12,1256,U,38,NR,7,3343.00
VIDEO-003621,ENHOGAR,2026-08-06,13,1357,R,45,F,2,3480.00
VIDEO-003622,ENHOGAR,2026-08-07,14,1458,U,52,M,5,3617.00
VIDEO-003623,ENHOGAR,2026-08-08,15,1559,U,59,X,8,3754.00
VIDEO-003624,ENHOGAR,2026-08-09,16,1660,R,66,NR,3,3891.00
VIDEO-003625,ENHOGAR,2026-08-10,17,1761,U,73,F,6,4028.00
VIDEO-003626,ENHOGAR,2026-08-11,18,1862,U,80,M,1,4165.00
VIDEO-003627,ENHOGAR,2026-08-12,19,1963,R,87,X,4,4302.00
VIDEO-003628,ENHOGAR,2026-08-13,20,2064,U,21,NR,7,4439.00
VIDEO-003629,ENHOGAR,2026-08-14,21,2165,U,28,F,2,4576.00
VIDEO-003630,ENHOGAR,2026-08-15,22,2266,R,35,M,5,4713.00
VIDEO-003631,ENHOGAR,2026-08-16,01,0167,U,42,X,8,4850.00
VIDEO-003632,ENHOGAR,2026-08-17,02,0268,U,49,NR,3,4987.00
VIDEO-003633,ENHOGAR,2026-08-18,03,0369,R,56,F,6,5124.00
VIDEO-003634,ENHOGAR,2026-08-19,04,0470,U,63,M,1,5261.00
VIDEO-003635,ENHOGAR,2026-08-20,05,0571,U,70,X,4,5398.00
VIDEO-003636,ENHOGAR,2026-08-01,06,0672,R,77,NR,7,5535.00
VIDEO-003637,ENHOGAR,2026-08-02,07,0773,U,84,F,2,5672.00
VIDEO-003638,ENHOGAR,2026-08-03,08,0874,U,18,M,5,5809.00
VIDEO-003639,ENHOGAR,2026-08-04,09,0975,R,25,X,8,5946.00
VIDEO-003640,ENHOGAR,2026-08-05,10,1076,U,32,NR,3,6083.00
VIDEO-003641,ENHOGAR,2026-08-06,11,1177,U,39,F,6,6220.00
VIDEO-003642,ENHOGAR,2026-08-07,12,1278,R,46,M,1,6357.00
VIDEO-003643,ENHOGAR,2026-08-08,13,1379,U,53,X,4,6494.00
VIDEO-003644,ENHOGAR,2026-08-09,14,1480,U,60,NR,7,6631.00
VIDEO-003645,ENHOGAR,2026-08-10,15,1581,R,67,F,2,6768.00
VIDEO-003646,ENHOGAR,2026-08-11,16,1682,U,74,M,5,6905.00
VIDEO-003647,ENHOGAR,2026-08-12,17,1783,U,81,X,8,7042.00
VIDEO-003648,ENHOGAR,2026-08-13,18,1884,R,88,NR,3,7179.00
VIDEO-003649,ENHOGAR,2026-08-14,19,1985,U,22,F,6,7316.00
VIDEO-003650,ENHOGAR,2026-08-15,20,2086,U,29,M,1,7453.00
VIDEO-003651,ENHOGAR,2026-08-16,21,2187,R,36,X,4,7590.00
VIDEO-003652,ENHOGAR,2026-08-17,22,2288,U,43,NR,7,7727.00
VIDEO-003653,ENHOGAR,2026-08-18,01,0189,U,50,F,2,7864.00
VIDEO-003654,ENHOGAR,2026-08-19,02,0290,R,57,M,5,8001.00
VIDEO-003655,ENHOGAR,2026-08-20,03,0391,U,64,X,8,8138.00
VIDEO-003656,ENHOGAR,2026-08-01,04,0492,U,71,NR,3,8275.00
VIDEO-003657,ENHOGAR,2026-08-02,05,0593,R,78,F,6,8412.00
VIDEO-003658,ENHOGAR,2026-08-03,06,0694,U,85,M,1,949.00
VIDEO-003659,ENHOGAR,2026-08-04,07,0795,U,19,X,4,1086.00
VIDEO-003660,ENHOGAR,2026-08-05,08,0896,R,26,NR,7,1223.00
VIDEO-003661,ENHOGAR,2026-08-06,09,0997,U,33,F,2,1360.00
VIDEO-003662,ENHOGAR,2026-08-07,10,1098,U,40,M,5,1497.00
VIDEO-003663,ENHOGAR,2026-08-08,11,1199,R,47,X,8,1634.00
VIDEO-003664,ENHOGAR,2026-08-09,12,1201,U,54,NR,3,1771.00
VIDEO-003665,ENHOGAR,2026-08-10,13,1302,U,61,F,6,1908.00
VIDEO-003666,ENHOGAR,2026-08-11,14,1403,R,68,M,1,2045.00
VIDEO-003667,ENHOGAR,2026-08-12,15,1504,U,75,X,4,2182.00
VIDEO-003668,ENHOGAR,2026-08-13,16,1605,U,82,NR,7,2319.00
VIDEO-003669,ENHOGAR,2026-08-14,17,1706,R,89,F,2,2456.00
VIDEO-003670,ENHOGAR,2026-08-15,18,1807,U,23,M,5,2593.00
VIDEO-003671,ENHOGAR,2026-08-16,19,1908,U,30,X,8,2730.00
VIDEO-003672,ENHOGAR,2026-08-17,20,2009,R,37,NR,3,2867.00
VIDEO-003673,ENHOGAR,2026-08-18,21,2110,U,44,F,6,3004.00
VIDEO-003674,ENHOGAR,2026-08-19,22,2211,U,51,M,1,3141.00
VIDEO-003675,ENHOGAR,2026-08-20,01,0112,R,58,X,4,3278.00
VIDEO-003676,ENHOGAR,2026-08-01,02,0213,U,65,NR,7,3415.00
VIDEO-003677,ENHOGAR,2026-08-02,03,0314,U,72,F,2,3552.00
VIDEO-003678,ENHOGAR,2026-08-03,04,0415,R,79,M,5,3689.00
VIDEO-003679,ENHOGAR,2026-08-04,05,0516,U,86,X,8,3826.00
VIDEO-003680,ENHOGAR,2026-08-05,06,0617,U,20,NR,3,3963.00
VIDEO-003681,ENHOGAR,2026-08-06,07,0718,R,27,F,6,4100.00
VIDEO-003682,ENHOGAR,2026-08-07,08,0819,U,34,M,1,4237.00
VIDEO-003683,ENHOGAR,2026-08-08,09,0920,U,41,X,4,4374.00
VIDEO-003684,ENHOGAR,2026-08-09,10,1021,R,48,NR,7,4511.00
VIDEO-003685,ENHOGAR,2026-08-10,11,1122,U,55,F,2,4648.00
VIDEO-003686,ENHOGAR,2026-08-11,12,1223,U,62,M,5,4785.00
VIDEO-003687,ENHOGAR,2026-08-12,13,1324,R,69,X,8,4922.00
VIDEO-003688,ENHOGAR,2026-08-13,14,1425,U,76,NR,3,5059.00
VIDEO-003689,ENHOGAR,2026-08-14,15,1526,U,83,F,6,5196.00
VIDEO-003690,ENHOGAR,2026-08-15,16,1627,R,90,M,1,5333.00
VIDEO-003691,ENHOGAR,2026-08-16,17,1728,U,24,X,4,5470.00
VIDEO-003692,ENHOGAR,2026-08-17,18,1829,U,31,NR,7,5607.00
VIDEO-003693,ENHOGAR,2026-08-18,19,1930,R,38,F,2,5744.00
VIDEO-003694,ENHOGAR,2026-08-19,20,2031,U,45,M,5,5881.00
VIDEO-003695,ENHOGAR,2026-08-20,21,2132,U,52,X,8,6018.00
VIDEO-003696,ENHOGAR,2026-08-01,22,2233,R,59,NR,3,6155.00
VIDEO-003697,ENHOGAR,2026-08-02,01,0134,U,66,F,6,6292.00
VIDEO-003698,ENHOGAR,2026-08-03,02,0235,U,73,M,1,6429.00
VIDEO-003699,ENHOGAR,2026-08-04,03,0336,R,80,X,4,6566.00
VIDEO-003700,ENHOGAR,2026-08-05,04,0437,U,87,NR,7,6703.00
VIDEO-003701,ENHOGAR,2026-08-06,05,0538,U,21,F,2,6840.00
VIDEO-003702,ENHOGAR,2026-08-07,06,0639,R,28,M,5,6977.00
VIDEO-003703,ENHOGAR,2026-08-08,07,0740,U,35,X,8,7114.00
VIDEO-003704,ENHOGAR,2026-08-09,08,0841,U,42,NR,3,7251.00
VIDEO-003705,ENHOGAR,2026-08-10,09,0942,R,49,F,6,7388.00
VIDEO-003706,ENHOGAR,2026-08-11,10,1043,U,56,M,1,7525.00
VIDEO-003707,ENHOGAR,2026-08-12,11,1144,U,63,X,4,7662.00
VIDEO-003708,ENHOGAR,2026-08-13,12,1245,R,70,NR,7,7799.00
VIDEO-003709,ENHOGAR,2026-08-14,13,1346,U,77,F,2,7936.00
VIDEO-003710,ENHOGAR,2026-08-15,14,1447,U,84,M,5,8073.00
VIDEO-003711,ENHOGAR,2026-08-16,15,1548,R,18,X,8,8210.00
VIDEO-003712,ENHOGAR,2026-08-17,16,1649,U,25,NR,3,8347.00
VIDEO-003713,ENHOGAR,2026-08-18,17,1750,U,32,F,6,8484.00
VIDEO-003714,ENHOGAR,2026-08-19,18,1851,R,39,M,1,1021.00
VIDEO-003715,ENHOGAR,2026-08-20,19,1952,U,46,X,4,1158.00
VIDEO-003716,ENHOGAR,2026-08-01,20,2053,U,53,NR,7,1295.00
VIDEO-003717,ENHOGAR,2026-08-02,21,2154,R,60,F,2,1432.00
VIDEO-003718,ENHOGAR,2026-08-03,22,2255,U,67,M,5,1569.00
VIDEO-003719,ENHOGAR,2026-08-04,01,0156,U,74,X,8,1706.00
VIDEO-003720,ENHOGAR,2026-08-05,02,0257,R,81,NR,3,1843.00
VIDEO-003721,ENHOGAR,2026-08-06,03,0358,U,88,F,6,1980.00
VIDEO-003722,ENHOGAR,2026-08-07,04,0459,U,22,M,1,2117.00
VIDEO-003723,ENHOGAR,2026-08-08,05,0560,R,29,X,4,2254.00
VIDEO-003724,ENHOGAR,2026-08-09,06,0661,U,36,NR,7,2391.00
VIDEO-003725,ENHOGAR,2026-08-10,07,0762,U,43,F,2,2528.00
VIDEO-003726,ENHOGAR,2026-08-11,08,0863,R,50,M,5,2665.00
VIDEO-003727,ENHOGAR,2026-08-12,09,0964,U,57,X,8,2802.00
VIDEO-003728,ENHOGAR,2026-08-13,10,1065,U,64,NR,3,2939.00
VIDEO-003729,ENHOGAR,2026-08-14,11,1166,R,71,F,6,3076.00
VIDEO-003730,ENHOGAR,2026-08-15,12,1267,U,78,M,1,3213.00
VIDEO-003731,ENHOGAR,2026-08-16,13,1368,U,85,X,4,3350.00
VIDEO-003732,ENHOGAR,2026-08-17,14,1469,R,19,NR,7,3487.00
VIDEO-003733,ENHOGAR,2026-08-18,15,1570,U,26,F,2,3624.00
VIDEO-003734,ENHOGAR,2026-08-19,16,1671,U,33,M,5,3761.00
VIDEO-003735,ENHOGAR,2026-08-20,17,1772,R,40,X,8,3898.00
VIDEO-003736,ENHOGAR,2026-08-01,18,1873,U,47,NR,3,4035.00
VIDEO-003737,ENHOGAR,2026-08-02,19,1974,U,54,F,6,4172.00
VIDEO-003738,ENHOGAR,2026-08-03,20,2075,R,61,M,1,4309.00
VIDEO-003739,ENHOGAR,2026-08-04,21,2176,U,68,X,4,4446.00
VIDEO-003740,ENHOGAR,2026-08-05,22,2277,U,75,NR,7,4583.00
VIDEO-003741,ENHOGAR,2026-08-06,01,0178,R,82,F,2,4720.00
VIDEO-003742,ENHOGAR,2026-08-07,02,0279,U,89,M,5,4857.00
VIDEO-003743,ENHOGAR,2026-08-08,03,0380,U,23,X,8,4994.00
VIDEO-003744,ENHOGAR,2026-08-09,04,0481,R,30,NR,3,5131.00
VIDEO-003745,ENHOGAR,2026-08-10,05,0582,U,37,F,6,5268.00
VIDEO-003746,ENHOGAR,2026-08-11,06,0683,U,44,M,1,5405.00
VIDEO-003747,ENHOGAR,2026-08-12,07,0784,R,51,X,4,5542.00
VIDEO-003748,ENHOGAR,2026-08-13,08,0885,U,58,NR,7,5679.00
VIDEO-003749,ENHOGAR,2026-08-14,09,0986,U,65,F,2,5816.00
VIDEO-003750,ENHOGAR,2026-08-15,10,1087,R,72,M,5,5953.00
VIDEO-003751,ENHOGAR,2026-08-16,11,1188,U,79,X,8,6090.00
VIDEO-003752,ENHOGAR,2026-08-17,12,1289,U,86,NR,3,6227.00
VIDEO-003753,ENHOGAR,2026-08-18,13,1390,R,20,F,6,6364.00
VIDEO-003754,ENHOGAR,2026-08-19,14,1491,U,27,M,1,6501.00
VIDEO-003755,ENHOGAR,2026-08-20,15,1592,U,34,X,4,6638.00
VIDEO-003756,ENHOGAR,2026-08-01,16,1693,R,41,NR,7,6775.00
VIDEO-003757,ENHOGAR,2026-08-02,17,1794,U,48,F,2,6912.00
VIDEO-003758,ENHOGAR,2026-08-03,18,1895,U,55,M,5,7049.00
VIDEO-003759,ENHOGAR,2026-08-04,19,1996,R,62,X,8,7186.00
VIDEO-003760,ENHOGAR,2026-08-05,20,2097,U,69,NR,3,7323.00
VIDEO-003761,ENHOGAR,2026-08-06,21,2198,U,76,F,6,7460.00
VIDEO-003762,ENHOGAR,2026-08-07,22,2299,R,83,M,1,7597.00
VIDEO-003763,ENHOGAR,2026-08-08,01,0101,U,90,X,4,7734.00
VIDEO-003764,ENHOGAR,2026-08-09,02,0202,U,24,NR,7,7871.00
VIDEO-003765,ENHOGAR,2026-08-10,03,0303,R,31,F,2,8008.00
VIDEO-003766,ENHOGAR,2026-08-11,04,0404,U,38,M,5,8145.00
VIDEO-003767,ENHOGAR,2026-08-12,05,0505,U,45,X,8,8282.00
VIDEO-003768,ENHOGAR,2026-08-13,06,0606,R,52,NR,3,8419.00
VIDEO-003769,ENHOGAR,2026-08-14,07,0707,U,59,F,6,956.00
VIDEO-003770,ENHOGAR,2026-08-15,08,0808,U,66,M,1,1093.00
VIDEO-003771,ENHOGAR,2026-08-16,09,0909,R,73,X,4,1230.00
VIDEO-003772,ENHOGAR,2026-08-17,10,1010,U,80,NR,7,1367.00
VIDEO-003773,ENHOGAR,2026-08-18,11,1111,U,87,F,2,1504.00
VIDEO-003774,ENHOGAR,2026-08-19,12,1212,R,21,M,5,1641.00
VIDEO-003775,ENHOGAR,2026-08-20,13,1313,U,28,X,8,1778.00
VIDEO-003776,ENHOGAR,2026-08-01,14,1414,U,35,NR,3,1915.00
VIDEO-003777,ENHOGAR,2026-08-02,15,1515,R,42,F,6,2052.00
VIDEO-003778,ENHOGAR,2026-08-03,16,1616,U,49,M,1,2189.00
VIDEO-003779,ENHOGAR,2026-08-04,17,1717,U,56,X,4,2326.00
VIDEO-003780,ENHOGAR,2026-08-05,18,1818,R,63,NR,7,2463.00
VIDEO-003781,ENHOGAR,2026-08-06,19,1919,U,70,F,2,2600.00
VIDEO-003782,ENHOGAR,2026-08-07,20,2020,U,77,M,5,2737.00
VIDEO-003783,ENHOGAR,2026-08-08,21,2121,R,84,X,8,2874.00
VIDEO-003784,ENHOGAR,2026-08-09,22,2222,U,18,NR,3,3011.00
VIDEO-003785,ENHOGAR,2026-08-10,01,0123,U,25,F,6,3148.00
VIDEO-003786,ENHOGAR,2026-08-11,02,0224,R,32,M,1,3285.00
VIDEO-003787,ENHOGAR,2026-08-12,03,0325,U,39,X,4,3422.00
VIDEO-003788,ENHOGAR,2026-08-13,04,0426,U,46,NR,7,3559.00
VIDEO-003789,ENHOGAR,2026-08-14,05,0527,R,53,F,2,3696.00
VIDEO-003790,ENHOGAR,2026-08-15,06,0628,U,60,M,5,3833.00
VIDEO-003791,ENHOGAR,2026-08-16,07,0729,U,67,X,8,3970.00
VIDEO-003792,ENHOGAR,2026-08-17,08,0830,R,74,NR,3,4107.00
VIDEO-003793,ENHOGAR,2026-08-18,09,0931,U,81,F,6,4244.00
VIDEO-003794,ENHOGAR,2026-08-19,10,1032,U,88,M,1,4381.00
VIDEO-003795,ENHOGAR,2026-08-20,11,1133,R,22,X,4,4518.00
VIDEO-003796,ENHOGAR,2026-08-01,12,1234,U,29,NR,7,4655.00
VIDEO-003797,ENHOGAR,2026-08-02,13,1335,U,36,F,2,4792.00
VIDEO-003798,ENHOGAR,2026-08-03,14,1436,R,43,M,5,4929.00
VIDEO-003799,ENHOGAR,2026-08-04,15,1537,U,50,X,8,5066.00
VIDEO-003800,ENHOGAR,2026-08-05,16,1638,U,57,NR,3,5203.00
VIDEO-003801,ENHOGAR,2026-08-06,17,1739,R,64,F,6,5340.00
VIDEO-003802,ENHOGAR,2026-08-07,18,1840,U,71,M,1,5477.00
VIDEO-003803,ENHOGAR,2026-08-08,19,1941,U,78,X,4,5614.00
VIDEO-003804,ENHOGAR,2026-08-09,20,2042,R,85,NR,7,5751.00
VIDEO-003805,ENHOGAR,2026-08-10,21,2143,U,19,F,2,5888.00
VIDEO-003806,ENHOGAR,2026-08-11,22,2244,U,26,M,5,6025.00
VIDEO-003807,ENHOGAR,2026-08-12,01,0145,R,33,X,8,6162.00
VIDEO-003808,ENHOGAR,2026-08-13,02,0246,U,40,NR,3,6299.00
VIDEO-003809,ENHOGAR,2026-08-14,03,0347,U,47,F,6,6436.00
VIDEO-003810,ENHOGAR,2026-08-15,04,0448,R,54,M,1,6573.00
VIDEO-003811,ENHOGAR,2026-08-16,05,0549,U,61,X,4,6710.00
VIDEO-003812,ENHOGAR,2026-08-17,06,0650,U,68,NR,7,6847.00
VIDEO-003813,ENHOGAR,2026-08-18,07,0751,R,75,F,2,6984.00
VIDEO-003814,ENHOGAR,2026-08-19,08,0852,U,82,M,5,7121.00
VIDEO-003815,ENHOGAR,2026-08-20,09,0953,U,89,X,8,7258.00
VIDEO-003816,ENHOGAR,2026-08-01,10,1054,R,23,NR,3,7395.00
VIDEO-003817,ENHOGAR,2026-08-02,11,1155,U,30,F,6,7532.00
VIDEO-003818,ENHOGAR,2026-08-03,12,1256,U,37,M,1,7669.00
VIDEO-003819,ENHOGAR,2026-08-04,13,1357,R,44,X,4,7806.00
VIDEO-003820,ENHOGAR,2026-08-05,14,1458,U,51,NR,7,7943.00
VIDEO-003821,ENHOGAR,2026-08-06,15,1559,U,58,F,2,8080.00
VIDEO-003822,ENHOGAR,2026-08-07,16,1660,R,65,M,5,8217.00
VIDEO-003823,ENHOGAR,2026-08-08,17,1761,U,72,X,8,8354.00
VIDEO-003824,ENHOGAR,2026-08-09,18,1862,U,79,NR,3,8491.00
VIDEO-003825,ENHOGAR,2026-08-10,19,1963,R,86,F,6,1028.00
VIDEO-003826,ENHOGAR,2026-08-11,20,2064,U,20,M,1,1165.00
VIDEO-003827,ENHOGAR,2026-08-12,21,2165,U,27,X,4,1302.00
VIDEO-003828,ENHOGAR,2026-08-13,22,2266,R,34,NR,7,1439.00
VIDEO-003829,ENHOGAR,2026-08-14,01,0167,U,41,F,2,1576.00
VIDEO-003830,ENHOGAR,2026-08-15,02,0268,U,48,M,5,1713.00
VIDEO-003831,ENHOGAR,2026-08-16,03,0369,R,55,X,8,1850.00
VIDEO-003832,ENHOGAR,2026-08-17,04,0470,U,62,NR,3,1987.00
VIDEO-003833,ENHOGAR,2026-08-18,05,0571,U,69,F,6,2124.00
VIDEO-003834,ENHOGAR,2026-08-19,06,0672,R,76,M,1,2261.00
VIDEO-003835,ENHOGAR,2026-08-20,07,0773,U,83,X,4,2398.00
VIDEO-003836,ENHOGAR,2026-08-01,08,0874,U,90,NR,7,2535.00
VIDEO-003837,ENHOGAR,2026-08-02,09,0975,R,24,F,2,2672.00
VIDEO-003838,ENHOGAR,2026-08-03,10,1076,U,31,M,5,2809.00
VIDEO-003839,ENHOGAR,2026-08-04,11,1177,U,38,X,8,2946.00
VIDEO-003840,ENHOGAR,2026-08-05,12,1278,R,45,NR,3,3083.00
VIDEO-003841,ENHOGAR,2026-08-06,13,1379,U,52,F,6,3220.00
VIDEO-003842,ENHOGAR,2026-08-07,14,1480,U,59,M,1,3357.00
VIDEO-003843,ENHOGAR,2026-08-08,15,1581,R,66,X,4,3494.00
VIDEO-003844,ENHOGAR,2026-08-09,16,1682,U,73,NR,7,3631.00
VIDEO-003845,ENHOGAR,2026-08-10,17,1783,U,80,F,2,3768.00
VIDEO-003846,ENHOGAR,2026-08-11,18,1884,R,87,M,5,3905.00
VIDEO-003847,ENHOGAR,2026-08-12,19,1985,U,21,X,8,4042.00
VIDEO-003848,ENHOGAR,2026-08-13,20,2086,U,28,NR,3,4179.00
VIDEO-003849,ENHOGAR,2026-08-14,21,2187,R,35,F,6,4316.00
VIDEO-003850,ENHOGAR,2026-08-15,22,2288,U,42,M,1,4453.00
VIDEO-003851,ENHOGAR,2026-08-16,01,0189,U,49,X,4,4590.00
VIDEO-003852,ENHOGAR,2026-08-17,02,0290,R,56,NR,7,4727.00
VIDEO-003853,ENHOGAR,2026-08-18,03,0391,U,63,F,2,4864.00
VIDEO-003854,ENHOGAR,2026-08-19,04,0492,U,70,M,5,5001.00
VIDEO-003855,ENHOGAR,2026-08-20,05,0593,R,77,X,8,5138.00
VIDEO-003856,ENHOGAR,2026-08-01,06,0694,U,84,NR,3,5275.00
VIDEO-003857,ENHOGAR,2026-08-02,07,0795,U,18,F,6,5412.00
VIDEO-003858,ENHOGAR,2026-08-03,08,0896,R,25,M,1,5549.00
VIDEO-003859,ENHOGAR,2026-08-04,09,0997,U,32,X,4,5686.00
VIDEO-003860,ENHOGAR,2026-08-05,10,1098,U,39,NR,7,5823.00
VIDEO-003861,ENHOGAR,2026-08-06,11,1199,R,46,F,2,5960.00
VIDEO-003862,ENHOGAR,2026-08-07,12,1201,U,53,M,5,6097.00
VIDEO-003863,ENHOGAR,2026-08-08,13,1302,U,60,X,8,6234.00
VIDEO-003864,ENHOGAR,2026-08-09,14,1403,R,67,NR,3,6371.00
VIDEO-003865,ENHOGAR,2026-08-10,15,1504,U,74,F,6,6508.00
VIDEO-003866,ENHOGAR,2026-08-11,16,1605,U,81,M,1,6645.00
VIDEO-003867,ENHOGAR,2026-08-12,17,1706,R,88,X,4,6782.00
VIDEO-003868,ENHOGAR,2026-08-13,18,1807,U,22,NR,7,6919.00
VIDEO-003869,ENHOGAR,2026-08-14,19,1908,U,29,F,2,7056.00
VIDEO-003870,ENHOGAR,2026-08-15,20,2009,R,36,M,5,7193.00
VIDEO-003871,ENHOGAR,2026-08-16,21,2110,U,43,X,8,7330.00
VIDEO-003872,ENHOGAR,2026-08-17,22,2211,U,50,NR,3,7467.00
VIDEO-003873,ENHOGAR,2026-08-18,01,0112,R,57,F,6,7604.00
VIDEO-003874,ENHOGAR,2026-08-19,02,0213,U,64,M,1,7741.00
VIDEO-003875,ENHOGAR,2026-08-20,03,0314,U,71,X,4,7878.00
VIDEO-003876,ENHOGAR,2026-08-01,04,0415,R,78,NR,7,8015.00
VIDEO-003877,ENHOGAR,2026-08-02,05,0516,U,85,F,2,8152.00
VIDEO-003878,ENHOGAR,2026-08-03,06,0617,U,19,M,5,8289.00
VIDEO-003879,ENHOGAR,2026-08-04,07,0718,R,26,X,8,8426.00
VIDEO-003880,ENHOGAR,2026-08-05,08,0819,U,33,NR,3,963.00
VIDEO-003881,ENHOGAR,2026-08-06,09,0920,U,40,F,6,1100.00
VIDEO-003882,ENHOGAR,2026-08-07,10,1021,R,47,M,1,1237.00
VIDEO-003883,ENHOGAR,2026-08-08,11,1122,U,54,X,4,1374.00
VIDEO-003884,ENHOGAR,2026-08-09,12,1223,U,61,NR,7,1511.00
VIDEO-003885,ENHOGAR,2026-08-10,13,1324,R,68,F,2,1648.00
VIDEO-003886,ENHOGAR,2026-08-11,14,1425,U,75,M,5,1785.00
VIDEO-003887,ENHOGAR,2026-08-12,15,1526,U,82,X,8,1922.00
VIDEO-003888,ENHOGAR,2026-08-13,16,1627,R,89,NR,3,2059.00
VIDEO-003889,ENHOGAR,2026-08-14,17,1728,U,23,F,6,2196.00
VIDEO-003890,ENHOGAR,2026-08-15,18,1829,U,30,M,1,2333.00
VIDEO-003891,ENHOGAR,2026-08-16,19,1930,R,37,X,4,2470.00
VIDEO-003892,ENHOGAR,2026-08-17,20,2031,U,44,NR,7,2607.00
VIDEO-003893,ENHOGAR,2026-08-18,21,2132,U,51,F,2,2744.00
VIDEO-003894,ENHOGAR,2026-08-19,22,2233,R,58,M,5,2881.00
VIDEO-003895,ENHOGAR,2026-08-20,01,0134,U,65,X,8,3018.00
VIDEO-003896,ENHOGAR,2026-08-01,02,0235,U,72,NR,3,3155.00
VIDEO-003897,ENHOGAR,2026-08-02,03,0336,R,79,F,6,3292.00
VIDEO-003898,ENHOGAR,2026-08-03,04,0437,U,86,M,1,3429.00
VIDEO-003899,ENHOGAR,2026-08-04,05,0538,U,20,X,4,3566.00
VIDEO-003900,ENHOGAR,2026-08-05,06,0639,R,27,NR,7,3703.00
VIDEO-003901,ENHOGAR,2026-08-06,07,0740,U,34,F,2,3840.00
VIDEO-003902,ENHOGAR,2026-08-07,08,0841,U,41,M,5,3977.00
VIDEO-003903,ENHOGAR,2026-08-08,09,0942,R,48,X,8,4114.00
VIDEO-003904,ENHOGAR,2026-08-09,10,1043,U,55,NR,3,4251.00
VIDEO-003905,ENHOGAR,2026-08-10,11,1144,U,62,F,6,4388.00
VIDEO-003906,ENHOGAR,2026-08-11,12,1245,R,69,M,1,4525.00
VIDEO-003907,ENHOGAR,2026-08-12,13,1346,U,76,X,4,4662.00
VIDEO-003908,ENHOGAR,2026-08-13,14,1447,U,83,NR,7,4799.00
VIDEO-003909,ENHOGAR,2026-08-14,15,1548,R,90,F,2,4936.00
VIDEO-003910,ENHOGAR,2026-08-15,16,1649,U,24,M,5,5073.00
VIDEO-003911,ENHOGAR,2026-08-16,17,1750,U,31,X,8,5210.00
VIDEO-003912,ENHOGAR,2026-08-17,18,1851,R,38,NR,3,5347.00
VIDEO-003913,ENHOGAR,2026-08-18,19,1952,U,45,F,6,5484.00
VIDEO-003914,ENHOGAR,2026-08-19,20,2053,U,52,M,1,5621.00
VIDEO-003915,ENHOGAR,2026-08-20,21,2154,R,59,X,4,5758.00
VIDEO-003916,ENHOGAR,2026-08-01,22,2255,U,66,NR,7,5895.00
VIDEO-003917,ENHOGAR,2026-08-02,01,0156,U,73,F,2,6032.00
VIDEO-003918,ENHOGAR,2026-08-03,02,0257,R,80,M,5,6169.00
VIDEO-003919,ENHOGAR,2026-08-04,03,0358,U,87,X,8,6306.00
VIDEO-003920,ENHOGAR,2026-08-05,04,0459,U,21,NR,3,6443.00
VIDEO-003921,ENHOGAR,2026-08-06,05,0560,R,28,F,6,6580.00
VIDEO-003922,ENHOGAR,2026-08-07,06,0661,U,35,M,1,6717.00
VIDEO-003923,ENHOGAR,2026-08-08,07,0762,U,42,X,4,6854.00
VIDEO-003924,ENHOGAR,2026-08-09,08,0863,R,49,NR,7,6991.00
VIDEO-003925,ENHOGAR,2026-08-10,09,0964,U,56,F,2,7128.00
VIDEO-003926,ENHOGAR,2026-08-11,10,1065,U,63,M,5,7265.00
VIDEO-003927,ENHOGAR,2026-08-12,11,1166,R,70,X,8,7402.00
VIDEO-003928,ENHOGAR,2026-08-13,12,1267,U,77,NR,3,7539.00
VIDEO-003929,ENHOGAR,2026-08-14,13,1368,U,84,F,6,7676.00
VIDEO-003930,ENHOGAR,2026-08-15,14,1469,R,18,M,1,7813.00
VIDEO-003931,ENHOGAR,2026-08-16,15,1570,U,25,X,4,7950.00
VIDEO-003932,ENHOGAR,2026-08-17,16,1671,U,32,NR,7,8087.00
VIDEO-003933,ENHOGAR,2026-08-18,17,1772,R,39,F,2,8224.00
VIDEO-003934,ENHOGAR,2026-08-19,18,1873,U,46,M,5,8361.00
VIDEO-003935,ENHOGAR,2026-08-20,19,1974,U,53,X,8,8498.00
VIDEO-003936,ENHOGAR,2026-08-01,20,2075,R,60,NR,3,1035.00
VIDEO-003937,ENHOGAR,2026-08-02,21,2176,U,67,F,6,1172.00
VIDEO-003938,ENHOGAR,2026-08-03,22,2277,U,74,M,1,1309.00
VIDEO-003939,ENHOGAR,2026-08-04,01,0178,R,81,X,4,1446.00
VIDEO-003940,ENHOGAR,2026-08-05,02,0279,U,88,NR,7,1583.00
VIDEO-003941,ENHOGAR,2026-08-06,03,0380,U,22,F,2,1720.00
VIDEO-003942,ENHOGAR,2026-08-07,04,0481,R,29,M,5,1857.00
VIDEO-003943,ENHOGAR,2026-08-08,05,0582,U,36,X,8,1994.00
VIDEO-003944,ENHOGAR,2026-08-09,06,0683,U,43,NR,3,2131.00
VIDEO-003945,ENHOGAR,2026-08-10,07,0784,R,50,F,6,2268.00
VIDEO-003946,ENHOGAR,2026-08-11,08,0885,U,57,M,1,2405.00
VIDEO-003947,ENHOGAR,2026-08-12,09,0986,U,64,X,4,2542.00
VIDEO-003948,ENHOGAR,2026-08-13,10,1087,R,71,NR,7,2679.00
VIDEO-003949,ENHOGAR,2026-08-14,11,1188,U,78,F,2,2816.00
VIDEO-003950,ENHOGAR,2026-08-15,12,1289,U,85,M,5,2953.00
VIDEO-003951,ENHOGAR,2026-08-16,13,1390,R,19,X,8,3090.00
VIDEO-003952,ENHOGAR,2026-08-17,14,1491,U,26,NR,3,3227.00
VIDEO-003953,ENHOGAR,2026-08-18,15,1592,U,33,F,6,3364.00
VIDEO-003954,ENHOGAR,2026-08-19,16,1693,R,40,M,1,3501.00
VIDEO-003955,ENHOGAR,2026-08-20,17,1794,U,47,X,4,3638.00
VIDEO-003956,ENHOGAR,2026-08-01,18,1895,U,54,NR,7,3775.00
VIDEO-003957,ENHOGAR,2026-08-02,19,1996,R,61,F,2,3912.00
VIDEO-003958,ENHOGAR,2026-08-03,20,2097,U,68,M,5,4049.00
VIDEO-003959,ENHOGAR,2026-08-04,21,2198,U,75,X,8,4186.00
VIDEO-003960,ENHOGAR,2026-08-05,22,2299,R,82,NR,3,4323.00
VIDEO-003961,ENHOGAR,2026-08-06,01,0101,U,89,F,6,4460.00
VIDEO-003962,ENHOGAR,2026-08-07,02,0202,U,23,M,1,4597.00
VIDEO-003963,ENHOGAR,2026-08-08,03,0303,R,30,X,4,4734.00
VIDEO-003964,ENHOGAR,2026-08-09,04,0404,U,37,NR,7,4871.00
VIDEO-003965,ENHOGAR,2026-08-10,05,0505,U,44,F,2,5008.00
VIDEO-003966,ENHOGAR,2026-08-11,06,0606,R,51,M,5,5145.00
VIDEO-003967,ENHOGAR,2026-08-12,07,0707,U,58,X,8,5282.00
VIDEO-003968,ENHOGAR,2026-08-13,08,0808,U,65,NR,3,5419.00
VIDEO-003969,ENHOGAR,2026-08-14,09,0909,R,72,F,6,5556.00
VIDEO-003970,ENHOGAR,2026-08-15,10,1010,U,79,M,1,5693.00
VIDEO-003971,ENHOGAR,2026-08-16,11,1111,U,86,X,4,5830.00
VIDEO-003972,ENHOGAR,2026-08-17,12,1212,R,20,NR,7,5967.00
VIDEO-003973,ENHOGAR,2026-08-18,13,1313,U,27,F,2,6104.00
VIDEO-003974,ENHOGAR,2026-08-19,14,1414,U,34,M,5,6241.00
VIDEO-003975,ENHOGAR,2026-08-20,15,1515,R,41,X,8,6378.00
VIDEO-003976,ENHOGAR,2026-08-01,16,1616,U,48,NR,3,6515.00
VIDEO-003977,ENHOGAR,2026-08-02,17,1717,U,55,F,6,6652.00
VIDEO-003978,ENHOGAR,2026-08-03,18,1818,R,62,M,1,6789.00
VIDEO-003979,ENHOGAR,2026-08-04,19,1919,U,69,X,4,6926.00
VIDEO-003980,ENHOGAR,2026-08-05,20,2020,U,76,NR,7,7063.00
VIDEO-003981,ENHOGAR,2026-08-06,21,2121,R,83,F,2,7200.00
VIDEO-003982,ENHOGAR,2026-08-07,22,2222,U,90,M,5,7337.00
VIDEO-003983,ENHOGAR,2026-08-08,01,0123,U,24,X,8,7474.00
VIDEO-003984,ENHOGAR,2026-08-09,02,0224,R,31,NR,3,7611.00
VIDEO-003985,ENHOGAR,2026-08-10,03,0325,U,38,F,6,7748.00
VIDEO-003986,ENHOGAR,2026-08-11,04,0426,U,45,M,1,7885.00
VIDEO-003987,ENHOGAR,2026-08-12,05,0527,R,52,X,4,8022.00
VIDEO-003988,ENHOGAR,2026-08-13,06,0628,U,59,NR,7,8159.00
VIDEO-003989,ENHOGAR,2026-08-14,07,0729,U,66,F,2,8296.00
VIDEO-003990,ENHOGAR,2026-08-15,08,0830,R,73,M,5,8433.00
VIDEO-003991,ENHOGAR,2026-08-16,09,0931,U,80,X,8,970.00
VIDEO-003992,ENHOGAR,2026-08-17,10,1032,U,87,NR,3,1107.00
VIDEO-003993,ENHOGAR,2026-08-18,11,1133,R,21,F,6,1244.00
VIDEO-003994,ENHOGAR,2026-08-19,12,1234,U,28,M,1,1381.00
VIDEO-003995,ENHOGAR,2026-08-20,13,1335,U,35,X,4,1518.00
VIDEO-003996,ENHOGAR,2026-08-01,14,1436,R,42,NR,7,1655.00
VIDEO-003997,ENHOGAR,2026-08-02,15,1537,U,49,F,2,1792.00
VIDEO-003998,ENHOGAR,2026-08-03,16,1638,U,56,M,5,1929.00
VIDEO-003999,ENHOGAR,2026-08-04,17,1739,R,63,X,8,2066.00
VIDEO-004000,ENHOGAR,2026-08-05,18,1840,U,70,NR,3,2203.00
VIDEO-004001,ENHOGAR,2026-08-06,19,1941,U,77,F,6,2340.00
VIDEO-004002,ENHOGAR,2026-08-07,20,2042,R,84,M,1,2477.00
VIDEO-004003,ENHOGAR,2026-08-08,21,2143,U,18,X,4,2614.00
VIDEO-004004,ENHOGAR,2026-08-09,22,2244,U,25,NR,7,2751.00
VIDEO-004005,ENHOGAR,2026-08-10,01,0145,R,32,F,2,2888.00
VIDEO-004006,ENHOGAR,2026-08-11,02,0246,U,39,M,5,3025.00
VIDEO-004007,ENHOGAR,2026-08-12,03,0347,U,46,X,8,3162.00
VIDEO-004008,ENHOGAR,2026-08-13,04,0448,R,53,NR,3,3299.00
VIDEO-004009,ENHOGAR,2026-08-14,05,0549,U,60,F,6,3436.00
VIDEO-004010,ENHOGAR,2026-08-15,06,0650,U,67,M,1,3573.00
VIDEO-004011,ENHOGAR,2026-08-16,07,0751,R,74,X,4,3710.00
VIDEO-004012,ENHOGAR,2026-08-17,08,0852,U,81,NR,7,3847.00
VIDEO-004013,ENHOGAR,2026-08-18,09,0953,U,88,F,2,3984.00
VIDEO-004014,ENHOGAR,2026-08-19,10,1054,R,22,M,5,4121.00
VIDEO-004015,ENHOGAR,2026-08-20,11,1155,U,29,X,8,4258.00
VIDEO-004016,ENHOGAR,2026-08-01,12,1256,U,36,NR,3,4395.00
VIDEO-004017,ENHOGAR,2026-08-02,13,1357,R,43,F,6,4532.00
VIDEO-004018,ENHOGAR,2026-08-03,14,1458,U,50,M,1,4669.00
VIDEO-004019,ENHOGAR,2026-08-04,15,1559,U,57,X,4,4806.00
VIDEO-004020,ENHOGAR,2026-08-05,16,1660,R,64,NR,7,4943.00
VIDEO-004021,ENHOGAR,2026-08-06,17,1761,U,71,F,2,5080.00
VIDEO-004022,ENHOGAR,2026-08-07,18,1862,U,78,M,5,5217.00
VIDEO-004023,ENHOGAR,2026-08-08,19,1963,R,85,X,8,5354.00
VIDEO-004024,ENHOGAR,2026-08-09,20,2064,U,19,NR,3,5491.00
VIDEO-004025,ENHOGAR,2026-08-10,21,2165,U,26,F,6,5628.00
VIDEO-004026,ENHOGAR,2026-08-11,22,2266,R,33,M,1,5765.00
VIDEO-004027,ENHOGAR,2026-08-12,01,0167,U,40,X,4,5902.00
VIDEO-004028,ENHOGAR,2026-08-13,02,0268,U,47,NR,7,6039.00
VIDEO-004029,ENHOGAR,2026-08-14,03,0369,R,54,F,2,6176.00
VIDEO-004030,ENHOGAR,2026-08-15,04,0470,U,61,M,5,6313.00
VIDEO-004031,ENHOGAR,2026-08-16,05,0571,U,68,X,8,6450.00
VIDEO-004032,ENHOGAR,2026-08-17,06,0672,R,75,NR,3,6587.00
VIDEO-004033,ENHOGAR,2026-08-18,07,0773,U,82,F,6,6724.00
VIDEO-004034,ENHOGAR,2026-08-19,08,0874,U,89,M,1,6861.00
VIDEO-004035,ENHOGAR,2026-08-20,09,0975,R,23,X,4,6998.00
VIDEO-004036,ENHOGAR,2026-08-01,10,1076,U,30,NR,7,7135.00
VIDEO-004037,ENHOGAR,2026-08-02,11,1177,U,37,F,2,7272.00
VIDEO-004038,ENHOGAR,2026-08-03,12,1278,R,44,M,5,7409.00
VIDEO-004039,ENHOGAR,2026-08-04,13,1379,U,51,X,8,7546.00
VIDEO-004040,ENHOGAR,2026-08-05,14,1480,U,58,NR,3,7683.00
VIDEO-004041,ENHOGAR,2026-08-06,15,1581,R,65,F,6,7820.00
VIDEO-004042,ENHOGAR,2026-08-07,16,1682,U,72,M,1,7957.00
VIDEO-004043,ENHOGAR,2026-08-08,17,1783,U,79,X,4,8094.00
VIDEO-004044,ENHOGAR,2026-08-09,18,1884,R,86,NR,7,8231.00
VIDEO-004045,ENHOGAR,2026-08-10,19,1985,U,20,F,2,8368.00
VIDEO-004046,ENHOGAR,2026-08-11,20,2086,U,27,M,5,905.00
VIDEO-004047,ENHOGAR,2026-08-12,21,2187,R,34,X,8,1042.00
VIDEO-004048,ENHOGAR,2026-08-13,22,2288,U,41,NR,3,1179.00
VIDEO-004049,ENHOGAR,2026-08-14,01,0189,U,48,F,6,1316.00
VIDEO-004050,ENHOGAR,2026-08-15,02,0290,R,55,M,1,1453.00
VIDEO-004051,ENHOGAR,2026-08-16,03,0391,U,62,X,4,1590.00
VIDEO-004052,ENHOGAR,2026-08-17,04,0492,U,69,NR,7,1727.00
VIDEO-004053,ENHOGAR,2026-08-18,05,0593,R,76,F,2,1864.00
VIDEO-004054,ENHOGAR,2026-08-19,06,0694,U,83,M,5,2001.00
VIDEO-004055,ENHOGAR,2026-08-20,07,0795,U,90,X,8,2138.00
VIDEO-004056,ENHOGAR,2026-08-01,08,0896,R,24,NR,3,2275.00
VIDEO-004057,ENHOGAR,2026-08-02,09,0997,U,31,F,6,2412.00
VIDEO-004058,ENHOGAR,2026-08-03,10,1098,U,38,M,1,2549.00
VIDEO-004059,ENHOGAR,2026-08-04,11,1199,R,45,X,4,2686.00
VIDEO-004060,ENHOGAR,2026-08-05,12,1201,U,52,NR,7,2823.00
VIDEO-004061,ENHOGAR,2026-08-06,13,1302,U,59,F,2,2960.00
VIDEO-004062,ENHOGAR,2026-08-07,14,1403,R,66,M,5,3097.00
VIDEO-004063,ENHOGAR,2026-08-08,15,1504,U,73,X,8,3234.00
VIDEO-004064,ENHOGAR,2026-08-09,16,1605,U,80,NR,3,3371.00
VIDEO-004065,ENHOGAR,2026-08-10,17,1706,R,87,F,6,3508.00
VIDEO-004066,ENHOGAR,2026-08-11,18,1807,U,21,M,1,3645.00
VIDEO-004067,ENHOGAR,2026-08-12,19,1908,U,28,X,4,3782.00
VIDEO-004068,ENHOGAR,2026-08-13,20,2009,R,35,NR,7,3919.00
VIDEO-004069,ENHOGAR,2026-08-14,21,2110,U,42,F,2,4056.00
VIDEO-004070,ENHOGAR,2026-08-15,22,2211,U,49,M,5,4193.00
VIDEO-004071,ENHOGAR,2026-08-16,01,0112,R,56,X,8,4330.00
VIDEO-004072,ENHOGAR,2026-08-17,02,0213,U,63,NR,3,4467.00
VIDEO-004073,ENHOGAR,2026-08-18,03,0314,U,70,F,6,4604.00
VIDEO-004074,ENHOGAR,2026-08-19,04,0415,R,77,M,1,4741.00
VIDEO-004075,ENHOGAR,2026-08-20,05,0516,U,84,X,4,4878.00
VIDEO-004076,ENHOGAR,2026-08-01,06,0617,U,18,NR,7,5015.00
VIDEO-004077,ENHOGAR,2026-08-02,07,0718,R,25,F,2,5152.00
VIDEO-004078,ENHOGAR,2026-08-03,08,0819,U,32,M,5,5289.00
VIDEO-004079,ENHOGAR,2026-08-04,09,0920,U,39,X,8,5426.00
VIDEO-004080,ENHOGAR,2026-08-05,10,1021,R,46,NR,3,5563.00
VIDEO-004081,ENHOGAR,2026-08-06,11,1122,U,53,F,6,5700.00
VIDEO-004082,ENHOGAR,2026-08-07,12,1223,U,60,M,1,5837.00
VIDEO-004083,ENHOGAR,2026-08-08,13,1324,R,67,X,4,5974.00
VIDEO-004084,ENHOGAR,2026-08-09,14,1425,U,74,NR,7,6111.00
VIDEO-004085,ENHOGAR,2026-08-10,15,1526,U,81,F,2,6248.00
VIDEO-004086,ENHOGAR,2026-08-11,16,1627,R,88,M,5,6385.00
VIDEO-004087,ENHOGAR,2026-08-12,17,1728,U,22,X,8,6522.00
VIDEO-004088,ENHOGAR,2026-08-13,18,1829,U,29,NR,3,6659.00
VIDEO-004089,ENHOGAR,2026-08-14,19,1930,R,36,F,6,6796.00
VIDEO-004090,ENHOGAR,2026-08-15,20,2031,U,43,M,1,6933.00
VIDEO-004091,ENHOGAR,2026-08-16,21,2132,U,50,X,4,7070.00
VIDEO-004092,ENHOGAR,2026-08-17,22,2233,R,57,NR,7,7207.00
VIDEO-004093,ENHOGAR,2026-08-18,01,0134,U,64,F,2,7344.00
VIDEO-004094,ENHOGAR,2026-08-19,02,0235,U,71,M,5,7481.00
VIDEO-004095,ENHOGAR,2026-08-20,03,0336,R,78,X,8,7618.00
VIDEO-004096,ENHOGAR,2026-08-01,04,0437,U,85,NR,3,7755.00
VIDEO-004097,ENHOGAR,2026-08-02,05,0538,U,19,F,6,7892.00
VIDEO-004098,ENHOGAR,2026-08-03,06,0639,R,26,M,1,8029.00
VIDEO-004099,ENHOGAR,2026-08-04,07,0740,U,33,X,4,8166.00
VIDEO-004100,ENHOGAR,2026-08-05,08,0841,U,40,NR,7,8303.00
VIDEO-004101,ENHOGAR,2026-08-06,09,0942,R,47,F,2,8440.00
VIDEO-004102,ENHOGAR,2026-08-07,10,1043,U,54,M,5,977.00
VIDEO-004103,ENHOGAR,2026-08-08,11,1144,U,61,X,8,1114.00
VIDEO-004104,ENHOGAR,2026-08-09,12,1245,R,68,NR,3,1251.00
VIDEO-004105,ENHOGAR,2026-08-10,13,1346,U,75,F,6,1388.00
VIDEO-004106,ENHOGAR,2026-08-11,14,1447,U,82,M,1,1525.00
VIDEO-004107,ENHOGAR,2026-08-12,15,1548,R,89,X,4,1662.00
VIDEO-004108,ENHOGAR,2026-08-13,16,1649,U,23,NR,7,1799.00
VIDEO-004109,ENHOGAR,2026-08-14,17,1750,U,30,F,2,1936.00
VIDEO-004110,ENHOGAR,2026-08-15,18,1851,R,37,M,5,2073.00
VIDEO-004111,ENHOGAR,2026-08-16,19,1952,U,44,X,8,2210.00
VIDEO-004112,ENHOGAR,2026-08-17,20,2053,U,51,NR,3,2347.00
VIDEO-004113,ENHOGAR,2026-08-18,21,2154,R,58,F,6,2484.00
VIDEO-004114,ENHOGAR,2026-08-19,22,2255,U,65,M,1,2621.00
VIDEO-004115,ENHOGAR,2026-08-20,01,0156,U,72,X,4,2758.00
VIDEO-004116,ENHOGAR,2026-08-01,02,0257,R,79,NR,7,2895.00
VIDEO-004117,ENHOGAR,2026-08-02,03,0358,U,86,F,2,3032.00
VIDEO-004118,ENHOGAR,2026-08-03,04,0459,U,20,M,5,3169.00
VIDEO-004119,ENHOGAR,2026-08-04,05,0560,R,27,X,8,3306.00
VIDEO-004120,ENHOGAR,2026-08-05,06,0661,U,34,NR,3,3443.00
VIDEO-004121,ENHOGAR,2026-08-06,07,0762,U,41,F,6,3580.00
VIDEO-004122,ENHOGAR,2026-08-07,08,0863,R,48,M,1,3717.00
VIDEO-004123,ENHOGAR,2026-08-08,09,0964,U,55,X,4,3854.00
VIDEO-004124,ENHOGAR,2026-08-09,10,1065,U,62,NR,7,3991.00
VIDEO-004125,ENHOGAR,2026-08-10,11,1166,R,69,F,2,4128.00
VIDEO-004126,ENHOGAR,2026-08-11,12,1267,U,76,M,5,4265.00
VIDEO-004127,ENHOGAR,2026-08-12,13,1368,U,83,X,8,4402.00
VIDEO-004128,ENHOGAR,2026-08-13,14,1469,R,90,NR,3,4539.00
VIDEO-004129,ENHOGAR,2026-08-14,15,1570,U,24,F,6,4676.00
VIDEO-004130,ENHOGAR,2026-08-15,16,1671,U,31,M,1,4813.00
VIDEO-004131,ENHOGAR,2026-08-16,17,1772,R,38,X,4,4950.00
VIDEO-004132,ENHOGAR,2026-08-17,18,1873,U,45,NR,7,5087.00
VIDEO-004133,ENHOGAR,2026-08-18,19,1974,U,52,F,2,5224.00
VIDEO-004134,ENHOGAR,2026-08-19,20,2075,R,59,M,5,5361.00
VIDEO-004135,ENHOGAR,2026-08-20,21,2176,U,66,X,8,5498.00
VIDEO-004136,ENHOGAR,2026-08-01,22,2277,U,73,NR,3,5635.00
VIDEO-004137,ENHOGAR,2026-08-02,01,0178,R,80,F,6,5772.00
VIDEO-004138,ENHOGAR,2026-08-03,02,0279,U,87,M,1,5909.00
VIDEO-004139,ENHOGAR,2026-08-04,03,0380,U,21,X,4,6046.00
VIDEO-004140,ENHOGAR,2026-08-05,04,0481,R,28,NR,7,6183.00
VIDEO-004141,ENHOGAR,2026-08-06,05,0582,U,35,F,2,6320.00
VIDEO-004142,ENHOGAR,2026-08-07,06,0683,U,42,M,5,6457.00
VIDEO-004143,ENHOGAR,2026-08-08,07,0784,R,49,X,8,6594.00
VIDEO-004144,ENHOGAR,2026-08-09,08,0885,U,56,NR,3,6731.00
VIDEO-004145,ENHOGAR,2026-08-10,09,0986,U,63,F,6,6868.00
VIDEO-004146,ENHOGAR,2026-08-11,10,1087,R,70,M,1,7005.00
VIDEO-004147,ENHOGAR,2026-08-12,11,1188,U,77,X,4,7142.00
VIDEO-004148,ENHOGAR,2026-08-13,12,1289,U,84,NR,7,7279.00
VIDEO-004149,ENHOGAR,2026-08-14,13,1390,R,18,F,2,7416.00
VIDEO-004150,ENHOGAR,2026-08-15,14,1491,U,25,M,5,7553.00
VIDEO-004151,ENHOGAR,2026-08-16,15,1592,U,32,X,8,7690.00
VIDEO-004152,ENHOGAR,2026-08-17,16,1693,R,39,NR,3,7827.00
VIDEO-004153,ENHOGAR,2026-08-18,17,1794,U,46,F,6,7964.00
VIDEO-004154,ENHOGAR,2026-08-19,18,1895,U,53,M,1,8101.00
VIDEO-004155,ENHOGAR,2026-08-20,19,1996,R,60,X,4,8238.00
VIDEO-004156,ENHOGAR,2026-08-01,20,2097,U,67,NR,7,8375.00
VIDEO-004157,ENHOGAR,2026-08-02,21,2198,U,74,F,2,912.00
VIDEO-004158,ENHOGAR,2026-08-03,22,2299,R,81,M,5,1049.00
VIDEO-004159,ENHOGAR,2026-08-04,01,0101,U,88,X,8,1186.00
VIDEO-004160,ENHOGAR,2026-08-05,02,0202,U,22,NR,3,1323.00
VIDEO-004161,ENHOGAR,2026-08-06,03,0303,R,29,F,6,1460.00
VIDEO-004162,ENHOGAR,2026-08-07,04,0404,U,36,M,1,1597.00
VIDEO-004163,ENHOGAR,2026-08-08,05,0505,U,43,X,4,1734.00
VIDEO-004164,ENHOGAR,2026-08-09,06,0606,R,50,NR,7,1871.00
VIDEO-004165,ENHOGAR,2026-08-10,07,0707,U,57,F,2,2008.00
VIDEO-004166,ENHOGAR,2026-08-11,08,0808,U,64,M,5,2145.00
VIDEO-004167,ENHOGAR,2026-08-12,09,0909,R,71,X,8,2282.00
VIDEO-004168,ENHOGAR,2026-08-13,10,1010,U,78,NR,3,2419.00
VIDEO-004169,ENHOGAR,2026-08-14,11,1111,U,85,F,6,2556.00
VIDEO-004170,ENHOGAR,2026-08-15,12,1212,R,19,M,1,2693.00
VIDEO-004171,ENHOGAR,2026-08-16,13,1313,U,26,X,4,2830.00
VIDEO-004172,ENHOGAR,2026-08-17,14,1414,U,33,NR,7,2967.00
VIDEO-004173,ENHOGAR,2026-08-18,15,1515,R,40,F,2,3104.00
VIDEO-004174,ENHOGAR,2026-08-19,16,1616,U,47,M,5,3241.00
VIDEO-004175,ENHOGAR,2026-08-20,17,1717,U,54,X,8,3378.00
VIDEO-004176,ENHOGAR,2026-08-01,18,1818,R,61,NR,3,3515.00
VIDEO-004177,ENHOGAR,2026-08-02,19,1919,U,68,F,6,3652.00
VIDEO-004178,ENHOGAR,2026-08-03,20,2020,U,75,M,1,3789.00
VIDEO-004179,ENHOGAR,2026-08-04,21,2121,R,82,X,4,3926.00
VIDEO-004180,ENHOGAR,2026-08-05,22,2222,U,89,NR,7,4063.00
VIDEO-004181,ENHOGAR,2026-08-06,01,0123,U,23,F,2,4200.00
VIDEO-004182,ENHOGAR,2026-08-07,02,0224,R,30,M,5,4337.00
VIDEO-004183,ENHOGAR,2026-08-08,03,0325,U,37,X,8,4474.00
VIDEO-004184,ENHOGAR,2026-08-09,04,0426,U,44,NR,3,4611.00
VIDEO-004185,ENHOGAR,2026-08-10,05,0527,R,51,F,6,4748.00
VIDEO-004186,ENHOGAR,2026-08-11,06,0628,U,58,M,1,4885.00
VIDEO-004187,ENHOGAR,2026-08-12,07,0729,U,65,X,4,5022.00
VIDEO-004188,ENHOGAR,2026-08-13,08,0830,R,72,NR,7,5159.00
VIDEO-004189,ENHOGAR,2026-08-14,09,0931,U,79,F,2,5296.00
VIDEO-004190,ENHOGAR,2026-08-15,10,1032,U,86,M,5,5433.00
VIDEO-004191,ENHOGAR,2026-08-16,11,1133,R,20,X,8,5570.00
VIDEO-004192,ENHOGAR,2026-08-17,12,1234,U,27,NR,3,5707.00
VIDEO-004193,ENHOGAR,2026-08-18,13,1335,U,34,F,6,5844.00
VIDEO-004194,ENHOGAR,2026-08-19,14,1436,R,41,M,1,5981.00
VIDEO-004195,ENHOGAR,2026-08-20,15,1537,U,48,X,4,6118.00
VIDEO-004196,ENHOGAR,2026-08-01,16,1638,U,55,NR,7,6255.00
VIDEO-004197,ENHOGAR,2026-08-02,17,1739,R,62,F,2,6392.00
VIDEO-004198,ENHOGAR,2026-08-03,18,1840,U,69,M,5,6529.00
VIDEO-004199,ENHOGAR,2026-08-04,19,1941,U,76,X,8,6666.00
VIDEO-004200,ENHOGAR,2026-08-05,20,2042,R,83,NR,3,6803.00
VIDEO-004201,ENHOGAR,2026-08-06,21,2143,U,90,F,6,6940.00
VIDEO-004202,ENHOGAR,2026-08-07,22,2244,U,24,M,1,7077.00
VIDEO-004203,ENHOGAR,2026-08-08,01,0145,R,31,X,4,7214.00
VIDEO-004204,ENHOGAR,2026-08-09,02,0246,U,38,NR,7,7351.00
VIDEO-004205,ENHOGAR,2026-08-10,03,0347,U,45,F,2,7488.00
VIDEO-004206,ENHOGAR,2026-08-11,04,0448,R,52,M,5,7625.00
VIDEO-004207,ENHOGAR,2026-08-12,05,0549,U,59,X,8,7762.00
VIDEO-004208,ENHOGAR,2026-08-13,06,0650,U,66,NR,3,7899.00
VIDEO-004209,ENHOGAR,2026-08-14,07,0751,R,73,F,6,8036.00
VIDEO-004210,ENHOGAR,2026-08-15,08,0852,U,80,M,1,8173.00
VIDEO-004211,ENHOGAR,2026-08-16,09,0953,U,87,X,4,8310.00
VIDEO-004212,ENHOGAR,2026-08-17,10,1054,R,21,NR,7,8447.00
VIDEO-004213,ENHOGAR,2026-08-18,11,1155,U,28,F,2,984.00
VIDEO-004214,ENHOGAR,2026-08-19,12,1256,U,35,M,5,1121.00
VIDEO-004215,ENHOGAR,2026-08-20,13,1357,R,42,X,8,1258.00
VIDEO-004216,ENHOGAR,2026-08-01,14,1458,U,49,NR,3,1395.00
VIDEO-004217,ENHOGAR,2026-08-02,15,1559,U,56,F,6,1532.00
VIDEO-004218,ENHOGAR,2026-08-03,16,1660,R,63,M,1,1669.00
VIDEO-004219,ENHOGAR,2026-08-04,17,1761,U,70,X,4,1806.00
VIDEO-004220,ENHOGAR,2026-08-05,18,1862,U,77,NR,7,1943.00
VIDEO-004221,ENHOGAR,2026-08-06,19,1963,R,84,F,2,2080.00
VIDEO-004222,ENHOGAR,2026-08-07,20,2064,U,18,M,5,2217.00
VIDEO-004223,ENHOGAR,2026-08-08,21,2165,U,25,X,8,2354.00
VIDEO-004224,ENHOGAR,2026-08-09,22,2266,R,32,NR,3,2491.00
VIDEO-004225,ENHOGAR,2026-08-10,01,0167,U,39,F,6,2628.00
VIDEO-004226,ENHOGAR,2026-08-11,02,0268,U,46,M,1,2765.00
VIDEO-004227,ENHOGAR,2026-08-12,03,0369,R,53,X,4,2902.00
VIDEO-004228,ENHOGAR,2026-08-13,04,0470,U,60,NR,7,3039.00
VIDEO-004229,ENHOGAR,2026-08-14,05,0571,U,67,F,2,3176.00
VIDEO-004230,ENHOGAR,2026-08-15,06,0672,R,74,M,5,3313.00
VIDEO-004231,ENHOGAR,2026-08-16,07,0773,U,81,X,8,3450.00
VIDEO-004232,ENHOGAR,2026-08-17,08,0874,U,88,NR,3,3587.00
VIDEO-004233,ENHOGAR,2026-08-18,09,0975,R,22,F,6,3724.00
VIDEO-004234,ENHOGAR,2026-08-19,10,1076,U,29,M,1,3861.00
VIDEO-004235,ENHOGAR,2026-08-20,11,1177,U,36,X,4,3998.00
VIDEO-004236,ENHOGAR,2026-08-01,12,1278,R,43,NR,7,4135.00
VIDEO-004237,ENHOGAR,2026-08-02,13,1379,U,50,F,2,4272.00
VIDEO-004238,ENHOGAR,2026-08-03,14,1480,U,57,M,5,4409.00
VIDEO-004239,ENHOGAR,2026-08-04,15,1581,R,64,X,8,4546.00
VIDEO-004240,ENHOGAR,2026-08-05,16,1682,U,71,NR,3,4683.00
VIDEO-004241,ENHOGAR,2026-08-06,17,1783,U,78,F,6,4820.00
VIDEO-004242,ENHOGAR,2026-08-07,18,1884,R,85,M,1,4957.00
VIDEO-004243,ENHOGAR,2026-08-08,19,1985,U,19,X,4,5094.00
VIDEO-004244,ENHOGAR,2026-08-09,20,2086,U,26,NR,7,5231.00
VIDEO-004245,ENHOGAR,2026-08-10,21,2187,R,33,F,2,5368.00
VIDEO-004246,ENHOGAR,2026-08-11,22,2288,U,40,M,5,5505.00
VIDEO-004247,ENHOGAR,2026-08-12,01,0189,U,47,X,8,5642.00
VIDEO-004248,ENHOGAR,2026-08-13,02,0290,R,54,NR,3,5779.00
VIDEO-004249,ENHOGAR,2026-08-14,03,0391,U,61,F,6,5916.00
VIDEO-004250,ENHOGAR,2026-08-15,04,0492,U,68,M,1,6053.00
VIDEO-004251,ENHOGAR,2026-08-16,05,0593,R,75,X,4,6190.00
VIDEO-004252,ENHOGAR,2026-08-17,06,0694,U,82,NR,7,6327.00
VIDEO-004253,ENHOGAR,2026-08-18,07,0795,U,89,F,2,6464.00
VIDEO-004254,ENHOGAR,2026-08-19,08,0896,R,23,M,5,6601.00
VIDEO-004255,ENHOGAR,2026-08-20,09,0997,U,30,X,8,6738.00
VIDEO-004256,ENHOGAR,2026-08-01,10,1098,U,37,NR,3,6875.00
VIDEO-004257,ENHOGAR,2026-08-02,11,1199,R,44,F,6,7012.00
VIDEO-004258,ENHOGAR,2026-08-03,12,1201,U,51,M,1,7149.00
VIDEO-004259,ENHOGAR,2026-08-04,13,1302,U,58,X,4,7286.00
VIDEO-004260,ENHOGAR,2026-08-05,14,1403,R,65,NR,7,7423.00
VIDEO-004261,ENHOGAR,2026-08-06,15,1504,U,72,F,2,7560.00
VIDEO-004262,ENHOGAR,2026-08-07,16,1605,U,79,M,5,7697.00
VIDEO-004263,ENHOGAR,2026-08-08,17,1706,R,86,X,8,7834.00
VIDEO-004264,ENHOGAR,2026-08-09,18,1807,U,20,NR,3,7971.00
VIDEO-004265,ENHOGAR,2026-08-10,19,1908,U,27,F,6,8108.00
VIDEO-004266,ENHOGAR,2026-08-11,20,2009,R,34,M,1,8245.00
VIDEO-004267,ENHOGAR,2026-08-12,21,2110,U,41,X,4,8382.00
VIDEO-004268,ENHOGAR,2026-08-13,22,2211,U,48,NR,7,919.00
VIDEO-004269,ENHOGAR,2026-08-14,01,0112,R,55,F,2,1056.00
VIDEO-004270,ENHOGAR,2026-08-15,02,0213,U,62,M,5,1193.00
VIDEO-004271,ENHOGAR,2026-08-16,03,0314,U,69,X,8,1330.00
VIDEO-004272,ENHOGAR,2026-08-17,04,0415,R,76,NR,3,1467.00
VIDEO-004273,ENHOGAR,2026-08-18,05,0516,U,83,F,6,1604.00
VIDEO-004274,ENHOGAR,2026-08-19,06,0617,U,90,M,1,1741.00
VIDEO-004275,ENHOGAR,2026-08-20,07,0718,R,24,X,4,1878.00
VIDEO-004276,ENHOGAR,2026-08-01,08,0819,U,31,NR,7,2015.00
VIDEO-004277,ENHOGAR,2026-08-02,09,0920,U,38,F,2,2152.00
VIDEO-004278,ENHOGAR,2026-08-03,10,1021,R,45,M,5,2289.00
VIDEO-004279,ENHOGAR,2026-08-04,11,1122,U,52,X,8,2426.00
VIDEO-004280,ENHOGAR,2026-08-05,12,1223,U,59,NR,3,2563.00
VIDEO-004281,ENHOGAR,2026-08-06,13,1324,R,66,F,6,2700.00
VIDEO-004282,ENHOGAR,2026-08-07,14,1425,U,73,M,1,2837.00
VIDEO-004283,ENHOGAR,2026-08-08,15,1526,U,80,X,4,2974.00
VIDEO-004284,ENHOGAR,2026-08-09,16,1627,R,87,NR,7,3111.00
VIDEO-004285,ENHOGAR,2026-08-10,17,1728,U,21,F,2,3248.00
VIDEO-004286,ENHOGAR,2026-08-11,18,1829,U,28,M,5,3385.00
VIDEO-004287,ENHOGAR,2026-08-12,19,1930,R,35,X,8,3522.00
VIDEO-004288,ENHOGAR,2026-08-13,20,2031,U,42,NR,3,3659.00
VIDEO-004289,ENHOGAR,2026-08-14,21,2132,U,49,F,6,3796.00
VIDEO-004290,ENHOGAR,2026-08-15,22,2233,R,56,M,1,3933.00
VIDEO-004291,ENHOGAR,2026-08-16,01,0134,U,63,X,4,4070.00
VIDEO-004292,ENHOGAR,2026-08-17,02,0235,U,70,NR,7,4207.00
VIDEO-004293,ENHOGAR,2026-08-18,03,0336,R,77,F,2,4344.00
VIDEO-004294,ENHOGAR,2026-08-19,04,0437,U,84,M,5,4481.00
VIDEO-004295,ENHOGAR,2026-08-20,05,0538,U,18,X,8,4618.00
VIDEO-004296,ENHOGAR,2026-08-01,06,0639,R,25,NR,3,4755.00
VIDEO-004297,ENHOGAR,2026-08-02,07,0740,U,32,F,6,4892.00
VIDEO-004298,ENHOGAR,2026-08-03,08,0841,U,39,M,1,5029.00
VIDEO-004299,ENHOGAR,2026-08-04,09,0942,R,46,X,4,5166.00
VIDEO-004300,ENHOGAR,2026-08-05,10,1043,U,53,NR,7,5303.00
VIDEO-004301,ENHOGAR,2026-08-06,11,1144,U,60,F,2,5440.00
VIDEO-004302,ENHOGAR,2026-08-07,12,1245,R,67,M,5,5577.00
VIDEO-004303,ENHOGAR,2026-08-08,13,1346,U,74,X,8,5714.00
VIDEO-004304,ENHOGAR,2026-08-09,14,1447,U,81,NR,3,5851.00
VIDEO-004305,ENHOGAR,2026-08-10,15,1548,R,88,F,6,5988.00
VIDEO-004306,ENHOGAR,2026-08-11,16,1649,U,22,M,1,6125.00
VIDEO-004307,ENHOGAR,2026-08-12,17,1750,U,29,X,4,6262.00
VIDEO-004308,ENHOGAR,2026-08-13,18,1851,R,36,NR,7,6399.00
VIDEO-004309,ENHOGAR,2026-08-14,19,1952,U,43,F,2,6536.00
VIDEO-004310,ENHOGAR,2026-08-15,20,2053,U,50,M,5,6673.00
VIDEO-004311,ENHOGAR,2026-08-16,21,2154,R,57,X,8,6810.00
VIDEO-004312,ENHOGAR,2026-08-17,22,2255,U,64,NR,3,6947.00
VIDEO-004313,ENHOGAR,2026-08-18,01,0156,U,71,F,6,7084.00
VIDEO-004314,ENHOGAR,2026-08-19,02,0257,R,78,M,1,7221.00
VIDEO-004315,ENHOGAR,2026-08-20,03,0358,U,85,X,4,7358.00
VIDEO-004316,ENHOGAR,2026-08-01,04,0459,U,19,NR,7,7495.00
VIDEO-004317,ENHOGAR,2026-08-02,05,0560,R,26,F,2,7632.00
VIDEO-004318,ENHOGAR,2026-08-03,06,0661,U,33,M,5,7769.00
VIDEO-004319,ENHOGAR,2026-08-04,07,0762,U,40,X,8,7906.00
VIDEO-004320,ENHOGAR,2026-08-05,08,0863,R,47,NR,3,8043.00
VIDEO-004321,ENHOGAR,2026-08-06,09,0964,U,54,F,6,8180.00
VIDEO-004322,ENHOGAR,2026-08-07,10,1065,U,61,M,1,8317.00
VIDEO-004323,ENHOGAR,2026-08-08,11,1166,R,68,X,4,8454.00
VIDEO-004324,ENHOGAR,2026-08-09,12,1267,U,75,NR,7,991.00
VIDEO-004325,ENHOGAR,2026-08-10,13,1368,U,82,F,2,1128.00
VIDEO-004326,ENHOGAR,2026-08-11,14,1469,R,89,M,5,1265.00
VIDEO-004327,ENHOGAR,2026-08-12,15,1570,U,23,X,8,1402.00
VIDEO-004328,ENHOGAR,2026-08-13,16,1671,U,30,NR,3,1539.00
VIDEO-004329,ENHOGAR,2026-08-14,17,1772,R,37,F,6,1676.00
VIDEO-004330,ENHOGAR,2026-08-15,18,1873,U,44,M,1,1813.00
VIDEO-004331,ENHOGAR,2026-08-16,19,1974,U,51,X,4,1950.00
VIDEO-004332,ENHOGAR,2026-08-17,20,2075,R,58,NR,7,2087.00
VIDEO-004333,ENHOGAR,2026-08-18,21,2176,U,65,F,2,2224.00
VIDEO-004334,ENHOGAR,2026-08-19,22,2277,U,72,M,5,2361.00
VIDEO-004335,ENHOGAR,2026-08-20,01,0178,R,79,X,8,2498.00
VIDEO-004336,ENHOGAR,2026-08-01,02,0279,U,86,NR,3,2635.00
VIDEO-004337,ENHOGAR,2026-08-02,03,0380,U,20,F,6,2772.00
VIDEO-004338,ENHOGAR,2026-08-03,04,0481,R,27,M,1,2909.00
VIDEO-004339,ENHOGAR,2026-08-04,05,0582,U,34,X,4,3046.00
VIDEO-004340,ENHOGAR,2026-08-05,06,0683,U,41,NR,7,3183.00
VIDEO-004341,ENHOGAR,2026-08-06,07,0784,R,48,F,2,3320.00
VIDEO-004342,ENHOGAR,2026-08-07,08,0885,U,55,M,5,3457.00
VIDEO-004343,ENHOGAR,2026-08-08,09,0986,U,62,X,8,3594.00
VIDEO-004344,ENHOGAR,2026-08-09,10,1087,R,69,NR,3,3731.00
VIDEO-004345,ENHOGAR,2026-08-10,11,1188,U,76,F,6,3868.00
VIDEO-004346,ENHOGAR,2026-08-11,12,1289,U,83,M,1,4005.00
VIDEO-004347,ENHOGAR,2026-08-12,13,1390,R,90,X,4,4142.00
VIDEO-004348,ENHOGAR,2026-08-13,14,1491,U,24,NR,7,4279.00
VIDEO-004349,ENHOGAR,2026-08-14,15,1592,U,31,F,2,4416.00
VIDEO-004350,ENHOGAR,2026-08-15,16,1693,R,38,M,5,4553.00
VIDEO-004351,ENHOGAR,2026-08-16,17,1794,U,45,X,8,4690.00
VIDEO-004352,ENHOGAR,2026-08-17,18,1895,U,52,NR,3,4827.00
VIDEO-004353,ENHOGAR,2026-08-18,19,1996,R,59,F,6,4964.00
VIDEO-004354,ENHOGAR,2026-08-19,20,2097,U,66,M,1,5101.00
VIDEO-004355,ENHOGAR,2026-08-20,21,2198,U,73,X,4,5238.00
VIDEO-004356,ENHOGAR,2026-08-01,22,2299,R,80,NR,7,5375.00
VIDEO-004357,ENHOGAR,2026-08-02,01,0101,U,87,F,2,5512.00
VIDEO-004358,ENHOGAR,2026-08-03,02,0202,U,21,M,5,5649.00
VIDEO-004359,ENHOGAR,2026-08-04,03,0303,R,28,X,8,5786.00
VIDEO-004360,ENHOGAR,2026-08-05,04,0404,U,35,NR,3,5923.00
VIDEO-004361,ENHOGAR,2026-08-06,05,0505,U,42,F,6,6060.00
VIDEO-004362,ENHOGAR,2026-08-07,06,0606,R,49,M,1,6197.00
VIDEO-004363,ENHOGAR,2026-08-08,07,0707,U,56,X,4,6334.00
VIDEO-004364,ENHOGAR,2026-08-09,08,0808,U,63,NR,7,6471.00
VIDEO-004365,ENHOGAR,2026-08-10,09,0909,R,70,F,2,6608.00
VIDEO-004366,ENHOGAR,2026-08-11,10,1010,U,77,M,5,6745.00
VIDEO-004367,ENHOGAR,2026-08-12,11,1111,U,84,X,8,6882.00
VIDEO-004368,ENHOGAR,2026-08-13,12,1212,R,18,NR,3,7019.00
VIDEO-004369,ENHOGAR,2026-08-14,13,1313,U,25,F,6,7156.00
VIDEO-004370,ENHOGAR,2026-08-15,14,1414,U,32,M,1,7293.00
VIDEO-004371,ENHOGAR,2026-08-16,15,1515,R,39,X,4,7430.00
VIDEO-004372,ENHOGAR,2026-08-17,16,1616,U,46,NR,7,7567.00
VIDEO-004373,ENHOGAR,2026-08-18,17,1717,U,53,F,2,7704.00
VIDEO-004374,ENHOGAR,2026-08-19,18,1818,R,60,M,5,7841.00
VIDEO-004375,ENHOGAR,2026-08-20,19,1919,U,67,X,8,7978.00
VIDEO-004376,ENHOGAR,2026-08-01,20,2020,U,74,NR,3,8115.00
VIDEO-004377,ENHOGAR,2026-08-02,21,2121,R,81,F,6,8252.00
VIDEO-004378,ENHOGAR,2026-08-03,22,2222,U,88,M,1,8389.00
VIDEO-004379,ENHOGAR,2026-08-04,01,0123,U,22,X,4,926.00
VIDEO-004380,ENHOGAR,2026-08-05,02,0224,R,29,NR,7,1063.00
VIDEO-004381,ENHOGAR,2026-08-06,03,0325,U,36,F,2,1200.00
VIDEO-004382,ENHOGAR,2026-08-07,04,0426,U,43,M,5,1337.00
VIDEO-004383,ENHOGAR,2026-08-08,05,0527,R,50,X,8,1474.00
VIDEO-004384,ENHOGAR,2026-08-09,06,0628,U,57,NR,3,1611.00
VIDEO-004385,ENHOGAR,2026-08-10,07,0729,U,64,F,6,1748.00
VIDEO-004386,ENHOGAR,2026-08-11,08,0830,R,71,M,1,1885.00
VIDEO-004387,ENHOGAR,2026-08-12,09,0931,U,78,X,4,2022.00
VIDEO-004388,ENHOGAR,2026-08-13,10,1032,U,85,NR,7,2159.00
VIDEO-004389,ENHOGAR,2026-08-14,11,1133,R,19,F,2,2296.00
VIDEO-004390,ENHOGAR,2026-08-15,12,1234,U,26,M,5,2433.00
VIDEO-004391,ENHOGAR,2026-08-16,13,1335,U,33,X,8,2570.00
VIDEO-004392,ENHOGAR,2026-08-17,14,1436,R,40,NR,3,2707.00
VIDEO-004393,ENHOGAR,2026-08-18,15,1537,U,47,F,6,2844.00
VIDEO-004394,ENHOGAR,2026-08-19,16,1638,U,54,M,1,2981.00
VIDEO-004395,ENHOGAR,2026-08-20,17,1739,R,61,X,4,3118.00
VIDEO-004396,ENHOGAR,2026-08-01,18,1840,U,68,NR,7,3255.00
VIDEO-004397,ENHOGAR,2026-08-02,19,1941,U,75,F,2,3392.00
VIDEO-004398,ENHOGAR,2026-08-03,20,2042,R,82,M,5,3529.00
VIDEO-004399,ENHOGAR,2026-08-04,21,2143,U,89,X,8,3666.00
VIDEO-004400,ENHOGAR,2026-08-05,22,2244,U,23,NR,3,3803.00
VIDEO-004401,ENHOGAR,2026-08-06,01,0145,R,30,F,6,3940.00
VIDEO-004402,ENHOGAR,2026-08-07,02,0246,U,37,M,1,4077.00
VIDEO-004403,ENHOGAR,2026-08-08,03,0347,U,44,X,4,4214.00
VIDEO-004404,ENHOGAR,2026-08-09,04,0448,R,51,NR,7,4351.00
VIDEO-004405,ENHOGAR,2026-08-10,05,0549,U,58,F,2,4488.00
VIDEO-004406,ENHOGAR,2026-08-11,06,0650,U,65,M,5,4625.00
VIDEO-004407,ENHOGAR,2026-08-12,07,0751,R,72,X,8,4762.00
VIDEO-004408,ENHOGAR,2026-08-13,08,0852,U,79,NR,3,4899.00
VIDEO-004409,ENHOGAR,2026-08-14,09,0953,U,86,F,6,5036.00
VIDEO-004410,ENHOGAR,2026-08-15,10,1054,R,20,M,1,5173.00
VIDEO-004411,ENHOGAR,2026-08-16,11,1155,U,27,X,4,5310.00
VIDEO-004412,ENHOGAR,2026-08-17,12,1256,U,34,NR,7,5447.00
VIDEO-004413,ENHOGAR,2026-08-18,13,1357,R,41,F,2,5584.00
VIDEO-004414,ENHOGAR,2026-08-19,14,1458,U,48,M,5,5721.00
VIDEO-004415,ENHOGAR,2026-08-20,15,1559,U,55,X,8,5858.00
VIDEO-004416,ENHOGAR,2026-08-01,16,1660,R,62,NR,3,5995.00
VIDEO-004417,ENHOGAR,2026-08-02,17,1761,U,69,F,6,6132.00
VIDEO-004418,ENHOGAR,2026-08-03,18,1862,U,76,M,1,6269.00
VIDEO-004419,ENHOGAR,2026-08-04,19,1963,R,83,X,4,6406.00
VIDEO-004420,ENHOGAR,2026-08-05,20,2064,U,90,NR,7,6543.00
VIDEO-004421,ENHOGAR,2026-08-06,21,2165,U,24,F,2,6680.00
VIDEO-004422,ENHOGAR,2026-08-07,22,2266,R,31,M,5,6817.00
VIDEO-004423,ENHOGAR,2026-08-08,01,0167,U,38,X,8,6954.00
VIDEO-004424,ENHOGAR,2026-08-09,02,0268,U,45,NR,3,7091.00
VIDEO-004425,ENHOGAR,2026-08-10,03,0369,R,52,F,6,7228.00
VIDEO-004426,ENHOGAR,2026-08-11,04,0470,U,59,M,1,7365.00
VIDEO-004427,ENHOGAR,2026-08-12,05,0571,U,66,X,4,7502.00
VIDEO-004428,ENHOGAR,2026-08-13,06,0672,R,73,NR,7,7639.00
VIDEO-004429,ENHOGAR,2026-08-14,07,0773,U,80,F,2,7776.00
VIDEO-004430,ENHOGAR,2026-08-15,08,0874,U,87,M,5,7913.00
VIDEO-004431,ENHOGAR,2026-08-16,09,0975,R,21,X,8,8050.00
VIDEO-004432,ENHOGAR,2026-08-17,10,1076,U,28,NR,3,8187.00
VIDEO-004433,ENHOGAR,2026-08-18,11,1177,U,35,F,6,8324.00
VIDEO-004434,ENHOGAR,2026-08-19,12,1278,R,42,M,1,8461.00
VIDEO-004435,ENHOGAR,2026-08-20,13,1379,U,49,X,4,998.00
VIDEO-004436,ENHOGAR,2026-08-01,14,1480,U,56,NR,7,1135.00
VIDEO-004437,ENHOGAR,2026-08-02,15,1581,R,63,F,2,1272.00
VIDEO-004438,ENHOGAR,2026-08-03,16,1682,U,70,M,5,1409.00
VIDEO-004439,ENHOGAR,2026-08-04,17,1783,U,77,X,8,1546.00
VIDEO-004440,ENHOGAR,2026-08-05,18,1884,R,84,NR,3,1683.00
VIDEO-004441,ENHOGAR,2026-08-06,19,1985,U,18,F,6,1820.00
VIDEO-004442,ENHOGAR,2026-08-07,20,2086,U,25,M,1,1957.00
VIDEO-004443,ENHOGAR,2026-08-08,21,2187,R,32,X,4,2094.00
VIDEO-004444,ENHOGAR,2026-08-09,22,2288,U,39,NR,7,2231.00
VIDEO-004445,ENHOGAR,2026-08-10,01,0189,U,46,F,2,2368.00
VIDEO-004446,ENHOGAR,2026-08-11,02,0290,R,53,M,5,2505.00
VIDEO-004447,ENHOGAR,2026-08-12,03,0391,U,60,X,8,2642.00
VIDEO-004448,ENHOGAR,2026-08-13,04,0492,U,67,NR,3,2779.00
VIDEO-004449,ENHOGAR,2026-08-14,05,0593,R,74,F,6,2916.00
VIDEO-004450,ENHOGAR,2026-08-15,06,0694,U,81,M,1,3053.00
VIDEO-004451,ENHOGAR,2026-08-16,07,0795,U,88,X,4,3190.00
VIDEO-004452,ENHOGAR,2026-08-17,08,0896,R,22,NR,7,3327.00
VIDEO-004453,ENHOGAR,2026-08-18,09,0997,U,29,F,2,3464.00
VIDEO-004454,ENHOGAR,2026-08-19,10,1098,U,36,M,5,3601.00
VIDEO-004455,ENHOGAR,2026-08-20,11,1199,R,43,X,8,3738.00
VIDEO-004456,ENHOGAR,2026-08-01,12,1201,U,50,NR,3,3875.00
VIDEO-004457,ENHOGAR,2026-08-02,13,1302,U,57,F,6,4012.00
VIDEO-004458,ENHOGAR,2026-08-03,14,1403,R,64,M,1,4149.00
VIDEO-004459,ENHOGAR,2026-08-04,15,1504,U,71,X,4,4286.00
VIDEO-004460,ENHOGAR,2026-08-05,16,1605,U,78,NR,7,4423.00
VIDEO-004461,ENHOGAR,2026-08-06,17,1706,R,85,F,2,4560.00
VIDEO-004462,ENHOGAR,2026-08-07,18,1807,U,19,M,5,4697.00
VIDEO-004463,ENHOGAR,2026-08-08,19,1908,U,26,X,8,4834.00
VIDEO-004464,ENHOGAR,2026-08-09,20,2009,R,33,NR,3,4971.00
VIDEO-004465,ENHOGAR,2026-08-10,21,2110,U,40,F,6,5108.00
VIDEO-004466,ENHOGAR,2026-08-11,22,2211,U,47,M,1,5245.00
VIDEO-004467,ENHOGAR,2026-08-12,01,0112,R,54,X,4,5382.00
VIDEO-004468,ENHOGAR,2026-08-13,02,0213,U,61,NR,7,5519.00
VIDEO-004469,ENHOGAR,2026-08-14,03,0314,U,68,F,2,5656.00
VIDEO-004470,ENHOGAR,2026-08-15,04,0415,R,75,M,5,5793.00
VIDEO-004471,ENHOGAR,2026-08-16,05,0516,U,82,X,8,5930.00
VIDEO-004472,ENHOGAR,2026-08-17,06,0617,U,89,NR,3,6067.00
VIDEO-004473,ENHOGAR,2026-08-18,07,0718,R,23,F,6,6204.00
VIDEO-004474,ENHOGAR,2026-08-19,08,0819,U,30,M,1,6341.00
VIDEO-004475,ENHOGAR,2026-08-20,09,0920,U,37,X,4,6478.00
VIDEO-004476,ENHOGAR,2026-08-01,10,1021,R,44,NR,7,6615.00
VIDEO-004477,ENHOGAR,2026-08-02,11,1122,U,51,F,2,6752.00
VIDEO-004478,ENHOGAR,2026-08-03,12,1223,U,58,M,5,6889.00
VIDEO-004479,ENHOGAR,2026-08-04,13,1324,R,65,X,8,7026.00
VIDEO-004480,ENHOGAR,2026-08-05,14,1425,U,72,NR,3,7163.00
VIDEO-004481,ENHOGAR,2026-08-06,15,1526,U,79,F,6,7300.00
VIDEO-004482,ENHOGAR,2026-08-07,16,1627,R,86,M,1,7437.00
VIDEO-004483,ENHOGAR,2026-08-08,17,1728,U,20,X,4,7574.00
VIDEO-004484,ENHOGAR,2026-08-09,18,1829,U,27,NR,7,7711.00
VIDEO-004485,ENHOGAR,2026-08-10,19,1930,R,34,F,2,7848.00
VIDEO-004486,ENHOGAR,2026-08-11,20,2031,U,41,M,5,7985.00
VIDEO-004487,ENHOGAR,2026-08-12,21,2132,U,48,X,8,8122.00
VIDEO-004488,ENHOGAR,2026-08-13,22,2233,R,55,NR,3,8259.00
VIDEO-004489,ENHOGAR,2026-08-14,01,0134,U,62,F,6,8396.00
VIDEO-004490,ENHOGAR,2026-08-15,02,0235,U,69,M,1,933.00
VIDEO-004491,ENHOGAR,2026-08-16,03,0336,R,76,X,4,1070.00
VIDEO-004492,ENHOGAR,2026-08-17,04,0437,U,83,NR,7,1207.00
VIDEO-004493,ENHOGAR,2026-08-18,05,0538,U,90,F,2,1344.00
VIDEO-004494,ENHOGAR,2026-08-19,06,0639,R,24,M,5,1481.00
VIDEO-004495,ENHOGAR,2026-08-20,07,0740,U,31,X,8,1618.00
VIDEO-004496,ENHOGAR,2026-08-01,08,0841,U,38,NR,3,1755.00
VIDEO-004497,ENHOGAR,2026-08-02,09,0942,R,45,F,6,1892.00
VIDEO-004498,ENHOGAR,2026-08-03,10,1043,U,52,M,1,2029.00
VIDEO-004499,ENHOGAR,2026-08-04,11,1144,U,59,X,4,2166.00
VIDEO-004500,ENHOGAR,2026-08-05,12,1245,R,66,NR,7,2303.00
VIDEO-004501,ENHOGAR,2026-08-06,13,1346,U,73,F,2,2440.00
VIDEO-004502,ENHOGAR,2026-08-07,14,1447,U,80,M,5,2577.00
VIDEO-004503,ENHOGAR,2026-08-08,15,1548,R,87,X,8,2714.00
VIDEO-004504,ENHOGAR,2026-08-09,16,1649,U,21,NR,3,2851.00
VIDEO-004505,ENHOGAR,2026-08-10,17,1750,U,28,F,6,2988.00
VIDEO-004506,ENHOGAR,2026-08-11,18,1851,R,35,M,1,3125.00
VIDEO-004507,ENHOGAR,2026-08-12,19,1952,U,42,X,4,3262.00
VIDEO-004508,ENHOGAR,2026-08-13,20,2053,U,49,NR,7,3399.00
VIDEO-004509,ENHOGAR,2026-08-14,21,2154,R,56,F,2,3536.00
VIDEO-004510,ENHOGAR,2026-08-15,22,2255,U,63,M,5,3673.00
VIDEO-004511,ENHOGAR,2026-08-16,01,0156,U,70,X,8,3810.00
VIDEO-004512,ENHOGAR,2026-08-17,02,0257,R,77,NR,3,3947.00
VIDEO-004513,ENHOGAR,2026-08-18,03,0358,U,84,F,6,4084.00
VIDEO-004514,ENHOGAR,2026-08-19,04,0459,U,18,M,1,4221.00
VIDEO-004515,ENHOGAR,2026-08-20,05,0560,R,25,X,4,4358.00
VIDEO-004516,ENHOGAR,2026-08-01,06,0661,U,32,NR,7,4495.00
VIDEO-004517,ENHOGAR,2026-08-02,07,0762,U,39,F,2,4632.00
VIDEO-004518,ENHOGAR,2026-08-03,08,0863,R,46,M,5,4769.00
VIDEO-004519,ENHOGAR,2026-08-04,09,0964,U,53,X,8,4906.00
VIDEO-004520,ENHOGAR,2026-08-05,10,1065,U,60,NR,3,5043.00
VIDEO-004521,ENHOGAR,2026-08-06,11,1166,R,67,F,6,5180.00
VIDEO-004522,ENHOGAR,2026-08-07,12,1267,U,74,M,1,5317.00
VIDEO-004523,ENHOGAR,2026-08-08,13,1368,U,81,X,4,5454.00
VIDEO-004524,ENHOGAR,2026-08-09,14,1469,R,88,NR,7,5591.00
VIDEO-004525,ENHOGAR,2026-08-10,15,1570,U,22,F,2,5728.00
VIDEO-004526,ENHOGAR,2026-08-11,16,1671,U,29,M,5,5865.00
VIDEO-004527,ENHOGAR,2026-08-12,17,1772,R,36,X,8,6002.00
VIDEO-004528,ENHOGAR,2026-08-13,18,1873,U,43,NR,3,6139.00
VIDEO-004529,ENHOGAR,2026-08-14,19,1974,U,50,F,6,6276.00
VIDEO-004530,ENHOGAR,2026-08-15,20,2075,R,57,M,1,6413.00
VIDEO-004531,ENHOGAR,2026-08-16,21,2176,U,64,X,4,6550.00
VIDEO-004532,ENHOGAR,2026-08-17,22,2277,U,71,NR,7,6687.00
VIDEO-004533,ENHOGAR,2026-08-18,01,0178,R,78,F,2,6824.00
VIDEO-004534,ENHOGAR,2026-08-19,02,0279,U,85,M,5,6961.00
VIDEO-004535,ENHOGAR,2026-08-20,03,0380,U,19,X,8,7098.00
VIDEO-004536,ENHOGAR,2026-08-01,04,0481,R,26,NR,3,7235.00
VIDEO-004537,ENHOGAR,2026-08-02,05,0582,U,33,F,6,7372.00
VIDEO-004538,ENHOGAR,2026-08-03,06,0683,U,40,M,1,7509.00
VIDEO-004539,ENHOGAR,2026-08-04,07,0784,R,47,X,4,7646.00
VIDEO-004540,ENHOGAR,2026-08-05,08,0885,U,54,NR,7,7783.00
VIDEO-004541,ENHOGAR,2026-08-06,09,0986,U,61,F,2,7920.00
VIDEO-004542,ENHOGAR,2026-08-07,10,1087,R,68,M,5,8057.00
VIDEO-004543,ENHOGAR,2026-08-08,11,1188,U,75,X,8,8194.00
VIDEO-004544,ENHOGAR,2026-08-09,12,1289,U,82,NR,3,8331.00
VIDEO-004545,ENHOGAR,2026-08-10,13,1390,R,89,F,6,8468.00
VIDEO-004546,ENHOGAR,2026-08-11,14,1491,U,23,M,1,1005.00
VIDEO-004547,ENHOGAR,2026-08-12,15,1592,U,30,X,4,1142.00
VIDEO-004548,ENHOGAR,2026-08-13,16,1693,R,37,NR,7,1279.00
VIDEO-004549,ENHOGAR,2026-08-14,17,1794,U,44,F,2,1416.00
VIDEO-004550,ENHOGAR,2026-08-15,18,1895,U,51,M,5,1553.00
VIDEO-004551,ENHOGAR,2026-08-16,19,1996,R,58,X,8,1690.00
VIDEO-004552,ENHOGAR,2026-08-17,20,2097,U,65,NR,3,1827.00
VIDEO-004553,ENHOGAR,2026-08-18,21,2198,U,72,F,6,1964.00
VIDEO-004554,ENHOGAR,2026-08-19,22,2299,R,79,M,1,2101.00
VIDEO-004555,ENHOGAR,2026-08-20,01,0101,U,86,X,4,2238.00
VIDEO-004556,ENHOGAR,2026-08-01,02,0202,U,20,NR,7,2375.00
VIDEO-004557,ENHOGAR,2026-08-02,03,0303,R,27,F,2,2512.00
VIDEO-004558,ENHOGAR,2026-08-03,04,0404,U,34,M,5,2649.00
VIDEO-004559,ENHOGAR,2026-08-04,05,0505,U,41,X,8,2786.00
VIDEO-004560,ENHOGAR,2026-08-05,06,0606,R,48,NR,3,2923.00
VIDEO-004561,ENHOGAR,2026-08-06,07,0707,U,55,F,6,3060.00
VIDEO-004562,ENHOGAR,2026-08-07,08,0808,U,62,M,1,3197.00
VIDEO-004563,ENHOGAR,2026-08-08,09,0909,R,69,X,4,3334.00
VIDEO-004564,ENHOGAR,2026-08-09,10,1010,U,76,NR,7,3471.00
VIDEO-004565,ENHOGAR,2026-08-10,11,1111,U,83,F,2,3608.00
VIDEO-004566,ENHOGAR,2026-08-11,12,1212,R,90,M,5,3745.00
VIDEO-004567,ENHOGAR,2026-08-12,13,1313,U,24,X,8,3882.00
VIDEO-004568,ENHOGAR,2026-08-13,14,1414,U,31,NR,3,4019.00
VIDEO-004569,ENHOGAR,2026-08-14,15,1515,R,38,F,6,4156.00
VIDEO-004570,ENHOGAR,2026-08-15,16,1616,U,45,M,1,4293.00
VIDEO-004571,ENHOGAR,2026-08-16,17,1717,U,52,X,4,4430.00
VIDEO-004572,ENHOGAR,2026-08-17,18,1818,R,59,NR,7,4567.00
VIDEO-004573,ENHOGAR,2026-08-18,19,1919,U,66,F,2,4704.00
VIDEO-004574,ENHOGAR,2026-08-19,20,2020,U,73,M,5,4841.00
VIDEO-004575,ENHOGAR,2026-08-20,21,2121,R,80,X,8,4978.00
VIDEO-004576,ENHOGAR,2026-08-01,22,2222,U,87,NR,3,5115.00
VIDEO-004577,ENHOGAR,2026-08-02,01,0123,U,21,F,6,5252.00
VIDEO-004578,ENHOGAR,2026-08-03,02,0224,R,28,M,1,5389.00
VIDEO-004579,ENHOGAR,2026-08-04,03,0325,U,35,X,4,5526.00
VIDEO-004580,ENHOGAR,2026-08-05,04,0426,U,42,NR,7,5663.00
VIDEO-004581,ENHOGAR,2026-08-06,05,0527,R,49,F,2,5800.00
VIDEO-004582,ENHOGAR,2026-08-07,06,0628,U,56,M,5,5937.00
VIDEO-004583,ENHOGAR,2026-08-08,07,0729,U,63,X,8,6074.00
VIDEO-004584,ENHOGAR,2026-08-09,08,0830,R,70,NR,3,6211.00
VIDEO-004585,ENHOGAR,2026-08-10,09,0931,U,77,F,6,6348.00
VIDEO-004586,ENHOGAR,2026-08-11,10,1032,U,84,M,1,6485.00
VIDEO-004587,ENHOGAR,2026-08-12,11,1133,R,18,X,4,6622.00
VIDEO-004588,ENHOGAR,2026-08-13,12,1234,U,25,NR,7,6759.00
VIDEO-004589,ENHOGAR,2026-08-14,13,1335,U,32,F,2,6896.00
VIDEO-004590,ENHOGAR,2026-08-15,14,1436,R,39,M,5,7033.00
VIDEO-004591,ENHOGAR,2026-08-16,15,1537,U,46,X,8,7170.00
VIDEO-004592,ENHOGAR,2026-08-17,16,1638,U,53,NR,3,7307.00
VIDEO-004593,ENHOGAR,2026-08-18,17,1739,R,60,F,6,7444.00
VIDEO-004594,ENHOGAR,2026-08-19,18,1840,U,67,M,1,7581.00
VIDEO-004595,ENHOGAR,2026-08-20,19,1941,U,74,X,4,7718.00
VIDEO-004596,ENHOGAR,2026-08-01,20,2042,R,81,NR,7,7855.00
VIDEO-004597,ENHOGAR,2026-08-02,21,2143,U,88,F,2,7992.00
VIDEO-004598,ENHOGAR,2026-08-03,22,2244,U,22,M,5,8129.00
VIDEO-004599,ENHOGAR,2026-08-04,01,0145,R,29,X,8,8266.00
VIDEO-004600,ENHOGAR,2026-08-05,02,0246,U,36,NR,3,8403.00
VIDEO-004601,ENHOGAR,2026-08-06,03,0347,U,43,F,6,940.00
VIDEO-004602,ENHOGAR,2026-08-07,04,0448,R,50,M,1,1077.00
VIDEO-004603,ENHOGAR,2026-08-08,05,0549,U,57,X,4,1214.00
VIDEO-004604,ENHOGAR,2026-08-09,06,0650,U,64,NR,7,1351.00
VIDEO-004605,ENHOGAR,2026-08-10,07,0751,R,71,F,2,1488.00
VIDEO-004606,ENHOGAR,2026-08-11,08,0852,U,78,M,5,1625.00
VIDEO-004607,ENHOGAR,2026-08-12,09,0953,U,85,X,8,1762.00
VIDEO-004608,ENHOGAR,2026-08-13,10,1054,R,19,NR,3,1899.00
VIDEO-004609,ENHOGAR,2026-08-14,11,1155,U,26,F,6,2036.00
VIDEO-004610,ENHOGAR,2026-08-15,12,1256,U,33,M,1,2173.00
VIDEO-004611,ENHOGAR,2026-08-16,13,1357,R,40,X,4,2310.00
VIDEO-004612,ENHOGAR,2026-08-17,14,1458,U,47,NR,7,2447.00
VIDEO-004613,ENHOGAR,2026-08-18,15,1559,U,54,F,2,2584.00
VIDEO-004614,ENHOGAR,2026-08-19,16,1660,R,61,M,5,2721.00
VIDEO-004615,ENHOGAR,2026-08-20,17,1761,U,68,X,8,2858.00
VIDEO-004616,ENHOGAR,2026-08-01,18,1862,U,75,NR,3,2995.00
VIDEO-004617,ENHOGAR,2026-08-02,19,1963,R,82,F,6,3132.00
VIDEO-004618,ENHOGAR,2026-08-03,20,2064,U,89,M,1,3269.00
VIDEO-004619,ENHOGAR,2026-08-04,21,2165,U,23,X,4,3406.00
VIDEO-004620,ENHOGAR,2026-08-05,22,2266,R,30,NR,7,3543.00
VIDEO-004621,ENHOGAR,2026-08-06,01,0167,U,37,F,2,3680.00
VIDEO-004622,ENHOGAR,2026-08-07,02,0268,U,44,M,5,3817.00
VIDEO-004623,ENHOGAR,2026-08-08,03,0369,R,51,X,8,3954.00
VIDEO-004624,ENHOGAR,2026-08-09,04,0470,U,58,NR,3,4091.00
VIDEO-004625,ENHOGAR,2026-08-10,05,0571,U,65,F,6,4228.00
VIDEO-004626,ENHOGAR,2026-08-11,06,0672,R,72,M,1,4365.00
VIDEO-004627,ENHOGAR,2026-08-12,07,0773,U,79,X,4,4502.00
VIDEO-004628,ENHOGAR,2026-08-13,08,0874,U,86,NR,7,4639.00
VIDEO-004629,ENHOGAR,2026-08-14,09,0975,R,20,F,2,4776.00
VIDEO-004630,ENHOGAR,2026-08-15,10,1076,U,27,M,5,4913.00
VIDEO-004631,ENHOGAR,2026-08-16,11,1177,U,34,X,8,5050.00
VIDEO-004632,ENHOGAR,2026-08-17,12,1278,R,41,NR,3,5187.00
VIDEO-004633,ENHOGAR,2026-08-18,13,1379,U,48,F,6,5324.00
VIDEO-004634,ENHOGAR,2026-08-19,14,1480,U,55,M,1,5461.00
VIDEO-004635,ENHOGAR,2026-08-20,15,1581,R,62,X,4,5598.00
VIDEO-004636,ENHOGAR,2026-08-01,16,1682,U,69,NR,7,5735.00
VIDEO-004637,ENHOGAR,2026-08-02,17,1783,U,76,F,2,5872.00
VIDEO-004638,ENHOGAR,2026-08-03,18,1884,R,83,M,5,6009.00
VIDEO-004639,ENHOGAR,2026-08-04,19,1985,U,90,X,8,6146.00
VIDEO-004640,ENHOGAR,2026-08-05,20,2086,U,24,NR,3,6283.00
VIDEO-004641,ENHOGAR,2026-08-06,21,2187,R,31,F,6,6420.00
VIDEO-004642,ENHOGAR,2026-08-07,22,2288,U,38,M,1,6557.00
VIDEO-004643,ENHOGAR,2026-08-08,01,0189,U,45,X,4,6694.00
VIDEO-004644,ENHOGAR,2026-08-09,02,0290,R,52,NR,7,6831.00
VIDEO-004645,ENHOGAR,2026-08-10,03,0391,U,59,F,2,6968.00
VIDEO-004646,ENHOGAR,2026-08-11,04,0492,U,66,M,5,7105.00
VIDEO-004647,ENHOGAR,2026-08-12,05,0593,R,73,X,8,7242.00
VIDEO-004648,ENHOGAR,2026-08-13,06,0694,U,80,NR,3,7379.00
VIDEO-004649,ENHOGAR,2026-08-14,07,0795,U,87,F,6,7516.00
VIDEO-004650,ENHOGAR,2026-08-15,08,0896,R,21,M,1,7653.00
VIDEO-004651,ENHOGAR,2026-08-16,09,0997,U,28,X,4,7790.00
VIDEO-004652,ENHOGAR,2026-08-17,10,1098,U,35,NR,7,7927.00
VIDEO-004653,ENHOGAR,2026-08-18,11,1199,R,42,F,2,8064.00
VIDEO-004654,ENHOGAR,2026-08-19,12,1201,U,49,M,5,8201.00
VIDEO-004655,ENHOGAR,2026-08-20,13,1302,U,56,X,8,8338.00
VIDEO-004656,ENHOGAR,2026-08-01,14,1403,R,63,NR,3,8475.00
VIDEO-004657,ENHOGAR,2026-08-02,15,1504,U,70,F,6,1012.00
VIDEO-004658,ENHOGAR,2026-08-03,16,1605,U,77,M,1,1149.00
VIDEO-004659,ENHOGAR,2026-08-04,17,1706,R,84,X,4,1286.00
VIDEO-004660,ENHOGAR,2026-08-05,18,1807,U,18,NR,7,1423.00
VIDEO-004661,ENHOGAR,2026-08-06,19,1908,U,25,F,2,1560.00
VIDEO-004662,ENHOGAR,2026-08-07,20,2009,R,32,M,5,1697.00
VIDEO-004663,ENHOGAR,2026-08-08,21,2110,U,39,X,8,1834.00
VIDEO-004664,ENHOGAR,2026-08-09,22,2211,U,46,NR,3,1971.00
VIDEO-004665,ENHOGAR,2026-08-10,01,0112,R,53,F,6,2108.00
VIDEO-004666,ENHOGAR,2026-08-11,02,0213,U,60,M,1,2245.00
VIDEO-004667,ENHOGAR,2026-08-12,03,0314,U,67,X,4,2382.00
VIDEO-004668,ENHOGAR,2026-08-13,04,0415,R,74,NR,7,2519.00
VIDEO-004669,ENHOGAR,2026-08-14,05,0516,U,81,F,2,2656.00
VIDEO-004670,ENHOGAR,2026-08-15,06,0617,U,88,M,5,2793.00
VIDEO-004671,ENHOGAR,2026-08-16,07,0718,R,22,X,8,2930.00
VIDEO-004672,ENHOGAR,2026-08-17,08,0819,U,29,NR,3,3067.00
VIDEO-004673,ENHOGAR,2026-08-18,09,0920,U,36,F,6,3204.00
VIDEO-004674,ENHOGAR,2026-08-19,10,1021,R,43,M,1,3341.00
VIDEO-004675,ENHOGAR,2026-08-20,11,1122,U,50,X,4,3478.00
VIDEO-004676,ENHOGAR,2026-08-01,12,1223,U,57,NR,7,3615.00
VIDEO-004677,ENHOGAR,2026-08-02,13,1324,R,64,F,2,3752.00
VIDEO-004678,ENHOGAR,2026-08-03,14,1425,U,71,M,5,3889.00
VIDEO-004679,ENHOGAR,2026-08-04,15,1526,U,78,X,8,4026.00
VIDEO-004680,ENHOGAR,2026-08-05,16,1627,R,85,NR,3,4163.00
VIDEO-004681,ENHOGAR,2026-08-06,17,1728,U,19,F,6,4300.00
VIDEO-004682,ENHOGAR,2026-08-07,18,1829,U,26,M,1,4437.00
VIDEO-004683,ENHOGAR,2026-08-08,19,1930,R,33,X,4,4574.00
VIDEO-004684,ENHOGAR,2026-08-09,20,2031,U,40,NR,7,4711.00
VIDEO-004685,ENHOGAR,2026-08-10,21,2132,U,47,F,2,4848.00
VIDEO-004686,ENHOGAR,2026-08-11,22,2233,R,54,M,5,4985.00
VIDEO-004687,ENHOGAR,2026-08-12,01,0134,U,61,X,8,5122.00
VIDEO-004688,ENHOGAR,2026-08-13,02,0235,U,68,NR,3,5259.00
VIDEO-004689,ENHOGAR,2026-08-14,03,0336,R,75,F,6,5396.00
VIDEO-004690,ENHOGAR,2026-08-15,04,0437,U,82,M,1,5533.00
VIDEO-004691,ENHOGAR,2026-08-16,05,0538,U,89,X,4,5670.00
VIDEO-004692,ENHOGAR,2026-08-17,06,0639,R,23,NR,7,5807.00
VIDEO-004693,ENHOGAR,2026-08-18,07,0740,U,30,F,2,5944.00
VIDEO-004694,ENHOGAR,2026-08-19,08,0841,U,37,M,5,6081.00
VIDEO-004695,ENHOGAR,2026-08-20,09,0942,R,44,X,8,6218.00
VIDEO-004696,ENHOGAR,2026-08-01,10,1043,U,51,NR,3,6355.00
VIDEO-004697,ENHOGAR,2026-08-02,11,1144,U,58,F,6,6492.00
VIDEO-004698,ENHOGAR,2026-08-03,12,1245,R,65,M,1,6629.00
VIDEO-004699,ENHOGAR,2026-08-04,13,1346,U,72,X,4,6766.00
VIDEO-004700,ENHOGAR,2026-08-05,14,1447,U,79,NR,7,6903.00
VIDEO-004701,ENHOGAR,2026-08-06,15,1548,R,86,F,2,7040.00
VIDEO-004702,ENHOGAR,2026-08-07,16,1649,U,20,M,5,7177.00
VIDEO-004703,ENHOGAR,2026-08-08,17,1750,U,27,X,8,7314.00
VIDEO-004704,ENHOGAR,2026-08-09,18,1851,R,34,NR,3,7451.00
VIDEO-004705,ENHOGAR,2026-08-10,19,1952,U,41,F,6,7588.00
VIDEO-004706,ENHOGAR,2026-08-11,20,2053,U,48,M,1,7725.00
VIDEO-004707,ENHOGAR,2026-08-12,21,2154,R,55,X,4,7862.00
VIDEO-004708,ENHOGAR,2026-08-13,22,2255,U,62,NR,7,7999.00
VIDEO-004709,ENHOGAR,2026-08-14,01,0156,U,69,F,2,8136.00
VIDEO-004710,ENHOGAR,2026-08-15,02,0257,R,76,M,5,8273.00
VIDEO-004711,ENHOGAR,2026-08-16,03,0358,U,83,X,8,8410.00
VIDEO-004712,ENHOGAR,2026-08-17,04,0459,U,90,NR,3,947.00
VIDEO-004713,ENHOGAR,2026-08-18,05,0560,R,24,F,6,1084.00
VIDEO-004714,ENHOGAR,2026-08-19,06,0661,U,31,M,1,1221.00
VIDEO-004715,ENHOGAR,2026-08-20,07,0762,U,38,X,4,1358.00
VIDEO-004716,ENHOGAR,2026-08-01,08,0863,R,45,NR,7,1495.00
VIDEO-004717,ENHOGAR,2026-08-02,09,0964,U,52,F,2,1632.00
VIDEO-004718,ENHOGAR,2026-08-03,10,1065,U,59,M,5,1769.00
VIDEO-004719,ENHOGAR,2026-08-04,11,1166,R,66,X,8,1906.00
VIDEO-004720,ENHOGAR,2026-08-05,12,1267,U,73,NR,3,2043.00
VIDEO-004721,ENHOGAR,2026-08-06,13,1368,U,80,F,6,2180.00
VIDEO-004722,ENHOGAR,2026-08-07,14,1469,R,87,M,1,2317.00
VIDEO-004723,ENHOGAR,2026-08-08,15,1570,U,21,X,4,2454.00
VIDEO-004724,ENHOGAR,2026-08-09,16,1671,U,28,NR,7,2591.00
VIDEO-004725,ENHOGAR,2026-08-10,17,1772,R,35,F,2,2728.00
VIDEO-004726,ENHOGAR,2026-08-11,18,1873,U,42,M,5,2865.00
VIDEO-004727,ENHOGAR,2026-08-12,19,1974,U,49,X,8,3002.00
VIDEO-004728,ENHOGAR,2026-08-13,20,2075,R,56,NR,3,3139.00
VIDEO-004729,ENHOGAR,2026-08-14,21,2176,U,63,F,6,3276.00
VIDEO-004730,ENHOGAR,2026-08-15,22,2277,U,70,M,1,3413.00
VIDEO-004731,ENHOGAR,2026-08-16,01,0178,R,77,X,4,3550.00
VIDEO-004732,ENHOGAR,2026-08-17,02,0279,U,84,NR,7,3687.00
VIDEO-004733,ENHOGAR,2026-08-18,03,0380,U,18,F,2,3824.00
VIDEO-004734,ENHOGAR,2026-08-19,04,0481,R,25,M,5,3961.00
VIDEO-004735,ENHOGAR,2026-08-20,05,0582,U,32,X,8,4098.00
VIDEO-004736,ENHOGAR,2026-08-01,06,0683,U,39,NR,3,4235.00
VIDEO-004737,ENHOGAR,2026-08-02,07,0784,R,46,F,6,4372.00
VIDEO-004738,ENHOGAR,2026-08-03,08,0885,U,53,M,1,4509.00
VIDEO-004739,ENHOGAR,2026-08-04,09,0986,U,60,X,4,4646.00
VIDEO-004740,ENHOGAR,2026-08-05,10,1087,R,67,NR,7,4783.00
VIDEO-004741,ENHOGAR,2026-08-06,11,1188,U,74,F,2,4920.00
VIDEO-004742,ENHOGAR,2026-08-07,12,1289,U,81,M,5,5057.00
VIDEO-004743,ENHOGAR,2026-08-08,13,1390,R,88,X,8,5194.00
VIDEO-004744,ENHOGAR,2026-08-09,14,1491,U,22,NR,3,5331.00
VIDEO-004745,ENHOGAR,2026-08-10,15,1592,U,29,F,6,5468.00
VIDEO-004746,ENHOGAR,2026-08-11,16,1693,R,36,M,1,5605.00
VIDEO-004747,ENHOGAR,2026-08-12,17,1794,U,43,X,4,5742.00
VIDEO-004748,ENHOGAR,2026-08-13,18,1895,U,50,NR,7,5879.00
VIDEO-004749,ENHOGAR,2026-08-14,19,1996,R,57,F,2,6016.00
VIDEO-004750,ENHOGAR,2026-08-15,20,2097,U,64,M,5,6153.00
VIDEO-004751,ENHOGAR,2026-08-16,21,2198,U,71,X,8,6290.00
VIDEO-004752,ENHOGAR,2026-08-17,22,2299,R,78,NR,3,6427.00
VIDEO-004753,ENHOGAR,2026-08-18,01,0101,U,85,F,6,6564.00
VIDEO-004754,ENHOGAR,2026-08-19,02,0202,U,19,M,1,6701.00
VIDEO-004755,ENHOGAR,2026-08-20,03,0303,R,26,X,4,6838.00
VIDEO-004756,ENHOGAR,2026-08-01,04,0404,U,33,NR,7,6975.00
VIDEO-004757,ENHOGAR,2026-08-02,05,0505,U,40,F,2,7112.00
VIDEO-004758,ENHOGAR,2026-08-03,06,0606,R,47,M,5,7249.00
VIDEO-004759,ENHOGAR,2026-08-04,07,0707,U,54,X,8,7386.00
VIDEO-004760,ENHOGAR,2026-08-05,08,0808,U,61,NR,3,7523.00
VIDEO-004761,ENHOGAR,2026-08-06,09,0909,R,68,F,6,7660.00
VIDEO-004762,ENHOGAR,2026-08-07,10,1010,U,75,M,1,7797.00
VIDEO-004763,ENHOGAR,2026-08-08,11,1111,U,82,X,4,7934.00
VIDEO-004764,ENHOGAR,2026-08-09,12,1212,R,89,NR,7,8071.00
VIDEO-004765,ENHOGAR,2026-08-10,13,1313,U,23,F,2,8208.00
VIDEO-004766,ENHOGAR,2026-08-11,14,1414,U,30,M,5,8345.00
VIDEO-004767,ENHOGAR,2026-08-12,15,1515,R,37,X,8,8482.00
VIDEO-004768,ENHOGAR,2026-08-13,16,1616,U,44,NR,3,1019.00
VIDEO-004769,ENHOGAR,2026-08-14,17,1717,U,51,F,6,1156.00
VIDEO-004770,ENHOGAR,2026-08-15,18,1818,R,58,M,1,1293.00
VIDEO-004771,ENHOGAR,2026-08-16,19,1919,U,65,X,4,1430.00
VIDEO-004772,ENHOGAR,2026-08-17,20,2020,U,72,NR,7,1567.00
VIDEO-004773,ENHOGAR,2026-08-18,21,2121,R,79,F,2,1704.00
VIDEO-004774,ENHOGAR,2026-08-19,22,2222,U,86,M,5,1841.00
VIDEO-004775,ENHOGAR,2026-08-20,01,0123,U,20,X,8,1978.00
VIDEO-004776,ENHOGAR,2026-08-01,02,0224,R,27,NR,3,2115.00
VIDEO-004777,ENHOGAR,2026-08-02,03,0325,U,34,F,6,2252.00
VIDEO-004778,ENHOGAR,2026-08-03,04,0426,U,41,M,1,2389.00
VIDEO-004779,ENHOGAR,2026-08-04,05,0527,R,48,X,4,2526.00
VIDEO-004780,ENHOGAR,2026-08-05,06,0628,U,55,NR,7,2663.00
VIDEO-004781,ENHOGAR,2026-08-06,07,0729,U,62,F,2,2800.00
VIDEO-004782,ENHOGAR,2026-08-07,08,0830,R,69,M,5,2937.00
VIDEO-004783,ENHOGAR,2026-08-08,09,0931,U,76,X,8,3074.00
VIDEO-004784,ENHOGAR,2026-08-09,10,1032,U,83,NR,3,3211.00
VIDEO-004785,ENHOGAR,2026-08-10,11,1133,R,90,F,6,3348.00
VIDEO-004786,ENHOGAR,2026-08-11,12,1234,U,24,M,1,3485.00
VIDEO-004787,ENHOGAR,2026-08-12,13,1335,U,31,X,4,3622.00
VIDEO-004788,ENHOGAR,2026-08-13,14,1436,R,38,NR,7,3759.00
VIDEO-004789,ENHOGAR,2026-08-14,15,1537,U,45,F,2,3896.00
VIDEO-004790,ENHOGAR,2026-08-15,16,1638,U,52,M,5,4033.00
VIDEO-004791,ENHOGAR,2026-08-16,17,1739,R,59,X,8,4170.00
VIDEO-004792,ENHOGAR,2026-08-17,18,1840,U,66,NR,3,4307.00
VIDEO-004793,ENHOGAR,2026-08-18,19,1941,U,73,F,6,4444.00
VIDEO-004794,ENHOGAR,2026-08-19,20,2042,R,80,M,1,4581.00
VIDEO-004795,ENHOGAR,2026-08-20,21,2143,U,87,X,4,4718.00
VIDEO-004796,ENHOGAR,2026-08-01,22,2244,U,21,NR,7,4855.00
VIDEO-004797,ENHOGAR,2026-08-02,01,0145,R,28,F,2,4992.00
VIDEO-004798,ENHOGAR,2026-08-03,02,0246,U,35,M,5,5129.00
VIDEO-004799,ENHOGAR,2026-08-04,03,0347,U,42,X,8,5266.00
VIDEO-004800,ENHOGAR,2026-08-05,04,0448,R,49,NR,3,5403.00
VIDEO-004801,ENHOGAR,2026-08-06,05,0549,U,56,F,6,5540.00
VIDEO-004802,ENHOGAR,2026-08-07,06,0650,U,63,M,1,5677.00
VIDEO-004803,ENHOGAR,2026-08-08,07,0751,R,70,X,4,5814.00
VIDEO-004804,ENHOGAR,2026-08-09,08,0852,U,77,NR,7,5951.00
VIDEO-004805,ENHOGAR,2026-08-10,09,0953,U,84,F,2,6088.00
VIDEO-004806,ENHOGAR,2026-08-11,10,1054,R,18,M,5,6225.00
VIDEO-004807,ENHOGAR,2026-08-12,11,1155,U,25,X,8,6362.00
VIDEO-004808,ENHOGAR,2026-08-13,12,1256,U,32,NR,3,6499.00
VIDEO-004809,ENHOGAR,2026-08-14,13,1357,R,39,F,6,6636.00
VIDEO-004810,ENHOGAR,2026-08-15,14,1458,U,46,M,1,6773.00
VIDEO-004811,ENHOGAR,2026-08-16,15,1559,U,53,X,4,6910.00
VIDEO-004812,ENHOGAR,2026-08-17,16,1660,R,60,NR,7,7047.00
VIDEO-004813,ENHOGAR,2026-08-18,17,1761,U,67,F,2,7184.00
VIDEO-004814,ENHOGAR,2026-08-19,18,1862,U,74,M,5,7321.00
VIDEO-004815,ENHOGAR,2026-08-20,19,1963,R,81,X,8,7458.00
VIDEO-004816,ENHOGAR,2026-08-01,20,2064,U,88,NR,3,7595.00
VIDEO-004817,ENHOGAR,2026-08-02,21,2165,U,22,F,6,7732.00
VIDEO-004818,ENHOGAR,2026-08-03,22,2266,R,29,M,1,7869.00
VIDEO-004819,ENHOGAR,2026-08-04,01,0167,U,36,X,4,8006.00
VIDEO-004820,ENHOGAR,2026-08-05,02,0268,U,43,NR,7,8143.00
VIDEO-004821,ENHOGAR,2026-08-06,03,0369,R,50,F,2,8280.00
VIDEO-004822,ENHOGAR,2026-08-07,04,0470,U,57,M,5,8417.00
VIDEO-004823,ENHOGAR,2026-08-08,05,0571,U,64,X,8,954.00
VIDEO-004824,ENHOGAR,2026-08-09,06,0672,R,71,NR,3,1091.00
VIDEO-004825,ENHOGAR,2026-08-10,07,0773,U,78,F,6,1228.00
VIDEO-004826,ENHOGAR,2026-08-11,08,0874,U,85,M,1,1365.00
VIDEO-004827,ENHOGAR,2026-08-12,09,0975,R,19,X,4,1502.00
VIDEO-004828,ENHOGAR,2026-08-13,10,1076,U,26,NR,7,1639.00
VIDEO-004829,ENHOGAR,2026-08-14,11,1177,U,33,F,2,1776.00
VIDEO-004830,ENHOGAR,2026-08-15,12,1278,R,40,M,5,1913.00
VIDEO-004831,ENHOGAR,2026-08-16,13,1379,U,47,X,8,2050.00
VIDEO-004832,ENHOGAR,2026-08-17,14,1480,U,54,NR,3,2187.00
VIDEO-004833,ENHOGAR,2026-08-18,15,1581,R,61,F,6,2324.00
VIDEO-004834,ENHOGAR,2026-08-19,16,1682,U,68,M,1,2461.00
VIDEO-004835,ENHOGAR,2026-08-20,17,1783,U,75,X,4,2598.00
VIDEO-004836,ENHOGAR,2026-08-01,18,1884,R,82,NR,7,2735.00
VIDEO-004837,ENHOGAR,2026-08-02,19,1985,U,89,F,2,2872.00
VIDEO-004838,ENHOGAR,2026-08-03,20,2086,U,23,M,5,3009.00
VIDEO-004839,ENHOGAR,2026-08-04,21,2187,R,30,X,8,3146.00
VIDEO-004840,ENHOGAR,2026-08-05,22,2288,U,37,NR,3,3283.00
VIDEO-004841,ENHOGAR,2026-08-06,01,0189,U,44,F,6,3420.00
VIDEO-004842,ENHOGAR,2026-08-07,02,0290,R,51,M,1,3557.00
VIDEO-004843,ENHOGAR,2026-08-08,03,0391,U,58,X,4,3694.00
VIDEO-004844,ENHOGAR,2026-08-09,04,0492,U,65,NR,7,3831.00
VIDEO-004845,ENHOGAR,2026-08-10,05,0593,R,72,F,2,3968.00
VIDEO-004846,ENHOGAR,2026-08-11,06,0694,U,79,M,5,4105.00
VIDEO-004847,ENHOGAR,2026-08-12,07,0795,U,86,X,8,4242.00
VIDEO-004848,ENHOGAR,2026-08-13,08,0896,R,20,NR,3,4379.00
VIDEO-004849,ENHOGAR,2026-08-14,09,0997,U,27,F,6,4516.00
VIDEO-004850,ENHOGAR,2026-08-15,10,1098,U,34,M,1,4653.00
VIDEO-004851,ENHOGAR,2026-08-16,11,1199,R,41,X,4,4790.00
VIDEO-004852,ENHOGAR,2026-08-17,12,1201,U,48,NR,7,4927.00
VIDEO-004853,ENHOGAR,2026-08-18,13,1302,U,55,F,2,5064.00
VIDEO-004854,ENHOGAR,2026-08-19,14,1403,R,62,M,5,5201.00
VIDEO-004855,ENHOGAR,2026-08-20,15,1504,U,69,X,8,5338.00
VIDEO-004856,ENHOGAR,2026-08-01,16,1605,U,76,NR,3,5475.00
VIDEO-004857,ENHOGAR,2026-08-02,17,1706,R,83,F,6,5612.00
VIDEO-004858,ENHOGAR,2026-08-03,18,1807,U,90,M,1,5749.00
VIDEO-004859,ENHOGAR,2026-08-04,19,1908,U,24,X,4,5886.00
VIDEO-004860,ENHOGAR,2026-08-05,20,2009,R,31,NR,7,6023.00
VIDEO-004861,ENHOGAR,2026-08-06,21,2110,U,38,F,2,6160.00
VIDEO-004862,ENHOGAR,2026-08-07,22,2211,U,45,M,5,6297.00
VIDEO-004863,ENHOGAR,2026-08-08,01,0112,R,52,X,8,6434.00
VIDEO-004864,ENHOGAR,2026-08-09,02,0213,U,59,NR,3,6571.00
VIDEO-004865,ENHOGAR,2026-08-10,03,0314,U,66,F,6,6708.00
VIDEO-004866,ENHOGAR,2026-08-11,04,0415,R,73,M,1,6845.00
VIDEO-004867,ENHOGAR,2026-08-12,05,0516,U,80,X,4,6982.00
VIDEO-004868,ENHOGAR,2026-08-13,06,0617,U,87,NR,7,7119.00
VIDEO-004869,ENHOGAR,2026-08-14,07,0718,R,21,F,2,7256.00
VIDEO-004870,ENHOGAR,2026-08-15,08,0819,U,28,M,5,7393.00
VIDEO-004871,ENHOGAR,2026-08-16,09,0920,U,35,X,8,7530.00
VIDEO-004872,ENHOGAR,2026-08-17,10,1021,R,42,NR,3,7667.00
VIDEO-004873,ENHOGAR,2026-08-18,11,1122,U,49,F,6,7804.00
VIDEO-004874,ENHOGAR,2026-08-19,12,1223,U,56,M,1,7941.00
VIDEO-004875,ENHOGAR,2026-08-20,13,1324,R,63,X,4,8078.00
VIDEO-004876,ENHOGAR,2026-08-01,14,1425,U,70,NR,7,8215.00
VIDEO-004877,ENHOGAR,2026-08-02,15,1526,U,77,F,2,8352.00
VIDEO-004878,ENHOGAR,2026-08-03,16,1627,R,84,M,5,8489.00
VIDEO-004879,ENHOGAR,2026-08-04,17,1728,U,18,X,8,1026.00
VIDEO-004880,ENHOGAR,2026-08-05,18,1829,U,25,NR,3,1163.00
VIDEO-004881,ENHOGAR,2026-08-06,19,1930,R,32,F,6,1300.00
VIDEO-004882,ENHOGAR,2026-08-07,20,2031,U,39,M,1,1437.00
VIDEO-004883,ENHOGAR,2026-08-08,21,2132,U,46,X,4,1574.00
VIDEO-004884,ENHOGAR,2026-08-09,22,2233,R,53,NR,7,1711.00
VIDEO-004885,ENHOGAR,2026-08-10,01,0134,U,60,F,2,1848.00
VIDEO-004886,ENHOGAR,2026-08-11,02,0235,U,67,M,5,1985.00
VIDEO-004887,ENHOGAR,2026-08-12,03,0336,R,74,X,8,2122.00
VIDEO-004888,ENHOGAR,2026-08-13,04,0437,U,81,NR,3,2259.00
VIDEO-004889,ENHOGAR,2026-08-14,05,0538,U,88,F,6,2396.00
VIDEO-004890,ENHOGAR,2026-08-15,06,0639,R,22,M,1,2533.00
VIDEO-004891,ENHOGAR,2026-08-16,07,0740,U,29,X,4,2670.00
VIDEO-004892,ENHOGAR,2026-08-17,08,0841,U,36,NR,7,2807.00
VIDEO-004893,ENHOGAR,2026-08-18,09,0942,R,43,F,2,2944.00
VIDEO-004894,ENHOGAR,2026-08-19,10,1043,U,50,M,5,3081.00
VIDEO-004895,ENHOGAR,2026-08-20,11,1144,U,57,X,8,3218.00
VIDEO-004896,ENHOGAR,2026-08-01,12,1245,R,64,NR,3,3355.00
VIDEO-004897,ENHOGAR,2026-08-02,13,1346,U,71,F,6,3492.00
VIDEO-004898,ENHOGAR,2026-08-03,14,1447,U,78,M,1,3629.00
VIDEO-004899,ENHOGAR,2026-08-04,15,1548,R,85,X,4,3766.00
VIDEO-004900,ENHOGAR,2026-08-05,16,1649,U,19,NR,7,3903.00
VIDEO-004901,ENHOGAR,2026-08-06,17,1750,U,26,F,2,4040.00
VIDEO-004902,ENHOGAR,2026-08-07,18,1851,R,33,M,5,4177.00
VIDEO-004903,ENHOGAR,2026-08-08,19,1952,U,40,X,8,4314.00
VIDEO-004904,ENHOGAR,2026-08-09,20,2053,U,47,NR,3,4451.00
VIDEO-004905,ENHOGAR,2026-08-10,21,2154,R,54,F,6,4588.00
VIDEO-004906,ENHOGAR,2026-08-11,22,2255,U,61,M,1,4725.00
VIDEO-004907,ENHOGAR,2026-08-12,01,0156,U,68,X,4,4862.00
VIDEO-004908,ENHOGAR,2026-08-13,02,0257,R,75,NR,7,4999.00
VIDEO-004909,ENHOGAR,2026-08-14,03,0358,U,82,F,2,5136.00
VIDEO-004910,ENHOGAR,2026-08-15,04,0459,U,89,M,5,5273.00
VIDEO-004911,ENHOGAR,2026-08-16,05,0560,R,23,X,8,5410.00
VIDEO-004912,ENHOGAR,2026-08-17,06,0661,U,30,NR,3,5547.00
VIDEO-004913,ENHOGAR,2026-08-18,07,0762,U,37,F,6,5684.00
VIDEO-004914,ENHOGAR,2026-08-19,08,0863,R,44,M,1,5821.00
VIDEO-004915,ENHOGAR,2026-08-20,09,0964,U,51,X,4,5958.00
VIDEO-004916,ENHOGAR,2026-08-01,10,1065,U,58,NR,7,6095.00
VIDEO-004917,ENHOGAR,2026-08-02,11,1166,R,65,F,2,6232.00
VIDEO-004918,ENHOGAR,2026-08-03,12,1267,U,72,M,5,6369.00
VIDEO-004919,ENHOGAR,2026-08-04,13,1368,U,79,X,8,6506.00
VIDEO-004920,ENHOGAR,2026-08-05,14,1469,R,86,NR,3,6643.00
VIDEO-004921,ENHOGAR,2026-08-06,15,1570,U,20,F,6,6780.00
VIDEO-004922,ENHOGAR,2026-08-07,16,1671,U,27,M,1,6917.00
VIDEO-004923,ENHOGAR,2026-08-08,17,1772,R,34,X,4,7054.00
VIDEO-004924,ENHOGAR,2026-08-09,18,1873,U,41,NR,7,7191.00
VIDEO-004925,ENHOGAR,2026-08-10,19,1974,U,48,F,2,7328.00
VIDEO-004926,ENHOGAR,2026-08-11,20,2075,R,55,M,5,7465.00
VIDEO-004927,ENHOGAR,2026-08-12,21,2176,U,62,X,8,7602.00
VIDEO-004928,ENHOGAR,2026-08-13,22,2277,U,69,NR,3,7739.00
VIDEO-004929,ENHOGAR,2026-08-14,01,0178,R,76,F,6,7876.00
VIDEO-004930,ENHOGAR,2026-08-15,02,0279,U,83,M,1,8013.00
VIDEO-004931,ENHOGAR,2026-08-16,03,0380,U,90,X,4,8150.00
VIDEO-004932,ENHOGAR,2026-08-17,04,0481,R,24,NR,7,8287.00
VIDEO-004933,ENHOGAR,2026-08-18,05,0582,U,31,F,2,8424.00
VIDEO-004934,ENHOGAR,2026-08-19,06,0683,U,38,M,5,961.00
VIDEO-004935,ENHOGAR,2026-08-20,07,0784,R,45,X,8,1098.00
VIDEO-004936,ENHOGAR,2026-08-01,08,0885,U,52,NR,3,1235.00
VIDEO-004937,ENHOGAR,2026-08-02,09,0986,U,59,F,6,1372.00
VIDEO-004938,ENHOGAR,2026-08-03,10,1087,R,66,M,1,1509.00
VIDEO-004939,ENHOGAR,2026-08-04,11,1188,U,73,X,4,1646.00
VIDEO-004940,ENHOGAR,2026-08-05,12,1289,U,80,NR,7,1783.00
VIDEO-004941,ENHOGAR,2026-08-06,13,1390,R,87,F,2,1920.00
VIDEO-004942,ENHOGAR,2026-08-07,14,1491,U,21,M,5,2057.00
VIDEO-004943,ENHOGAR,2026-08-08,15,1592,U,28,X,8,2194.00
VIDEO-004944,ENHOGAR,2026-08-09,16,1693,R,35,NR,3,2331.00
VIDEO-004945,ENHOGAR,2026-08-10,17,1794,U,42,F,6,2468.00
VIDEO-004946,ENHOGAR,2026-08-11,18,1895,U,49,M,1,2605.00
VIDEO-004947,ENHOGAR,2026-08-12,19,1996,R,56,X,4,2742.00
VIDEO-004948,ENHOGAR,2026-08-13,20,2097,U,63,NR,7,2879.00
VIDEO-004949,ENHOGAR,2026-08-14,21,2198,U,70,F,2,3016.00
VIDEO-004950,ENHOGAR,2026-08-15,22,2299,R,77,M,5,3153.00
VIDEO-004951,ENHOGAR,2026-08-16,01,0101,U,84,X,8,3290.00
VIDEO-004952,ENHOGAR,2026-08-17,02,0202,U,18,NR,3,3427.00
VIDEO-004953,ENHOGAR,2026-08-18,03,0303,R,25,F,6,3564.00
VIDEO-004954,ENHOGAR,2026-08-19,04,0404,U,32,M,1,3701.00
VIDEO-004955,ENHOGAR,2026-08-20,05,0505,U,39,X,4,3838.00
VIDEO-004956,ENHOGAR,2026-08-01,06,0606,R,46,NR,7,3975.00
VIDEO-004957,ENHOGAR,2026-08-02,07,0707,U,53,F,2,4112.00
VIDEO-004958,ENHOGAR,2026-08-03,08,0808,U,60,M,5,4249.00
VIDEO-004959,ENHOGAR,2026-08-04,09,0909,R,67,X,8,4386.00
VIDEO-004960,ENHOGAR,2026-08-05,10,1010,U,74,NR,3,4523.00
VIDEO-004961,ENHOGAR,2026-08-06,11,1111,U,81,F,6,4660.00
VIDEO-004962,ENHOGAR,2026-08-07,12,1212,R,88,M,1,4797.00
VIDEO-004963,ENHOGAR,2026-08-08,13,1313,U,22,X,4,4934.00
VIDEO-004964,ENHOGAR,2026-08-09,14,1414,U,29,NR,7,5071.00
VIDEO-004965,ENHOGAR,2026-08-10,15,1515,R,36,F,2,5208.00
VIDEO-004966,ENHOGAR,2026-08-11,16,1616,U,43,M,5,5345.00
VIDEO-004967,ENHOGAR,2026-08-12,17,1717,U,50,X,8,5482.00
VIDEO-004968,ENHOGAR,2026-08-13,18,1818,R,57,NR,3,5619.00
VIDEO-004969,ENHOGAR,2026-08-14,19,1919,U,64,F,6,5756.00
VIDEO-004970,ENHOGAR,2026-08-15,20,2020,U,71,M,1,5893.00
VIDEO-004971,ENHOGAR,2026-08-16,21,2121,R,78,X,4,6030.00
VIDEO-004972,ENHOGAR,2026-08-17,22,2222,U,85,NR,7,6167.00
VIDEO-004973,ENHOGAR,2026-08-18,01,0123,U,19,F,2,6304.00
VIDEO-004974,ENHOGAR,2026-08-19,02,0224,R,26,M,5,6441.00
VIDEO-004975,ENHOGAR,2026-08-20,03,0325,U,33,X,8,6578.00
VIDEO-004976,ENHOGAR,2026-08-01,04,0426,U,40,NR,3,6715.00
VIDEO-004977,ENHOGAR,2026-08-02,05,0527,R,47,F,6,6852.00
VIDEO-004978,ENHOGAR,2026-08-03,06,0628,U,54,M,1,6989.00
VIDEO-004979,ENHOGAR,2026-08-04,07,0729,U,61,X,4,7126.00
VIDEO-004980,ENHOGAR,2026-08-05,08,0830,R,68,NR,7,7263.00
VIDEO-004981,ENHOGAR,2026-08-06,09,0931,U,75,F,2,7400.00
VIDEO-004982,ENHOGAR,2026-08-07,10,1032,U,82,M,5,7537.00
VIDEO-004983,ENHOGAR,2026-08-08,11,1133,R,89,X,8,7674.00
VIDEO-004984,ENHOGAR,2026-08-09,12,1234,U,23,NR,3,7811.00
VIDEO-004985,ENHOGAR,2026-08-10,13,1335,U,30,F,6,7948.00
VIDEO-004986,ENHOGAR,2026-08-11,14,1436,R,37,M,1,8085.00
VIDEO-004987,ENHOGAR,2026-08-12,15,1537,U,44,X,4,8222.00
VIDEO-004988,ENHOGAR,2026-08-13,16,1638,U,51,NR,7,8359.00
VIDEO-004989,ENHOGAR,2026-08-14,17,1739,R,58,F,2,8496.00
VIDEO-004990,ENHOGAR,2026-08-15,18,1840,U,65,M,5,1033.00
VIDEO-004991,ENHOGAR,2026-08-16,19,1941,U,72,X,8,1170.00
VIDEO-004992,ENHOGAR,2026-08-17,20,2042,R,79,NR,3,1307.00
VIDEO-004993,ENHOGAR,2026-08-18,21,2143,U,86,F,6,1444.00
VIDEO-004994,ENHOGAR,2026-08-19,22,2244,U,20,M,1,1581.00
VIDEO-004995,ENHOGAR,2026-08-20,01,0145,R,27,X,4,1718.00
VIDEO-004996,ENHOGAR,2026-08-01,02,0246,U,34,NR,7,1855.00
VIDEO-004997,ENHOGAR,2026-08-02,03,0347,U,41,F,2,1992.00
VIDEO-004998,ENHOGAR,2026-08-03,04,0448,R,48,M,5,2129.00
VIDEO-004999,ENHOGAR,2026-08-04,05,0549,U,55,X,8,2266.00
VIDEO-005000,ENHOGAR,2026-08-05,06,0650,U,62,NR,3,2403.00
VIDEO-005001,ENHOGAR,2026-08-06,07,0751,R,69,F,6,2540.00
VIDEO-005002,ENHOGAR,2026-08-07,08,0852,U,76,M,1,2677.00
VIDEO-005003,ENHOGAR,2026-08-08,09,0953,U,83,X,4,2814.00
VIDEO-005004,ENHOGAR,2026-08-09,10,1054,R,90,NR,7,2951.00
VIDEO-005005,ENHOGAR,2026-08-10,11,1155,U,24,F,2,3088.00
VIDEO-005006,ENHOGAR,2026-08-11,12,1256,U,31,M,5,3225.00
VIDEO-005007,ENHOGAR,2026-08-12,13,1357,R,38,X,8,3362.00
VIDEO-005008,ENHOGAR,2026-08-13,14,1458,U,45,NR,3,3499.00
VIDEO-005009,ENHOGAR,2026-08-14,15,1559,U,52,F,6,3636.00
VIDEO-005010,ENHOGAR,2026-08-15,16,1660,R,59,M,1,3773.00
VIDEO-005011,ENHOGAR,2026-08-16,17,1761,U,66,X,4,3910.00
VIDEO-005012,ENHOGAR,2026-08-17,18,1862,U,73,NR,7,4047.00
VIDEO-005013,ENHOGAR,2026-08-18,19,1963,R,80,F,2,4184.00
VIDEO-005014,ENHOGAR,2026-08-19,20,2064,U,87,M,5,4321.00
VIDEO-005015,ENHOGAR,2026-08-20,21,2165,U,21,X,8,4458.00
VIDEO-005016,ENHOGAR,2026-08-01,22,2266,R,28,NR,3,4595.00
VIDEO-005017,ENHOGAR,2026-08-02,01,0167,U,35,F,6,4732.00
VIDEO-005018,ENHOGAR,2026-08-03,02,0268,U,42,M,1,4869.00
VIDEO-005019,ENHOGAR,2026-08-04,03,0369,R,49,X,4,5006.00
VIDEO-005020,ENHOGAR,2026-08-05,04,0470,U,56,NR,7,5143.00
VIDEO-005021,ENHOGAR,2026-08-06,05,0571,U,63,F,2,5280.00
VIDEO-005022,ENHOGAR,2026-08-07,06,0672,R,70,M,5,5417.00
VIDEO-005023,ENHOGAR,2026-08-08,07,0773,U,77,X,8,5554.00
VIDEO-005024,ENHOGAR,2026-08-09,08,0874,U,84,NR,3,5691.00
VIDEO-005025,ENHOGAR,2026-08-10,09,0975,R,18,F,6,5828.00
VIDEO-005026,ENHOGAR,2026-08-11,10,1076,U,25,M,1,5965.00
VIDEO-005027,ENHOGAR,2026-08-12,11,1177,U,32,X,4,6102.00
VIDEO-005028,ENHOGAR,2026-08-13,12,1278,R,39,NR,7,6239.00
VIDEO-005029,ENHOGAR,2026-08-14,13,1379,U,46,F,2,6376.00
VIDEO-005030,ENHOGAR,2026-08-15,14,1480,U,53,M,5,6513.00
VIDEO-005031,ENHOGAR,2026-08-16,15,1581,R,60,X,8,6650.00
VIDEO-005032,ENHOGAR,2026-08-17,16,1682,U,67,NR,3,6787.00
VIDEO-005033,ENHOGAR,2026-08-18,17,1783,U,74,F,6,6924.00
VIDEO-005034,ENHOGAR,2026-08-19,18,1884,R,81,M,1,7061.00
VIDEO-005035,ENHOGAR,2026-08-20,19,1985,U,88,X,4,7198.00
VIDEO-005036,ENHOGAR,2026-08-01,20,2086,U,22,NR,7,7335.00
VIDEO-005037,ENHOGAR,2026-08-02,21,2187,R,29,F,2,7472.00
VIDEO-005038,ENHOGAR,2026-08-03,22,2288,U,36,M,5,7609.00
VIDEO-005039,ENHOGAR,2026-08-04,01,0189,U,43,X,8,7746.00
VIDEO-005040,ENHOGAR,2026-08-05,02,0290,R,50,NR,3,7883.00
VIDEO-005041,ENHOGAR,2026-08-06,03,0391,U,57,F,6,8020.00
VIDEO-005042,ENHOGAR,2026-08-07,04,0492,U,64,M,1,8157.00
VIDEO-005043,ENHOGAR,2026-08-08,05,0593,R,71,X,4,8294.00
VIDEO-005044,ENHOGAR,2026-08-09,06,0694,U,78,NR,7,8431.00
VIDEO-005045,ENHOGAR,2026-08-10,07,0795,U,85,F,2,968.00
VIDEO-005046,ENHOGAR,2026-08-11,08,0896,R,19,M,5,1105.00
VIDEO-005047,ENHOGAR,2026-08-12,09,0997,U,26,X,8,1242.00
VIDEO-005048,ENHOGAR,2026-08-13,10,1098,U,33,NR,3,1379.00
VIDEO-005049,ENHOGAR,2026-08-14,11,1199,R,40,F,6,1516.00
VIDEO-005050,ENHOGAR,2026-08-15,12,1201,U,47,M,1,1653.00
VIDEO-005051,ENHOGAR,2026-08-16,13,1302,U,54,X,4,1790.00
VIDEO-005052,ENHOGAR,2026-08-17,14,1403,R,61,NR,7,1927.00
VIDEO-005053,ENHOGAR,2026-08-18,15,1504,U,68,F,2,2064.00
VIDEO-005054,ENHOGAR,2026-08-19,16,1605,U,75,M,5,2201.00
VIDEO-005055,ENHOGAR,2026-08-20,17,1706,R,82,X,8,2338.00
VIDEO-005056,ENHOGAR,2026-08-01,18,1807,U,89,NR,3,2475.00
VIDEO-005057,ENHOGAR,2026-08-02,19,1908,U,23,F,6,2612.00
VIDEO-005058,ENHOGAR,2026-08-03,20,2009,R,30,M,1,2749.00
VIDEO-005059,ENHOGAR,2026-08-04,21,2110,U,37,X,4,2886.00
VIDEO-005060,ENHOGAR,2026-08-05,22,2211,U,44,NR,7,3023.00
VIDEO-005061,ENHOGAR,2026-08-06,01,0112,R,51,F,2,3160.00
VIDEO-005062,ENHOGAR,2026-08-07,02,0213,U,58,M,5,3297.00
VIDEO-005063,ENHOGAR,2026-08-08,03,0314,U,65,X,8,3434.00
VIDEO-005064,ENHOGAR,2026-08-09,04,0415,R,72,NR,3,3571.00
VIDEO-005065,ENHOGAR,2026-08-10,05,0516,U,79,F,6,3708.00
VIDEO-005066,ENHOGAR,2026-08-11,06,0617,U,86,M,1,3845.00
VIDEO-005067,ENHOGAR,2026-08-12,07,0718,R,20,X,4,3982.00
VIDEO-005068,ENHOGAR,2026-08-13,08,0819,U,27,NR,7,4119.00
VIDEO-005069,ENHOGAR,2026-08-14,09,0920,U,34,F,2,4256.00
VIDEO-005070,ENHOGAR,2026-08-15,10,1021,R,41,M,5,4393.00
VIDEO-005071,ENHOGAR,2026-08-16,11,1122,U,48,X,8,4530.00
VIDEO-005072,ENHOGAR,2026-08-17,12,1223,U,55,NR,3,4667.00
VIDEO-005073,ENHOGAR,2026-08-18,13,1324,R,62,F,6,4804.00
VIDEO-005074,ENHOGAR,2026-08-19,14,1425,U,69,M,1,4941.00
VIDEO-005075,ENHOGAR,2026-08-20,15,1526,U,76,X,4,5078.00
VIDEO-005076,ENHOGAR,2026-08-01,16,1627,R,83,NR,7,5215.00
VIDEO-005077,ENHOGAR,2026-08-02,17,1728,U,90,F,2,5352.00
VIDEO-005078,ENHOGAR,2026-08-03,18,1829,U,24,M,5,5489.00
VIDEO-005079,ENHOGAR,2026-08-04,19,1930,R,31,X,8,5626.00
VIDEO-005080,ENHOGAR,2026-08-05,20,2031,U,38,NR,3,5763.00
VIDEO-005081,ENHOGAR,2026-08-06,21,2132,U,45,F,6,5900.00
VIDEO-005082,ENHOGAR,2026-08-07,22,2233,R,52,M,1,6037.00
VIDEO-005083,ENHOGAR,2026-08-08,01,0134,U,59,X,4,6174.00
VIDEO-005084,ENHOGAR,2026-08-09,02,0235,U,66,NR,7,6311.00
VIDEO-005085,ENHOGAR,2026-08-10,03,0336,R,73,F,2,6448.00
VIDEO-005086,ENHOGAR,2026-08-11,04,0437,U,80,M,5,6585.00
VIDEO-005087,ENHOGAR,2026-08-12,05,0538,U,87,X,8,6722.00
VIDEO-005088,ENHOGAR,2026-08-13,06,0639,R,21,NR,3,6859.00
VIDEO-005089,ENHOGAR,2026-08-14,07,0740,U,28,F,6,6996.00
VIDEO-005090,ENHOGAR,2026-08-15,08,0841,U,35,M,1,7133.00
VIDEO-005091,ENHOGAR,2026-08-16,09,0942,R,42,X,4,7270.00
VIDEO-005092,ENHOGAR,2026-08-17,10,1043,U,49,NR,7,7407.00
VIDEO-005093,ENHOGAR,2026-08-18,11,1144,U,56,F,2,7544.00
VIDEO-005094,ENHOGAR,2026-08-19,12,1245,R,63,M,5,7681.00
VIDEO-005095,ENHOGAR,2026-08-20,13,1346,U,70,X,8,7818.00
VIDEO-005096,ENHOGAR,2026-08-01,14,1447,U,77,NR,3,7955.00
VIDEO-005097,ENHOGAR,2026-08-02,15,1548,R,84,F,6,8092.00
VIDEO-005098,ENHOGAR,2026-08-03,16,1649,U,18,M,1,8229.00
VIDEO-005099,ENHOGAR,2026-08-04,17,1750,U,25,X,4,8366.00
VIDEO-005100,ENHOGAR,2026-08-05,18,1851,R,32,NR,7,903.00
VIDEO-005101,ENHOGAR,2026-08-06,19,1952,U,39,F,2,1040.00
VIDEO-005102,ENHOGAR,2026-08-07,20,2053,U,46,M,5,1177.00
VIDEO-005103,ENHOGAR,2026-08-08,21,2154,R,53,X,8,1314.00
VIDEO-005104,ENHOGAR,2026-08-09,22,2255,U,60,NR,3,1451.00
VIDEO-005105,ENHOGAR,2026-08-10,01,0156,U,67,F,6,1588.00
VIDEO-005106,ENHOGAR,2026-08-11,02,0257,R,74,M,1,1725.00
VIDEO-005107,ENHOGAR,2026-08-12,03,0358,U,81,X,4,1862.00
VIDEO-005108,ENHOGAR,2026-08-13,04,0459,U,88,NR,7,1999.00
VIDEO-005109,ENHOGAR,2026-08-14,05,0560,R,22,F,2,2136.00
VIDEO-005110,ENHOGAR,2026-08-15,06,0661,U,29,M,5,2273.00
VIDEO-005111,ENHOGAR,2026-08-16,07,0762,U,36,X,8,2410.00
VIDEO-005112,ENHOGAR,2026-08-17,08,0863,R,43,NR,3,2547.00
VIDEO-005113,ENHOGAR,2026-08-18,09,0964,U,50,F,6,2684.00
VIDEO-005114,ENHOGAR,2026-08-19,10,1065,U,57,M,1,2821.00
VIDEO-005115,ENHOGAR,2026-08-20,11,1166,R,64,X,4,2958.00
VIDEO-005116,ENHOGAR,2026-08-01,12,1267,U,71,NR,7,3095.00
VIDEO-005117,ENHOGAR,2026-08-02,13,1368,U,78,F,2,3232.00
VIDEO-005118,ENHOGAR,2026-08-03,14,1469,R,85,M,5,3369.00
VIDEO-005119,ENHOGAR,2026-08-04,15,1570,U,19,X,8,3506.00
VIDEO-005120,ENHOGAR,2026-08-05,16,1671,U,26,NR,3,3643.00
VIDEO-005121,ENHOGAR,2026-08-06,17,1772,R,33,F,6,3780.00
VIDEO-005122,ENHOGAR,2026-08-07,18,1873,U,40,M,1,3917.00
VIDEO-005123,ENHOGAR,2026-08-08,19,1974,U,47,X,4,4054.00
VIDEO-005124,ENHOGAR,2026-08-09,20,2075,R,54,NR,7,4191.00
VIDEO-005125,ENHOGAR,2026-08-10,21,2176,U,61,F,2,4328.00
VIDEO-005126,ENHOGAR,2026-08-11,22,2277,U,68,M,5,4465.00
VIDEO-005127,ENHOGAR,2026-08-12,01,0178,R,75,X,8,4602.00
VIDEO-005128,ENHOGAR,2026-08-13,02,0279,U,82,NR,3,4739.00
VIDEO-005129,ENHOGAR,2026-08-14,03,0380,U,89,F,6,4876.00
VIDEO-005130,ENHOGAR,2026-08-15,04,0481,R,23,M,1,5013.00
VIDEO-005131,ENHOGAR,2026-08-16,05,0582,U,30,X,4,5150.00
VIDEO-005132,ENHOGAR,2026-08-17,06,0683,U,37,NR,7,5287.00
VIDEO-005133,ENHOGAR,2026-08-18,07,0784,R,44,F,2,5424.00
VIDEO-005134,ENHOGAR,2026-08-19,08,0885,U,51,M,5,5561.00
VIDEO-005135,ENHOGAR,2026-08-20,09,0986,U,58,X,8,5698.00
VIDEO-005136,ENHOGAR,2026-08-01,10,1087,R,65,NR,3,5835.00
VIDEO-005137,ENHOGAR,2026-08-02,11,1188,U,72,F,6,5972.00
VIDEO-005138,ENHOGAR,2026-08-03,12,1289,U,79,M,1,6109.00
VIDEO-005139,ENHOGAR,2026-08-04,13,1390,R,86,X,4,6246.00
VIDEO-005140,ENHOGAR,2026-08-05,14,1491,U,20,NR,7,6383.00
VIDEO-005141,ENHOGAR,2026-08-06,15,1592,U,27,F,2,6520.00
VIDEO-005142,ENHOGAR,2026-08-07,16,1693,R,34,M,5,6657.00
VIDEO-005143,ENHOGAR,2026-08-08,17,1794,U,41,X,8,6794.00
VIDEO-005144,ENHOGAR,2026-08-09,18,1895,U,48,NR,3,6931.00
VIDEO-005145,ENHOGAR,2026-08-10,19,1996,R,55,F,6,7068.00
VIDEO-005146,ENHOGAR,2026-08-11,20,2097,U,62,M,1,7205.00
VIDEO-005147,ENHOGAR,2026-08-12,21,2198,U,69,X,4,7342.00
VIDEO-005148,ENHOGAR,2026-08-13,22,2299,R,76,NR,7,7479.00
VIDEO-005149,ENHOGAR,2026-08-14,01,0101,U,83,F,2,7616.00
VIDEO-005150,ENHOGAR,2026-08-15,02,0202,U,90,M,5,7753.00
VIDEO-005151,ENHOGAR,2026-08-16,03,0303,R,24,X,8,7890.00
VIDEO-005152,ENHOGAR,2026-08-17,04,0404,U,31,NR,3,8027.00
VIDEO-005153,ENHOGAR,2026-08-18,05,0505,U,38,F,6,8164.00
VIDEO-005154,ENHOGAR,2026-08-19,06,0606,R,45,M,1,8301.00
VIDEO-005155,ENHOGAR,2026-08-20,07,0707,U,52,X,4,8438.00
VIDEO-005156,ENHOGAR,2026-08-01,08,0808,U,59,NR,7,975.00
VIDEO-005157,ENHOGAR,2026-08-02,09,0909,R,66,F,2,1112.00
VIDEO-005158,ENHOGAR,2026-08-03,10,1010,U,73,M,5,1249.00
VIDEO-005159,ENHOGAR,2026-08-04,11,1111,U,80,X,8,1386.00
VIDEO-005160,ENHOGAR,2026-08-05,12,1212,R,87,NR,3,1523.00
VIDEO-005161,ENHOGAR,2026-08-06,13,1313,U,21,F,6,1660.00
VIDEO-005162,ENHOGAR,2026-08-07,14,1414,U,28,M,1,1797.00
VIDEO-005163,ENHOGAR,2026-08-08,15,1515,R,35,X,4,1934.00
VIDEO-005164,ENHOGAR,2026-08-09,16,1616,U,42,NR,7,2071.00
VIDEO-005165,ENHOGAR,2026-08-10,17,1717,U,49,F,2,2208.00
VIDEO-005166,ENHOGAR,2026-08-11,18,1818,R,56,M,5,2345.00
VIDEO-005167,ENHOGAR,2026-08-12,19,1919,U,63,X,8,2482.00
VIDEO-005168,ENHOGAR,2026-08-13,20,2020,U,70,NR,3,2619.00
VIDEO-005169,ENHOGAR,2026-08-14,21,2121,R,77,F,6,2756.00
VIDEO-005170,ENHOGAR,2026-08-15,22,2222,U,84,M,1,2893.00
VIDEO-005171,ENHOGAR,2026-08-16,01,0123,U,18,X,4,3030.00
VIDEO-005172,ENHOGAR,2026-08-17,02,0224,R,25,NR,7,3167.00
VIDEO-005173,ENHOGAR,2026-08-18,03,0325,U,32,F,2,3304.00
VIDEO-005174,ENHOGAR,2026-08-19,04,0426,U,39,M,5,3441.00
VIDEO-005175,ENHOGAR,2026-08-20,05,0527,R,46,X,8,3578.00
VIDEO-005176,ENHOGAR,2026-08-01,06,0628,U,53,NR,3,3715.00
VIDEO-005177,ENHOGAR,2026-08-02,07,0729,U,60,F,6,3852.00
VIDEO-005178,ENHOGAR,2026-08-03,08,0830,R,67,M,1,3989.00
VIDEO-005179,ENHOGAR,2026-08-04,09,0931,U,74,X,4,4126.00
VIDEO-005180,ENHOGAR,2026-08-05,10,1032,U,81,NR,7,4263.00
VIDEO-005181,ENHOGAR,2026-08-06,11,1133,R,88,F,2,4400.00
VIDEO-005182,ENHOGAR,2026-08-07,12,1234,U,22,M,5,4537.00
VIDEO-005183,ENHOGAR,2026-08-08,13,1335,U,29,X,8,4674.00
VIDEO-005184,ENHOGAR,2026-08-09,14,1436,R,36,NR,3,4811.00
VIDEO-005185,ENHOGAR,2026-08-10,15,1537,U,43,F,6,4948.00
VIDEO-005186,ENHOGAR,2026-08-11,16,1638,U,50,M,1,5085.00
VIDEO-005187,ENHOGAR,2026-08-12,17,1739,R,57,X,4,5222.00
VIDEO-005188,ENHOGAR,2026-08-13,18,1840,U,64,NR,7,5359.00
VIDEO-005189,ENHOGAR,2026-08-14,19,1941,U,71,F,2,5496.00
VIDEO-005190,ENHOGAR,2026-08-15,20,2042,R,78,M,5,5633.00
VIDEO-005191,ENHOGAR,2026-08-16,21,2143,U,85,X,8,5770.00
VIDEO-005192,ENHOGAR,2026-08-17,22,2244,U,19,NR,3,5907.00
VIDEO-005193,ENHOGAR,2026-08-18,01,0145,R,26,F,6,6044.00
VIDEO-005194,ENHOGAR,2026-08-19,02,0246,U,33,M,1,6181.00
VIDEO-005195,ENHOGAR,2026-08-20,03,0347,U,40,X,4,6318.00
VIDEO-005196,ENHOGAR,2026-08-01,04,0448,R,47,NR,7,6455.00
VIDEO-005197,ENHOGAR,2026-08-02,05,0549,U,54,F,2,6592.00
VIDEO-005198,ENHOGAR,2026-08-03,06,0650,U,61,M,5,6729.00
VIDEO-005199,ENHOGAR,2026-08-04,07,0751,R,68,X,8,6866.00
VIDEO-005200,ENHOGAR,2026-08-05,08,0852,U,75,NR,3,7003.00
VIDEO-005201,ENHOGAR,2026-08-06,09,0953,U,82,F,6,7140.00
VIDEO-005202,ENHOGAR,2026-08-07,10,1054,R,89,M,1,7277.00
VIDEO-005203,ENHOGAR,2026-08-08,11,1155,U,23,X,4,7414.00
VIDEO-005204,ENHOGAR,2026-08-09,12,1256,U,30,NR,7,7551.00
VIDEO-005205,ENHOGAR,2026-08-10,13,1357,R,37,F,2,7688.00
VIDEO-005206,ENHOGAR,2026-08-11,14,1458,U,44,M,5,7825.00
VIDEO-005207,ENHOGAR,2026-08-12,15,1559,U,51,X,8,7962.00
VIDEO-005208,ENHOGAR,2026-08-13,16,1660,R,58,NR,3,8099.00
VIDEO-005209,ENHOGAR,2026-08-14,17,1761,U,65,F,6,8236.00
VIDEO-005210,ENHOGAR,2026-08-15,18,1862,U,72,M,1,8373.00
VIDEO-005211,ENHOGAR,2026-08-16,19,1963,R,79,X,4,910.00
VIDEO-005212,ENHOGAR,2026-08-17,20,2064,U,86,NR,7,1047.00
VIDEO-005213,ENHOGAR,2026-08-18,21,2165,U,20,F,2,1184.00
VIDEO-005214,ENHOGAR,2026-08-19,22,2266,R,27,M,5,1321.00
VIDEO-005215,ENHOGAR,2026-08-20,01,0167,U,34,X,8,1458.00
VIDEO-005216,ENHOGAR,2026-08-01,02,0268,U,41,NR,3,1595.00
VIDEO-005217,ENHOGAR,2026-08-02,03,0369,R,48,F,6,1732.00
VIDEO-005218,ENHOGAR,2026-08-03,04,0470,U,55,M,1,1869.00
VIDEO-005219,ENHOGAR,2026-08-04,05,0571,U,62,X,4,2006.00
VIDEO-005220,ENHOGAR,2026-08-05,06,0672,R,69,NR,7,2143.00
VIDEO-005221,ENHOGAR,2026-08-06,07,0773,U,76,F,2,2280.00
VIDEO-005222,ENHOGAR,2026-08-07,08,0874,U,83,M,5,2417.00
VIDEO-005223,ENHOGAR,2026-08-08,09,0975,R,90,X,8,2554.00
VIDEO-005224,ENHOGAR,2026-08-09,10,1076,U,24,NR,3,2691.00
VIDEO-005225,ENHOGAR,2026-08-10,11,1177,U,31,F,6,2828.00
VIDEO-005226,ENHOGAR,2026-08-11,12,1278,R,38,M,1,2965.00
VIDEO-005227,ENHOGAR,2026-08-12,13,1379,U,45,X,4,3102.00
VIDEO-005228,ENHOGAR,2026-08-13,14,1480,U,52,NR,7,3239.00
VIDEO-005229,ENHOGAR,2026-08-14,15,1581,R,59,F,2,3376.00
VIDEO-005230,ENHOGAR,2026-08-15,16,1682,U,66,M,5,3513.00
VIDEO-005231,ENHOGAR,2026-08-16,17,1783,U,73,X,8,3650.00
VIDEO-005232,ENHOGAR,2026-08-17,18,1884,R,80,NR,3,3787.00
VIDEO-005233,ENHOGAR,2026-08-18,19,1985,U,87,F,6,3924.00
VIDEO-005234,ENHOGAR,2026-08-19,20,2086,U,21,M,1,4061.00
VIDEO-005235,ENHOGAR,2026-08-20,21,2187,R,28,X,4,4198.00
VIDEO-005236,ENHOGAR,2026-08-01,22,2288,U,35,NR,7,4335.00
VIDEO-005237,ENHOGAR,2026-08-02,01,0189,U,42,F,2,4472.00
VIDEO-005238,ENHOGAR,2026-08-03,02,0290,R,49,M,5,4609.00
VIDEO-005239,ENHOGAR,2026-08-04,03,0391,U,56,X,8,4746.00
VIDEO-005240,ENHOGAR,2026-08-05,04,0492,U,63,NR,3,4883.00
VIDEO-005241,ENHOGAR,2026-08-06,05,0593,R,70,F,6,5020.00
VIDEO-005242,ENHOGAR,2026-08-07,06,0694,U,77,M,1,5157.00
VIDEO-005243,ENHOGAR,2026-08-08,07,0795,U,84,X,4,5294.00
VIDEO-005244,ENHOGAR,2026-08-09,08,0896,R,18,NR,7,5431.00
VIDEO-005245,ENHOGAR,2026-08-10,09,0997,U,25,F,2,5568.00
VIDEO-005246,ENHOGAR,2026-08-11,10,1098,U,32,M,5,5705.00
VIDEO-005247,ENHOGAR,2026-08-12,11,1199,R,39,X,8,5842.00
VIDEO-005248,ENHOGAR,2026-08-13,12,1201,U,46,NR,3,5979.00
VIDEO-005249,ENHOGAR,2026-08-14,13,1302,U,53,F,6,6116.00
VIDEO-005250,ENHOGAR,2026-08-15,14,1403,R,60,M,1,6253.00
VIDEO-005251,ENHOGAR,2026-08-16,15,1504,U,67,X,4,6390.00
VIDEO-005252,ENHOGAR,2026-08-17,16,1605,U,74,NR,7,6527.00
VIDEO-005253,ENHOGAR,2026-08-18,17,1706,R,81,F,2,6664.00
VIDEO-005254,ENHOGAR,2026-08-19,18,1807,U,88,M,5,6801.00
VIDEO-005255,ENHOGAR,2026-08-20,19,1908,U,22,X,8,6938.00
VIDEO-005256,ENHOGAR,2026-08-01,20,2009,R,29,NR,3,7075.00
VIDEO-005257,ENHOGAR,2026-08-02,21,2110,U,36,F,6,7212.00
VIDEO-005258,ENHOGAR,2026-08-03,22,2211,U,43,M,1,7349.00
VIDEO-005259,ENHOGAR,2026-08-04,01,0112,R,50,X,4,7486.00
VIDEO-005260,ENHOGAR,2026-08-05,02,0213,U,57,NR,7,7623.00
VIDEO-005261,ENHOGAR,2026-08-06,03,0314,U,64,F,2,7760.00
VIDEO-005262,ENHOGAR,2026-08-07,04,0415,R,71,M,5,7897.00
VIDEO-005263,ENHOGAR,2026-08-08,05,0516,U,78,X,8,8034.00
VIDEO-005264,ENHOGAR,2026-08-09,06,0617,U,85,NR,3,8171.00
VIDEO-005265,ENHOGAR,2026-08-10,07,0718,R,19,F,6,8308.00
VIDEO-005266,ENHOGAR,2026-08-11,08,0819,U,26,M,1,8445.00
VIDEO-005267,ENHOGAR,2026-08-12,09,0920,U,33,X,4,982.00
VIDEO-005268,ENHOGAR,2026-08-13,10,1021,R,40,NR,7,1119.00
VIDEO-005269,ENHOGAR,2026-08-14,11,1122,U,47,F,2,1256.00
VIDEO-005270,ENHOGAR,2026-08-15,12,1223,U,54,M,5,1393.00
VIDEO-005271,ENHOGAR,2026-08-16,13,1324,R,61,X,8,1530.00
VIDEO-005272,ENHOGAR,2026-08-17,14,1425,U,68,NR,3,1667.00
VIDEO-005273,ENHOGAR,2026-08-18,15,1526,U,75,F,6,1804.00
VIDEO-005274,ENHOGAR,2026-08-19,16,1627,R,82,M,1,1941.00
VIDEO-005275,ENHOGAR,2026-08-20,17,1728,U,89,X,4,2078.00
VIDEO-005276,ENHOGAR,2026-08-01,18,1829,U,23,NR,7,2215.00
VIDEO-005277,ENHOGAR,2026-08-02,19,1930,R,30,F,2,2352.00
VIDEO-005278,ENHOGAR,2026-08-03,20,2031,U,37,M,5,2489.00
VIDEO-005279,ENHOGAR,2026-08-04,21,2132,U,44,X,8,2626.00
VIDEO-005280,ENHOGAR,2026-08-05,22,2233,R,51,NR,3,2763.00
VIDEO-005281,ENHOGAR,2026-08-06,01,0134,U,58,F,6,2900.00
VIDEO-005282,ENHOGAR,2026-08-07,02,0235,U,65,M,1,3037.00
VIDEO-005283,ENHOGAR,2026-08-08,03,0336,R,72,X,4,3174.00
VIDEO-005284,ENHOGAR,2026-08-09,04,0437,U,79,NR,7,3311.00
VIDEO-005285,ENHOGAR,2026-08-10,05,0538,U,86,F,2,3448.00
VIDEO-005286,ENHOGAR,2026-08-11,06,0639,R,20,M,5,3585.00
VIDEO-005287,ENHOGAR,2026-08-12,07,0740,U,27,X,8,3722.00
VIDEO-005288,ENHOGAR,2026-08-13,08,0841,U,34,NR,3,3859.00
VIDEO-005289,ENHOGAR,2026-08-14,09,0942,R,41,F,6,3996.00
VIDEO-005290,ENHOGAR,2026-08-15,10,1043,U,48,M,1,4133.00
VIDEO-005291,ENHOGAR,2026-08-16,11,1144,U,55,X,4,4270.00
VIDEO-005292,ENHOGAR,2026-08-17,12,1245,R,62,NR,7,4407.00
VIDEO-005293,ENHOGAR,2026-08-18,13,1346,U,69,F,2,4544.00
VIDEO-005294,ENHOGAR,2026-08-19,14,1447,U,76,M,5,4681.00
VIDEO-005295,ENHOGAR,2026-08-20,15,1548,R,83,X,8,4818.00
VIDEO-005296,ENHOGAR,2026-08-01,16,1649,U,90,NR,3,4955.00
VIDEO-005297,ENHOGAR,2026-08-02,17,1750,U,24,F,6,5092.00
VIDEO-005298,ENHOGAR,2026-08-03,18,1851,R,31,M,1,5229.00
VIDEO-005299,ENHOGAR,2026-08-04,19,1952,U,38,X,4,5366.00
VIDEO-005300,ENHOGAR,2026-08-05,20,2053,U,45,NR,7,5503.00
VIDEO-005301,ENHOGAR,2026-08-06,21,2154,R,52,F,2,5640.00
VIDEO-005302,ENHOGAR,2026-08-07,22,2255,U,59,M,5,5777.00
VIDEO-005303,ENHOGAR,2026-08-08,01,0156,U,66,X,8,5914.00
VIDEO-005304,ENHOGAR,2026-08-09,02,0257,R,73,NR,3,6051.00
VIDEO-005305,ENHOGAR,2026-08-10,03,0358,U,80,F,6,6188.00
VIDEO-005306,ENHOGAR,2026-08-11,04,0459,U,87,M,1,6325.00
VIDEO-005307,ENHOGAR,2026-08-12,05,0560,R,21,X,4,6462.00
VIDEO-005308,ENHOGAR,2026-08-13,06,0661,U,28,NR,7,6599.00
VIDEO-005309,ENHOGAR,2026-08-14,07,0762,U,35,F,2,6736.00
VIDEO-005310,ENHOGAR,2026-08-15,08,0863,R,42,M,5,6873.00
VIDEO-005311,ENHOGAR,2026-08-16,09,0964,U,49,X,8,7010.00
VIDEO-005312,ENHOGAR,2026-08-17,10,1065,U,56,NR,3,7147.00
VIDEO-005313,ENHOGAR,2026-08-18,11,1166,R,63,F,6,7284.00
VIDEO-005314,ENHOGAR,2026-08-19,12,1267,U,70,M,1,7421.00
VIDEO-005315,ENHOGAR,2026-08-20,13,1368,U,77,X,4,7558.00
VIDEO-005316,ENHOGAR,2026-08-01,14,1469,R,84,NR,7,7695.00
VIDEO-005317,ENHOGAR,2026-08-02,15,1570,U,18,F,2,7832.00
VIDEO-005318,ENHOGAR,2026-08-03,16,1671,U,25,M,5,7969.00
VIDEO-005319,ENHOGAR,2026-08-04,17,1772,R,32,X,8,8106.00
VIDEO-005320,ENHOGAR,2026-08-05,18,1873,U,39,NR,3,8243.00
VIDEO-005321,ENHOGAR,2026-08-06,19,1974,U,46,F,6,8380.00
VIDEO-005322,ENHOGAR,2026-08-07,20,2075,R,53,M,1,917.00
VIDEO-005323,ENHOGAR,2026-08-08,21,2176,U,60,X,4,1054.00
VIDEO-005324,ENHOGAR,2026-08-09,22,2277,U,67,NR,7,1191.00
VIDEO-005325,ENHOGAR,2026-08-10,01,0178,R,74,F,2,1328.00
VIDEO-005326,ENHOGAR,2026-08-11,02,0279,U,81,M,5,1465.00
VIDEO-005327,ENHOGAR,2026-08-12,03,0380,U,88,X,8,1602.00
VIDEO-005328,ENHOGAR,2026-08-13,04,0481,R,22,NR,3,1739.00
VIDEO-005329,ENHOGAR,2026-08-14,05,0582,U,29,F,6,1876.00
VIDEO-005330,ENHOGAR,2026-08-15,06,0683,U,36,M,1,2013.00
VIDEO-005331,ENHOGAR,2026-08-16,07,0784,R,43,X,4,2150.00
VIDEO-005332,ENHOGAR,2026-08-17,08,0885,U,50,NR,7,2287.00
VIDEO-005333,ENHOGAR,2026-08-18,09,0986,U,57,F,2,2424.00
VIDEO-005334,ENHOGAR,2026-08-19,10,1087,R,64,M,5,2561.00
VIDEO-005335,ENHOGAR,2026-08-20,11,1188,U,71,X,8,2698.00
VIDEO-005336,ENHOGAR,2026-08-01,12,1289,U,78,NR,3,2835.00
VIDEO-005337,ENHOGAR,2026-08-02,13,1390,R,85,F,6,2972.00
VIDEO-005338,ENHOGAR,2026-08-03,14,1491,U,19,M,1,3109.00
VIDEO-005339,ENHOGAR,2026-08-04,15,1592,U,26,X,4,3246.00
VIDEO-005340,ENHOGAR,2026-08-05,16,1693,R,33,NR,7,3383.00
VIDEO-005341,ENHOGAR,2026-08-06,17,1794,U,40,F,2,3520.00
VIDEO-005342,ENHOGAR,2026-08-07,18,1895,U,47,M,5,3657.00
VIDEO-005343,ENHOGAR,2026-08-08,19,1996,R,54,X,8,3794.00
VIDEO-005344,ENHOGAR,2026-08-09,20,2097,U,61,NR,3,3931.00
VIDEO-005345,ENHOGAR,2026-08-10,21,2198,U,68,F,6,4068.00
VIDEO-005346,ENHOGAR,2026-08-11,22,2299,R,75,M,1,4205.00
VIDEO-005347,ENHOGAR,2026-08-12,01,0101,U,82,X,4,4342.00
VIDEO-005348,ENHOGAR,2026-08-13,02,0202,U,89,NR,7,4479.00
VIDEO-005349,ENHOGAR,2026-08-14,03,0303,R,23,F,2,4616.00
VIDEO-005350,ENHOGAR,2026-08-15,04,0404,U,30,M,5,4753.00
VIDEO-005351,ENHOGAR,2026-08-16,05,0505,U,37,X,8,4890.00
VIDEO-005352,ENHOGAR,2026-08-17,06,0606,R,44,NR,3,5027.00
VIDEO-005353,ENHOGAR,2026-08-18,07,0707,U,51,F,6,5164.00
VIDEO-005354,ENHOGAR,2026-08-19,08,0808,U,58,M,1,5301.00
VIDEO-005355,ENHOGAR,2026-08-20,09,0909,R,65,X,4,5438.00
VIDEO-005356,ENHOGAR,2026-08-01,10,1010,U,72,NR,7,5575.00
VIDEO-005357,ENHOGAR,2026-08-02,11,1111,U,79,F,2,5712.00
VIDEO-005358,ENHOGAR,2026-08-03,12,1212,R,86,M,5,5849.00
VIDEO-005359,ENHOGAR,2026-08-04,13,1313,U,20,X,8,5986.00
VIDEO-005360,ENHOGAR,2026-08-05,14,1414,U,27,NR,3,6123.00
VIDEO-005361,ENHOGAR,2026-08-06,15,1515,R,34,F,6,6260.00
VIDEO-005362,ENHOGAR,2026-08-07,16,1616,U,41,M,1,6397.00
VIDEO-005363,ENHOGAR,2026-08-08,17,1717,U,48,X,4,6534.00
VIDEO-005364,ENHOGAR,2026-08-09,18,1818,R,55,NR,7,6671.00
VIDEO-005365,ENHOGAR,2026-08-10,19,1919,U,62,F,2,6808.00
VIDEO-005366,ENHOGAR,2026-08-11,20,2020,U,69,M,5,6945.00
VIDEO-005367,ENHOGAR,2026-08-12,21,2121,R,76,X,8,7082.00
VIDEO-005368,ENHOGAR,2026-08-13,22,2222,U,83,NR,3,7219.00
VIDEO-005369,ENHOGAR,2026-08-14,01,0123,U,90,F,6,7356.00
VIDEO-005370,ENHOGAR,2026-08-15,02,0224,R,24,M,1,7493.00
VIDEO-005371,ENHOGAR,2026-08-16,03,0325,U,31,X,4,7630.00
VIDEO-005372,ENHOGAR,2026-08-17,04,0426,U,38,NR,7,7767.00
VIDEO-005373,ENHOGAR,2026-08-18,05,0527,R,45,F,2,7904.00
VIDEO-005374,ENHOGAR,2026-08-19,06,0628,U,52,M,5,8041.00
VIDEO-005375,ENHOGAR,2026-08-20,07,0729,U,59,X,8,8178.00
VIDEO-005376,ENHOGAR,2026-08-01,08,0830,R,66,NR,3,8315.00
VIDEO-005377,ENHOGAR,2026-08-02,09,0931,U,73,F,6,8452.00
VIDEO-005378,ENHOGAR,2026-08-03,10,1032,U,80,M,1,989.00
VIDEO-005379,ENHOGAR,2026-08-04,11,1133,R,87,X,4,1126.00
VIDEO-005380,ENHOGAR,2026-08-05,12,1234,U,21,NR,7,1263.00
VIDEO-005381,ENHOGAR,2026-08-06,13,1335,U,28,F,2,1400.00
VIDEO-005382,ENHOGAR,2026-08-07,14,1436,R,35,M,5,1537.00
VIDEO-005383,ENHOGAR,2026-08-08,15,1537,U,42,X,8,1674.00
VIDEO-005384,ENHOGAR,2026-08-09,16,1638,U,49,NR,3,1811.00
VIDEO-005385,ENHOGAR,2026-08-10,17,1739,R,56,F,6,1948.00
VIDEO-005386,ENHOGAR,2026-08-11,18,1840,U,63,M,1,2085.00
VIDEO-005387,ENHOGAR,2026-08-12,19,1941,U,70,X,4,2222.00
VIDEO-005388,ENHOGAR,2026-08-13,20,2042,R,77,NR,7,2359.00
VIDEO-005389,ENHOGAR,2026-08-14,21,2143,U,84,F,2,2496.00
VIDEO-005390,ENHOGAR,2026-08-15,22,2244,U,18,M,5,2633.00
VIDEO-005391,ENHOGAR,2026-08-16,01,0145,R,25,X,8,2770.00
VIDEO-005392,ENHOGAR,2026-08-17,02,0246,U,32,NR,3,2907.00
VIDEO-005393,ENHOGAR,2026-08-18,03,0347,U,39,F,6,3044.00
VIDEO-005394,ENHOGAR,2026-08-19,04,0448,R,46,M,1,3181.00
VIDEO-005395,ENHOGAR,2026-08-20,05,0549,U,53,X,4,3318.00
VIDEO-005396,ENHOGAR,2026-08-01,06,0650,U,60,NR,7,3455.00
VIDEO-005397,ENHOGAR,2026-08-02,07,0751,R,67,F,2,3592.00
VIDEO-005398,ENHOGAR,2026-08-03,08,0852,U,74,M,5,3729.00
VIDEO-005399,ENHOGAR,2026-08-04,09,0953,U,81,X,8,3866.00
VIDEO-005400,ENHOGAR,2026-08-05,10,1054,R,88,NR,3,4003.00
VIDEO-005401,ENHOGAR,2026-08-06,11,1155,U,22,F,6,4140.00
VIDEO-005402,ENHOGAR,2026-08-07,12,1256,U,29,M,1,4277.00
VIDEO-005403,ENHOGAR,2026-08-08,13,1357,R,36,X,4,4414.00
VIDEO-005404,ENHOGAR,2026-08-09,14,1458,U,43,NR,7,4551.00
VIDEO-005405,ENHOGAR,2026-08-10,15,1559,U,50,F,2,4688.00
VIDEO-005406,ENHOGAR,2026-08-11,16,1660,R,57,M,5,4825.00
VIDEO-005407,ENHOGAR,2026-08-12,17,1761,U,64,X,8,4962.00
VIDEO-005408,ENHOGAR,2026-08-13,18,1862,U,71,NR,3,5099.00
VIDEO-005409,ENHOGAR,2026-08-14,19,1963,R,78,F,6,5236.00
VIDEO-005410,ENHOGAR,2026-08-15,20,2064,U,85,M,1,5373.00
VIDEO-005411,ENHOGAR,2026-08-16,21,2165,U,19,X,4,5510.00
VIDEO-005412,ENHOGAR,2026-08-17,22,2266,R,26,NR,7,5647.00
VIDEO-005413,ENHOGAR,2026-08-18,01,0167,U,33,F,2,5784.00
VIDEO-005414,ENHOGAR,2026-08-19,02,0268,U,40,M,5,5921.00
VIDEO-005415,ENHOGAR,2026-08-20,03,0369,R,47,X,8,6058.00
VIDEO-005416,ENHOGAR,2026-08-01,04,0470,U,54,NR,3,6195.00
VIDEO-005417,ENHOGAR,2026-08-02,05,0571,U,61,F,6,6332.00
VIDEO-005418,ENHOGAR,2026-08-03,06,0672,R,68,M,1,6469.00
VIDEO-005419,ENHOGAR,2026-08-04,07,0773,U,75,X,4,6606.00
VIDEO-005420,ENHOGAR,2026-08-05,08,0874,U,82,NR,7,6743.00
VIDEO-005421,ENHOGAR,2026-08-06,09,0975,R,89,F,2,6880.00
VIDEO-005422,ENHOGAR,2026-08-07,10,1076,U,23,M,5,7017.00
VIDEO-005423,ENHOGAR,2026-08-08,11,1177,U,30,X,8,7154.00
VIDEO-005424,ENHOGAR,2026-08-09,12,1278,R,37,NR,3,7291.00
VIDEO-005425,ENHOGAR,2026-08-10,13,1379,U,44,F,6,7428.00
VIDEO-005426,ENHOGAR,2026-08-11,14,1480,U,51,M,1,7565.00
VIDEO-005427,ENHOGAR,2026-08-12,15,1581,R,58,X,4,7702.00
VIDEO-005428,ENHOGAR,2026-08-13,16,1682,U,65,NR,7,7839.00
VIDEO-005429,ENHOGAR,2026-08-14,17,1783,U,72,F,2,7976.00
VIDEO-005430,ENHOGAR,2026-08-15,18,1884,R,79,M,5,8113.00
VIDEO-005431,ENHOGAR,2026-08-16,19,1985,U,86,X,8,8250.00
VIDEO-005432,ENHOGAR,2026-08-17,20,2086,U,20,NR,3,8387.00
VIDEO-005433,ENHOGAR,2026-08-18,21,2187,R,27,F,6,924.00
VIDEO-005434,ENHOGAR,2026-08-19,22,2288,U,34,M,1,1061.00
VIDEO-005435,ENHOGAR,2026-08-20,01,0189,U,41,X,4,1198.00
VIDEO-005436,ENHOGAR,2026-08-01,02,0290,R,48,NR,7,1335.00
VIDEO-005437,ENHOGAR,2026-08-02,03,0391,U,55,F,2,1472.00
VIDEO-005438,ENHOGAR,2026-08-03,04,0492,U,62,M,5,1609.00
VIDEO-005439,ENHOGAR,2026-08-04,05,0593,R,69,X,8,1746.00
VIDEO-005440,ENHOGAR,2026-08-05,06,0694,U,76,NR,3,1883.00
VIDEO-005441,ENHOGAR,2026-08-06,07,0795,U,83,F,6,2020.00
VIDEO-005442,ENHOGAR,2026-08-07,08,0896,R,90,M,1,2157.00
VIDEO-005443,ENHOGAR,2026-08-08,09,0997,U,24,X,4,2294.00
VIDEO-005444,ENHOGAR,2026-08-09,10,1098,U,31,NR,7,2431.00
VIDEO-005445,ENHOGAR,2026-08-10,11,1199,R,38,F,2,2568.00
VIDEO-005446,ENHOGAR,2026-08-11,12,1201,U,45,M,5,2705.00
VIDEO-005447,ENHOGAR,2026-08-12,13,1302,U,52,X,8,2842.00
VIDEO-005448,ENHOGAR,2026-08-13,14,1403,R,59,NR,3,2979.00
VIDEO-005449,ENHOGAR,2026-08-14,15,1504,U,66,F,6,3116.00
VIDEO-005450,ENHOGAR,2026-08-15,16,1605,U,73,M,1,3253.00
VIDEO-005451,ENHOGAR,2026-08-16,17,1706,R,80,X,4,3390.00
VIDEO-005452,ENHOGAR,2026-08-17,18,1807,U,87,NR,7,3527.00
VIDEO-005453,ENHOGAR,2026-08-18,19,1908,U,21,F,2,3664.00
VIDEO-005454,ENHOGAR,2026-08-19,20,2009,R,28,M,5,3801.00
VIDEO-005455,ENHOGAR,2026-08-20,21,2110,U,35,X,8,3938.00
VIDEO-005456,ENHOGAR,2026-08-01,22,2211,U,42,NR,3,4075.00
VIDEO-005457,ENHOGAR,2026-08-02,01,0112,R,49,F,6,4212.00
VIDEO-005458,ENHOGAR,2026-08-03,02,0213,U,56,M,1,4349.00
VIDEO-005459,ENHOGAR,2026-08-04,03,0314,U,63,X,4,4486.00
VIDEO-005460,ENHOGAR,2026-08-05,04,0415,R,70,NR,7,4623.00
VIDEO-005461,ENHOGAR,2026-08-06,05,0516,U,77,F,2,4760.00
VIDEO-005462,ENHOGAR,2026-08-07,06,0617,U,84,M,5,4897.00
VIDEO-005463,ENHOGAR,2026-08-08,07,0718,R,18,X,8,5034.00
VIDEO-005464,ENHOGAR,2026-08-09,08,0819,U,25,NR,3,5171.00
VIDEO-005465,ENHOGAR,2026-08-10,09,0920,U,32,F,6,5308.00
VIDEO-005466,ENHOGAR,2026-08-11,10,1021,R,39,M,1,5445.00
VIDEO-005467,ENHOGAR,2026-08-12,11,1122,U,46,X,4,5582.00
VIDEO-005468,ENHOGAR,2026-08-13,12,1223,U,53,NR,7,5719.00
VIDEO-005469,ENHOGAR,2026-08-14,13,1324,R,60,F,2,5856.00
VIDEO-005470,ENHOGAR,2026-08-15,14,1425,U,67,M,5,5993.00
VIDEO-005471,ENHOGAR,2026-08-16,15,1526,U,74,X,8,6130.00
VIDEO-005472,ENHOGAR,2026-08-17,16,1627,R,81,NR,3,6267.00
VIDEO-005473,ENHOGAR,2026-08-18,17,1728,U,88,F,6,6404.00
VIDEO-005474,ENHOGAR,2026-08-19,18,1829,U,22,M,1,6541.00
VIDEO-005475,ENHOGAR,2026-08-20,19,1930,R,29,X,4,6678.00
VIDEO-005476,ENHOGAR,2026-08-01,20,2031,U,36,NR,7,6815.00
VIDEO-005477,ENHOGAR,2026-08-02,21,2132,U,43,F,2,6952.00
VIDEO-005478,ENHOGAR,2026-08-03,22,2233,R,50,M,5,7089.00
VIDEO-005479,ENHOGAR,2026-08-04,01,0134,U,57,X,8,7226.00
VIDEO-005480,ENHOGAR,2026-08-05,02,0235,U,64,NR,3,7363.00
VIDEO-005481,ENHOGAR,2026-08-06,03,0336,R,71,F,6,7500.00
VIDEO-005482,ENHOGAR,2026-08-07,04,0437,U,78,M,1,7637.00
VIDEO-005483,ENHOGAR,2026-08-08,05,0538,U,85,X,4,7774.00
VIDEO-005484,ENHOGAR,2026-08-09,06,0639,R,19,NR,7,7911.00
VIDEO-005485,ENHOGAR,2026-08-10,07,0740,U,26,F,2,8048.00
VIDEO-005486,ENHOGAR,2026-08-11,08,0841,U,33,M,5,8185.00
VIDEO-005487,ENHOGAR,2026-08-12,09,0942,R,40,X,8,8322.00
VIDEO-005488,ENHOGAR,2026-08-13,10,1043,U,47,NR,3,8459.00
VIDEO-005489,ENHOGAR,2026-08-14,11,1144,U,54,F,6,996.00
VIDEO-005490,ENHOGAR,2026-08-15,12,1245,R,61,M,1,1133.00
VIDEO-005491,ENHOGAR,2026-08-16,13,1346,U,68,X,4,1270.00
VIDEO-005492,ENHOGAR,2026-08-17,14,1447,U,75,NR,7,1407.00
VIDEO-005493,ENHOGAR,2026-08-18,15,1548,R,82,F,2,1544.00
VIDEO-005494,ENHOGAR,2026-08-19,16,1649,U,89,M,5,1681.00
VIDEO-005495,ENHOGAR,2026-08-20,17,1750,U,23,X,8,1818.00
VIDEO-005496,ENHOGAR,2026-08-01,18,1851,R,30,NR,3,1955.00
VIDEO-005497,ENHOGAR,2026-08-02,19,1952,U,37,F,6,2092.00
VIDEO-005498,ENHOGAR,2026-08-03,20,2053,U,44,M,1,2229.00
VIDEO-005499,ENHOGAR,2026-08-04,21,2154,R,51,X,4,2366.00
VIDEO-005500,ENHOGAR,2026-08-05,22,2255,U,58,NR,7,2503.00
VIDEO-005501,ENHOGAR,2026-08-06,01,0156,U,65,F,2,2640.00
VIDEO-005502,ENHOGAR,2026-08-07,02,0257,R,72,M,5,2777.00
VIDEO-005503,ENHOGAR,2026-08-08,03,0358,U,79,X,8,2914.00
VIDEO-005504,ENHOGAR,2026-08-09,04,0459,U,86,NR,3,3051.00
VIDEO-005505,ENHOGAR,2026-08-10,05,0560,R,20,F,6,3188.00
VIDEO-005506,ENHOGAR,2026-08-11,06,0661,U,27,M,1,3325.00
VIDEO-005507,ENHOGAR,2026-08-12,07,0762,U,34,X,4,3462.00
VIDEO-005508,ENHOGAR,2026-08-13,08,0863,R,41,NR,7,3599.00
VIDEO-005509,ENHOGAR,2026-08-14,09,0964,U,48,F,2,3736.00
VIDEO-005510,ENHOGAR,2026-08-15,10,1065,U,55,M,5,3873.00
VIDEO-005511,ENHOGAR,2026-08-16,11,1166,R,62,X,8,4010.00
VIDEO-005512,ENHOGAR,2026-08-17,12,1267,U,69,NR,3,4147.00
VIDEO-005513,ENHOGAR,2026-08-18,13,1368,U,76,F,6,4284.00
VIDEO-005514,ENHOGAR,2026-08-19,14,1469,R,83,M,1,4421.00
VIDEO-005515,ENHOGAR,2026-08-20,15,1570,U,90,X,4,4558.00
VIDEO-005516,ENHOGAR,2026-08-01,16,1671,U,24,NR,7,4695.00
VIDEO-005517,ENHOGAR,2026-08-02,17,1772,R,31,F,2,4832.00
VIDEO-005518,ENHOGAR,2026-08-03,18,1873,U,38,M,5,4969.00
VIDEO-005519,ENHOGAR,2026-08-04,19,1974,U,45,X,8,5106.00
VIDEO-005520,ENHOGAR,2026-08-05,20,2075,R,52,NR,3,5243.00
VIDEO-005521,ENHOGAR,2026-08-06,21,2176,U,59,F,6,5380.00
VIDEO-005522,ENHOGAR,2026-08-07,22,2277,U,66,M,1,5517.00
VIDEO-005523,ENHOGAR,2026-08-08,01,0178,R,73,X,4,5654.00
VIDEO-005524,ENHOGAR,2026-08-09,02,0279,U,80,NR,7,5791.00
VIDEO-005525,ENHOGAR,2026-08-10,03,0380,U,87,F,2,5928.00
VIDEO-005526,ENHOGAR,2026-08-11,04,0481,R,21,M,5,6065.00
VIDEO-005527,ENHOGAR,2026-08-12,05,0582,U,28,X,8,6202.00
VIDEO-005528,ENHOGAR,2026-08-13,06,0683,U,35,NR,3,6339.00
VIDEO-005529,ENHOGAR,2026-08-14,07,0784,R,42,F,6,6476.00
VIDEO-005530,ENHOGAR,2026-08-15,08,0885,U,49,M,1,6613.00
VIDEO-005531,ENHOGAR,2026-08-16,09,0986,U,56,X,4,6750.00
VIDEO-005532,ENHOGAR,2026-08-17,10,1087,R,63,NR,7,6887.00
VIDEO-005533,ENHOGAR,2026-08-18,11,1188,U,70,F,2,7024.00
VIDEO-005534,ENHOGAR,2026-08-19,12,1289,U,77,M,5,7161.00
VIDEO-005535,ENHOGAR,2026-08-20,13,1390,R,84,X,8,7298.00
VIDEO-005536,ENHOGAR,2026-08-01,14,1491,U,18,NR,3,7435.00
VIDEO-005537,ENHOGAR,2026-08-02,15,1592,U,25,F,6,7572.00
VIDEO-005538,ENHOGAR,2026-08-03,16,1693,R,32,M,1,7709.00
VIDEO-005539,ENHOGAR,2026-08-04,17,1794,U,39,X,4,7846.00
VIDEO-005540,ENHOGAR,2026-08-05,18,1895,U,46,NR,7,7983.00
VIDEO-005541,ENHOGAR,2026-08-06,19,1996,R,53,F,2,8120.00
VIDEO-005542,ENHOGAR,2026-08-07,20,2097,U,60,M,5,8257.00
VIDEO-005543,ENHOGAR,2026-08-08,21,2198,U,67,X,8,8394.00
VIDEO-005544,ENHOGAR,2026-08-09,22,2299,R,74,NR,3,931.00
VIDEO-005545,ENHOGAR,2026-08-10,01,0101,U,81,F,6,1068.00
VIDEO-005546,ENHOGAR,2026-08-11,02,0202,U,88,M,1,1205.00
VIDEO-005547,ENHOGAR,2026-08-12,03,0303,R,22,X,4,1342.00
VIDEO-005548,ENHOGAR,2026-08-13,04,0404,U,29,NR,7,1479.00
VIDEO-005549,ENHOGAR,2026-08-14,05,0505,U,36,F,2,1616.00
VIDEO-005550,ENHOGAR,2026-08-15,06,0606,R,43,M,5,1753.00
VIDEO-005551,ENHOGAR,2026-08-16,07,0707,U,50,X,8,1890.00
VIDEO-005552,ENHOGAR,2026-08-17,08,0808,U,57,NR,3,2027.00
VIDEO-005553,ENHOGAR,2026-08-18,09,0909,R,64,F,6,2164.00
VIDEO-005554,ENHOGAR,2026-08-19,10,1010,U,71,M,1,2301.00
VIDEO-005555,ENHOGAR,2026-08-20,11,1111,U,78,X,4,2438.00
VIDEO-005556,ENHOGAR,2026-08-01,12,1212,R,85,NR,7,2575.00
VIDEO-005557,ENHOGAR,2026-08-02,13,1313,U,19,F,2,2712.00
VIDEO-005558,ENHOGAR,2026-08-03,14,1414,U,26,M,5,2849.00
VIDEO-005559,ENHOGAR,2026-08-04,15,1515,R,33,X,8,2986.00
VIDEO-005560,ENHOGAR,2026-08-05,16,1616,U,40,NR,3,3123.00
VIDEO-005561,ENHOGAR,2026-08-06,17,1717,U,47,F,6,3260.00
VIDEO-005562,ENHOGAR,2026-08-07,18,1818,R,54,M,1,3397.00
VIDEO-005563,ENHOGAR,2026-08-08,19,1919,U,61,X,4,3534.00
VIDEO-005564,ENHOGAR,2026-08-09,20,2020,U,68,NR,7,3671.00
VIDEO-005565,ENHOGAR,2026-08-10,21,2121,R,75,F,2,3808.00
VIDEO-005566,ENHOGAR,2026-08-11,22,2222,U,82,M,5,3945.00
VIDEO-005567,ENHOGAR,2026-08-12,01,0123,U,89,X,8,4082.00
VIDEO-005568,ENHOGAR,2026-08-13,02,0224,R,23,NR,3,4219.00
VIDEO-005569,ENHOGAR,2026-08-14,03,0325,U,30,F,6,4356.00
VIDEO-005570,ENHOGAR,2026-08-15,04,0426,U,37,M,1,4493.00
VIDEO-005571,ENHOGAR,2026-08-16,05,0527,R,44,X,4,4630.00
VIDEO-005572,ENHOGAR,2026-08-17,06,0628,U,51,NR,7,4767.00
VIDEO-005573,ENHOGAR,2026-08-18,07,0729,U,58,F,2,4904.00
VIDEO-005574,ENHOGAR,2026-08-19,08,0830,R,65,M,5,5041.00
VIDEO-005575,ENHOGAR,2026-08-20,09,0931,U,72,X,8,5178.00
VIDEO-005576,ENHOGAR,2026-08-01,10,1032,U,79,NR,3,5315.00
VIDEO-005577,ENHOGAR,2026-08-02,11,1133,R,86,F,6,5452.00
VIDEO-005578,ENHOGAR,2026-08-03,12,1234,U,20,M,1,5589.00
VIDEO-005579,ENHOGAR,2026-08-04,13,1335,U,27,X,4,5726.00
VIDEO-005580,ENHOGAR,2026-08-05,14,1436,R,34,NR,7,5863.00
VIDEO-005581,ENHOGAR,2026-08-06,15,1537,U,41,F,2,6000.00
VIDEO-005582,ENHOGAR,2026-08-07,16,1638,U,48,M,5,6137.00
VIDEO-005583,ENHOGAR,2026-08-08,17,1739,R,55,X,8,6274.00
VIDEO-005584,ENHOGAR,2026-08-09,18,1840,U,62,NR,3,6411.00
VIDEO-005585,ENHOGAR,2026-08-10,19,1941,U,69,F,6,6548.00
VIDEO-005586,ENHOGAR,2026-08-11,20,2042,R,76,M,1,6685.00
VIDEO-005587,ENHOGAR,2026-08-12,21,2143,U,83,X,4,6822.00
VIDEO-005588,ENHOGAR,2026-08-13,22,2244,U,90,NR,7,6959.00
VIDEO-005589,ENHOGAR,2026-08-14,01,0145,R,24,F,2,7096.00
VIDEO-005590,ENHOGAR,2026-08-15,02,0246,U,31,M,5,7233.00
VIDEO-005591,ENHOGAR,2026-08-16,03,0347,U,38,X,8,7370.00
VIDEO-005592,ENHOGAR,2026-08-17,04,0448,R,45,NR,3,7507.00
VIDEO-005593,ENHOGAR,2026-08-18,05,0549,U,52,F,6,7644.00
VIDEO-005594,ENHOGAR,2026-08-19,06,0650,U,59,M,1,7781.00
VIDEO-005595,ENHOGAR,2026-08-20,07,0751,R,66,X,4,7918.00
VIDEO-005596,ENHOGAR,2026-08-01,08,0852,U,73,NR,7,8055.00
VIDEO-005597,ENHOGAR,2026-08-02,09,0953,U,80,F,2,8192.00
VIDEO-005598,ENHOGAR,2026-08-03,10,1054,R,87,M,5,8329.00
VIDEO-005599,ENHOGAR,2026-08-04,11,1155,U,21,X,8,8466.00
VIDEO-005600,ENHOGAR,2026-08-05,12,1256,U,28,NR,3,1003.00
VIDEO-005601,ENHOGAR,2026-08-06,13,1357,R,35,F,6,1140.00
VIDEO-005602,ENHOGAR,2026-08-07,14,1458,U,42,M,1,1277.00
VIDEO-005603,ENHOGAR,2026-08-08,15,1559,U,49,X,4,1414.00
VIDEO-005604,ENHOGAR,2026-08-09,16,1660,R,56,NR,7,1551.00
VIDEO-005605,ENHOGAR,2026-08-10,17,1761,U,63,F,2,1688.00
VIDEO-005606,ENHOGAR,2026-08-11,18,1862,U,70,M,5,1825.00
VIDEO-005607,ENHOGAR,2026-08-12,19,1963,R,77,X,8,1962.00
VIDEO-005608,ENHOGAR,2026-08-13,20,2064,U,84,NR,3,2099.00
VIDEO-005609,ENHOGAR,2026-08-14,21,2165,U,18,F,6,2236.00
VIDEO-005610,ENHOGAR,2026-08-15,22,2266,R,25,M,1,2373.00
VIDEO-005611,ENHOGAR,2026-08-16,01,0167,U,32,X,4,2510.00
VIDEO-005612,ENHOGAR,2026-08-17,02,0268,U,39,NR,7,2647.00
VIDEO-005613,ENHOGAR,2026-08-18,03,0369,R,46,F,2,2784.00
VIDEO-005614,ENHOGAR,2026-08-19,04,0470,U,53,M,5,2921.00
VIDEO-005615,ENHOGAR,2026-08-20,05,0571,U,60,X,8,3058.00
VIDEO-005616,ENHOGAR,2026-08-01,06,0672,R,67,NR,3,3195.00
VIDEO-005617,ENHOGAR,2026-08-02,07,0773,U,74,F,6,3332.00
VIDEO-005618,ENHOGAR,2026-08-03,08,0874,U,81,M,1,3469.00
VIDEO-005619,ENHOGAR,2026-08-04,09,0975,R,88,X,4,3606.00
VIDEO-005620,ENHOGAR,2026-08-05,10,1076,U,22,NR,7,3743.00
VIDEO-005621,ENHOGAR,2026-08-06,11,1177,U,29,F,2,3880.00
VIDEO-005622,ENHOGAR,2026-08-07,12,1278,R,36,M,5,4017.00
VIDEO-005623,ENHOGAR,2026-08-08,13,1379,U,43,X,8,4154.00
VIDEO-005624,ENHOGAR,2026-08-09,14,1480,U,50,NR,3,4291.00
VIDEO-005625,ENHOGAR,2026-08-10,15,1581,R,57,F,6,4428.00
VIDEO-005626,ENHOGAR,2026-08-11,16,1682,U,64,M,1,4565.00
VIDEO-005627,ENHOGAR,2026-08-12,17,1783,U,71,X,4,4702.00
VIDEO-005628,ENHOGAR,2026-08-13,18,1884,R,78,NR,7,4839.00
VIDEO-005629,ENHOGAR,2026-08-14,19,1985,U,85,F,2,4976.00
VIDEO-005630,ENHOGAR,2026-08-15,20,2086,U,19,M,5,5113.00
VIDEO-005631,ENHOGAR,2026-08-16,21,2187,R,26,X,8,5250.00
VIDEO-005632,ENHOGAR,2026-08-17,22,2288,U,33,NR,3,5387.00
VIDEO-005633,ENHOGAR,2026-08-18,01,0189,U,40,F,6,5524.00
VIDEO-005634,ENHOGAR,2026-08-19,02,0290,R,47,M,1,5661.00
VIDEO-005635,ENHOGAR,2026-08-20,03,0391,U,54,X,4,5798.00
VIDEO-005636,ENHOGAR,2026-08-01,04,0492,U,61,NR,7,5935.00
VIDEO-005637,ENHOGAR,2026-08-02,05,0593,R,68,F,2,6072.00
VIDEO-005638,ENHOGAR,2026-08-03,06,0694,U,75,M,5,6209.00
VIDEO-005639,ENHOGAR,2026-08-04,07,0795,U,82,X,8,6346.00
VIDEO-005640,ENHOGAR,2026-08-05,08,0896,R,89,NR,3,6483.00
VIDEO-005641,ENHOGAR,2026-08-06,09,0997,U,23,F,6,6620.00
VIDEO-005642,ENHOGAR,2026-08-07,10,1098,U,30,M,1,6757.00
VIDEO-005643,ENHOGAR,2026-08-08,11,1199,R,37,X,4,6894.00
VIDEO-005644,ENHOGAR,2026-08-09,12,1201,U,44,NR,7,7031.00
VIDEO-005645,ENHOGAR,2026-08-10,13,1302,U,51,F,2,7168.00
VIDEO-005646,ENHOGAR,2026-08-11,14,1403,R,58,M,5,7305.00
VIDEO-005647,ENHOGAR,2026-08-12,15,1504,U,65,X,8,7442.00
VIDEO-005648,ENHOGAR,2026-08-13,16,1605,U,72,NR,3,7579.00
VIDEO-005649,ENHOGAR,2026-08-14,17,1706,R,79,F,6,7716.00
VIDEO-005650,ENHOGAR,2026-08-15,18,1807,U,86,M,1,7853.00
VIDEO-005651,ENHOGAR,2026-08-16,19,1908,U,20,X,4,7990.00
VIDEO-005652,ENHOGAR,2026-08-17,20,2009,R,27,NR,7,8127.00
VIDEO-005653,ENHOGAR,2026-08-18,21,2110,U,34,F,2,8264.00
VIDEO-005654,ENHOGAR,2026-08-19,22,2211,U,41,M,5,8401.00
VIDEO-005655,ENHOGAR,2026-08-20,01,0112,R,48,X,8,938.00
VIDEO-005656,ENHOGAR,2026-08-01,02,0213,U,55,NR,3,1075.00
VIDEO-005657,ENHOGAR,2026-08-02,03,0314,U,62,F,6,1212.00
VIDEO-005658,ENHOGAR,2026-08-03,04,0415,R,69,M,1,1349.00
VIDEO-005659,ENHOGAR,2026-08-04,05,0516,U,76,X,4,1486.00
VIDEO-005660,ENHOGAR,2026-08-05,06,0617,U,83,NR,7,1623.00
VIDEO-005661,ENHOGAR,2026-08-06,07,0718,R,90,F,2,1760.00
VIDEO-005662,ENHOGAR,2026-08-07,08,0819,U,24,M,5,1897.00
VIDEO-005663,ENHOGAR,2026-08-08,09,0920,U,31,X,8,2034.00
VIDEO-005664,ENHOGAR,2026-08-09,10,1021,R,38,NR,3,2171.00
VIDEO-005665,ENHOGAR,2026-08-10,11,1122,U,45,F,6,2308.00
VIDEO-005666,ENHOGAR,2026-08-11,12,1223,U,52,M,1,2445.00
VIDEO-005667,ENHOGAR,2026-08-12,13,1324,R,59,X,4,2582.00
VIDEO-005668,ENHOGAR,2026-08-13,14,1425,U,66,NR,7,2719.00
VIDEO-005669,ENHOGAR,2026-08-14,15,1526,U,73,F,2,2856.00
VIDEO-005670,ENHOGAR,2026-08-15,16,1627,R,80,M,5,2993.00
VIDEO-005671,ENHOGAR,2026-08-16,17,1728,U,87,X,8,3130.00
VIDEO-005672,ENHOGAR,2026-08-17,18,1829,U,21,NR,3,3267.00
VIDEO-005673,ENHOGAR,2026-08-18,19,1930,R,28,F,6,3404.00
VIDEO-005674,ENHOGAR,2026-08-19,20,2031,U,35,M,1,3541.00
VIDEO-005675,ENHOGAR,2026-08-20,21,2132,U,42,X,4,3678.00
VIDEO-005676,ENHOGAR,2026-08-01,22,2233,R,49,NR,7,3815.00
VIDEO-005677,ENHOGAR,2026-08-02,01,0134,U,56,F,2,3952.00
VIDEO-005678,ENHOGAR,2026-08-03,02,0235,U,63,M,5,4089.00
VIDEO-005679,ENHOGAR,2026-08-04,03,0336,R,70,X,8,4226.00
VIDEO-005680,ENHOGAR,2026-08-05,04,0437,U,77,NR,3,4363.00
VIDEO-005681,ENHOGAR,2026-08-06,05,0538,U,84,F,6,4500.00
VIDEO-005682,ENHOGAR,2026-08-07,06,0639,R,18,M,1,4637.00
VIDEO-005683,ENHOGAR,2026-08-08,07,0740,U,25,X,4,4774.00
VIDEO-005684,ENHOGAR,2026-08-09,08,0841,U,32,NR,7,4911.00
VIDEO-005685,ENHOGAR,2026-08-10,09,0942,R,39,F,2,5048.00
VIDEO-005686,ENHOGAR,2026-08-11,10,1043,U,46,M,5,5185.00
VIDEO-005687,ENHOGAR,2026-08-12,11,1144,U,53,X,8,5322.00
VIDEO-005688,ENHOGAR,2026-08-13,12,1245,R,60,NR,3,5459.00
VIDEO-005689,ENHOGAR,2026-08-14,13,1346,U,67,F,6,5596.00
VIDEO-005690,ENHOGAR,2026-08-15,14,1447,U,74,M,1,5733.00
VIDEO-005691,ENHOGAR,2026-08-16,15,1548,R,81,X,4,5870.00
VIDEO-005692,ENHOGAR,2026-08-17,16,1649,U,88,NR,7,6007.00
VIDEO-005693,ENHOGAR,2026-08-18,17,1750,U,22,F,2,6144.00
VIDEO-005694,ENHOGAR,2026-08-19,18,1851,R,29,M,5,6281.00
VIDEO-005695,ENHOGAR,2026-08-20,19,1952,U,36,X,8,6418.00
VIDEO-005696,ENHOGAR,2026-08-01,20,2053,U,43,NR,3,6555.00
VIDEO-005697,ENHOGAR,2026-08-02,21,2154,R,50,F,6,6692.00
VIDEO-005698,ENHOGAR,2026-08-03,22,2255,U,57,M,1,6829.00
VIDEO-005699,ENHOGAR,2026-08-04,01,0156,U,64,X,4,6966.00
VIDEO-005700,ENHOGAR,2026-08-05,02,0257,R,71,NR,7,7103.00
VIDEO-005701,ENHOGAR,2026-08-06,03,0358,U,78,F,2,7240.00
VIDEO-005702,ENHOGAR,2026-08-07,04,0459,U,85,M,5,7377.00
VIDEO-005703,ENHOGAR,2026-08-08,05,0560,R,19,X,8,7514.00
VIDEO-005704,ENHOGAR,2026-08-09,06,0661,U,26,NR,3,7651.00
VIDEO-005705,ENHOGAR,2026-08-10,07,0762,U,33,F,6,7788.00
VIDEO-005706,ENHOGAR,2026-08-11,08,0863,R,40,M,1,7925.00
VIDEO-005707,ENHOGAR,2026-08-12,09,0964,U,47,X,4,8062.00
VIDEO-005708,ENHOGAR,2026-08-13,10,1065,U,54,NR,7,8199.00
VIDEO-005709,ENHOGAR,2026-08-14,11,1166,R,61,F,2,8336.00
VIDEO-005710,ENHOGAR,2026-08-15,12,1267,U,68,M,5,8473.00
VIDEO-005711,ENHOGAR,2026-08-16,13,1368,U,75,X,8,1010.00
VIDEO-005712,ENHOGAR,2026-08-17,14,1469,R,82,NR,3,1147.00
VIDEO-005713,ENHOGAR,2026-08-18,15,1570,U,89,F,6,1284.00
VIDEO-005714,ENHOGAR,2026-08-19,16,1671,U,23,M,1,1421.00
VIDEO-005715,ENHOGAR,2026-08-20,17,1772,R,30,X,4,1558.00
VIDEO-005716,ENHOGAR,2026-08-01,18,1873,U,37,NR,7,1695.00
VIDEO-005717,ENHOGAR,2026-08-02,19,1974,U,44,F,2,1832.00
VIDEO-005718,ENHOGAR,2026-08-03,20,2075,R,51,M,5,1969.00
VIDEO-005719,ENHOGAR,2026-08-04,21,2176,U,58,X,8,2106.00
VIDEO-005720,ENHOGAR,2026-08-05,22,2277,U,65,NR,3,2243.00
VIDEO-005721,ENHOGAR,2026-08-06,01,0178,R,72,F,6,2380.00
VIDEO-005722,ENHOGAR,2026-08-07,02,0279,U,79,M,1,2517.00
VIDEO-005723,ENHOGAR,2026-08-08,03,0380,U,86,X,4,2654.00
VIDEO-005724,ENHOGAR,2026-08-09,04,0481,R,20,NR,7,2791.00
VIDEO-005725,ENHOGAR,2026-08-10,05,0582,U,27,F,2,2928.00
VIDEO-005726,ENHOGAR,2026-08-11,06,0683,U,34,M,5,3065.00
VIDEO-005727,ENHOGAR,2026-08-12,07,0784,R,41,X,8,3202.00
VIDEO-005728,ENHOGAR,2026-08-13,08,0885,U,48,NR,3,3339.00
VIDEO-005729,ENHOGAR,2026-08-14,09,0986,U,55,F,6,3476.00
VIDEO-005730,ENHOGAR,2026-08-15,10,1087,R,62,M,1,3613.00
VIDEO-005731,ENHOGAR,2026-08-16,11,1188,U,69,X,4,3750.00
VIDEO-005732,ENHOGAR,2026-08-17,12,1289,U,76,NR,7,3887.00
VIDEO-005733,ENHOGAR,2026-08-18,13,1390,R,83,F,2,4024.00
VIDEO-005734,ENHOGAR,2026-08-19,14,1491,U,90,M,5,4161.00
VIDEO-005735,ENHOGAR,2026-08-20,15,1592,U,24,X,8,4298.00
VIDEO-005736,ENHOGAR,2026-08-01,16,1693,R,31,NR,3,4435.00
VIDEO-005737,ENHOGAR,2026-08-02,17,1794,U,38,F,6,4572.00
VIDEO-005738,ENHOGAR,2026-08-03,18,1895,U,45,M,1,4709.00
VIDEO-005739,ENHOGAR,2026-08-04,19,1996,R,52,X,4,4846.00
VIDEO-005740,ENHOGAR,2026-08-05,20,2097,U,59,NR,7,4983.00
VIDEO-005741,ENHOGAR,2026-08-06,21,2198,U,66,F,2,5120.00
VIDEO-005742,ENHOGAR,2026-08-07,22,2299,R,73,M,5,5257.00
VIDEO-005743,ENHOGAR,2026-08-08,01,0101,U,80,X,8,5394.00
VIDEO-005744,ENHOGAR,2026-08-09,02,0202,U,87,NR,3,5531.00
VIDEO-005745,ENHOGAR,2026-08-10,03,0303,R,21,F,6,5668.00
VIDEO-005746,ENHOGAR,2026-08-11,04,0404,U,28,M,1,5805.00
VIDEO-005747,ENHOGAR,2026-08-12,05,0505,U,35,X,4,5942.00
VIDEO-005748,ENHOGAR,2026-08-13,06,0606,R,42,NR,7,6079.00
VIDEO-005749,ENHOGAR,2026-08-14,07,0707,U,49,F,2,6216.00
VIDEO-005750,ENHOGAR,2026-08-15,08,0808,U,56,M,5,6353.00
VIDEO-005751,ENHOGAR,2026-08-16,09,0909,R,63,X,8,6490.00
VIDEO-005752,ENHOGAR,2026-08-17,10,1010,U,70,NR,3,6627.00
VIDEO-005753,ENHOGAR,2026-08-18,11,1111,U,77,F,6,6764.00
VIDEO-005754,ENHOGAR,2026-08-19,12,1212,R,84,M,1,6901.00
VIDEO-005755,ENHOGAR,2026-08-20,13,1313,U,18,X,4,7038.00
VIDEO-005756,ENHOGAR,2026-08-01,14,1414,U,25,NR,7,7175.00
VIDEO-005757,ENHOGAR,2026-08-02,15,1515,R,32,F,2,7312.00
VIDEO-005758,ENHOGAR,2026-08-03,16,1616,U,39,M,5,7449.00
VIDEO-005759,ENHOGAR,2026-08-04,17,1717,U,46,X,8,7586.00
VIDEO-005760,ENHOGAR,2026-08-05,18,1818,R,53,NR,3,7723.00
VIDEO-005761,ENHOGAR,2026-08-06,19,1919,U,60,F,6,7860.00
VIDEO-005762,ENHOGAR,2026-08-07,20,2020,U,67,M,1,7997.00
VIDEO-005763,ENHOGAR,2026-08-08,21,2121,R,74,X,4,8134.00
VIDEO-005764,ENHOGAR,2026-08-09,22,2222,U,81,NR,7,8271.00
VIDEO-005765,ENHOGAR,2026-08-10,01,0123,U,88,F,2,8408.00
VIDEO-005766,ENHOGAR,2026-08-11,02,0224,R,22,M,5,945.00
VIDEO-005767,ENHOGAR,2026-08-12,03,0325,U,29,X,8,1082.00
VIDEO-005768,ENHOGAR,2026-08-13,04,0426,U,36,NR,3,1219.00
VIDEO-005769,ENHOGAR,2026-08-14,05,0527,R,43,F,6,1356.00
VIDEO-005770,ENHOGAR,2026-08-15,06,0628,U,50,M,1,1493.00
VIDEO-005771,ENHOGAR,2026-08-16,07,0729,U,57,X,4,1630.00
VIDEO-005772,ENHOGAR,2026-08-17,08,0830,R,64,NR,7,1767.00
VIDEO-005773,ENHOGAR,2026-08-18,09,0931,U,71,F,2,1904.00
VIDEO-005774,ENHOGAR,2026-08-19,10,1032,U,78,M,5,2041.00
VIDEO-005775,ENHOGAR,2026-08-20,11,1133,R,85,X,8,2178.00
VIDEO-005776,ENHOGAR,2026-08-01,12,1234,U,19,NR,3,2315.00
VIDEO-005777,ENHOGAR,2026-08-02,13,1335,U,26,F,6,2452.00
VIDEO-005778,ENHOGAR,2026-08-03,14,1436,R,33,M,1,2589.00
VIDEO-005779,ENHOGAR,2026-08-04,15,1537,U,40,X,4,2726.00
VIDEO-005780,ENHOGAR,2026-08-05,16,1638,U,47,NR,7,2863.00
VIDEO-005781,ENHOGAR,2026-08-06,17,1739,R,54,F,2,3000.00
VIDEO-005782,ENHOGAR,2026-08-07,18,1840,U,61,M,5,3137.00
VIDEO-005783,ENHOGAR,2026-08-08,19,1941,U,68,X,8,3274.00
VIDEO-005784,ENHOGAR,2026-08-09,20,2042,R,75,NR,3,3411.00
VIDEO-005785,ENHOGAR,2026-08-10,21,2143,U,82,F,6,3548.00
VIDEO-005786,ENHOGAR,2026-08-11,22,2244,U,89,M,1,3685.00
VIDEO-005787,ENHOGAR,2026-08-12,01,0145,R,23,X,4,3822.00
VIDEO-005788,ENHOGAR,2026-08-13,02,0246,U,30,NR,7,3959.00
VIDEO-005789,ENHOGAR,2026-08-14,03,0347,U,37,F,2,4096.00
VIDEO-005790,ENHOGAR,2026-08-15,04,0448,R,44,M,5,4233.00
VIDEO-005791,ENHOGAR,2026-08-16,05,0549,U,51,X,8,4370.00
VIDEO-005792,ENHOGAR,2026-08-17,06,0650,U,58,NR,3,4507.00
VIDEO-005793,ENHOGAR,2026-08-18,07,0751,R,65,F,6,4644.00
VIDEO-005794,ENHOGAR,2026-08-19,08,0852,U,72,M,1,4781.00
VIDEO-005795,ENHOGAR,2026-08-20,09,0953,U,79,X,4,4918.00
VIDEO-005796,ENHOGAR,2026-08-01,10,1054,R,86,NR,7,5055.00
VIDEO-005797,ENHOGAR,2026-08-02,11,1155,U,20,F,2,5192.00
VIDEO-005798,ENHOGAR,2026-08-03,12,1256,U,27,M,5,5329.00
VIDEO-005799,ENHOGAR,2026-08-04,13,1357,R,34,X,8,5466.00
VIDEO-005800,ENHOGAR,2026-08-05,14,1458,U,41,NR,3,5603.00
VIDEO-005801,ENHOGAR,2026-08-06,15,1559,U,48,F,6,5740.00
VIDEO-005802,ENHOGAR,2026-08-07,16,1660,R,55,M,1,5877.00
VIDEO-005803,ENHOGAR,2026-08-08,17,1761,U,62,X,4,6014.00
VIDEO-005804,ENHOGAR,2026-08-09,18,1862,U,69,NR,7,6151.00
VIDEO-005805,ENHOGAR,2026-08-10,19,1963,R,76,F,2,6288.00
VIDEO-005806,ENHOGAR,2026-08-11,20,2064,U,83,M,5,6425.00
VIDEO-005807,ENHOGAR,2026-08-12,21,2165,U,90,X,8,6562.00
VIDEO-005808,ENHOGAR,2026-08-13,22,2266,R,24,NR,3,6699.00
VIDEO-005809,ENHOGAR,2026-08-14,01,0167,U,31,F,6,6836.00
VIDEO-005810,ENHOGAR,2026-08-15,02,0268,U,38,M,1,6973.00
VIDEO-005811,ENHOGAR,2026-08-16,03,0369,R,45,X,4,7110.00
VIDEO-005812,ENHOGAR,2026-08-17,04,0470,U,52,NR,7,7247.00
VIDEO-005813,ENHOGAR,2026-08-18,05,0571,U,59,F,2,7384.00
VIDEO-005814,ENHOGAR,2026-08-19,06,0672,R,66,M,5,7521.00
VIDEO-005815,ENHOGAR,2026-08-20,07,0773,U,73,X,8,7658.00
VIDEO-005816,ENHOGAR,2026-08-01,08,0874,U,80,NR,3,7795.00
VIDEO-005817,ENHOGAR,2026-08-02,09,0975,R,87,F,6,7932.00
VIDEO-005818,ENHOGAR,2026-08-03,10,1076,U,21,M,1,8069.00
VIDEO-005819,ENHOGAR,2026-08-04,11,1177,U,28,X,4,8206.00
VIDEO-005820,ENHOGAR,2026-08-05,12,1278,R,35,NR,7,8343.00
VIDEO-005821,ENHOGAR,2026-08-06,13,1379,U,42,F,2,8480.00
VIDEO-005822,ENHOGAR,2026-08-07,14,1480,U,49,M,5,1017.00
VIDEO-005823,ENHOGAR,2026-08-08,15,1581,R,56,X,8,1154.00
VIDEO-005824,ENHOGAR,2026-08-09,16,1682,U,63,NR,3,1291.00
VIDEO-005825,ENHOGAR,2026-08-10,17,1783,U,70,F,6,1428.00
VIDEO-005826,ENHOGAR,2026-08-11,18,1884,R,77,M,1,1565.00
VIDEO-005827,ENHOGAR,2026-08-12,19,1985,U,84,X,4,1702.00
VIDEO-005828,ENHOGAR,2026-08-13,20,2086,U,18,NR,7,1839.00
VIDEO-005829,ENHOGAR,2026-08-14,21,2187,R,25,F,2,1976.00
VIDEO-005830,ENHOGAR,2026-08-15,22,2288,U,32,M,5,2113.00
VIDEO-005831,ENHOGAR,2026-08-16,01,0189,U,39,X,8,2250.00
VIDEO-005832,ENHOGAR,2026-08-17,02,0290,R,46,NR,3,2387.00
VIDEO-005833,ENHOGAR,2026-08-18,03,0391,U,53,F,6,2524.00
VIDEO-005834,ENHOGAR,2026-08-19,04,0492,U,60,M,1,2661.00
VIDEO-005835,ENHOGAR,2026-08-20,05,0593,R,67,X,4,2798.00
VIDEO-005836,ENHOGAR,2026-08-01,06,0694,U,74,NR,7,2935.00
VIDEO-005837,ENHOGAR,2026-08-02,07,0795,U,81,F,2,3072.00
VIDEO-005838,ENHOGAR,2026-08-03,08,0896,R,88,M,5,3209.00
VIDEO-005839,ENHOGAR,2026-08-04,09,0997,U,22,X,8,3346.00
VIDEO-005840,ENHOGAR,2026-08-05,10,1098,U,29,NR,3,3483.00
VIDEO-005841,ENHOGAR,2026-08-06,11,1199,R,36,F,6,3620.00
VIDEO-005842,ENHOGAR,2026-08-07,12,1201,U,43,M,1,3757.00
VIDEO-005843,ENHOGAR,2026-08-08,13,1302,U,50,X,4,3894.00
VIDEO-005844,ENHOGAR,2026-08-09,14,1403,R,57,NR,7,4031.00
VIDEO-005845,ENHOGAR,2026-08-10,15,1504,U,64,F,2,4168.00
VIDEO-005846,ENHOGAR,2026-08-11,16,1605,U,71,M,5,4305.00
VIDEO-005847,ENHOGAR,2026-08-12,17,1706,R,78,X,8,4442.00
VIDEO-005848,ENHOGAR,2026-08-13,18,1807,U,85,NR,3,4579.00
VIDEO-005849,ENHOGAR,2026-08-14,19,1908,U,19,F,6,4716.00
VIDEO-005850,ENHOGAR,2026-08-15,20,2009,R,26,M,1,4853.00
VIDEO-005851,ENHOGAR,2026-08-16,21,2110,U,33,X,4,4990.00
VIDEO-005852,ENHOGAR,2026-08-17,22,2211,U,40,NR,7,5127.00
VIDEO-005853,ENHOGAR,2026-08-18,01,0112,R,47,F,2,5264.00
VIDEO-005854,ENHOGAR,2026-08-19,02,0213,U,54,M,5,5401.00
VIDEO-005855,ENHOGAR,2026-08-20,03,0314,U,61,X,8,5538.00
VIDEO-005856,ENHOGAR,2026-08-01,04,0415,R,68,NR,3,5675.00
VIDEO-005857,ENHOGAR,2026-08-02,05,0516,U,75,F,6,5812.00
VIDEO-005858,ENHOGAR,2026-08-03,06,0617,U,82,M,1,5949.00
VIDEO-005859,ENHOGAR,2026-08-04,07,0718,R,89,X,4,6086.00
VIDEO-005860,ENHOGAR,2026-08-05,08,0819,U,23,NR,7,6223.00
VIDEO-005861,ENHOGAR,2026-08-06,09,0920,U,30,F,2,6360.00
VIDEO-005862,ENHOGAR,2026-08-07,10,1021,R,37,M,5,6497.00
VIDEO-005863,ENHOGAR,2026-08-08,11,1122,U,44,X,8,6634.00
VIDEO-005864,ENHOGAR,2026-08-09,12,1223,U,51,NR,3,6771.00
VIDEO-005865,ENHOGAR,2026-08-10,13,1324,R,58,F,6,6908.00
VIDEO-005866,ENHOGAR,2026-08-11,14,1425,U,65,M,1,7045.00
VIDEO-005867,ENHOGAR,2026-08-12,15,1526,U,72,X,4,7182.00
VIDEO-005868,ENHOGAR,2026-08-13,16,1627,R,79,NR,7,7319.00
VIDEO-005869,ENHOGAR,2026-08-14,17,1728,U,86,F,2,7456.00
VIDEO-005870,ENHOGAR,2026-08-15,18,1829,U,20,M,5,7593.00
VIDEO-005871,ENHOGAR,2026-08-16,19,1930,R,27,X,8,7730.00
VIDEO-005872,ENHOGAR,2026-08-17,20,2031,U,34,NR,3,7867.00
VIDEO-005873,ENHOGAR,2026-08-18,21,2132,U,41,F,6,8004.00
VIDEO-005874,ENHOGAR,2026-08-19,22,2233,R,48,M,1,8141.00
VIDEO-005875,ENHOGAR,2026-08-20,01,0134,U,55,X,4,8278.00
VIDEO-005876,ENHOGAR,2026-08-01,02,0235,U,62,NR,7,8415.00
VIDEO-005877,ENHOGAR,2026-08-02,03,0336,R,69,F,2,952.00
VIDEO-005878,ENHOGAR,2026-08-03,04,0437,U,76,M,5,1089.00
VIDEO-005879,ENHOGAR,2026-08-04,05,0538,U,83,X,8,1226.00
VIDEO-005880,ENHOGAR,2026-08-05,06,0639,R,90,NR,3,1363.00
VIDEO-005881,ENHOGAR,2026-08-06,07,0740,U,24,F,6,1500.00
VIDEO-005882,ENHOGAR,2026-08-07,08,0841,U,31,M,1,1637.00
VIDEO-005883,ENHOGAR,2026-08-08,09,0942,R,38,X,4,1774.00
VIDEO-005884,ENHOGAR,2026-08-09,10,1043,U,45,NR,7,1911.00
VIDEO-005885,ENHOGAR,2026-08-10,11,1144,U,52,F,2,2048.00
VIDEO-005886,ENHOGAR,2026-08-11,12,1245,R,59,M,5,2185.00
VIDEO-005887,ENHOGAR,2026-08-12,13,1346,U,66,X,8,2322.00
VIDEO-005888,ENHOGAR,2026-08-13,14,1447,U,73,NR,3,2459.00
VIDEO-005889,ENHOGAR,2026-08-14,15,1548,R,80,F,6,2596.00
VIDEO-005890,ENHOGAR,2026-08-15,16,1649,U,87,M,1,2733.00
VIDEO-005891,ENHOGAR,2026-08-16,17,1750,U,21,X,4,2870.00
VIDEO-005892,ENHOGAR,2026-08-17,18,1851,R,28,NR,7,3007.00
VIDEO-005893,ENHOGAR,2026-08-18,19,1952,U,35,F,2,3144.00
VIDEO-005894,ENHOGAR,2026-08-19,20,2053,U,42,M,5,3281.00
VIDEO-005895,ENHOGAR,2026-08-20,21,2154,R,49,X,8,3418.00
VIDEO-005896,ENHOGAR,2026-08-01,22,2255,U,56,NR,3,3555.00
VIDEO-005897,ENHOGAR,2026-08-02,01,0156,U,63,F,6,3692.00
VIDEO-005898,ENHOGAR,2026-08-03,02,0257,R,70,M,1,3829.00
VIDEO-005899,ENHOGAR,2026-08-04,03,0358,U,77,X,4,3966.00
VIDEO-005900,ENHOGAR,2026-08-05,04,0459,U,84,NR,7,4103.00
VIDEO-005901,ENHOGAR,2026-08-06,05,0560,R,18,F,2,4240.00
VIDEO-005902,ENHOGAR,2026-08-07,06,0661,U,25,M,5,4377.00
VIDEO-005903,ENHOGAR,2026-08-08,07,0762,U,32,X,8,4514.00
VIDEO-005904,ENHOGAR,2026-08-09,08,0863,R,39,NR,3,4651.00
VIDEO-005905,ENHOGAR,2026-08-10,09,0964,U,46,F,6,4788.00
VIDEO-005906,ENHOGAR,2026-08-11,10,1065,U,53,M,1,4925.00
VIDEO-005907,ENHOGAR,2026-08-12,11,1166,R,60,X,4,5062.00
VIDEO-005908,ENHOGAR,2026-08-13,12,1267,U,67,NR,7,5199.00
VIDEO-005909,ENHOGAR,2026-08-14,13,1368,U,74,F,2,5336.00
VIDEO-005910,ENHOGAR,2026-08-15,14,1469,R,81,M,5,5473.00
VIDEO-005911,ENHOGAR,2026-08-16,15,1570,U,88,X,8,5610.00
VIDEO-005912,ENHOGAR,2026-08-17,16,1671,U,22,NR,3,5747.00
VIDEO-005913,ENHOGAR,2026-08-18,17,1772,R,29,F,6,5884.00
VIDEO-005914,ENHOGAR,2026-08-19,18,1873,U,36,M,1,6021.00
VIDEO-005915,ENHOGAR,2026-08-20,19,1974,U,43,X,4,6158.00
VIDEO-005916,ENHOGAR,2026-08-01,20,2075,R,50,NR,7,6295.00
VIDEO-005917,ENHOGAR,2026-08-02,21,2176,U,57,F,2,6432.00
VIDEO-005918,ENHOGAR,2026-08-03,22,2277,U,64,M,5,6569.00
VIDEO-005919,ENHOGAR,2026-08-04,01,0178,R,71,X,8,6706.00
VIDEO-005920,ENHOGAR,2026-08-05,02,0279,U,78,NR,3,6843.00
VIDEO-005921,ENHOGAR,2026-08-06,03,0380,U,85,F,6,6980.00
VIDEO-005922,ENHOGAR,2026-08-07,04,0481,R,19,M,1,7117.00
VIDEO-005923,ENHOGAR,2026-08-08,05,0582,U,26,X,4,7254.00
VIDEO-005924,ENHOGAR,2026-08-09,06,0683,U,33,NR,7,7391.00
VIDEO-005925,ENHOGAR,2026-08-10,07,0784,R,40,F,2,7528.00
VIDEO-005926,ENHOGAR,2026-08-11,08,0885,U,47,M,5,7665.00
VIDEO-005927,ENHOGAR,2026-08-12,09,0986,U,54,X,8,7802.00
VIDEO-005928,ENHOGAR,2026-08-13,10,1087,R,61,NR,3,7939.00
VIDEO-005929,ENHOGAR,2026-08-14,11,1188,U,68,F,6,8076.00
VIDEO-005930,ENHOGAR,2026-08-15,12,1289,U,75,M,1,8213.00
VIDEO-005931,ENHOGAR,2026-08-16,13,1390,R,82,X,4,8350.00
VIDEO-005932,ENHOGAR,2026-08-17,14,1491,U,89,NR,7,8487.00
VIDEO-005933,ENHOGAR,2026-08-18,15,1592,U,23,F,2,1024.00
VIDEO-005934,ENHOGAR,2026-08-19,16,1693,R,30,M,5,1161.00
VIDEO-005935,ENHOGAR,2026-08-20,17,1794,U,37,X,8,1298.00
VIDEO-005936,ENHOGAR,2026-08-01,18,1895,U,44,NR,3,1435.00
VIDEO-005937,ENHOGAR,2026-08-02,19,1996,R,51,F,6,1572.00
VIDEO-005938,ENHOGAR,2026-08-03,20,2097,U,58,M,1,1709.00
VIDEO-005939,ENHOGAR,2026-08-04,21,2198,U,65,X,4,1846.00
VIDEO-005940,ENHOGAR,2026-08-05,22,2299,R,72,NR,7,1983.00
VIDEO-005941,ENHOGAR,2026-08-06,01,0101,U,79,F,2,2120.00
VIDEO-005942,ENHOGAR,2026-08-07,02,0202,U,86,M,5,2257.00
VIDEO-005943,ENHOGAR,2026-08-08,03,0303,R,20,X,8,2394.00
VIDEO-005944,ENHOGAR,2026-08-09,04,0404,U,27,NR,3,2531.00
VIDEO-005945,ENHOGAR,2026-08-10,05,0505,U,34,F,6,2668.00
VIDEO-005946,ENHOGAR,2026-08-11,06,0606,R,41,M,1,2805.00
VIDEO-005947,ENHOGAR,2026-08-12,07,0707,U,48,X,4,2942.00
VIDEO-005948,ENHOGAR,2026-08-13,08,0808,U,55,NR,7,3079.00
VIDEO-005949,ENHOGAR,2026-08-14,09,0909,R,62,F,2,3216.00
VIDEO-005950,ENHOGAR,2026-08-15,10,1010,U,69,M,5,3353.00
VIDEO-005951,ENHOGAR,2026-08-16,11,1111,U,76,X,8,3490.00
VIDEO-005952,ENHOGAR,2026-08-17,12,1212,R,83,NR,3,3627.00
VIDEO-005953,ENHOGAR,2026-08-18,13,1313,U,90,F,6,3764.00
VIDEO-005954,ENHOGAR,2026-08-19,14,1414,U,24,M,1,3901.00
VIDEO-005955,ENHOGAR,2026-08-20,15,1515,R,31,X,4,4038.00
VIDEO-005956,ENHOGAR,2026-08-01,16,1616,U,38,NR,7,4175.00
VIDEO-005957,ENHOGAR,2026-08-02,17,1717,U,45,F,2,4312.00
VIDEO-005958,ENHOGAR,2026-08-03,18,1818,R,52,M,5,4449.00
VIDEO-005959,ENHOGAR,2026-08-04,19,1919,U,59,X,8,4586.00
VIDEO-005960,ENHOGAR,2026-08-05,20,2020,U,66,NR,3,4723.00
VIDEO-005961,ENHOGAR,2026-08-06,21,2121,R,73,F,6,4860.00
VIDEO-005962,ENHOGAR,2026-08-07,22,2222,U,80,M,1,4997.00
VIDEO-005963,ENHOGAR,2026-08-08,01,0123,U,87,X,4,5134.00
VIDEO-005964,ENHOGAR,2026-08-09,02,0224,R,21,NR,7,5271.00
VIDEO-005965,ENHOGAR,2026-08-10,03,0325,U,28,F,2,5408.00
VIDEO-005966,ENHOGAR,2026-08-11,04,0426,U,35,M,5,5545.00
VIDEO-005967,ENHOGAR,2026-08-12,05,0527,R,42,X,8,5682.00
VIDEO-005968,ENHOGAR,2026-08-13,06,0628,U,49,NR,3,5819.00
VIDEO-005969,ENHOGAR,2026-08-14,07,0729,U,56,F,6,5956.00
VIDEO-005970,ENHOGAR,2026-08-15,08,0830,R,63,M,1,6093.00
VIDEO-005971,ENHOGAR,2026-08-16,09,0931,U,70,X,4,6230.00
VIDEO-005972,ENHOGAR,2026-08-17,10,1032,U,77,NR,7,6367.00
VIDEO-005973,ENHOGAR,2026-08-18,11,1133,R,84,F,2,6504.00
VIDEO-005974,ENHOGAR,2026-08-19,12,1234,U,18,M,5,6641.00
VIDEO-005975,ENHOGAR,2026-08-20,13,1335,U,25,X,8,6778.00
VIDEO-005976,ENHOGAR,2026-08-01,14,1436,R,32,NR,3,6915.00
VIDEO-005977,ENHOGAR,2026-08-02,15,1537,U,39,F,6,7052.00
VIDEO-005978,ENHOGAR,2026-08-03,16,1638,U,46,M,1,7189.00
VIDEO-005979,ENHOGAR,2026-08-04,17,1739,R,53,X,4,7326.00
VIDEO-005980,ENHOGAR,2026-08-05,18,1840,U,60,NR,7,7463.00
VIDEO-005981,ENHOGAR,2026-08-06,19,1941,U,67,F,2,7600.00
VIDEO-005982,ENHOGAR,2026-08-07,20,2042,R,74,M,5,7737.00
VIDEO-005983,ENHOGAR,2026-08-08,21,2143,U,81,X,8,7874.00
VIDEO-005984,ENHOGAR,2026-08-09,22,2244,U,88,NR,3,8011.00
VIDEO-005985,ENHOGAR,2026-08-10,01,0145,R,22,F,6,8148.00
VIDEO-005986,ENHOGAR,2026-08-11,02,0246,U,29,M,1,8285.00
VIDEO-005987,ENHOGAR,2026-08-12,03,0347,U,36,X,4,8422.00
VIDEO-005988,ENHOGAR,2026-08-13,04,0448,R,43,NR,7,959.00
VIDEO-005989,ENHOGAR,2026-08-14,05,0549,U,50,F,2,1096.00
VIDEO-005990,ENHOGAR,2026-08-15,06,0650,U,57,M,5,1233.00
VIDEO-005991,ENHOGAR,2026-08-16,07,0751,R,64,X,8,1370.00
VIDEO-005992,ENHOGAR,2026-08-17,08,0852,U,71,NR,3,1507.00
VIDEO-005993,ENHOGAR,2026-08-18,09,0953,U,78,F,6,1644.00
VIDEO-005994,ENHOGAR,2026-08-19,10,1054,R,85,M,1,1781.00
VIDEO-005995,ENHOGAR,2026-08-20,11,1155,U,19,X,4,1918.00
VIDEO-005996,ENHOGAR,2026-08-01,12,1256,U,26,NR,7,2055.00
VIDEO-005997,ENHOGAR,2026-08-02,13,1357,R,33,F,2,2192.00
VIDEO-005998,ENHOGAR,2026-08-03,14,1458,U,40,M,5,2329.00
VIDEO-005999,ENHOGAR,2026-08-04,15,1559,U,47,X,8,2466.00
VIDEO-006000,ENHOGAR,2026-08-05,16,1660,R,54,NR,3,2603.00
VIDEO-006001,ENHOGAR,2026-08-06,17,1761,U,61,F,6,2740.00
VIDEO-006002,ENHOGAR,2026-08-07,18,1862,U,68,M,1,2877.00
VIDEO-006003,ENHOGAR,2026-08-08,19,1963,R,75,X,4,3014.00
VIDEO-006004,ENHOGAR,2026-08-09,20,2064,U,82,NR,7,3151.00
VIDEO-006005,ENHOGAR,2026-08-10,21,2165,U,89,F,2,3288.00
VIDEO-006006,ENHOGAR,2026-08-11,22,2266,R,23,M,5,3425.00
VIDEO-006007,ENHOGAR,2026-08-12,01,0167,U,30,X,8,3562.00
VIDEO-006008,ENHOGAR,2026-08-13,02,0268,U,37,NR,3,3699.00
VIDEO-006009,ENHOGAR,2026-08-14,03,0369,R,44,F,6,3836.00
VIDEO-006010,ENHOGAR,2026-08-15,04,0470,U,51,M,1,3973.00
VIDEO-006011,ENHOGAR,2026-08-16,05,0571,U,58,X,4,4110.00
VIDEO-006012,ENHOGAR,2026-08-17,06,0672,R,65,NR,7,4247.00
VIDEO-006013,ENHOGAR,2026-08-18,07,0773,U,72,F,2,4384.00
VIDEO-006014,ENHOGAR,2026-08-19,08,0874,U,79,M,5,4521.00
VIDEO-006015,ENHOGAR,2026-08-20,09,0975,R,86,X,8,4658.00
VIDEO-006016,ENHOGAR,2026-08-01,10,1076,U,20,NR,3,4795.00
VIDEO-006017,ENHOGAR,2026-08-02,11,1177,U,27,F,6,4932.00
VIDEO-006018,ENHOGAR,2026-08-03,12,1278,R,34,M,1,5069.00
VIDEO-006019,ENHOGAR,2026-08-04,13,1379,U,41,X,4,5206.00
VIDEO-006020,ENHOGAR,2026-08-05,14,1480,U,48,NR,7,5343.00
VIDEO-006021,ENHOGAR,2026-08-06,15,1581,R,55,F,2,5480.00
VIDEO-006022,ENHOGAR,2026-08-07,16,1682,U,62,M,5,5617.00
VIDEO-006023,ENHOGAR,2026-08-08,17,1783,U,69,X,8,5754.00
VIDEO-006024,ENHOGAR,2026-08-09,18,1884,R,76,NR,3,5891.00
VIDEO-006025,ENHOGAR,2026-08-10,19,1985,U,83,F,6,6028.00
VIDEO-006026,ENHOGAR,2026-08-11,20,2086,U,90,M,1,6165.00
VIDEO-006027,ENHOGAR,2026-08-12,21,2187,R,24,X,4,6302.00
VIDEO-006028,ENHOGAR,2026-08-13,22,2288,U,31,NR,7,6439.00
VIDEO-006029,ENHOGAR,2026-08-14,01,0189,U,38,F,2,6576.00
VIDEO-006030,ENHOGAR,2026-08-15,02,0290,R,45,M,5,6713.00
VIDEO-006031,ENHOGAR,2026-08-16,03,0391,U,52,X,8,6850.00
VIDEO-006032,ENHOGAR,2026-08-17,04,0492,U,59,NR,3,6987.00
VIDEO-006033,ENHOGAR,2026-08-18,05,0593,R,66,F,6,7124.00
VIDEO-006034,ENHOGAR,2026-08-19,06,0694,U,73,M,1,7261.00
VIDEO-006035,ENHOGAR,2026-08-20,07,0795,U,80,X,4,7398.00
VIDEO-006036,ENHOGAR,2026-08-01,08,0896,R,87,NR,7,7535.00
VIDEO-006037,ENHOGAR,2026-08-02,09,0997,U,21,F,2,7672.00
VIDEO-006038,ENHOGAR,2026-08-03,10,1098,U,28,M,5,7809.00
VIDEO-006039,ENHOGAR,2026-08-04,11,1199,R,35,X,8,7946.00
VIDEO-006040,ENHOGAR,2026-08-05,12,1201,U,42,NR,3,8083.00
VIDEO-006041,ENHOGAR,2026-08-06,13,1302,U,49,F,6,8220.00
VIDEO-006042,ENHOGAR,2026-08-07,14,1403,R,56,M,1,8357.00
VIDEO-006043,ENHOGAR,2026-08-08,15,1504,U,63,X,4,8494.00
VIDEO-006044,ENHOGAR,2026-08-09,16,1605,U,70,NR,7,1031.00
VIDEO-006045,ENHOGAR,2026-08-10,17,1706,R,77,F,2,1168.00
VIDEO-006046,ENHOGAR,2026-08-11,18,1807,U,84,M,5,1305.00
VIDEO-006047,ENHOGAR,2026-08-12,19,1908,U,18,X,8,1442.00
VIDEO-006048,ENHOGAR,2026-08-13,20,2009,R,25,NR,3,1579.00
VIDEO-006049,ENHOGAR,2026-08-14,21,2110,U,32,F,6,1716.00
VIDEO-006050,ENHOGAR,2026-08-15,22,2211,U,39,M,1,1853.00
VIDEO-006051,ENHOGAR,2026-08-16,01,0112,R,46,X,4,1990.00
VIDEO-006052,ENHOGAR,2026-08-17,02,0213,U,53,NR,7,2127.00
VIDEO-006053,ENHOGAR,2026-08-18,03,0314,U,60,F,2,2264.00
VIDEO-006054,ENHOGAR,2026-08-19,04,0415,R,67,M,5,2401.00
VIDEO-006055,ENHOGAR,2026-08-20,05,0516,U,74,X,8,2538.00
VIDEO-006056,ENHOGAR,2026-08-01,06,0617,U,81,NR,3,2675.00
VIDEO-006057,ENHOGAR,2026-08-02,07,0718,R,88,F,6,2812.00
VIDEO-006058,ENHOGAR,2026-08-03,08,0819,U,22,M,1,2949.00
VIDEO-006059,ENHOGAR,2026-08-04,09,0920,U,29,X,4,3086.00
VIDEO-006060,ENHOGAR,2026-08-05,10,1021,R,36,NR,7,3223.00
VIDEO-006061,ENHOGAR,2026-08-06,11,1122,U,43,F,2,3360.00
VIDEO-006062,ENHOGAR,2026-08-07,12,1223,U,50,M,5,3497.00
VIDEO-006063,ENHOGAR,2026-08-08,13,1324,R,57,X,8,3634.00
VIDEO-006064,ENHOGAR,2026-08-09,14,1425,U,64,NR,3,3771.00
VIDEO-006065,ENHOGAR,2026-08-10,15,1526,U,71,F,6,3908.00
VIDEO-006066,ENHOGAR,2026-08-11,16,1627,R,78,M,1,4045.00
VIDEO-006067,ENHOGAR,2026-08-12,17,1728,U,85,X,4,4182.00
VIDEO-006068,ENHOGAR,2026-08-13,18,1829,U,19,NR,7,4319.00
VIDEO-006069,ENHOGAR,2026-08-14,19,1930,R,26,F,2,4456.00
VIDEO-006070,ENHOGAR,2026-08-15,20,2031,U,33,M,5,4593.00
VIDEO-006071,ENHOGAR,2026-08-16,21,2132,U,40,X,8,4730.00
VIDEO-006072,ENHOGAR,2026-08-17,22,2233,R,47,NR,3,4867.00
VIDEO-006073,ENHOGAR,2026-08-18,01,0134,U,54,F,6,5004.00
VIDEO-006074,ENHOGAR,2026-08-19,02,0235,U,61,M,1,5141.00
VIDEO-006075,ENHOGAR,2026-08-20,03,0336,R,68,X,4,5278.00
VIDEO-006076,ENHOGAR,2026-08-01,04,0437,U,75,NR,7,5415.00
VIDEO-006077,ENHOGAR,2026-08-02,05,0538,U,82,F,2,5552.00
VIDEO-006078,ENHOGAR,2026-08-03,06,0639,R,89,M,5,5689.00
VIDEO-006079,ENHOGAR,2026-08-04,07,0740,U,23,X,8,5826.00
VIDEO-006080,ENHOGAR,2026-08-05,08,0841,U,30,NR,3,5963.00
VIDEO-006081,ENHOGAR,2026-08-06,09,0942,R,37,F,6,6100.00
VIDEO-006082,ENHOGAR,2026-08-07,10,1043,U,44,M,1,6237.00
VIDEO-006083,ENHOGAR,2026-08-08,11,1144,U,51,X,4,6374.00
VIDEO-006084,ENHOGAR,2026-08-09,12,1245,R,58,NR,7,6511.00
VIDEO-006085,ENHOGAR,2026-08-10,13,1346,U,65,F,2,6648.00
VIDEO-006086,ENHOGAR,2026-08-11,14,1447,U,72,M,5,6785.00
VIDEO-006087,ENHOGAR,2026-08-12,15,1548,R,79,X,8,6922.00
VIDEO-006088,ENHOGAR,2026-08-13,16,1649,U,86,NR,3,7059.00
VIDEO-006089,ENHOGAR,2026-08-14,17,1750,U,20,F,6,7196.00
VIDEO-006090,ENHOGAR,2026-08-15,18,1851,R,27,M,1,7333.00
VIDEO-006091,ENHOGAR,2026-08-16,19,1952,U,34,X,4,7470.00
VIDEO-006092,ENHOGAR,2026-08-17,20,2053,U,41,NR,7,7607.00
VIDEO-006093,ENHOGAR,2026-08-18,21,2154,R,48,F,2,7744.00
VIDEO-006094,ENHOGAR,2026-08-19,22,2255,U,55,M,5,7881.00
VIDEO-006095,ENHOGAR,2026-08-20,01,0156,U,62,X,8,8018.00
VIDEO-006096,ENHOGAR,2026-08-01,02,0257,R,69,NR,3,8155.00
VIDEO-006097,ENHOGAR,2026-08-02,03,0358,U,76,F,6,8292.00
VIDEO-006098,ENHOGAR,2026-08-03,04,0459,U,83,M,1,8429.00
VIDEO-006099,ENHOGAR,2026-08-04,05,0560,R,90,X,4,966.00
VIDEO-006100,ENHOGAR,2026-08-05,06,0661,U,24,NR,7,1103.00
VIDEO-006101,ENHOGAR,2026-08-06,07,0762,U,31,F,2,1240.00
VIDEO-006102,ENHOGAR,2026-08-07,08,0863,R,38,M,5,1377.00
VIDEO-006103,ENHOGAR,2026-08-08,09,0964,U,45,X,8,1514.00
VIDEO-006104,ENHOGAR,2026-08-09,10,1065,U,52,NR,3,1651.00
VIDEO-006105,ENHOGAR,2026-08-10,11,1166,R,59,F,6,1788.00
VIDEO-006106,ENHOGAR,2026-08-11,12,1267,U,66,M,1,1925.00
VIDEO-006107,ENHOGAR,2026-08-12,13,1368,U,73,X,4,2062.00
VIDEO-006108,ENHOGAR,2026-08-13,14,1469,R,80,NR,7,2199.00
VIDEO-006109,ENHOGAR,2026-08-14,15,1570,U,87,F,2,2336.00
VIDEO-006110,ENHOGAR,2026-08-15,16,1671,U,21,M,5,2473.00
VIDEO-006111,ENHOGAR,2026-08-16,17,1772,R,28,X,8,2610.00
VIDEO-006112,ENHOGAR,2026-08-17,18,1873,U,35,NR,3,2747.00
VIDEO-006113,ENHOGAR,2026-08-18,19,1974,U,42,F,6,2884.00
VIDEO-006114,ENHOGAR,2026-08-19,20,2075,R,49,M,1,3021.00
VIDEO-006115,ENHOGAR,2026-08-20,21,2176,U,56,X,4,3158.00
VIDEO-006116,ENHOGAR,2026-08-01,22,2277,U,63,NR,7,3295.00
VIDEO-006117,ENHOGAR,2026-08-02,01,0178,R,70,F,2,3432.00
VIDEO-006118,ENHOGAR,2026-08-03,02,0279,U,77,M,5,3569.00
VIDEO-006119,ENHOGAR,2026-08-04,03,0380,U,84,X,8,3706.00
VIDEO-006120,ENHOGAR,2026-08-05,04,0481,R,18,NR,3,3843.00
VIDEO-006121,ENHOGAR,2026-08-06,05,0582,U,25,F,6,3980.00
VIDEO-006122,ENHOGAR,2026-08-07,06,0683,U,32,M,1,4117.00
VIDEO-006123,ENHOGAR,2026-08-08,07,0784,R,39,X,4,4254.00
VIDEO-006124,ENHOGAR,2026-08-09,08,0885,U,46,NR,7,4391.00
VIDEO-006125,ENHOGAR,2026-08-10,09,0986,U,53,F,2,4528.00
VIDEO-006126,ENHOGAR,2026-08-11,10,1087,R,60,M,5,4665.00
VIDEO-006127,ENHOGAR,2026-08-12,11,1188,U,67,X,8,4802.00
VIDEO-006128,ENHOGAR,2026-08-13,12,1289,U,74,NR,3,4939.00
VIDEO-006129,ENHOGAR,2026-08-14,13,1390,R,81,F,6,5076.00
VIDEO-006130,ENHOGAR,2026-08-15,14,1491,U,88,M,1,5213.00
VIDEO-006131,ENHOGAR,2026-08-16,15,1592,U,22,X,4,5350.00
VIDEO-006132,ENHOGAR,2026-08-17,16,1693,R,29,NR,7,5487.00
VIDEO-006133,ENHOGAR,2026-08-18,17,1794,U,36,F,2,5624.00
VIDEO-006134,ENHOGAR,2026-08-19,18,1895,U,43,M,5,5761.00
VIDEO-006135,ENHOGAR,2026-08-20,19,1996,R,50,X,8,5898.00
VIDEO-006136,ENHOGAR,2026-08-01,20,2097,U,57,NR,3,6035.00
VIDEO-006137,ENHOGAR,2026-08-02,21,2198,U,64,F,6,6172.00
VIDEO-006138,ENHOGAR,2026-08-03,22,2299,R,71,M,1,6309.00
VIDEO-006139,ENHOGAR,2026-08-04,01,0101,U,78,X,4,6446.00
VIDEO-006140,ENHOGAR,2026-08-05,02,0202,U,85,NR,7,6583.00
VIDEO-006141,ENHOGAR,2026-08-06,03,0303,R,19,F,2,6720.00
VIDEO-006142,ENHOGAR,2026-08-07,04,0404,U,26,M,5,6857.00
VIDEO-006143,ENHOGAR,2026-08-08,05,0505,U,33,X,8,6994.00
VIDEO-006144,ENHOGAR,2026-08-09,06,0606,R,40,NR,3,7131.00
VIDEO-006145,ENHOGAR,2026-08-10,07,0707,U,47,F,6,7268.00
VIDEO-006146,ENHOGAR,2026-08-11,08,0808,U,54,M,1,7405.00
VIDEO-006147,ENHOGAR,2026-08-12,09,0909,R,61,X,4,7542.00
VIDEO-006148,ENHOGAR,2026-08-13,10,1010,U,68,NR,7,7679.00
VIDEO-006149,ENHOGAR,2026-08-14,11,1111,U,75,F,2,7816.00
VIDEO-006150,ENHOGAR,2026-08-15,12,1212,R,82,M,5,7953.00
VIDEO-006151,ENHOGAR,2026-08-16,13,1313,U,89,X,8,8090.00
VIDEO-006152,ENHOGAR,2026-08-17,14,1414,U,23,NR,3,8227.00
VIDEO-006153,ENHOGAR,2026-08-18,15,1515,R,30,F,6,8364.00
VIDEO-006154,ENHOGAR,2026-08-19,16,1616,U,37,M,1,901.00
VIDEO-006155,ENHOGAR,2026-08-20,17,1717,U,44,X,4,1038.00
VIDEO-006156,ENHOGAR,2026-08-01,18,1818,R,51,NR,7,1175.00
VIDEO-006157,ENHOGAR,2026-08-02,19,1919,U,58,F,2,1312.00
VIDEO-006158,ENHOGAR,2026-08-03,20,2020,U,65,M,5,1449.00
VIDEO-006159,ENHOGAR,2026-08-04,21,2121,R,72,X,8,1586.00
VIDEO-006160,ENHOGAR,2026-08-05,22,2222,U,79,NR,3,1723.00
VIDEO-006161,ENHOGAR,2026-08-06,01,0123,U,86,F,6,1860.00
VIDEO-006162,ENHOGAR,2026-08-07,02,0224,R,20,M,1,1997.00
VIDEO-006163,ENHOGAR,2026-08-08,03,0325,U,27,X,4,2134.00
VIDEO-006164,ENHOGAR,2026-08-09,04,0426,U,34,NR,7,2271.00
VIDEO-006165,ENHOGAR,2026-08-10,05,0527,R,41,F,2,2408.00
VIDEO-006166,ENHOGAR,2026-08-11,06,0628,U,48,M,5,2545.00
VIDEO-006167,ENHOGAR,2026-08-12,07,0729,U,55,X,8,2682.00
VIDEO-006168,ENHOGAR,2026-08-13,08,0830,R,62,NR,3,2819.00
VIDEO-006169,ENHOGAR,2026-08-14,09,0931,U,69,F,6,2956.00
VIDEO-006170,ENHOGAR,2026-08-15,10,1032,U,76,M,1,3093.00
VIDEO-006171,ENHOGAR,2026-08-16,11,1133,R,83,X,4,3230.00
VIDEO-006172,ENHOGAR,2026-08-17,12,1234,U,90,NR,7,3367.00
VIDEO-006173,ENHOGAR,2026-08-18,13,1335,U,24,F,2,3504.00
VIDEO-006174,ENHOGAR,2026-08-19,14,1436,R,31,M,5,3641.00
VIDEO-006175,ENHOGAR,2026-08-20,15,1537,U,38,X,8,3778.00
VIDEO-006176,ENHOGAR,2026-08-01,16,1638,U,45,NR,3,3915.00
VIDEO-006177,ENHOGAR,2026-08-02,17,1739,R,52,F,6,4052.00
VIDEO-006178,ENHOGAR,2026-08-03,18,1840,U,59,M,1,4189.00
VIDEO-006179,ENHOGAR,2026-08-04,19,1941,U,66,X,4,4326.00
VIDEO-006180,ENHOGAR,2026-08-05,20,2042,R,73,NR,7,4463.00
VIDEO-006181,ENHOGAR,2026-08-06,21,2143,U,80,F,2,4600.00
VIDEO-006182,ENHOGAR,2026-08-07,22,2244,U,87,M,5,4737.00
VIDEO-006183,ENHOGAR,2026-08-08,01,0145,R,21,X,8,4874.00
VIDEO-006184,ENHOGAR,2026-08-09,02,0246,U,28,NR,3,5011.00
VIDEO-006185,ENHOGAR,2026-08-10,03,0347,U,35,F,6,5148.00
VIDEO-006186,ENHOGAR,2026-08-11,04,0448,R,42,M,1,5285.00
VIDEO-006187,ENHOGAR,2026-08-12,05,0549,U,49,X,4,5422.00
VIDEO-006188,ENHOGAR,2026-08-13,06,0650,U,56,NR,7,5559.00
VIDEO-006189,ENHOGAR,2026-08-14,07,0751,R,63,F,2,5696.00
VIDEO-006190,ENHOGAR,2026-08-15,08,0852,U,70,M,5,5833.00
VIDEO-006191,ENHOGAR,2026-08-16,09,0953,U,77,X,8,5970.00
VIDEO-006192,ENHOGAR,2026-08-17,10,1054,R,84,NR,3,6107.00
VIDEO-006193,ENHOGAR,2026-08-18,11,1155,U,18,F,6,6244.00
VIDEO-006194,ENHOGAR,2026-08-19,12,1256,U,25,M,1,6381.00
VIDEO-006195,ENHOGAR,2026-08-20,13,1357,R,32,X,4,6518.00
VIDEO-006196,ENHOGAR,2026-08-01,14,1458,U,39,NR,7,6655.00
VIDEO-006197,ENHOGAR,2026-08-02,15,1559,U,46,F,2,6792.00
VIDEO-006198,ENHOGAR,2026-08-03,16,1660,R,53,M,5,6929.00
VIDEO-006199,ENHOGAR,2026-08-04,17,1761,U,60,X,8,7066.00
VIDEO-006200,ENHOGAR,2026-08-05,18,1862,U,67,NR,3,7203.00
VIDEO-006201,ENHOGAR,2026-08-06,19,1963,R,74,F,6,7340.00
VIDEO-006202,ENHOGAR,2026-08-07,20,2064,U,81,M,1,7477.00
VIDEO-006203,ENHOGAR,2026-08-08,21,2165,U,88,X,4,7614.00
VIDEO-006204,ENHOGAR,2026-08-09,22,2266,R,22,NR,7,7751.00
VIDEO-006205,ENHOGAR,2026-08-10,01,0167,U,29,F,2,7888.00
VIDEO-006206,ENHOGAR,2026-08-11,02,0268,U,36,M,5,8025.00
VIDEO-006207,ENHOGAR,2026-08-12,03,0369,R,43,X,8,8162.00
VIDEO-006208,ENHOGAR,2026-08-13,04,0470,U,50,NR,3,8299.00
VIDEO-006209,ENHOGAR,2026-08-14,05,0571,U,57,F,6,8436.00
VIDEO-006210,ENHOGAR,2026-08-15,06,0672,R,64,M,1,973.00
VIDEO-006211,ENHOGAR,2026-08-16,07,0773,U,71,X,4,1110.00
VIDEO-006212,ENHOGAR,2026-08-17,08,0874,U,78,NR,7,1247.00
VIDEO-006213,ENHOGAR,2026-08-18,09,0975,R,85,F,2,1384.00
VIDEO-006214,ENHOGAR,2026-08-19,10,1076,U,19,M,5,1521.00
VIDEO-006215,ENHOGAR,2026-08-20,11,1177,U,26,X,8,1658.00
VIDEO-006216,ENHOGAR,2026-08-01,12,1278,R,33,NR,3,1795.00
VIDEO-006217,ENHOGAR,2026-08-02,13,1379,U,40,F,6,1932.00
VIDEO-006218,ENHOGAR,2026-08-03,14,1480,U,47,M,1,2069.00
VIDEO-006219,ENHOGAR,2026-08-04,15,1581,R,54,X,4,2206.00
VIDEO-006220,ENHOGAR,2026-08-05,16,1682,U,61,NR,7,2343.00
VIDEO-006221,ENHOGAR,2026-08-06,17,1783,U,68,F,2,2480.00
VIDEO-006222,ENHOGAR,2026-08-07,18,1884,R,75,M,5,2617.00
VIDEO-006223,ENHOGAR,2026-08-08,19,1985,U,82,X,8,2754.00
VIDEO-006224,ENHOGAR,2026-08-09,20,2086,U,89,NR,3,2891.00
VIDEO-006225,ENHOGAR,2026-08-10,21,2187,R,23,F,6,3028.00
VIDEO-006226,ENHOGAR,2026-08-11,22,2288,U,30,M,1,3165.00
VIDEO-006227,ENHOGAR,2026-08-12,01,0189,U,37,X,4,3302.00
VIDEO-006228,ENHOGAR,2026-08-13,02,0290,R,44,NR,7,3439.00
VIDEO-006229,ENHOGAR,2026-08-14,03,0391,U,51,F,2,3576.00
VIDEO-006230,ENHOGAR,2026-08-15,04,0492,U,58,M,5,3713.00
VIDEO-006231,ENHOGAR,2026-08-16,05,0593,R,65,X,8,3850.00
VIDEO-006232,ENHOGAR,2026-08-17,06,0694,U,72,NR,3,3987.00
VIDEO-006233,ENHOGAR,2026-08-18,07,0795,U,79,F,6,4124.00
VIDEO-006234,ENHOGAR,2026-08-19,08,0896,R,86,M,1,4261.00
VIDEO-006235,ENHOGAR,2026-08-20,09,0997,U,20,X,4,4398.00
VIDEO-006236,ENHOGAR,2026-08-01,10,1098,U,27,NR,7,4535.00
VIDEO-006237,ENHOGAR,2026-08-02,11,1199,R,34,F,2,4672.00
VIDEO-006238,ENHOGAR,2026-08-03,12,1201,U,41,M,5,4809.00
VIDEO-006239,ENHOGAR,2026-08-04,13,1302,U,48,X,8,4946.00
VIDEO-006240,ENHOGAR,2026-08-05,14,1403,R,55,NR,3,5083.00
VIDEO-006241,ENHOGAR,2026-08-06,15,1504,U,62,F,6,5220.00
VIDEO-006242,ENHOGAR,2026-08-07,16,1605,U,69,M,1,5357.00
VIDEO-006243,ENHOGAR,2026-08-08,17,1706,R,76,X,4,5494.00
VIDEO-006244,ENHOGAR,2026-08-09,18,1807,U,83,NR,7,5631.00
VIDEO-006245,ENHOGAR,2026-08-10,19,1908,U,90,F,2,5768.00
VIDEO-006246,ENHOGAR,2026-08-11,20,2009,R,24,M,5,5905.00
VIDEO-006247,ENHOGAR,2026-08-12,21,2110,U,31,X,8,6042.00
VIDEO-006248,ENHOGAR,2026-08-13,22,2211,U,38,NR,3,6179.00
VIDEO-006249,ENHOGAR,2026-08-14,01,0112,R,45,F,6,6316.00
VIDEO-006250,ENHOGAR,2026-08-15,02,0213,U,52,M,1,6453.00
VIDEO-006251,ENHOGAR,2026-08-16,03,0314,U,59,X,4,6590.00
VIDEO-006252,ENHOGAR,2026-08-17,04,0415,R,66,NR,7,6727.00
VIDEO-006253,ENHOGAR,2026-08-18,05,0516,U,73,F,2,6864.00
VIDEO-006254,ENHOGAR,2026-08-19,06,0617,U,80,M,5,7001.00
VIDEO-006255,ENHOGAR,2026-08-20,07,0718,R,87,X,8,7138.00
VIDEO-006256,ENHOGAR,2026-08-01,08,0819,U,21,NR,3,7275.00
VIDEO-006257,ENHOGAR,2026-08-02,09,0920,U,28,F,6,7412.00
VIDEO-006258,ENHOGAR,2026-08-03,10,1021,R,35,M,1,7549.00
VIDEO-006259,ENHOGAR,2026-08-04,11,1122,U,42,X,4,7686.00
VIDEO-006260,ENHOGAR,2026-08-05,12,1223,U,49,NR,7,7823.00
VIDEO-006261,ENHOGAR,2026-08-06,13,1324,R,56,F,2,7960.00
VIDEO-006262,ENHOGAR,2026-08-07,14,1425,U,63,M,5,8097.00
VIDEO-006263,ENHOGAR,2026-08-08,15,1526,U,70,X,8,8234.00
VIDEO-006264,ENHOGAR,2026-08-09,16,1627,R,77,NR,3,8371.00
VIDEO-006265,ENHOGAR,2026-08-10,17,1728,U,84,F,6,908.00
VIDEO-006266,ENHOGAR,2026-08-11,18,1829,U,18,M,1,1045.00
VIDEO-006267,ENHOGAR,2026-08-12,19,1930,R,25,X,4,1182.00
VIDEO-006268,ENHOGAR,2026-08-13,20,2031,U,32,NR,7,1319.00
VIDEO-006269,ENHOGAR,2026-08-14,21,2132,U,39,F,2,1456.00
VIDEO-006270,ENHOGAR,2026-08-15,22,2233,R,46,M,5,1593.00
VIDEO-006271,ENHOGAR,2026-08-16,01,0134,U,53,X,8,1730.00
VIDEO-006272,ENHOGAR,2026-08-17,02,0235,U,60,NR,3,1867.00
VIDEO-006273,ENHOGAR,2026-08-18,03,0336,R,67,F,6,2004.00
VIDEO-006274,ENHOGAR,2026-08-19,04,0437,U,74,M,1,2141.00
VIDEO-006275,ENHOGAR,2026-08-20,05,0538,U,81,X,4,2278.00
VIDEO-006276,ENHOGAR,2026-08-01,06,0639,R,88,NR,7,2415.00
VIDEO-006277,ENHOGAR,2026-08-02,07,0740,U,22,F,2,2552.00
VIDEO-006278,ENHOGAR,2026-08-03,08,0841,U,29,M,5,2689.00
VIDEO-006279,ENHOGAR,2026-08-04,09,0942,R,36,X,8,2826.00
VIDEO-006280,ENHOGAR,2026-08-05,10,1043,U,43,NR,3,2963.00
VIDEO-006281,ENHOGAR,2026-08-06,11,1144,U,50,F,6,3100.00
VIDEO-006282,ENHOGAR,2026-08-07,12,1245,R,57,M,1,3237.00
VIDEO-006283,ENHOGAR,2026-08-08,13,1346,U,64,X,4,3374.00
VIDEO-006284,ENHOGAR,2026-08-09,14,1447,U,71,NR,7,3511.00
VIDEO-006285,ENHOGAR,2026-08-10,15,1548,R,78,F,2,3648.00
VIDEO-006286,ENHOGAR,2026-08-11,16,1649,U,85,M,5,3785.00
VIDEO-006287,ENHOGAR,2026-08-12,17,1750,U,19,X,8,3922.00
VIDEO-006288,ENHOGAR,2026-08-13,18,1851,R,26,NR,3,4059.00
VIDEO-006289,ENHOGAR,2026-08-14,19,1952,U,33,F,6,4196.00
VIDEO-006290,ENHOGAR,2026-08-15,20,2053,U,40,M,1,4333.00
VIDEO-006291,ENHOGAR,2026-08-16,21,2154,R,47,X,4,4470.00
VIDEO-006292,ENHOGAR,2026-08-17,22,2255,U,54,NR,7,4607.00
VIDEO-006293,ENHOGAR,2026-08-18,01,0156,U,61,F,2,4744.00
VIDEO-006294,ENHOGAR,2026-08-19,02,0257,R,68,M,5,4881.00
VIDEO-006295,ENHOGAR,2026-08-20,03,0358,U,75,X,8,5018.00
VIDEO-006296,ENHOGAR,2026-08-01,04,0459,U,82,NR,3,5155.00
VIDEO-006297,ENHOGAR,2026-08-02,05,0560,R,89,F,6,5292.00
VIDEO-006298,ENHOGAR,2026-08-03,06,0661,U,23,M,1,5429.00
VIDEO-006299,ENHOGAR,2026-08-04,07,0762,U,30,X,4,5566.00
VIDEO-006300,ENHOGAR,2026-08-05,08,0863,R,37,NR,7,5703.00
VIDEO-006301,ENHOGAR,2026-08-06,09,0964,U,44,F,2,5840.00
VIDEO-006302,ENHOGAR,2026-08-07,10,1065,U,51,M,5,5977.00
VIDEO-006303,ENHOGAR,2026-08-08,11,1166,R,58,X,8,6114.00
VIDEO-006304,ENHOGAR,2026-08-09,12,1267,U,65,NR,3,6251.00
VIDEO-006305,ENHOGAR,2026-08-10,13,1368,U,72,F,6,6388.00
VIDEO-006306,ENHOGAR,2026-08-11,14,1469,R,79,M,1,6525.00
VIDEO-006307,ENHOGAR,2026-08-12,15,1570,U,86,X,4,6662.00
VIDEO-006308,ENHOGAR,2026-08-13,16,1671,U,20,NR,7,6799.00
VIDEO-006309,ENHOGAR,2026-08-14,17,1772,R,27,F,2,6936.00
VIDEO-006310,ENHOGAR,2026-08-15,18,1873,U,34,M,5,7073.00
VIDEO-006311,ENHOGAR,2026-08-16,19,1974,U,41,X,8,7210.00
VIDEO-006312,ENHOGAR,2026-08-17,20,2075,R,48,NR,3,7347.00
VIDEO-006313,ENHOGAR,2026-08-18,21,2176,U,55,F,6,7484.00
VIDEO-006314,ENHOGAR,2026-08-19,22,2277,U,62,M,1,7621.00
VIDEO-006315,ENHOGAR,2026-08-20,01,0178,R,69,X,4,7758.00
VIDEO-006316,ENHOGAR,2026-08-01,02,0279,U,76,NR,7,7895.00
VIDEO-006317,ENHOGAR,2026-08-02,03,0380,U,83,F,2,8032.00
VIDEO-006318,ENHOGAR,2026-08-03,04,0481,R,90,M,5,8169.00
VIDEO-006319,ENHOGAR,2026-08-04,05,0582,U,24,X,8,8306.00
VIDEO-006320,ENHOGAR,2026-08-05,06,0683,U,31,NR,3,8443.00
VIDEO-006321,ENHOGAR,2026-08-06,07,0784,R,38,F,6,980.00
VIDEO-006322,ENHOGAR,2026-08-07,08,0885,U,45,M,1,1117.00
VIDEO-006323,ENHOGAR,2026-08-08,09,0986,U,52,X,4,1254.00
VIDEO-006324,ENHOGAR,2026-08-09,10,1087,R,59,NR,7,1391.00
VIDEO-006325,ENHOGAR,2026-08-10,11,1188,U,66,F,2,1528.00
VIDEO-006326,ENHOGAR,2026-08-11,12,1289,U,73,M,5,1665.00
VIDEO-006327,ENHOGAR,2026-08-12,13,1390,R,80,X,8,1802.00
VIDEO-006328,ENHOGAR,2026-08-13,14,1491,U,87,NR,3,1939.00
VIDEO-006329,ENHOGAR,2026-08-14,15,1592,U,21,F,6,2076.00
VIDEO-006330,ENHOGAR,2026-08-15,16,1693,R,28,M,1,2213.00
VIDEO-006331,ENHOGAR,2026-08-16,17,1794,U,35,X,4,2350.00
VIDEO-006332,ENHOGAR,2026-08-17,18,1895,U,42,NR,7,2487.00
VIDEO-006333,ENHOGAR,2026-08-18,19,1996,R,49,F,2,2624.00
VIDEO-006334,ENHOGAR,2026-08-19,20,2097,U,56,M,5,2761.00
VIDEO-006335,ENHOGAR,2026-08-20,21,2198,U,63,X,8,2898.00
VIDEO-006336,ENHOGAR,2026-08-01,22,2299,R,70,NR,3,3035.00
VIDEO-006337,ENHOGAR,2026-08-02,01,0101,U,77,F,6,3172.00
VIDEO-006338,ENHOGAR,2026-08-03,02,0202,U,84,M,1,3309.00
VIDEO-006339,ENHOGAR,2026-08-04,03,0303,R,18,X,4,3446.00
VIDEO-006340,ENHOGAR,2026-08-05,04,0404,U,25,NR,7,3583.00
VIDEO-006341,ENHOGAR,2026-08-06,05,0505,U,32,F,2,3720.00
VIDEO-006342,ENHOGAR,2026-08-07,06,0606,R,39,M,5,3857.00
VIDEO-006343,ENHOGAR,2026-08-08,07,0707,U,46,X,8,3994.00
VIDEO-006344,ENHOGAR,2026-08-09,08,0808,U,53,NR,3,4131.00
VIDEO-006345,ENHOGAR,2026-08-10,09,0909,R,60,F,6,4268.00
VIDEO-006346,ENHOGAR,2026-08-11,10,1010,U,67,M,1,4405.00
VIDEO-006347,ENHOGAR,2026-08-12,11,1111,U,74,X,4,4542.00
VIDEO-006348,ENHOGAR,2026-08-13,12,1212,R,81,NR,7,4679.00
VIDEO-006349,ENHOGAR,2026-08-14,13,1313,U,88,F,2,4816.00
VIDEO-006350,ENHOGAR,2026-08-15,14,1414,U,22,M,5,4953.00
VIDEO-006351,ENHOGAR,2026-08-16,15,1515,R,29,X,8,5090.00
VIDEO-006352,ENHOGAR,2026-08-17,16,1616,U,36,NR,3,5227.00
VIDEO-006353,ENHOGAR,2026-08-18,17,1717,U,43,F,6,5364.00
VIDEO-006354,ENHOGAR,2026-08-19,18,1818,R,50,M,1,5501.00
VIDEO-006355,ENHOGAR,2026-08-20,19,1919,U,57,X,4,5638.00
VIDEO-006356,ENHOGAR,2026-08-01,20,2020,U,64,NR,7,5775.00
VIDEO-006357,ENHOGAR,2026-08-02,21,2121,R,71,F,2,5912.00
VIDEO-006358,ENHOGAR,2026-08-03,22,2222,U,78,M,5,6049.00
VIDEO-006359,ENHOGAR,2026-08-04,01,0123,U,85,X,8,6186.00
VIDEO-006360,ENHOGAR,2026-08-05,02,0224,R,19,NR,3,6323.00
VIDEO-006361,ENHOGAR,2026-08-06,03,0325,U,26,F,6,6460.00
VIDEO-006362,ENHOGAR,2026-08-07,04,0426,U,33,M,1,6597.00
VIDEO-006363,ENHOGAR,2026-08-08,05,0527,R,40,X,4,6734.00
VIDEO-006364,ENHOGAR,2026-08-09,06,0628,U,47,NR,7,6871.00
VIDEO-006365,ENHOGAR,2026-08-10,07,0729,U,54,F,2,7008.00
VIDEO-006366,ENHOGAR,2026-08-11,08,0830,R,61,M,5,7145.00
VIDEO-006367,ENHOGAR,2026-08-12,09,0931,U,68,X,8,7282.00
VIDEO-006368,ENHOGAR,2026-08-13,10,1032,U,75,NR,3,7419.00
VIDEO-006369,ENHOGAR,2026-08-14,11,1133,R,82,F,6,7556.00
VIDEO-006370,ENHOGAR,2026-08-15,12,1234,U,89,M,1,7693.00
VIDEO-006371,ENHOGAR,2026-08-16,13,1335,U,23,X,4,7830.00
VIDEO-006372,ENHOGAR,2026-08-17,14,1436,R,30,NR,7,7967.00
VIDEO-006373,ENHOGAR,2026-08-18,15,1537,U,37,F,2,8104.00
VIDEO-006374,ENHOGAR,2026-08-19,16,1638,U,44,M,5,8241.00
VIDEO-006375,ENHOGAR,2026-08-20,17,1739,R,51,X,8,8378.00
VIDEO-006376,ENHOGAR,2026-08-01,18,1840,U,58,NR,3,915.00
VIDEO-006377,ENHOGAR,2026-08-02,19,1941,U,65,F,6,1052.00
VIDEO-006378,ENHOGAR,2026-08-03,20,2042,R,72,M,1,1189.00
VIDEO-006379,ENHOGAR,2026-08-04,21,2143,U,79,X,4,1326.00
VIDEO-006380,ENHOGAR,2026-08-05,22,2244,U,86,NR,7,1463.00
VIDEO-006381,ENHOGAR,2026-08-06,01,0145,R,20,F,2,1600.00
VIDEO-006382,ENHOGAR,2026-08-07,02,0246,U,27,M,5,1737.00
VIDEO-006383,ENHOGAR,2026-08-08,03,0347,U,34,X,8,1874.00
VIDEO-006384,ENHOGAR,2026-08-09,04,0448,R,41,NR,3,2011.00
VIDEO-006385,ENHOGAR,2026-08-10,05,0549,U,48,F,6,2148.00
VIDEO-006386,ENHOGAR,2026-08-11,06,0650,U,55,M,1,2285.00
VIDEO-006387,ENHOGAR,2026-08-12,07,0751,R,62,X,4,2422.00
VIDEO-006388,ENHOGAR,2026-08-13,08,0852,U,69,NR,7,2559.00
VIDEO-006389,ENHOGAR,2026-08-14,09,0953,U,76,F,2,2696.00
VIDEO-006390,ENHOGAR,2026-08-15,10,1054,R,83,M,5,2833.00
VIDEO-006391,ENHOGAR,2026-08-16,11,1155,U,90,X,8,2970.00
VIDEO-006392,ENHOGAR,2026-08-17,12,1256,U,24,NR,3,3107.00
VIDEO-006393,ENHOGAR,2026-08-18,13,1357,R,31,F,6,3244.00
VIDEO-006394,ENHOGAR,2026-08-19,14,1458,U,38,M,1,3381.00
VIDEO-006395,ENHOGAR,2026-08-20,15,1559,U,45,X,4,3518.00
VIDEO-006396,ENHOGAR,2026-08-01,16,1660,R,52,NR,7,3655.00
VIDEO-006397,ENHOGAR,2026-08-02,17,1761,U,59,F,2,3792.00
VIDEO-006398,ENHOGAR,2026-08-03,18,1862,U,66,M,5,3929.00
VIDEO-006399,ENHOGAR,2026-08-04,19,1963,R,73,X,8,4066.00
VIDEO-006400,ENHOGAR,2026-08-05,20,2064,U,80,NR,3,4203.00
VIDEO-006401,ENHOGAR,2026-08-06,21,2165,U,87,F,6,4340.00
VIDEO-006402,ENHOGAR,2026-08-07,22,2266,R,21,M,1,4477.00
VIDEO-006403,ENHOGAR,2026-08-08,01,0167,U,28,X,4,4614.00
VIDEO-006404,ENHOGAR,2026-08-09,02,0268,U,35,NR,7,4751.00
VIDEO-006405,ENHOGAR,2026-08-10,03,0369,R,42,F,2,4888.00
VIDEO-006406,ENHOGAR,2026-08-11,04,0470,U,49,M,5,5025.00
VIDEO-006407,ENHOGAR,2026-08-12,05,0571,U,56,X,8,5162.00
VIDEO-006408,ENHOGAR,2026-08-13,06,0672,R,63,NR,3,5299.00
VIDEO-006409,ENHOGAR,2026-08-14,07,0773,U,70,F,6,5436.00
VIDEO-006410,ENHOGAR,2026-08-15,08,0874,U,77,M,1,5573.00
VIDEO-006411,ENHOGAR,2026-08-16,09,0975,R,84,X,4,5710.00
VIDEO-006412,ENHOGAR,2026-08-17,10,1076,U,18,NR,7,5847.00
VIDEO-006413,ENHOGAR,2026-08-18,11,1177,U,25,F,2,5984.00
VIDEO-006414,ENHOGAR,2026-08-19,12,1278,R,32,M,5,6121.00
VIDEO-006415,ENHOGAR,2026-08-20,13,1379,U,39,X,8,6258.00
VIDEO-006416,ENHOGAR,2026-08-01,14,1480,U,46,NR,3,6395.00
VIDEO-006417,ENHOGAR,2026-08-02,15,1581,R,53,F,6,6532.00
VIDEO-006418,ENHOGAR,2026-08-03,16,1682,U,60,M,1,6669.00
VIDEO-006419,ENHOGAR,2026-08-04,17,1783,U,67,X,4,6806.00
VIDEO-006420,ENHOGAR,2026-08-05,18,1884,R,74,NR,7,6943.00
VIDEO-006421,ENHOGAR,2026-08-06,19,1985,U,81,F,2,7080.00
VIDEO-006422,ENHOGAR,2026-08-07,20,2086,U,88,M,5,7217.00
VIDEO-006423,ENHOGAR,2026-08-08,21,2187,R,22,X,8,7354.00
VIDEO-006424,ENHOGAR,2026-08-09,22,2288,U,29,NR,3,7491.00
VIDEO-006425,ENHOGAR,2026-08-10,01,0189,U,36,F,6,7628.00
VIDEO-006426,ENHOGAR,2026-08-11,02,0290,R,43,M,1,7765.00
VIDEO-006427,ENHOGAR,2026-08-12,03,0391,U,50,X,4,7902.00
VIDEO-006428,ENHOGAR,2026-08-13,04,0492,U,57,NR,7,8039.00
VIDEO-006429,ENHOGAR,2026-08-14,05,0593,R,64,F,2,8176.00
VIDEO-006430,ENHOGAR,2026-08-15,06,0694,U,71,M,5,8313.00
VIDEO-006431,ENHOGAR,2026-08-16,07,0795,U,78,X,8,8450.00
VIDEO-006432,ENHOGAR,2026-08-17,08,0896,R,85,NR,3,987.00
VIDEO-006433,ENHOGAR,2026-08-18,09,0997,U,19,F,6,1124.00
VIDEO-006434,ENHOGAR,2026-08-19,10,1098,U,26,M,1,1261.00
VIDEO-006435,ENHOGAR,2026-08-20,11,1199,R,33,X,4,1398.00
VIDEO-006436,ENHOGAR,2026-08-01,12,1201,U,40,NR,7,1535.00
VIDEO-006437,ENHOGAR,2026-08-02,13,1302,U,47,F,2,1672.00
VIDEO-006438,ENHOGAR,2026-08-03,14,1403,R,54,M,5,1809.00
VIDEO-006439,ENHOGAR,2026-08-04,15,1504,U,61,X,8,1946.00
VIDEO-006440,ENHOGAR,2026-08-05,16,1605,U,68,NR,3,2083.00
VIDEO-006441,ENHOGAR,2026-08-06,17,1706,R,75,F,6,2220.00
VIDEO-006442,ENHOGAR,2026-08-07,18,1807,U,82,M,1,2357.00
VIDEO-006443,ENHOGAR,2026-08-08,19,1908,U,89,X,4,2494.00
VIDEO-006444,ENHOGAR,2026-08-09,20,2009,R,23,NR,7,2631.00
VIDEO-006445,ENHOGAR,2026-08-10,21,2110,U,30,F,2,2768.00
VIDEO-006446,ENHOGAR,2026-08-11,22,2211,U,37,M,5,2905.00
VIDEO-006447,ENHOGAR,2026-08-12,01,0112,R,44,X,8,3042.00
VIDEO-006448,ENHOGAR,2026-08-13,02,0213,U,51,NR,3,3179.00
VIDEO-006449,ENHOGAR,2026-08-14,03,0314,U,58,F,6,3316.00
VIDEO-006450,ENHOGAR,2026-08-15,04,0415,R,65,M,1,3453.00
VIDEO-006451,ENHOGAR,2026-08-16,05,0516,U,72,X,4,3590.00
VIDEO-006452,ENHOGAR,2026-08-17,06,0617,U,79,NR,7,3727.00
VIDEO-006453,ENHOGAR,2026-08-18,07,0718,R,86,F,2,3864.00
VIDEO-006454,ENHOGAR,2026-08-19,08,0819,U,20,M,5,4001.00
VIDEO-006455,ENHOGAR,2026-08-20,09,0920,U,27,X,8,4138.00
VIDEO-006456,ENHOGAR,2026-08-01,10,1021,R,34,NR,3,4275.00
VIDEO-006457,ENHOGAR,2026-08-02,11,1122,U,41,F,6,4412.00
VIDEO-006458,ENHOGAR,2026-08-03,12,1223,U,48,M,1,4549.00
VIDEO-006459,ENHOGAR,2026-08-04,13,1324,R,55,X,4,4686.00
VIDEO-006460,ENHOGAR,2026-08-05,14,1425,U,62,NR,7,4823.00
VIDEO-006461,ENHOGAR,2026-08-06,15,1526,U,69,F,2,4960.00
VIDEO-006462,ENHOGAR,2026-08-07,16,1627,R,76,M,5,5097.00
VIDEO-006463,ENHOGAR,2026-08-08,17,1728,U,83,X,8,5234.00
VIDEO-006464,ENHOGAR,2026-08-09,18,1829,U,90,NR,3,5371.00
VIDEO-006465,ENHOGAR,2026-08-10,19,1930,R,24,F,6,5508.00
VIDEO-006466,ENHOGAR,2026-08-11,20,2031,U,31,M,1,5645.00
VIDEO-006467,ENHOGAR,2026-08-12,21,2132,U,38,X,4,5782.00
VIDEO-006468,ENHOGAR,2026-08-13,22,2233,R,45,NR,7,5919.00
VIDEO-006469,ENHOGAR,2026-08-14,01,0134,U,52,F,2,6056.00
VIDEO-006470,ENHOGAR,2026-08-15,02,0235,U,59,M,5,6193.00
VIDEO-006471,ENHOGAR,2026-08-16,03,0336,R,66,X,8,6330.00
VIDEO-006472,ENHOGAR,2026-08-17,04,0437,U,73,NR,3,6467.00
VIDEO-006473,ENHOGAR,2026-08-18,05,0538,U,80,F,6,6604.00
VIDEO-006474,ENHOGAR,2026-08-19,06,0639,R,87,M,1,6741.00
VIDEO-006475,ENHOGAR,2026-08-20,07,0740,U,21,X,4,6878.00
VIDEO-006476,ENHOGAR,2026-08-01,08,0841,U,28,NR,7,7015.00
VIDEO-006477,ENHOGAR,2026-08-02,09,0942,R,35,F,2,7152.00
VIDEO-006478,ENHOGAR,2026-08-03,10,1043,U,42,M,5,7289.00
VIDEO-006479,ENHOGAR,2026-08-04,11,1144,U,49,X,8,7426.00
VIDEO-006480,ENHOGAR,2026-08-05,12,1245,R,56,NR,3,7563.00
VIDEO-006481,ENHOGAR,2026-08-06,13,1346,U,63,F,6,7700.00
VIDEO-006482,ENHOGAR,2026-08-07,14,1447,U,70,M,1,7837.00
VIDEO-006483,ENHOGAR,2026-08-08,15,1548,R,77,X,4,7974.00
VIDEO-006484,ENHOGAR,2026-08-09,16,1649,U,84,NR,7,8111.00
VIDEO-006485,ENHOGAR,2026-08-10,17,1750,U,18,F,2,8248.00
VIDEO-006486,ENHOGAR,2026-08-11,18,1851,R,25,M,5,8385.00
VIDEO-006487,ENHOGAR,2026-08-12,19,1952,U,32,X,8,922.00
VIDEO-006488,ENHOGAR,2026-08-13,20,2053,U,39,NR,3,1059.00
VIDEO-006489,ENHOGAR,2026-08-14,21,2154,R,46,F,6,1196.00
VIDEO-006490,ENHOGAR,2026-08-15,22,2255,U,53,M,1,1333.00
VIDEO-006491,ENHOGAR,2026-08-16,01,0156,U,60,X,4,1470.00
VIDEO-006492,ENHOGAR,2026-08-17,02,0257,R,67,NR,7,1607.00
VIDEO-006493,ENHOGAR,2026-08-18,03,0358,U,74,F,2,1744.00
VIDEO-006494,ENHOGAR,2026-08-19,04,0459,U,81,M,5,1881.00
VIDEO-006495,ENHOGAR,2026-08-20,05,0560,R,88,X,8,2018.00
VIDEO-006496,ENHOGAR,2026-08-01,06,0661,U,22,NR,3,2155.00
VIDEO-006497,ENHOGAR,2026-08-02,07,0762,U,29,F,6,2292.00
VIDEO-006498,ENHOGAR,2026-08-03,08,0863,R,36,M,1,2429.00
VIDEO-006499,ENHOGAR,2026-08-04,09,0964,U,43,X,4,2566.00
VIDEO-006500,ENHOGAR,2026-08-05,10,1065,U,50,NR,7,2703.00
VIDEO-006501,ENHOGAR,2026-08-06,11,1166,R,57,F,2,2840.00
VIDEO-006502,ENHOGAR,2026-08-07,12,1267,U,64,M,5,2977.00
VIDEO-006503,ENHOGAR,2026-08-08,13,1368,U,71,X,8,3114.00
VIDEO-006504,ENHOGAR,2026-08-09,14,1469,R,78,NR,3,3251.00
VIDEO-006505,ENHOGAR,2026-08-10,15,1570,U,85,F,6,3388.00
VIDEO-006506,ENHOGAR,2026-08-11,16,1671,U,19,M,1,3525.00
VIDEO-006507,ENHOGAR,2026-08-12,17,1772,R,26,X,4,3662.00
VIDEO-006508,ENHOGAR,2026-08-13,18,1873,U,33,NR,7,3799.00
VIDEO-006509,ENHOGAR,2026-08-14,19,1974,U,40,F,2,3936.00
VIDEO-006510,ENHOGAR,2026-08-15,20,2075,R,47,M,5,4073.00
VIDEO-006511,ENHOGAR,2026-08-16,21,2176,U,54,X,8,4210.00
VIDEO-006512,ENHOGAR,2026-08-17,22,2277,U,61,NR,3,4347.00
VIDEO-006513,ENHOGAR,2026-08-18,01,0178,R,68,F,6,4484.00
VIDEO-006514,ENHOGAR,2026-08-19,02,0279,U,75,M,1,4621.00
VIDEO-006515,ENHOGAR,2026-08-20,03,0380,U,82,X,4,4758.00
VIDEO-006516,ENHOGAR,2026-08-01,04,0481,R,89,NR,7,4895.00
VIDEO-006517,ENHOGAR,2026-08-02,05,0582,U,23,F,2,5032.00
VIDEO-006518,ENHOGAR,2026-08-03,06,0683,U,30,M,5,5169.00
VIDEO-006519,ENHOGAR,2026-08-04,07,0784,R,37,X,8,5306.00
VIDEO-006520,ENHOGAR,2026-08-05,08,0885,U,44,NR,3,5443.00
VIDEO-006521,ENHOGAR,2026-08-06,09,0986,U,51,F,6,5580.00
VIDEO-006522,ENHOGAR,2026-08-07,10,1087,R,58,M,1,5717.00
VIDEO-006523,ENHOGAR,2026-08-08,11,1188,U,65,X,4,5854.00
VIDEO-006524,ENHOGAR,2026-08-09,12,1289,U,72,NR,7,5991.00
VIDEO-006525,ENHOGAR,2026-08-10,13,1390,R,79,F,2,6128.00
VIDEO-006526,ENHOGAR,2026-08-11,14,1491,U,86,M,5,6265.00
VIDEO-006527,ENHOGAR,2026-08-12,15,1592,U,20,X,8,6402.00
VIDEO-006528,ENHOGAR,2026-08-13,16,1693,R,27,NR,3,6539.00
VIDEO-006529,ENHOGAR,2026-08-14,17,1794,U,34,F,6,6676.00
VIDEO-006530,ENHOGAR,2026-08-15,18,1895,U,41,M,1,6813.00
VIDEO-006531,ENHOGAR,2026-08-16,19,1996,R,48,X,4,6950.00
VIDEO-006532,ENHOGAR,2026-08-17,20,2097,U,55,NR,7,7087.00
VIDEO-006533,ENHOGAR,2026-08-18,21,2198,U,62,F,2,7224.00
VIDEO-006534,ENHOGAR,2026-08-19,22,2299,R,69,M,5,7361.00
VIDEO-006535,ENHOGAR,2026-08-20,01,0101,U,76,X,8,7498.00
VIDEO-006536,ENHOGAR,2026-08-01,02,0202,U,83,NR,3,7635.00
VIDEO-006537,ENHOGAR,2026-08-02,03,0303,R,90,F,6,7772.00
VIDEO-006538,ENHOGAR,2026-08-03,04,0404,U,24,M,1,7909.00
VIDEO-006539,ENHOGAR,2026-08-04,05,0505,U,31,X,4,8046.00
VIDEO-006540,ENHOGAR,2026-08-05,06,0606,R,38,NR,7,8183.00
VIDEO-006541,ENHOGAR,2026-08-06,07,0707,U,45,F,2,8320.00
VIDEO-006542,ENHOGAR,2026-08-07,08,0808,U,52,M,5,8457.00
VIDEO-006543,ENHOGAR,2026-08-08,09,0909,R,59,X,8,994.00
VIDEO-006544,ENHOGAR,2026-08-09,10,1010,U,66,NR,3,1131.00
VIDEO-006545,ENHOGAR,2026-08-10,11,1111,U,73,F,6,1268.00
VIDEO-006546,ENHOGAR,2026-08-11,12,1212,R,80,M,1,1405.00
VIDEO-006547,ENHOGAR,2026-08-12,13,1313,U,87,X,4,1542.00
VIDEO-006548,ENHOGAR,2026-08-13,14,1414,U,21,NR,7,1679.00
VIDEO-006549,ENHOGAR,2026-08-14,15,1515,R,28,F,2,1816.00
VIDEO-006550,ENHOGAR,2026-08-15,16,1616,U,35,M,5,1953.00
VIDEO-006551,ENHOGAR,2026-08-16,17,1717,U,42,X,8,2090.00
VIDEO-006552,ENHOGAR,2026-08-17,18,1818,R,49,NR,3,2227.00
VIDEO-006553,ENHOGAR,2026-08-18,19,1919,U,56,F,6,2364.00
VIDEO-006554,ENHOGAR,2026-08-19,20,2020,U,63,M,1,2501.00
VIDEO-006555,ENHOGAR,2026-08-20,21,2121,R,70,X,4,2638.00
VIDEO-006556,ENHOGAR,2026-08-01,22,2222,U,77,NR,7,2775.00
VIDEO-006557,ENHOGAR,2026-08-02,01,0123,U,84,F,2,2912.00
VIDEO-006558,ENHOGAR,2026-08-03,02,0224,R,18,M,5,3049.00
VIDEO-006559,ENHOGAR,2026-08-04,03,0325,U,25,X,8,3186.00
VIDEO-006560,ENHOGAR,2026-08-05,04,0426,U,32,NR,3,3323.00
VIDEO-006561,ENHOGAR,2026-08-06,05,0527,R,39,F,6,3460.00
VIDEO-006562,ENHOGAR,2026-08-07,06,0628,U,46,M,1,3597.00
VIDEO-006563,ENHOGAR,2026-08-08,07,0729,U,53,X,4,3734.00
VIDEO-006564,ENHOGAR,2026-08-09,08,0830,R,60,NR,7,3871.00
VIDEO-006565,ENHOGAR,2026-08-10,09,0931,U,67,F,2,4008.00
VIDEO-006566,ENHOGAR,2026-08-11,10,1032,U,74,M,5,4145.00
VIDEO-006567,ENHOGAR,2026-08-12,11,1133,R,81,X,8,4282.00
VIDEO-006568,ENHOGAR,2026-08-13,12,1234,U,88,NR,3,4419.00
VIDEO-006569,ENHOGAR,2026-08-14,13,1335,U,22,F,6,4556.00
VIDEO-006570,ENHOGAR,2026-08-15,14,1436,R,29,M,1,4693.00
VIDEO-006571,ENHOGAR,2026-08-16,15,1537,U,36,X,4,4830.00
VIDEO-006572,ENHOGAR,2026-08-17,16,1638,U,43,NR,7,4967.00
VIDEO-006573,ENHOGAR,2026-08-18,17,1739,R,50,F,2,5104.00
VIDEO-006574,ENHOGAR,2026-08-19,18,1840,U,57,M,5,5241.00
VIDEO-006575,ENHOGAR,2026-08-20,19,1941,U,64,X,8,5378.00
VIDEO-006576,ENHOGAR,2026-08-01,20,2042,R,71,NR,3,5515.00
VIDEO-006577,ENHOGAR,2026-08-02,21,2143,U,78,F,6,5652.00
VIDEO-006578,ENHOGAR,2026-08-03,22,2244,U,85,M,1,5789.00
VIDEO-006579,ENHOGAR,2026-08-04,01,0145,R,19,X,4,5926.00
VIDEO-006580,ENHOGAR,2026-08-05,02,0246,U,26,NR,7,6063.00
VIDEO-006581,ENHOGAR,2026-08-06,03,0347,U,33,F,2,6200.00
VIDEO-006582,ENHOGAR,2026-08-07,04,0448,R,40,M,5,6337.00
VIDEO-006583,ENHOGAR,2026-08-08,05,0549,U,47,X,8,6474.00
VIDEO-006584,ENHOGAR,2026-08-09,06,0650,U,54,NR,3,6611.00
VIDEO-006585,ENHOGAR,2026-08-10,07,0751,R,61,F,6,6748.00
VIDEO-006586,ENHOGAR,2026-08-11,08,0852,U,68,M,1,6885.00
VIDEO-006587,ENHOGAR,2026-08-12,09,0953,U,75,X,4,7022.00
VIDEO-006588,ENHOGAR,2026-08-13,10,1054,R,82,NR,7,7159.00
VIDEO-006589,ENHOGAR,2026-08-14,11,1155,U,89,F,2,7296.00
VIDEO-006590,ENHOGAR,2026-08-15,12,1256,U,23,M,5,7433.00
VIDEO-006591,ENHOGAR,2026-08-16,13,1357,R,30,X,8,7570.00
VIDEO-006592,ENHOGAR,2026-08-17,14,1458,U,37,NR,3,7707.00
VIDEO-006593,ENHOGAR,2026-08-18,15,1559,U,44,F,6,7844.00
VIDEO-006594,ENHOGAR,2026-08-19,16,1660,R,51,M,1,7981.00
VIDEO-006595,ENHOGAR,2026-08-20,17,1761,U,58,X,4,8118.00
VIDEO-006596,ENHOGAR,2026-08-01,18,1862,U,65,NR,7,8255.00
VIDEO-006597,ENHOGAR,2026-08-02,19,1963,R,72,F,2,8392.00
VIDEO-006598,ENHOGAR,2026-08-03,20,2064,U,79,M,5,929.00
VIDEO-006599,ENHOGAR,2026-08-04,21,2165,U,86,X,8,1066.00
VIDEO-006600,ENHOGAR,2026-08-05,22,2266,R,20,NR,3,1203.00
VIDEO-006601,ENHOGAR,2026-08-06,01,0167,U,27,F,6,1340.00
VIDEO-006602,ENHOGAR,2026-08-07,02,0268,U,34,M,1,1477.00
VIDEO-006603,ENHOGAR,2026-08-08,03,0369,R,41,X,4,1614.00
VIDEO-006604,ENHOGAR,2026-08-09,04,0470,U,48,NR,7,1751.00
VIDEO-006605,ENHOGAR,2026-08-10,05,0571,U,55,F,2,1888.00
VIDEO-006606,ENHOGAR,2026-08-11,06,0672,R,62,M,5,2025.00
VIDEO-006607,ENHOGAR,2026-08-12,07,0773,U,69,X,8,2162.00
VIDEO-006608,ENHOGAR,2026-08-13,08,0874,U,76,NR,3,2299.00
VIDEO-006609,ENHOGAR,2026-08-14,09,0975,R,83,F,6,2436.00
VIDEO-006610,ENHOGAR,2026-08-15,10,1076,U,90,M,1,2573.00
VIDEO-006611,ENHOGAR,2026-08-16,11,1177,U,24,X,4,2710.00
VIDEO-006612,ENHOGAR,2026-08-17,12,1278,R,31,NR,7,2847.00
VIDEO-006613,ENHOGAR,2026-08-18,13,1379,U,38,F,2,2984.00
VIDEO-006614,ENHOGAR,2026-08-19,14,1480,U,45,M,5,3121.00
VIDEO-006615,ENHOGAR,2026-08-20,15,1581,R,52,X,8,3258.00
VIDEO-006616,ENHOGAR,2026-08-01,16,1682,U,59,NR,3,3395.00
VIDEO-006617,ENHOGAR,2026-08-02,17,1783,U,66,F,6,3532.00
VIDEO-006618,ENHOGAR,2026-08-03,18,1884,R,73,M,1,3669.00
VIDEO-006619,ENHOGAR,2026-08-04,19,1985,U,80,X,4,3806.00
VIDEO-006620,ENHOGAR,2026-08-05,20,2086,U,87,NR,7,3943.00
VIDEO-006621,ENHOGAR,2026-08-06,21,2187,R,21,F,2,4080.00
VIDEO-006622,ENHOGAR,2026-08-07,22,2288,U,28,M,5,4217.00
VIDEO-006623,ENHOGAR,2026-08-08,01,0189,U,35,X,8,4354.00
VIDEO-006624,ENHOGAR,2026-08-09,02,0290,R,42,NR,3,4491.00
VIDEO-006625,ENHOGAR,2026-08-10,03,0391,U,49,F,6,4628.00
VIDEO-006626,ENHOGAR,2026-08-11,04,0492,U,56,M,1,4765.00
VIDEO-006627,ENHOGAR,2026-08-12,05,0593,R,63,X,4,4902.00
VIDEO-006628,ENHOGAR,2026-08-13,06,0694,U,70,NR,7,5039.00
VIDEO-006629,ENHOGAR,2026-08-14,07,0795,U,77,F,2,5176.00
VIDEO-006630,ENHOGAR,2026-08-15,08,0896,R,84,M,5,5313.00
VIDEO-006631,ENHOGAR,2026-08-16,09,0997,U,18,X,8,5450.00
VIDEO-006632,ENHOGAR,2026-08-17,10,1098,U,25,NR,3,5587.00
VIDEO-006633,ENHOGAR,2026-08-18,11,1199,R,32,F,6,5724.00
VIDEO-006634,ENHOGAR,2026-08-19,12,1201,U,39,M,1,5861.00
VIDEO-006635,ENHOGAR,2026-08-20,13,1302,U,46,X,4,5998.00
VIDEO-006636,ENHOGAR,2026-08-01,14,1403,R,53,NR,7,6135.00
VIDEO-006637,ENHOGAR,2026-08-02,15,1504,U,60,F,2,6272.00
VIDEO-006638,ENHOGAR,2026-08-03,16,1605,U,67,M,5,6409.00
VIDEO-006639,ENHOGAR,2026-08-04,17,1706,R,74,X,8,6546.00
VIDEO-006640,ENHOGAR,2026-08-05,18,1807,U,81,NR,3,6683.00
VIDEO-006641,ENHOGAR,2026-08-06,19,1908,U,88,F,6,6820.00
VIDEO-006642,ENHOGAR,2026-08-07,20,2009,R,22,M,1,6957.00
VIDEO-006643,ENHOGAR,2026-08-08,21,2110,U,29,X,4,7094.00
VIDEO-006644,ENHOGAR,2026-08-09,22,2211,U,36,NR,7,7231.00
VIDEO-006645,ENHOGAR,2026-08-10,01,0112,R,43,F,2,7368.00
VIDEO-006646,ENHOGAR,2026-08-11,02,0213,U,50,M,5,7505.00
VIDEO-006647,ENHOGAR,2026-08-12,03,0314,U,57,X,8,7642.00
VIDEO-006648,ENHOGAR,2026-08-13,04,0415,R,64,NR,3,7779.00
VIDEO-006649,ENHOGAR,2026-08-14,05,0516,U,71,F,6,7916.00
VIDEO-006650,ENHOGAR,2026-08-15,06,0617,U,78,M,1,8053.00
VIDEO-006651,ENHOGAR,2026-08-16,07,0718,R,85,X,4,8190.00
VIDEO-006652,ENHOGAR,2026-08-17,08,0819,U,19,NR,7,8327.00
VIDEO-006653,ENHOGAR,2026-08-18,09,0920,U,26,F,2,8464.00
VIDEO-006654,ENHOGAR,2026-08-19,10,1021,R,33,M,5,1001.00
VIDEO-006655,ENHOGAR,2026-08-20,11,1122,U,40,X,8,1138.00
VIDEO-006656,ENHOGAR,2026-08-01,12,1223,U,47,NR,3,1275.00
VIDEO-006657,ENHOGAR,2026-08-02,13,1324,R,54,F,6,1412.00
VIDEO-006658,ENHOGAR,2026-08-03,14,1425,U,61,M,1,1549.00
VIDEO-006659,ENHOGAR,2026-08-04,15,1526,U,68,X,4,1686.00
VIDEO-006660,ENHOGAR,2026-08-05,16,1627,R,75,NR,7,1823.00
VIDEO-006661,ENHOGAR,2026-08-06,17,1728,U,82,F,2,1960.00
VIDEO-006662,ENHOGAR,2026-08-07,18,1829,U,89,M,5,2097.00
VIDEO-006663,ENHOGAR,2026-08-08,19,1930,R,23,X,8,2234.00
VIDEO-006664,ENHOGAR,2026-08-09,20,2031,U,30,NR,3,2371.00
VIDEO-006665,ENHOGAR,2026-08-10,21,2132,U,37,F,6,2508.00
VIDEO-006666,ENHOGAR,2026-08-11,22,2233,R,44,M,1,2645.00
VIDEO-006667,ENHOGAR,2026-08-12,01,0134,U,51,X,4,2782.00
VIDEO-006668,ENHOGAR,2026-08-13,02,0235,U,58,NR,7,2919.00
VIDEO-006669,ENHOGAR,2026-08-14,03,0336,R,65,F,2,3056.00
VIDEO-006670,ENHOGAR,2026-08-15,04,0437,U,72,M,5,3193.00
VIDEO-006671,ENHOGAR,2026-08-16,05,0538,U,79,X,8,3330.00
VIDEO-006672,ENHOGAR,2026-08-17,06,0639,R,86,NR,3,3467.00
VIDEO-006673,ENHOGAR,2026-08-18,07,0740,U,20,F,6,3604.00
VIDEO-006674,ENHOGAR,2026-08-19,08,0841,U,27,M,1,3741.00
VIDEO-006675,ENHOGAR,2026-08-20,09,0942,R,34,X,4,3878.00
VIDEO-006676,ENHOGAR,2026-08-01,10,1043,U,41,NR,7,4015.00
VIDEO-006677,ENHOGAR,2026-08-02,11,1144,U,48,F,2,4152.00
VIDEO-006678,ENHOGAR,2026-08-03,12,1245,R,55,M,5,4289.00
VIDEO-006679,ENHOGAR,2026-08-04,13,1346,U,62,X,8,4426.00
VIDEO-006680,ENHOGAR,2026-08-05,14,1447,U,69,NR,3,4563.00
VIDEO-006681,ENHOGAR,2026-08-06,15,1548,R,76,F,6,4700.00
VIDEO-006682,ENHOGAR,2026-08-07,16,1649,U,83,M,1,4837.00
VIDEO-006683,ENHOGAR,2026-08-08,17,1750,U,90,X,4,4974.00
VIDEO-006684,ENHOGAR,2026-08-09,18,1851,R,24,NR,7,5111.00
VIDEO-006685,ENHOGAR,2026-08-10,19,1952,U,31,F,2,5248.00
VIDEO-006686,ENHOGAR,2026-08-11,20,2053,U,38,M,5,5385.00
VIDEO-006687,ENHOGAR,2026-08-12,21,2154,R,45,X,8,5522.00
VIDEO-006688,ENHOGAR,2026-08-13,22,2255,U,52,NR,3,5659.00
VIDEO-006689,ENHOGAR,2026-08-14,01,0156,U,59,F,6,5796.00
VIDEO-006690,ENHOGAR,2026-08-15,02,0257,R,66,M,1,5933.00
VIDEO-006691,ENHOGAR,2026-08-16,03,0358,U,73,X,4,6070.00
VIDEO-006692,ENHOGAR,2026-08-17,04,0459,U,80,NR,7,6207.00
VIDEO-006693,ENHOGAR,2026-08-18,05,0560,R,87,F,2,6344.00
VIDEO-006694,ENHOGAR,2026-08-19,06,0661,U,21,M,5,6481.00
VIDEO-006695,ENHOGAR,2026-08-20,07,0762,U,28,X,8,6618.00
VIDEO-006696,ENHOGAR,2026-08-01,08,0863,R,35,NR,3,6755.00
VIDEO-006697,ENHOGAR,2026-08-02,09,0964,U,42,F,6,6892.00
VIDEO-006698,ENHOGAR,2026-08-03,10,1065,U,49,M,1,7029.00
VIDEO-006699,ENHOGAR,2026-08-04,11,1166,R,56,X,4,7166.00
VIDEO-006700,ENHOGAR,2026-08-05,12,1267,U,63,NR,7,7303.00
VIDEO-006701,ENHOGAR,2026-08-06,13,1368,U,70,F,2,7440.00
VIDEO-006702,ENHOGAR,2026-08-07,14,1469,R,77,M,5,7577.00
VIDEO-006703,ENHOGAR,2026-08-08,15,1570,U,84,X,8,7714.00
VIDEO-006704,ENHOGAR,2026-08-09,16,1671,U,18,NR,3,7851.00
VIDEO-006705,ENHOGAR,2026-08-10,17,1772,R,25,F,6,7988.00
VIDEO-006706,ENHOGAR,2026-08-11,18,1873,U,32,M,1,8125.00
VIDEO-006707,ENHOGAR,2026-08-12,19,1974,U,39,X,4,8262.00
VIDEO-006708,ENHOGAR,2026-08-13,20,2075,R,46,NR,7,8399.00
VIDEO-006709,ENHOGAR,2026-08-14,21,2176,U,53,F,2,936.00
VIDEO-006710,ENHOGAR,2026-08-15,22,2277,U,60,M,5,1073.00
VIDEO-006711,ENHOGAR,2026-08-16,01,0178,R,67,X,8,1210.00
VIDEO-006712,ENHOGAR,2026-08-17,02,0279,U,74,NR,3,1347.00
VIDEO-006713,ENHOGAR,2026-08-18,03,0380,U,81,F,6,1484.00
VIDEO-006714,ENHOGAR,2026-08-19,04,0481,R,88,M,1,1621.00
VIDEO-006715,ENHOGAR,2026-08-20,05,0582,U,22,X,4,1758.00
VIDEO-006716,ENHOGAR,2026-08-01,06,0683,U,29,NR,7,1895.00
VIDEO-006717,ENHOGAR,2026-08-02,07,0784,R,36,F,2,2032.00
VIDEO-006718,ENHOGAR,2026-08-03,08,0885,U,43,M,5,2169.00
VIDEO-006719,ENHOGAR,2026-08-04,09,0986,U,50,X,8,2306.00
VIDEO-006720,ENHOGAR,2026-08-05,10,1087,R,57,NR,3,2443.00
VIDEO-006721,ENHOGAR,2026-08-06,11,1188,U,64,F,6,2580.00
VIDEO-006722,ENHOGAR,2026-08-07,12,1289,U,71,M,1,2717.00
VIDEO-006723,ENHOGAR,2026-08-08,13,1390,R,78,X,4,2854.00
VIDEO-006724,ENHOGAR,2026-08-09,14,1491,U,85,NR,7,2991.00
VIDEO-006725,ENHOGAR,2026-08-10,15,1592,U,19,F,2,3128.00
VIDEO-006726,ENHOGAR,2026-08-11,16,1693,R,26,M,5,3265.00
VIDEO-006727,ENHOGAR,2026-08-12,17,1794,U,33,X,8,3402.00
VIDEO-006728,ENHOGAR,2026-08-13,18,1895,U,40,NR,3,3539.00
VIDEO-006729,ENHOGAR,2026-08-14,19,1996,R,47,F,6,3676.00
VIDEO-006730,ENHOGAR,2026-08-15,20,2097,U,54,M,1,3813.00
VIDEO-006731,ENHOGAR,2026-08-16,21,2198,U,61,X,4,3950.00
VIDEO-006732,ENHOGAR,2026-08-17,22,2299,R,68,NR,7,4087.00
VIDEO-006733,ENHOGAR,2026-08-18,01,0101,U,75,F,2,4224.00
VIDEO-006734,ENHOGAR,2026-08-19,02,0202,U,82,M,5,4361.00
VIDEO-006735,ENHOGAR,2026-08-20,03,0303,R,89,X,8,4498.00
VIDEO-006736,ENHOGAR,2026-08-01,04,0404,U,23,NR,3,4635.00
VIDEO-006737,ENHOGAR,2026-08-02,05,0505,U,30,F,6,4772.00
VIDEO-006738,ENHOGAR,2026-08-03,06,0606,R,37,M,1,4909.00
VIDEO-006739,ENHOGAR,2026-08-04,07,0707,U,44,X,4,5046.00
VIDEO-006740,ENHOGAR,2026-08-05,08,0808,U,51,NR,7,5183.00
VIDEO-006741,ENHOGAR,2026-08-06,09,0909,R,58,F,2,5320.00
VIDEO-006742,ENHOGAR,2026-08-07,10,1010,U,65,M,5,5457.00
VIDEO-006743,ENHOGAR,2026-08-08,11,1111,U,72,X,8,5594.00
VIDEO-006744,ENHOGAR,2026-08-09,12,1212,R,79,NR,3,5731.00
VIDEO-006745,ENHOGAR,2026-08-10,13,1313,U,86,F,6,5868.00
VIDEO-006746,ENHOGAR,2026-08-11,14,1414,U,20,M,1,6005.00
VIDEO-006747,ENHOGAR,2026-08-12,15,1515,R,27,X,4,6142.00
VIDEO-006748,ENHOGAR,2026-08-13,16,1616,U,34,NR,7,6279.00
VIDEO-006749,ENHOGAR,2026-08-14,17,1717,U,41,F,2,6416.00
VIDEO-006750,ENHOGAR,2026-08-15,18,1818,R,48,M,5,6553.00
VIDEO-006751,ENHOGAR,2026-08-16,19,1919,U,55,X,8,6690.00
VIDEO-006752,ENHOGAR,2026-08-17,20,2020,U,62,NR,3,6827.00
VIDEO-006753,ENHOGAR,2026-08-18,21,2121,R,69,F,6,6964.00
VIDEO-006754,ENHOGAR,2026-08-19,22,2222,U,76,M,1,7101.00
VIDEO-006755,ENHOGAR,2026-08-20,01,0123,U,83,X,4,7238.00
VIDEO-006756,ENHOGAR,2026-08-01,02,0224,R,90,NR,7,7375.00
VIDEO-006757,ENHOGAR,2026-08-02,03,0325,U,24,F,2,7512.00
VIDEO-006758,ENHOGAR,2026-08-03,04,0426,U,31,M,5,7649.00
VIDEO-006759,ENHOGAR,2026-08-04,05,0527,R,38,X,8,7786.00
VIDEO-006760,ENHOGAR,2026-08-05,06,0628,U,45,NR,3,7923.00
VIDEO-006761,ENHOGAR,2026-08-06,07,0729,U,52,F,6,8060.00
VIDEO-006762,ENHOGAR,2026-08-07,08,0830,R,59,M,1,8197.00
VIDEO-006763,ENHOGAR,2026-08-08,09,0931,U,66,X,4,8334.00
VIDEO-006764,ENHOGAR,2026-08-09,10,1032,U,73,NR,7,8471.00
VIDEO-006765,ENHOGAR,2026-08-10,11,1133,R,80,F,2,1008.00
VIDEO-006766,ENHOGAR,2026-08-11,12,1234,U,87,M,5,1145.00
VIDEO-006767,ENHOGAR,2026-08-12,13,1335,U,21,X,8,1282.00
VIDEO-006768,ENHOGAR,2026-08-13,14,1436,R,28,NR,3,1419.00
VIDEO-006769,ENHOGAR,2026-08-14,15,1537,U,35,F,6,1556.00
VIDEO-006770,ENHOGAR,2026-08-15,16,1638,U,42,M,1,1693.00
VIDEO-006771,ENHOGAR,2026-08-16,17,1739,R,49,X,4,1830.00
VIDEO-006772,ENHOGAR,2026-08-17,18,1840,U,56,NR,7,1967.00
VIDEO-006773,ENHOGAR,2026-08-18,19,1941,U,63,F,2,2104.00
VIDEO-006774,ENHOGAR,2026-08-19,20,2042,R,70,M,5,2241.00
VIDEO-006775,ENHOGAR,2026-08-20,21,2143,U,77,X,8,2378.00
VIDEO-006776,ENHOGAR,2026-08-01,22,2244,U,84,NR,3,2515.00
VIDEO-006777,ENHOGAR,2026-08-02,01,0145,R,18,F,6,2652.00
VIDEO-006778,ENHOGAR,2026-08-03,02,0246,U,25,M,1,2789.00
VIDEO-006779,ENHOGAR,2026-08-04,03,0347,U,32,X,4,2926.00
VIDEO-006780,ENHOGAR,2026-08-05,04,0448,R,39,NR,7,3063.00
VIDEO-006781,ENHOGAR,2026-08-06,05,0549,U,46,F,2,3200.00
VIDEO-006782,ENHOGAR,2026-08-07,06,0650,U,53,M,5,3337.00
VIDEO-006783,ENHOGAR,2026-08-08,07,0751,R,60,X,8,3474.00
VIDEO-006784,ENHOGAR,2026-08-09,08,0852,U,67,NR,3,3611.00
VIDEO-006785,ENHOGAR,2026-08-10,09,0953,U,74,F,6,3748.00
VIDEO-006786,ENHOGAR,2026-08-11,10,1054,R,81,M,1,3885.00
VIDEO-006787,ENHOGAR,2026-08-12,11,1155,U,88,X,4,4022.00
VIDEO-006788,ENHOGAR,2026-08-13,12,1256,U,22,NR,7,4159.00
VIDEO-006789,ENHOGAR,2026-08-14,13,1357,R,29,F,2,4296.00
VIDEO-006790,ENHOGAR,2026-08-15,14,1458,U,36,M,5,4433.00
VIDEO-006791,ENHOGAR,2026-08-16,15,1559,U,43,X,8,4570.00
VIDEO-006792,ENHOGAR,2026-08-17,16,1660,R,50,NR,3,4707.00
VIDEO-006793,ENHOGAR,2026-08-18,17,1761,U,57,F,6,4844.00
VIDEO-006794,ENHOGAR,2026-08-19,18,1862,U,64,M,1,4981.00
VIDEO-006795,ENHOGAR,2026-08-20,19,1963,R,71,X,4,5118.00
VIDEO-006796,ENHOGAR,2026-08-01,20,2064,U,78,NR,7,5255.00
VIDEO-006797,ENHOGAR,2026-08-02,21,2165,U,85,F,2,5392.00
VIDEO-006798,ENHOGAR,2026-08-03,22,2266,R,19,M,5,5529.00
VIDEO-006799,ENHOGAR,2026-08-04,01,0167,U,26,X,8,5666.00
VIDEO-006800,ENHOGAR,2026-08-05,02,0268,U,33,NR,3,5803.00
VIDEO-006801,ENHOGAR,2026-08-06,03,0369,R,40,F,6,5940.00
VIDEO-006802,ENHOGAR,2026-08-07,04,0470,U,47,M,1,6077.00
VIDEO-006803,ENHOGAR,2026-08-08,05,0571,U,54,X,4,6214.00
VIDEO-006804,ENHOGAR,2026-08-09,06,0672,R,61,NR,7,6351.00
VIDEO-006805,ENHOGAR,2026-08-10,07,0773,U,68,F,2,6488.00
VIDEO-006806,ENHOGAR,2026-08-11,08,0874,U,75,M,5,6625.00
VIDEO-006807,ENHOGAR,2026-08-12,09,0975,R,82,X,8,6762.00
VIDEO-006808,ENHOGAR,2026-08-13,10,1076,U,89,NR,3,6899.00
VIDEO-006809,ENHOGAR,2026-08-14,11,1177,U,23,F,6,7036.00
VIDEO-006810,ENHOGAR,2026-08-15,12,1278,R,30,M,1,7173.00
VIDEO-006811,ENHOGAR,2026-08-16,13,1379,U,37,X,4,7310.00
VIDEO-006812,ENHOGAR,2026-08-17,14,1480,U,44,NR,7,7447.00
VIDEO-006813,ENHOGAR,2026-08-18,15,1581,R,51,F,2,7584.00
VIDEO-006814,ENHOGAR,2026-08-19,16,1682,U,58,M,5,7721.00
VIDEO-006815,ENHOGAR,2026-08-20,17,1783,U,65,X,8,7858.00
VIDEO-006816,ENHOGAR,2026-08-01,18,1884,R,72,NR,3,7995.00
VIDEO-006817,ENHOGAR,2026-08-02,19,1985,U,79,F,6,8132.00
VIDEO-006818,ENHOGAR,2026-08-03,20,2086,U,86,M,1,8269.00
VIDEO-006819,ENHOGAR,2026-08-04,21,2187,R,20,X,4,8406.00
VIDEO-006820,ENHOGAR,2026-08-05,22,2288,U,27,NR,7,943.00
VIDEO-006821,ENHOGAR,2026-08-06,01,0189,U,34,F,2,1080.00
VIDEO-006822,ENHOGAR,2026-08-07,02,0290,R,41,M,5,1217.00
VIDEO-006823,ENHOGAR,2026-08-08,03,0391,U,48,X,8,1354.00
VIDEO-006824,ENHOGAR,2026-08-09,04,0492,U,55,NR,3,1491.00
VIDEO-006825,ENHOGAR,2026-08-10,05,0593,R,62,F,6,1628.00
VIDEO-006826,ENHOGAR,2026-08-11,06,0694,U,69,M,1,1765.00
VIDEO-006827,ENHOGAR,2026-08-12,07,0795,U,76,X,4,1902.00
VIDEO-006828,ENHOGAR,2026-08-13,08,0896,R,83,NR,7,2039.00
VIDEO-006829,ENHOGAR,2026-08-14,09,0997,U,90,F,2,2176.00
VIDEO-006830,ENHOGAR,2026-08-15,10,1098,U,24,M,5,2313.00
VIDEO-006831,ENHOGAR,2026-08-16,11,1199,R,31,X,8,2450.00
VIDEO-006832,ENHOGAR,2026-08-17,12,1201,U,38,NR,3,2587.00
VIDEO-006833,ENHOGAR,2026-08-18,13,1302,U,45,F,6,2724.00
VIDEO-006834,ENHOGAR,2026-08-19,14,1403,R,52,M,1,2861.00
VIDEO-006835,ENHOGAR,2026-08-20,15,1504,U,59,X,4,2998.00
VIDEO-006836,ENHOGAR,2026-08-01,16,1605,U,66,NR,7,3135.00
VIDEO-006837,ENHOGAR,2026-08-02,17,1706,R,73,F,2,3272.00
VIDEO-006838,ENHOGAR,2026-08-03,18,1807,U,80,M,5,3409.00
VIDEO-006839,ENHOGAR,2026-08-04,19,1908,U,87,X,8,3546.00
VIDEO-006840,ENHOGAR,2026-08-05,20,2009,R,21,NR,3,3683.00
VIDEO-006841,ENHOGAR,2026-08-06,21,2110,U,28,F,6,3820.00
VIDEO-006842,ENHOGAR,2026-08-07,22,2211,U,35,M,1,3957.00
VIDEO-006843,ENHOGAR,2026-08-08,01,0112,R,42,X,4,4094.00
VIDEO-006844,ENHOGAR,2026-08-09,02,0213,U,49,NR,7,4231.00
VIDEO-006845,ENHOGAR,2026-08-10,03,0314,U,56,F,2,4368.00
VIDEO-006846,ENHOGAR,2026-08-11,04,0415,R,63,M,5,4505.00
VIDEO-006847,ENHOGAR,2026-08-12,05,0516,U,70,X,8,4642.00
VIDEO-006848,ENHOGAR,2026-08-13,06,0617,U,77,NR,3,4779.00
VIDEO-006849,ENHOGAR,2026-08-14,07,0718,R,84,F,6,4916.00
VIDEO-006850,ENHOGAR,2026-08-15,08,0819,U,18,M,1,5053.00
VIDEO-006851,ENHOGAR,2026-08-16,09,0920,U,25,X,4,5190.00
VIDEO-006852,ENHOGAR,2026-08-17,10,1021,R,32,NR,7,5327.00
VIDEO-006853,ENHOGAR,2026-08-18,11,1122,U,39,F,2,5464.00
VIDEO-006854,ENHOGAR,2026-08-19,12,1223,U,46,M,5,5601.00
VIDEO-006855,ENHOGAR,2026-08-20,13,1324,R,53,X,8,5738.00
VIDEO-006856,ENHOGAR,2026-08-01,14,1425,U,60,NR,3,5875.00
VIDEO-006857,ENHOGAR,2026-08-02,15,1526,U,67,F,6,6012.00
VIDEO-006858,ENHOGAR,2026-08-03,16,1627,R,74,M,1,6149.00
VIDEO-006859,ENHOGAR,2026-08-04,17,1728,U,81,X,4,6286.00
VIDEO-006860,ENHOGAR,2026-08-05,18,1829,U,88,NR,7,6423.00
VIDEO-006861,ENHOGAR,2026-08-06,19,1930,R,22,F,2,6560.00
VIDEO-006862,ENHOGAR,2026-08-07,20,2031,U,29,M,5,6697.00
VIDEO-006863,ENHOGAR,2026-08-08,21,2132,U,36,X,8,6834.00
VIDEO-006864,ENHOGAR,2026-08-09,22,2233,R,43,NR,3,6971.00
VIDEO-006865,ENHOGAR,2026-08-10,01,0134,U,50,F,6,7108.00
VIDEO-006866,ENHOGAR,2026-08-11,02,0235,U,57,M,1,7245.00
VIDEO-006867,ENHOGAR,2026-08-12,03,0336,R,64,X,4,7382.00
VIDEO-006868,ENHOGAR,2026-08-13,04,0437,U,71,NR,7,7519.00
VIDEO-006869,ENHOGAR,2026-08-14,05,0538,U,78,F,2,7656.00
VIDEO-006870,ENHOGAR,2026-08-15,06,0639,R,85,M,5,7793.00
VIDEO-006871,ENHOGAR,2026-08-16,07,0740,U,19,X,8,7930.00
VIDEO-006872,ENHOGAR,2026-08-17,08,0841,U,26,NR,3,8067.00
VIDEO-006873,ENHOGAR,2026-08-18,09,0942,R,33,F,6,8204.00
VIDEO-006874,ENHOGAR,2026-08-19,10,1043,U,40,M,1,8341.00
VIDEO-006875,ENHOGAR,2026-08-20,11,1144,U,47,X,4,8478.00
VIDEO-006876,ENHOGAR,2026-08-01,12,1245,R,54,NR,7,1015.00
VIDEO-006877,ENHOGAR,2026-08-02,13,1346,U,61,F,2,1152.00
VIDEO-006878,ENHOGAR,2026-08-03,14,1447,U,68,M,5,1289.00
VIDEO-006879,ENHOGAR,2026-08-04,15,1548,R,75,X,8,1426.00
VIDEO-006880,ENHOGAR,2026-08-05,16,1649,U,82,NR,3,1563.00
VIDEO-006881,ENHOGAR,2026-08-06,17,1750,U,89,F,6,1700.00
VIDEO-006882,ENHOGAR,2026-08-07,18,1851,R,23,M,1,1837.00
VIDEO-006883,ENHOGAR,2026-08-08,19,1952,U,30,X,4,1974.00
VIDEO-006884,ENHOGAR,2026-08-09,20,2053,U,37,NR,7,2111.00
VIDEO-006885,ENHOGAR,2026-08-10,21,2154,R,44,F,2,2248.00
VIDEO-006886,ENHOGAR,2026-08-11,22,2255,U,51,M,5,2385.00
VIDEO-006887,ENHOGAR,2026-08-12,01,0156,U,58,X,8,2522.00
VIDEO-006888,ENHOGAR,2026-08-13,02,0257,R,65,NR,3,2659.00
VIDEO-006889,ENHOGAR,2026-08-14,03,0358,U,72,F,6,2796.00
VIDEO-006890,ENHOGAR,2026-08-15,04,0459,U,79,M,1,2933.00
VIDEO-006891,ENHOGAR,2026-08-16,05,0560,R,86,X,4,3070.00
VIDEO-006892,ENHOGAR,2026-08-17,06,0661,U,20,NR,7,3207.00
VIDEO-006893,ENHOGAR,2026-08-18,07,0762,U,27,F,2,3344.00
VIDEO-006894,ENHOGAR,2026-08-19,08,0863,R,34,M,5,3481.00
VIDEO-006895,ENHOGAR,2026-08-20,09,0964,U,41,X,8,3618.00
VIDEO-006896,ENHOGAR,2026-08-01,10,1065,U,48,NR,3,3755.00
VIDEO-006897,ENHOGAR,2026-08-02,11,1166,R,55,F,6,3892.00
VIDEO-006898,ENHOGAR,2026-08-03,12,1267,U,62,M,1,4029.00
VIDEO-006899,ENHOGAR,2026-08-04,13,1368,U,69,X,4,4166.00
VIDEO-006900,ENHOGAR,2026-08-05,14,1469,R,76,NR,7,4303.00
VIDEO-006901,ENHOGAR,2026-08-06,15,1570,U,83,F,2,4440.00
VIDEO-006902,ENHOGAR,2026-08-07,16,1671,U,90,M,5,4577.00
VIDEO-006903,ENHOGAR,2026-08-08,17,1772,R,24,X,8,4714.00
VIDEO-006904,ENHOGAR,2026-08-09,18,1873,U,31,NR,3,4851.00
VIDEO-006905,ENHOGAR,2026-08-10,19,1974,U,38,F,6,4988.00
VIDEO-006906,ENHOGAR,2026-08-11,20,2075,R,45,M,1,5125.00
VIDEO-006907,ENHOGAR,2026-08-12,21,2176,U,52,X,4,5262.00
VIDEO-006908,ENHOGAR,2026-08-13,22,2277,U,59,NR,7,5399.00
VIDEO-006909,ENHOGAR,2026-08-14,01,0178,R,66,F,2,5536.00
VIDEO-006910,ENHOGAR,2026-08-15,02,0279,U,73,M,5,5673.00
VIDEO-006911,ENHOGAR,2026-08-16,03,0380,U,80,X,8,5810.00
VIDEO-006912,ENHOGAR,2026-08-17,04,0481,R,87,NR,3,5947.00
VIDEO-006913,ENHOGAR,2026-08-18,05,0582,U,21,F,6,6084.00
VIDEO-006914,ENHOGAR,2026-08-19,06,0683,U,28,M,1,6221.00
VIDEO-006915,ENHOGAR,2026-08-20,07,0784,R,35,X,4,6358.00
VIDEO-006916,ENHOGAR,2026-08-01,08,0885,U,42,NR,7,6495.00
VIDEO-006917,ENHOGAR,2026-08-02,09,0986,U,49,F,2,6632.00
VIDEO-006918,ENHOGAR,2026-08-03,10,1087,R,56,M,5,6769.00
VIDEO-006919,ENHOGAR,2026-08-04,11,1188,U,63,X,8,6906.00
VIDEO-006920,ENHOGAR,2026-08-05,12,1289,U,70,NR,3,7043.00
VIDEO-006921,ENHOGAR,2026-08-06,13,1390,R,77,F,6,7180.00
VIDEO-006922,ENHOGAR,2026-08-07,14,1491,U,84,M,1,7317.00
VIDEO-006923,ENHOGAR,2026-08-08,15,1592,U,18,X,4,7454.00
VIDEO-006924,ENHOGAR,2026-08-09,16,1693,R,25,NR,7,7591.00
VIDEO-006925,ENHOGAR,2026-08-10,17,1794,U,32,F,2,7728.00
VIDEO-006926,ENHOGAR,2026-08-11,18,1895,U,39,M,5,7865.00
VIDEO-006927,ENHOGAR,2026-08-12,19,1996,R,46,X,8,8002.00
VIDEO-006928,ENHOGAR,2026-08-13,20,2097,U,53,NR,3,8139.00
VIDEO-006929,ENHOGAR,2026-08-14,21,2198,U,60,F,6,8276.00
VIDEO-006930,ENHOGAR,2026-08-15,22,2299,R,67,M,1,8413.00
VIDEO-006931,ENHOGAR,2026-08-16,01,0101,U,74,X,4,950.00
VIDEO-006932,ENHOGAR,2026-08-17,02,0202,U,81,NR,7,1087.00
VIDEO-006933,ENHOGAR,2026-08-18,03,0303,R,88,F,2,1224.00
VIDEO-006934,ENHOGAR,2026-08-19,04,0404,U,22,M,5,1361.00
VIDEO-006935,ENHOGAR,2026-08-20,05,0505,U,29,X,8,1498.00
VIDEO-006936,ENHOGAR,2026-08-01,06,0606,R,36,NR,3,1635.00
VIDEO-006937,ENHOGAR,2026-08-02,07,0707,U,43,F,6,1772.00
VIDEO-006938,ENHOGAR,2026-08-03,08,0808,U,50,M,1,1909.00
VIDEO-006939,ENHOGAR,2026-08-04,09,0909,R,57,X,4,2046.00
VIDEO-006940,ENHOGAR,2026-08-05,10,1010,U,64,NR,7,2183.00
VIDEO-006941,ENHOGAR,2026-08-06,11,1111,U,71,F,2,2320.00
VIDEO-006942,ENHOGAR,2026-08-07,12,1212,R,78,M,5,2457.00
VIDEO-006943,ENHOGAR,2026-08-08,13,1313,U,85,X,8,2594.00
VIDEO-006944,ENHOGAR,2026-08-09,14,1414,U,19,NR,3,2731.00
VIDEO-006945,ENHOGAR,2026-08-10,15,1515,R,26,F,6,2868.00
VIDEO-006946,ENHOGAR,2026-08-11,16,1616,U,33,M,1,3005.00
VIDEO-006947,ENHOGAR,2026-08-12,17,1717,U,40,X,4,3142.00
VIDEO-006948,ENHOGAR,2026-08-13,18,1818,R,47,NR,7,3279.00
VIDEO-006949,ENHOGAR,2026-08-14,19,1919,U,54,F,2,3416.00
VIDEO-006950,ENHOGAR,2026-08-15,20,2020,U,61,M,5,3553.00
VIDEO-006951,ENHOGAR,2026-08-16,21,2121,R,68,X,8,3690.00
VIDEO-006952,ENHOGAR,2026-08-17,22,2222,U,75,NR,3,3827.00
VIDEO-006953,ENHOGAR,2026-08-18,01,0123,U,82,F,6,3964.00
VIDEO-006954,ENHOGAR,2026-08-19,02,0224,R,89,M,1,4101.00
VIDEO-006955,ENHOGAR,2026-08-20,03,0325,U,23,X,4,4238.00
VIDEO-006956,ENHOGAR,2026-08-01,04,0426,U,30,NR,7,4375.00
VIDEO-006957,ENHOGAR,2026-08-02,05,0527,R,37,F,2,4512.00
VIDEO-006958,ENHOGAR,2026-08-03,06,0628,U,44,M,5,4649.00
VIDEO-006959,ENHOGAR,2026-08-04,07,0729,U,51,X,8,4786.00
VIDEO-006960,ENHOGAR,2026-08-05,08,0830,R,58,NR,3,4923.00
VIDEO-006961,ENHOGAR,2026-08-06,09,0931,U,65,F,6,5060.00
VIDEO-006962,ENHOGAR,2026-08-07,10,1032,U,72,M,1,5197.00
VIDEO-006963,ENHOGAR,2026-08-08,11,1133,R,79,X,4,5334.00
VIDEO-006964,ENHOGAR,2026-08-09,12,1234,U,86,NR,7,5471.00
VIDEO-006965,ENHOGAR,2026-08-10,13,1335,U,20,F,2,5608.00
VIDEO-006966,ENHOGAR,2026-08-11,14,1436,R,27,M,5,5745.00
VIDEO-006967,ENHOGAR,2026-08-12,15,1537,U,34,X,8,5882.00
VIDEO-006968,ENHOGAR,2026-08-13,16,1638,U,41,NR,3,6019.00
VIDEO-006969,ENHOGAR,2026-08-14,17,1739,R,48,F,6,6156.00
VIDEO-006970,ENHOGAR,2026-08-15,18,1840,U,55,M,1,6293.00
VIDEO-006971,ENHOGAR,2026-08-16,19,1941,U,62,X,4,6430.00
VIDEO-006972,ENHOGAR,2026-08-17,20,2042,R,69,NR,7,6567.00
VIDEO-006973,ENHOGAR,2026-08-18,21,2143,U,76,F,2,6704.00
VIDEO-006974,ENHOGAR,2026-08-19,22,2244,U,83,M,5,6841.00
VIDEO-006975,ENHOGAR,2026-08-20,01,0145,R,90,X,8,6978.00
VIDEO-006976,ENHOGAR,2026-08-01,02,0246,U,24,NR,3,7115.00
VIDEO-006977,ENHOGAR,2026-08-02,03,0347,U,31,F,6,7252.00
VIDEO-006978,ENHOGAR,2026-08-03,04,0448,R,38,M,1,7389.00
VIDEO-006979,ENHOGAR,2026-08-04,05,0549,U,45,X,4,7526.00
VIDEO-006980,ENHOGAR,2026-08-05,06,0650,U,52,NR,7,7663.00
VIDEO-006981,ENHOGAR,2026-08-06,07,0751,R,59,F,2,7800.00
VIDEO-006982,ENHOGAR,2026-08-07,08,0852,U,66,M,5,7937.00
VIDEO-006983,ENHOGAR,2026-08-08,09,0953,U,73,X,8,8074.00
VIDEO-006984,ENHOGAR,2026-08-09,10,1054,R,80,NR,3,8211.00
VIDEO-006985,ENHOGAR,2026-08-10,11,1155,U,87,F,6,8348.00
VIDEO-006986,ENHOGAR,2026-08-11,12,1256,U,21,M,1,8485.00
VIDEO-006987,ENHOGAR,2026-08-12,13,1357,R,28,X,4,1022.00
VIDEO-006988,ENHOGAR,2026-08-13,14,1458,U,35,NR,7,1159.00
VIDEO-006989,ENHOGAR,2026-08-14,15,1559,U,42,F,2,1296.00
VIDEO-006990,ENHOGAR,2026-08-15,16,1660,R,49,M,5,1433.00
VIDEO-006991,ENHOGAR,2026-08-16,17,1761,U,56,X,8,1570.00
VIDEO-006992,ENHOGAR,2026-08-17,18,1862,U,63,NR,3,1707.00
VIDEO-006993,ENHOGAR,2026-08-18,19,1963,R,70,F,6,1844.00
VIDEO-006994,ENHOGAR,2026-08-19,20,2064,U,77,M,1,1981.00
VIDEO-006995,ENHOGAR,2026-08-20,21,2165,U,84,X,4,2118.00
VIDEO-006996,ENHOGAR,2026-08-01,22,2266,R,18,NR,7,2255.00
VIDEO-006997,ENHOGAR,2026-08-02,01,0167,U,25,F,2,2392.00
VIDEO-006998,ENHOGAR,2026-08-03,02,0268,U,32,M,5,2529.00
VIDEO-006999,ENHOGAR,2026-08-04,03,0369,R,39,X,8,2666.00
VIDEO-007000,ENHOGAR,2026-08-05,04,0470,U,46,NR,3,2803.00
VIDEO-007001,ENHOGAR,2026-08-06,05,0571,U,53,F,6,2940.00
VIDEO-007002,ENHOGAR,2026-08-07,06,0672,R,60,M,1,3077.00
VIDEO-007003,ENHOGAR,2026-08-08,07,0773,U,67,X,4,3214.00
VIDEO-007004,ENHOGAR,2026-08-09,08,0874,U,74,NR,7,3351.00
VIDEO-007005,ENHOGAR,2026-08-10,09,0975,R,81,F,2,3488.00
VIDEO-007006,ENHOGAR,2026-08-11,10,1076,U,88,M,5,3625.00
VIDEO-007007,ENHOGAR,2026-08-12,11,1177,U,22,X,8,3762.00
VIDEO-007008,ENHOGAR,2026-08-13,12,1278,R,29,NR,3,3899.00
VIDEO-007009,ENHOGAR,2026-08-14,13,1379,U,36,F,6,4036.00
VIDEO-007010,ENHOGAR,2026-08-15,14,1480,U,43,M,1,4173.00
VIDEO-007011,ENHOGAR,2026-08-16,15,1581,R,50,X,4,4310.00
VIDEO-007012,ENHOGAR,2026-08-17,16,1682,U,57,NR,7,4447.00
VIDEO-007013,ENHOGAR,2026-08-18,17,1783,U,64,F,2,4584.00
VIDEO-007014,ENHOGAR,2026-08-19,18,1884,R,71,M,5,4721.00
VIDEO-007015,ENHOGAR,2026-08-20,19,1985,U,78,X,8,4858.00
VIDEO-007016,ENHOGAR,2026-08-01,20,2086,U,85,NR,3,4995.00
VIDEO-007017,ENHOGAR,2026-08-02,21,2187,R,19,F,6,5132.00
VIDEO-007018,ENHOGAR,2026-08-03,22,2288,U,26,M,1,5269.00
VIDEO-007019,ENHOGAR,2026-08-04,01,0189,U,33,X,4,5406.00
VIDEO-007020,ENHOGAR,2026-08-05,02,0290,R,40,NR,7,5543.00
VIDEO-007021,ENHOGAR,2026-08-06,03,0391,U,47,F,2,5680.00
VIDEO-007022,ENHOGAR,2026-08-07,04,0492,U,54,M,5,5817.00
VIDEO-007023,ENHOGAR,2026-08-08,05,0593,R,61,X,8,5954.00
VIDEO-007024,ENHOGAR,2026-08-09,06,0694,U,68,NR,3,6091.00
VIDEO-007025,ENHOGAR,2026-08-10,07,0795,U,75,F,6,6228.00
VIDEO-007026,ENHOGAR,2026-08-11,08,0896,R,82,M,1,6365.00
VIDEO-007027,ENHOGAR,2026-08-12,09,0997,U,89,X,4,6502.00
VIDEO-007028,ENHOGAR,2026-08-13,10,1098,U,23,NR,7,6639.00
VIDEO-007029,ENHOGAR,2026-08-14,11,1199,R,30,F,2,6776.00
VIDEO-007030,ENHOGAR,2026-08-15,12,1201,U,37,M,5,6913.00
VIDEO-007031,ENHOGAR,2026-08-16,13,1302,U,44,X,8,7050.00
VIDEO-007032,ENHOGAR,2026-08-17,14,1403,R,51,NR,3,7187.00
VIDEO-007033,ENHOGAR,2026-08-18,15,1504,U,58,F,6,7324.00
VIDEO-007034,ENHOGAR,2026-08-19,16,1605,U,65,M,1,7461.00
VIDEO-007035,ENHOGAR,2026-08-20,17,1706,R,72,X,4,7598.00
VIDEO-007036,ENHOGAR,2026-08-01,18,1807,U,79,NR,7,7735.00
VIDEO-007037,ENHOGAR,2026-08-02,19,1908,U,86,F,2,7872.00
VIDEO-007038,ENHOGAR,2026-08-03,20,2009,R,20,M,5,8009.00
VIDEO-007039,ENHOGAR,2026-08-04,21,2110,U,27,X,8,8146.00
VIDEO-007040,ENHOGAR,2026-08-05,22,2211,U,34,NR,3,8283.00
VIDEO-007041,ENHOGAR,2026-08-06,01,0112,R,41,F,6,8420.00
VIDEO-007042,ENHOGAR,2026-08-07,02,0213,U,48,M,1,957.00
VIDEO-007043,ENHOGAR,2026-08-08,03,0314,U,55,X,4,1094.00
VIDEO-007044,ENHOGAR,2026-08-09,04,0415,R,62,NR,7,1231.00
VIDEO-007045,ENHOGAR,2026-08-10,05,0516,U,69,F,2,1368.00
VIDEO-007046,ENHOGAR,2026-08-11,06,0617,U,76,M,5,1505.00
VIDEO-007047,ENHOGAR,2026-08-12,07,0718,R,83,X,8,1642.00
VIDEO-007048,ENHOGAR,2026-08-13,08,0819,U,90,NR,3,1779.00
VIDEO-007049,ENHOGAR,2026-08-14,09,0920,U,24,F,6,1916.00
VIDEO-007050,ENHOGAR,2026-08-15,10,1021,R,31,M,1,2053.00
VIDEO-007051,ENHOGAR,2026-08-16,11,1122,U,38,X,4,2190.00
VIDEO-007052,ENHOGAR,2026-08-17,12,1223,U,45,NR,7,2327.00
VIDEO-007053,ENHOGAR,2026-08-18,13,1324,R,52,F,2,2464.00
VIDEO-007054,ENHOGAR,2026-08-19,14,1425,U,59,M,5,2601.00
VIDEO-007055,ENHOGAR,2026-08-20,15,1526,U,66,X,8,2738.00
VIDEO-007056,ENHOGAR,2026-08-01,16,1627,R,73,NR,3,2875.00
VIDEO-007057,ENHOGAR,2026-08-02,17,1728,U,80,F,6,3012.00
VIDEO-007058,ENHOGAR,2026-08-03,18,1829,U,87,M,1,3149.00
VIDEO-007059,ENHOGAR,2026-08-04,19,1930,R,21,X,4,3286.00
VIDEO-007060,ENHOGAR,2026-08-05,20,2031,U,28,NR,7,3423.00
VIDEO-007061,ENHOGAR,2026-08-06,21,2132,U,35,F,2,3560.00
VIDEO-007062,ENHOGAR,2026-08-07,22,2233,R,42,M,5,3697.00
VIDEO-007063,ENHOGAR,2026-08-08,01,0134,U,49,X,8,3834.00
VIDEO-007064,ENHOGAR,2026-08-09,02,0235,U,56,NR,3,3971.00
VIDEO-007065,ENHOGAR,2026-08-10,03,0336,R,63,F,6,4108.00
VIDEO-007066,ENHOGAR,2026-08-11,04,0437,U,70,M,1,4245.00
VIDEO-007067,ENHOGAR,2026-08-12,05,0538,U,77,X,4,4382.00
VIDEO-007068,ENHOGAR,2026-08-13,06,0639,R,84,NR,7,4519.00
VIDEO-007069,ENHOGAR,2026-08-14,07,0740,U,18,F,2,4656.00
VIDEO-007070,ENHOGAR,2026-08-15,08,0841,U,25,M,5,4793.00
VIDEO-007071,ENHOGAR,2026-08-16,09,0942,R,32,X,8,4930.00
VIDEO-007072,ENHOGAR,2026-08-17,10,1043,U,39,NR,3,5067.00
VIDEO-007073,ENHOGAR,2026-08-18,11,1144,U,46,F,6,5204.00
VIDEO-007074,ENHOGAR,2026-08-19,12,1245,R,53,M,1,5341.00
VIDEO-007075,ENHOGAR,2026-08-20,13,1346,U,60,X,4,5478.00
VIDEO-007076,ENHOGAR,2026-08-01,14,1447,U,67,NR,7,5615.00
VIDEO-007077,ENHOGAR,2026-08-02,15,1548,R,74,F,2,5752.00
VIDEO-007078,ENHOGAR,2026-08-03,16,1649,U,81,M,5,5889.00
VIDEO-007079,ENHOGAR,2026-08-04,17,1750,U,88,X,8,6026.00
VIDEO-007080,ENHOGAR,2026-08-05,18,1851,R,22,NR,3,6163.00
VIDEO-007081,ENHOGAR,2026-08-06,19,1952,U,29,F,6,6300.00
VIDEO-007082,ENHOGAR,2026-08-07,20,2053,U,36,M,1,6437.00
VIDEO-007083,ENHOGAR,2026-08-08,21,2154,R,43,X,4,6574.00
VIDEO-007084,ENHOGAR,2026-08-09,22,2255,U,50,NR,7,6711.00
VIDEO-007085,ENHOGAR,2026-08-10,01,0156,U,57,F,2,6848.00
VIDEO-007086,ENHOGAR,2026-08-11,02,0257,R,64,M,5,6985.00
VIDEO-007087,ENHOGAR,2026-08-12,03,0358,U,71,X,8,7122.00
VIDEO-007088,ENHOGAR,2026-08-13,04,0459,U,78,NR,3,7259.00
VIDEO-007089,ENHOGAR,2026-08-14,05,0560,R,85,F,6,7396.00
VIDEO-007090,ENHOGAR,2026-08-15,06,0661,U,19,M,1,7533.00
VIDEO-007091,ENHOGAR,2026-08-16,07,0762,U,26,X,4,7670.00
VIDEO-007092,ENHOGAR,2026-08-17,08,0863,R,33,NR,7,7807.00
VIDEO-007093,ENHOGAR,2026-08-18,09,0964,U,40,F,2,7944.00
VIDEO-007094,ENHOGAR,2026-08-19,10,1065,U,47,M,5,8081.00
VIDEO-007095,ENHOGAR,2026-08-20,11,1166,R,54,X,8,8218.00
VIDEO-007096,ENHOGAR,2026-08-01,12,1267,U,61,NR,3,8355.00
VIDEO-007097,ENHOGAR,2026-08-02,13,1368,U,68,F,6,8492.00
VIDEO-007098,ENHOGAR,2026-08-03,14,1469,R,75,M,1,1029.00
VIDEO-007099,ENHOGAR,2026-08-04,15,1570,U,82,X,4,1166.00
VIDEO-007100,ENHOGAR,2026-08-05,16,1671,U,89,NR,7,1303.00
VIDEO-007101,ENHOGAR,2026-08-06,17,1772,R,23,F,2,1440.00
VIDEO-007102,ENHOGAR,2026-08-07,18,1873,U,30,M,5,1577.00
VIDEO-007103,ENHOGAR,2026-08-08,19,1974,U,37,X,8,1714.00
VIDEO-007104,ENHOGAR,2026-08-09,20,2075,R,44,NR,3,1851.00
VIDEO-007105,ENHOGAR,2026-08-10,21,2176,U,51,F,6,1988.00
VIDEO-007106,ENHOGAR,2026-08-11,22,2277,U,58,M,1,2125.00
VIDEO-007107,ENHOGAR,2026-08-12,01,0178,R,65,X,4,2262.00
VIDEO-007108,ENHOGAR,2026-08-13,02,0279,U,72,NR,7,2399.00
VIDEO-007109,ENHOGAR,2026-08-14,03,0380,U,79,F,2,2536.00
VIDEO-007110,ENHOGAR,2026-08-15,04,0481,R,86,M,5,2673.00
VIDEO-007111,ENHOGAR,2026-08-16,05,0582,U,20,X,8,2810.00
VIDEO-007112,ENHOGAR,2026-08-17,06,0683,U,27,NR,3,2947.00
VIDEO-007113,ENHOGAR,2026-08-18,07,0784,R,34,F,6,3084.00
VIDEO-007114,ENHOGAR,2026-08-19,08,0885,U,41,M,1,3221.00
VIDEO-007115,ENHOGAR,2026-08-20,09,0986,U,48,X,4,3358.00
VIDEO-007116,ENHOGAR,2026-08-01,10,1087,R,55,NR,7,3495.00
VIDEO-007117,ENHOGAR,2026-08-02,11,1188,U,62,F,2,3632.00
VIDEO-007118,ENHOGAR,2026-08-03,12,1289,U,69,M,5,3769.00
VIDEO-007119,ENHOGAR,2026-08-04,13,1390,R,76,X,8,3906.00
VIDEO-007120,ENHOGAR,2026-08-05,14,1491,U,83,NR,3,4043.00
VIDEO-007121,ENHOGAR,2026-08-06,15,1592,U,90,F,6,4180.00
VIDEO-007122,ENHOGAR,2026-08-07,16,1693,R,24,M,1,4317.00
VIDEO-007123,ENHOGAR,2026-08-08,17,1794,U,31,X,4,4454.00
VIDEO-007124,ENHOGAR,2026-08-09,18,1895,U,38,NR,7,4591.00
VIDEO-007125,ENHOGAR,2026-08-10,19,1996,R,45,F,2,4728.00
VIDEO-007126,ENHOGAR,2026-08-11,20,2097,U,52,M,5,4865.00
VIDEO-007127,ENHOGAR,2026-08-12,21,2198,U,59,X,8,5002.00
VIDEO-007128,ENHOGAR,2026-08-13,22,2299,R,66,NR,3,5139.00
VIDEO-007129,ENHOGAR,2026-08-14,01,0101,U,73,F,6,5276.00
VIDEO-007130,ENHOGAR,2026-08-15,02,0202,U,80,M,1,5413.00
VIDEO-007131,ENHOGAR,2026-08-16,03,0303,R,87,X,4,5550.00
VIDEO-007132,ENHOGAR,2026-08-17,04,0404,U,21,NR,7,5687.00
VIDEO-007133,ENHOGAR,2026-08-18,05,0505,U,28,F,2,5824.00
VIDEO-007134,ENHOGAR,2026-08-19,06,0606,R,35,M,5,5961.00
VIDEO-007135,ENHOGAR,2026-08-20,07,0707,U,42,X,8,6098.00
VIDEO-007136,ENHOGAR,2026-08-01,08,0808,U,49,NR,3,6235.00
VIDEO-007137,ENHOGAR,2026-08-02,09,0909,R,56,F,6,6372.00
VIDEO-007138,ENHOGAR,2026-08-03,10,1010,U,63,M,1,6509.00
VIDEO-007139,ENHOGAR,2026-08-04,11,1111,U,70,X,4,6646.00
VIDEO-007140,ENHOGAR,2026-08-05,12,1212,R,77,NR,7,6783.00
VIDEO-007141,ENHOGAR,2026-08-06,13,1313,U,84,F,2,6920.00
VIDEO-007142,ENHOGAR,2026-08-07,14,1414,U,18,M,5,7057.00
VIDEO-007143,ENHOGAR,2026-08-08,15,1515,R,25,X,8,7194.00
VIDEO-007144,ENHOGAR,2026-08-09,16,1616,U,32,NR,3,7331.00
VIDEO-007145,ENHOGAR,2026-08-10,17,1717,U,39,F,6,7468.00
VIDEO-007146,ENHOGAR,2026-08-11,18,1818,R,46,M,1,7605.00
VIDEO-007147,ENHOGAR,2026-08-12,19,1919,U,53,X,4,7742.00
VIDEO-007148,ENHOGAR,2026-08-13,20,2020,U,60,NR,7,7879.00
VIDEO-007149,ENHOGAR,2026-08-14,21,2121,R,67,F,2,8016.00
VIDEO-007150,ENHOGAR,2026-08-15,22,2222,U,74,M,5,8153.00
VIDEO-007151,ENHOGAR,2026-08-16,01,0123,U,81,X,8,8290.00
VIDEO-007152,ENHOGAR,2026-08-17,02,0224,R,88,NR,3,8427.00
VIDEO-007153,ENHOGAR,2026-08-18,03,0325,U,22,F,6,964.00
VIDEO-007154,ENHOGAR,2026-08-19,04,0426,U,29,M,1,1101.00
VIDEO-007155,ENHOGAR,2026-08-20,05,0527,R,36,X,4,1238.00
VIDEO-007156,ENHOGAR,2026-08-01,06,0628,U,43,NR,7,1375.00
VIDEO-007157,ENHOGAR,2026-08-02,07,0729,U,50,F,2,1512.00
VIDEO-007158,ENHOGAR,2026-08-03,08,0830,R,57,M,5,1649.00
VIDEO-007159,ENHOGAR,2026-08-04,09,0931,U,64,X,8,1786.00
VIDEO-007160,ENHOGAR,2026-08-05,10,1032,U,71,NR,3,1923.00
VIDEO-007161,ENHOGAR,2026-08-06,11,1133,R,78,F,6,2060.00
VIDEO-007162,ENHOGAR,2026-08-07,12,1234,U,85,M,1,2197.00
VIDEO-007163,ENHOGAR,2026-08-08,13,1335,U,19,X,4,2334.00
VIDEO-007164,ENHOGAR,2026-08-09,14,1436,R,26,NR,7,2471.00
VIDEO-007165,ENHOGAR,2026-08-10,15,1537,U,33,F,2,2608.00
VIDEO-007166,ENHOGAR,2026-08-11,16,1638,U,40,M,5,2745.00
VIDEO-007167,ENHOGAR,2026-08-12,17,1739,R,47,X,8,2882.00
VIDEO-007168,ENHOGAR,2026-08-13,18,1840,U,54,NR,3,3019.00
VIDEO-007169,ENHOGAR,2026-08-14,19,1941,U,61,F,6,3156.00
VIDEO-007170,ENHOGAR,2026-08-15,20,2042,R,68,M,1,3293.00
VIDEO-007171,ENHOGAR,2026-08-16,21,2143,U,75,X,4,3430.00
VIDEO-007172,ENHOGAR,2026-08-17,22,2244,U,82,NR,7,3567.00
VIDEO-007173,ENHOGAR,2026-08-18,01,0145,R,89,F,2,3704.00
VIDEO-007174,ENHOGAR,2026-08-19,02,0246,U,23,M,5,3841.00
VIDEO-007175,ENHOGAR,2026-08-20,03,0347,U,30,X,8,3978.00
VIDEO-007176,ENHOGAR,2026-08-01,04,0448,R,37,NR,3,4115.00
VIDEO-007177,ENHOGAR,2026-08-02,05,0549,U,44,F,6,4252.00
VIDEO-007178,ENHOGAR,2026-08-03,06,0650,U,51,M,1,4389.00
VIDEO-007179,ENHOGAR,2026-08-04,07,0751,R,58,X,4,4526.00
VIDEO-007180,ENHOGAR,2026-08-05,08,0852,U,65,NR,7,4663.00
VIDEO-007181,ENHOGAR,2026-08-06,09,0953,U,72,F,2,4800.00
VIDEO-007182,ENHOGAR,2026-08-07,10,1054,R,79,M,5,4937.00
VIDEO-007183,ENHOGAR,2026-08-08,11,1155,U,86,X,8,5074.00
VIDEO-007184,ENHOGAR,2026-08-09,12,1256,U,20,NR,3,5211.00
VIDEO-007185,ENHOGAR,2026-08-10,13,1357,R,27,F,6,5348.00
VIDEO-007186,ENHOGAR,2026-08-11,14,1458,U,34,M,1,5485.00
VIDEO-007187,ENHOGAR,2026-08-12,15,1559,U,41,X,4,5622.00
VIDEO-007188,ENHOGAR,2026-08-13,16,1660,R,48,NR,7,5759.00
VIDEO-007189,ENHOGAR,2026-08-14,17,1761,U,55,F,2,5896.00
VIDEO-007190,ENHOGAR,2026-08-15,18,1862,U,62,M,5,6033.00
VIDEO-007191,ENHOGAR,2026-08-16,19,1963,R,69,X,8,6170.00
VIDEO-007192,ENHOGAR,2026-08-17,20,2064,U,76,NR,3,6307.00
VIDEO-007193,ENHOGAR,2026-08-18,21,2165,U,83,F,6,6444.00
VIDEO-007194,ENHOGAR,2026-08-19,22,2266,R,90,M,1,6581.00
VIDEO-007195,ENHOGAR,2026-08-20,01,0167,U,24,X,4,6718.00
VIDEO-007196,ENHOGAR,2026-08-01,02,0268,U,31,NR,7,6855.00
VIDEO-007197,ENHOGAR,2026-08-02,03,0369,R,38,F,2,6992.00
VIDEO-007198,ENHOGAR,2026-08-03,04,0470,U,45,M,5,7129.00
VIDEO-007199,ENHOGAR,2026-08-04,05,0571,U,52,X,8,7266.00
VIDEO-007200,ENHOGAR,2026-08-05,06,0672,R,59,NR,3,7403.00
VIDEO-007201,ENHOGAR,2026-08-06,07,0773,U,66,F,6,7540.00
VIDEO-007202,ENHOGAR,2026-08-07,08,0874,U,73,M,1,7677.00
VIDEO-007203,ENHOGAR,2026-08-08,09,0975,R,80,X,4,7814.00
VIDEO-007204,ENHOGAR,2026-08-09,10,1076,U,87,NR,7,7951.00
VIDEO-007205,ENHOGAR,2026-08-10,11,1177,U,21,F,2,8088.00
VIDEO-007206,ENHOGAR,2026-08-11,12,1278,R,28,M,5,8225.00
VIDEO-007207,ENHOGAR,2026-08-12,13,1379,U,35,X,8,8362.00
VIDEO-007208,ENHOGAR,2026-08-13,14,1480,U,42,NR,3,8499.00
VIDEO-007209,ENHOGAR,2026-08-14,15,1581,R,49,F,6,1036.00
VIDEO-007210,ENHOGAR,2026-08-15,16,1682,U,56,M,1,1173.00
VIDEO-007211,ENHOGAR,2026-08-16,17,1783,U,63,X,4,1310.00
VIDEO-007212,ENHOGAR,2026-08-17,18,1884,R,70,NR,7,1447.00
VIDEO-007213,ENHOGAR,2026-08-18,19,1985,U,77,F,2,1584.00
VIDEO-007214,ENHOGAR,2026-08-19,20,2086,U,84,M,5,1721.00
VIDEO-007215,ENHOGAR,2026-08-20,21,2187,R,18,X,8,1858.00
VIDEO-007216,ENHOGAR,2026-08-01,22,2288,U,25,NR,3,1995.00
VIDEO-007217,ENHOGAR,2026-08-02,01,0189,U,32,F,6,2132.00
VIDEO-007218,ENHOGAR,2026-08-03,02,0290,R,39,M,1,2269.00
VIDEO-007219,ENHOGAR,2026-08-04,03,0391,U,46,X,4,2406.00
VIDEO-007220,ENHOGAR,2026-08-05,04,0492,U,53,NR,7,2543.00
VIDEO-007221,ENHOGAR,2026-08-06,05,0593,R,60,F,2,2680.00
VIDEO-007222,ENHOGAR,2026-08-07,06,0694,U,67,M,5,2817.00
VIDEO-007223,ENHOGAR,2026-08-08,07,0795,U,74,X,8,2954.00
VIDEO-007224,ENHOGAR,2026-08-09,08,0896,R,81,NR,3,3091.00
VIDEO-007225,ENHOGAR,2026-08-10,09,0997,U,88,F,6,3228.00
VIDEO-007226,ENHOGAR,2026-08-11,10,1098,U,22,M,1,3365.00
VIDEO-007227,ENHOGAR,2026-08-12,11,1199,R,29,X,4,3502.00
VIDEO-007228,ENHOGAR,2026-08-13,12,1201,U,36,NR,7,3639.00
VIDEO-007229,ENHOGAR,2026-08-14,13,1302,U,43,F,2,3776.00
VIDEO-007230,ENHOGAR,2026-08-15,14,1403,R,50,M,5,3913.00
VIDEO-007231,ENHOGAR,2026-08-16,15,1504,U,57,X,8,4050.00
VIDEO-007232,ENHOGAR,2026-08-17,16,1605,U,64,NR,3,4187.00
VIDEO-007233,ENHOGAR,2026-08-18,17,1706,R,71,F,6,4324.00
VIDEO-007234,ENHOGAR,2026-08-19,18,1807,U,78,M,1,4461.00
VIDEO-007235,ENHOGAR,2026-08-20,19,1908,U,85,X,4,4598.00
VIDEO-007236,ENHOGAR,2026-08-01,20,2009,R,19,NR,7,4735.00
VIDEO-007237,ENHOGAR,2026-08-02,21,2110,U,26,F,2,4872.00
VIDEO-007238,ENHOGAR,2026-08-03,22,2211,U,33,M,5,5009.00
VIDEO-007239,ENHOGAR,2026-08-04,01,0112,R,40,X,8,5146.00
VIDEO-007240,ENHOGAR,2026-08-05,02,0213,U,47,NR,3,5283.00
VIDEO-007241,ENHOGAR,2026-08-06,03,0314,U,54,F,6,5420.00
VIDEO-007242,ENHOGAR,2026-08-07,04,0415,R,61,M,1,5557.00
VIDEO-007243,ENHOGAR,2026-08-08,05,0516,U,68,X,4,5694.00
VIDEO-007244,ENHOGAR,2026-08-09,06,0617,U,75,NR,7,5831.00
VIDEO-007245,ENHOGAR,2026-08-10,07,0718,R,82,F,2,5968.00
VIDEO-007246,ENHOGAR,2026-08-11,08,0819,U,89,M,5,6105.00
VIDEO-007247,ENHOGAR,2026-08-12,09,0920,U,23,X,8,6242.00
VIDEO-007248,ENHOGAR,2026-08-13,10,1021,R,30,NR,3,6379.00
VIDEO-007249,ENHOGAR,2026-08-14,11,1122,U,37,F,6,6516.00
VIDEO-007250,ENHOGAR,2026-08-15,12,1223,U,44,M,1,6653.00
VIDEO-007251,ENHOGAR,2026-08-16,13,1324,R,51,X,4,6790.00
VIDEO-007252,ENHOGAR,2026-08-17,14,1425,U,58,NR,7,6927.00
VIDEO-007253,ENHOGAR,2026-08-18,15,1526,U,65,F,2,7064.00
VIDEO-007254,ENHOGAR,2026-08-19,16,1627,R,72,M,5,7201.00
VIDEO-007255,ENHOGAR,2026-08-20,17,1728,U,79,X,8,7338.00
VIDEO-007256,ENHOGAR,2026-08-01,18,1829,U,86,NR,3,7475.00
VIDEO-007257,ENHOGAR,2026-08-02,19,1930,R,20,F,6,7612.00
VIDEO-007258,ENHOGAR,2026-08-03,20,2031,U,27,M,1,7749.00
VIDEO-007259,ENHOGAR,2026-08-04,21,2132,U,34,X,4,7886.00
VIDEO-007260,ENHOGAR,2026-08-05,22,2233,R,41,NR,7,8023.00
VIDEO-007261,ENHOGAR,2026-08-06,01,0134,U,48,F,2,8160.00
VIDEO-007262,ENHOGAR,2026-08-07,02,0235,U,55,M,5,8297.00
VIDEO-007263,ENHOGAR,2026-08-08,03,0336,R,62,X,8,8434.00
VIDEO-007264,ENHOGAR,2026-08-09,04,0437,U,69,NR,3,971.00
VIDEO-007265,ENHOGAR,2026-08-10,05,0538,U,76,F,6,1108.00
VIDEO-007266,ENHOGAR,2026-08-11,06,0639,R,83,M,1,1245.00
VIDEO-007267,ENHOGAR,2026-08-12,07,0740,U,90,X,4,1382.00
VIDEO-007268,ENHOGAR,2026-08-13,08,0841,U,24,NR,7,1519.00
VIDEO-007269,ENHOGAR,2026-08-14,09,0942,R,31,F,2,1656.00
VIDEO-007270,ENHOGAR,2026-08-15,10,1043,U,38,M,5,1793.00
VIDEO-007271,ENHOGAR,2026-08-16,11,1144,U,45,X,8,1930.00
VIDEO-007272,ENHOGAR,2026-08-17,12,1245,R,52,NR,3,2067.00
VIDEO-007273,ENHOGAR,2026-08-18,13,1346,U,59,F,6,2204.00
VIDEO-007274,ENHOGAR,2026-08-19,14,1447,U,66,M,1,2341.00
VIDEO-007275,ENHOGAR,2026-08-20,15,1548,R,73,X,4,2478.00
VIDEO-007276,ENHOGAR,2026-08-01,16,1649,U,80,NR,7,2615.00
VIDEO-007277,ENHOGAR,2026-08-02,17,1750,U,87,F,2,2752.00
VIDEO-007278,ENHOGAR,2026-08-03,18,1851,R,21,M,5,2889.00
VIDEO-007279,ENHOGAR,2026-08-04,19,1952,U,28,X,8,3026.00
VIDEO-007280,ENHOGAR,2026-08-05,20,2053,U,35,NR,3,3163.00
VIDEO-007281,ENHOGAR,2026-08-06,21,2154,R,42,F,6,3300.00
VIDEO-007282,ENHOGAR,2026-08-07,22,2255,U,49,M,1,3437.00
VIDEO-007283,ENHOGAR,2026-08-08,01,0156,U,56,X,4,3574.00
VIDEO-007284,ENHOGAR,2026-08-09,02,0257,R,63,NR,7,3711.00
VIDEO-007285,ENHOGAR,2026-08-10,03,0358,U,70,F,2,3848.00
VIDEO-007286,ENHOGAR,2026-08-11,04,0459,U,77,M,5,3985.00
VIDEO-007287,ENHOGAR,2026-08-12,05,0560,R,84,X,8,4122.00
VIDEO-007288,ENHOGAR,2026-08-13,06,0661,U,18,NR,3,4259.00
VIDEO-007289,ENHOGAR,2026-08-14,07,0762,U,25,F,6,4396.00
VIDEO-007290,ENHOGAR,2026-08-15,08,0863,R,32,M,1,4533.00
VIDEO-007291,ENHOGAR,2026-08-16,09,0964,U,39,X,4,4670.00
VIDEO-007292,ENHOGAR,2026-08-17,10,1065,U,46,NR,7,4807.00
VIDEO-007293,ENHOGAR,2026-08-18,11,1166,R,53,F,2,4944.00
VIDEO-007294,ENHOGAR,2026-08-19,12,1267,U,60,M,5,5081.00
VIDEO-007295,ENHOGAR,2026-08-20,13,1368,U,67,X,8,5218.00
VIDEO-007296,ENHOGAR,2026-08-01,14,1469,R,74,NR,3,5355.00
VIDEO-007297,ENHOGAR,2026-08-02,15,1570,U,81,F,6,5492.00
VIDEO-007298,ENHOGAR,2026-08-03,16,1671,U,88,M,1,5629.00
VIDEO-007299,ENHOGAR,2026-08-04,17,1772,R,22,X,4,5766.00
VIDEO-007300,ENHOGAR,2026-08-05,18,1873,U,29,NR,7,5903.00
VIDEO-007301,ENHOGAR,2026-08-06,19,1974,U,36,F,2,6040.00
VIDEO-007302,ENHOGAR,2026-08-07,20,2075,R,43,M,5,6177.00
VIDEO-007303,ENHOGAR,2026-08-08,21,2176,U,50,X,8,6314.00
VIDEO-007304,ENHOGAR,2026-08-09,22,2277,U,57,NR,3,6451.00
VIDEO-007305,ENHOGAR,2026-08-10,01,0178,R,64,F,6,6588.00
VIDEO-007306,ENHOGAR,2026-08-11,02,0279,U,71,M,1,6725.00
VIDEO-007307,ENHOGAR,2026-08-12,03,0380,U,78,X,4,6862.00
VIDEO-007308,ENHOGAR,2026-08-13,04,0481,R,85,NR,7,6999.00
VIDEO-007309,ENHOGAR,2026-08-14,05,0582,U,19,F,2,7136.00
VIDEO-007310,ENHOGAR,2026-08-15,06,0683,U,26,M,5,7273.00
VIDEO-007311,ENHOGAR,2026-08-16,07,0784,R,33,X,8,7410.00
VIDEO-007312,ENHOGAR,2026-08-17,08,0885,U,40,NR,3,7547.00
VIDEO-007313,ENHOGAR,2026-08-18,09,0986,U,47,F,6,7684.00
VIDEO-007314,ENHOGAR,2026-08-19,10,1087,R,54,M,1,7821.00
VIDEO-007315,ENHOGAR,2026-08-20,11,1188,U,61,X,4,7958.00
VIDEO-007316,ENHOGAR,2026-08-01,12,1289,U,68,NR,7,8095.00
VIDEO-007317,ENHOGAR,2026-08-02,13,1390,R,75,F,2,8232.00
VIDEO-007318,ENHOGAR,2026-08-03,14,1491,U,82,M,5,8369.00
VIDEO-007319,ENHOGAR,2026-08-04,15,1592,U,89,X,8,906.00
VIDEO-007320,ENHOGAR,2026-08-05,16,1693,R,23,NR,3,1043.00
VIDEO-007321,ENHOGAR,2026-08-06,17,1794,U,30,F,6,1180.00
VIDEO-007322,ENHOGAR,2026-08-07,18,1895,U,37,M,1,1317.00
VIDEO-007323,ENHOGAR,2026-08-08,19,1996,R,44,X,4,1454.00
VIDEO-007324,ENHOGAR,2026-08-09,20,2097,U,51,NR,7,1591.00
VIDEO-007325,ENHOGAR,2026-08-10,21,2198,U,58,F,2,1728.00
VIDEO-007326,ENHOGAR,2026-08-11,22,2299,R,65,M,5,1865.00
VIDEO-007327,ENHOGAR,2026-08-12,01,0101,U,72,X,8,2002.00
VIDEO-007328,ENHOGAR,2026-08-13,02,0202,U,79,NR,3,2139.00
VIDEO-007329,ENHOGAR,2026-08-14,03,0303,R,86,F,6,2276.00
VIDEO-007330,ENHOGAR,2026-08-15,04,0404,U,20,M,1,2413.00
VIDEO-007331,ENHOGAR,2026-08-16,05,0505,U,27,X,4,2550.00
VIDEO-007332,ENHOGAR,2026-08-17,06,0606,R,34,NR,7,2687.00
VIDEO-007333,ENHOGAR,2026-08-18,07,0707,U,41,F,2,2824.00
VIDEO-007334,ENHOGAR,2026-08-19,08,0808,U,48,M,5,2961.00
VIDEO-007335,ENHOGAR,2026-08-20,09,0909,R,55,X,8,3098.00
VIDEO-007336,ENHOGAR,2026-08-01,10,1010,U,62,NR,3,3235.00
VIDEO-007337,ENHOGAR,2026-08-02,11,1111,U,69,F,6,3372.00
VIDEO-007338,ENHOGAR,2026-08-03,12,1212,R,76,M,1,3509.00
VIDEO-007339,ENHOGAR,2026-08-04,13,1313,U,83,X,4,3646.00
VIDEO-007340,ENHOGAR,2026-08-05,14,1414,U,90,NR,7,3783.00
VIDEO-007341,ENHOGAR,2026-08-06,15,1515,R,24,F,2,3920.00
VIDEO-007342,ENHOGAR,2026-08-07,16,1616,U,31,M,5,4057.00
VIDEO-007343,ENHOGAR,2026-08-08,17,1717,U,38,X,8,4194.00
VIDEO-007344,ENHOGAR,2026-08-09,18,1818,R,45,NR,3,4331.00
VIDEO-007345,ENHOGAR,2026-08-10,19,1919,U,52,F,6,4468.00
VIDEO-007346,ENHOGAR,2026-08-11,20,2020,U,59,M,1,4605.00
VIDEO-007347,ENHOGAR,2026-08-12,21,2121,R,66,X,4,4742.00
VIDEO-007348,ENHOGAR,2026-08-13,22,2222,U,73,NR,7,4879.00
VIDEO-007349,ENHOGAR,2026-08-14,01,0123,U,80,F,2,5016.00
VIDEO-007350,ENHOGAR,2026-08-15,02,0224,R,87,M,5,5153.00
VIDEO-007351,ENHOGAR,2026-08-16,03,0325,U,21,X,8,5290.00
VIDEO-007352,ENHOGAR,2026-08-17,04,0426,U,28,NR,3,5427.00
VIDEO-007353,ENHOGAR,2026-08-18,05,0527,R,35,F,6,5564.00
VIDEO-007354,ENHOGAR,2026-08-19,06,0628,U,42,M,1,5701.00
VIDEO-007355,ENHOGAR,2026-08-20,07,0729,U,49,X,4,5838.00
VIDEO-007356,ENHOGAR,2026-08-01,08,0830,R,56,NR,7,5975.00
VIDEO-007357,ENHOGAR,2026-08-02,09,0931,U,63,F,2,6112.00
VIDEO-007358,ENHOGAR,2026-08-03,10,1032,U,70,M,5,6249.00
VIDEO-007359,ENHOGAR,2026-08-04,11,1133,R,77,X,8,6386.00
VIDEO-007360,ENHOGAR,2026-08-05,12,1234,U,84,NR,3,6523.00
VIDEO-007361,ENHOGAR,2026-08-06,13,1335,U,18,F,6,6660.00
VIDEO-007362,ENHOGAR,2026-08-07,14,1436,R,25,M,1,6797.00
VIDEO-007363,ENHOGAR,2026-08-08,15,1537,U,32,X,4,6934.00
VIDEO-007364,ENHOGAR,2026-08-09,16,1638,U,39,NR,7,7071.00
VIDEO-007365,ENHOGAR,2026-08-10,17,1739,R,46,F,2,7208.00
VIDEO-007366,ENHOGAR,2026-08-11,18,1840,U,53,M,5,7345.00
VIDEO-007367,ENHOGAR,2026-08-12,19,1941,U,60,X,8,7482.00
VIDEO-007368,ENHOGAR,2026-08-13,20,2042,R,67,NR,3,7619.00
VIDEO-007369,ENHOGAR,2026-08-14,21,2143,U,74,F,6,7756.00
VIDEO-007370,ENHOGAR,2026-08-15,22,2244,U,81,M,1,7893.00
VIDEO-007371,ENHOGAR,2026-08-16,01,0145,R,88,X,4,8030.00
VIDEO-007372,ENHOGAR,2026-08-17,02,0246,U,22,NR,7,8167.00
VIDEO-007373,ENHOGAR,2026-08-18,03,0347,U,29,F,2,8304.00
VIDEO-007374,ENHOGAR,2026-08-19,04,0448,R,36,M,5,8441.00
VIDEO-007375,ENHOGAR,2026-08-20,05,0549,U,43,X,8,978.00
VIDEO-007376,ENHOGAR,2026-08-01,06,0650,U,50,NR,3,1115.00
VIDEO-007377,ENHOGAR,2026-08-02,07,0751,R,57,F,6,1252.00
VIDEO-007378,ENHOGAR,2026-08-03,08,0852,U,64,M,1,1389.00
VIDEO-007379,ENHOGAR,2026-08-04,09,0953,U,71,X,4,1526.00
VIDEO-007380,ENHOGAR,2026-08-05,10,1054,R,78,NR,7,1663.00
VIDEO-007381,ENHOGAR,2026-08-06,11,1155,U,85,F,2,1800.00
VIDEO-007382,ENHOGAR,2026-08-07,12,1256,U,19,M,5,1937.00
VIDEO-007383,ENHOGAR,2026-08-08,13,1357,R,26,X,8,2074.00
VIDEO-007384,ENHOGAR,2026-08-09,14,1458,U,33,NR,3,2211.00
VIDEO-007385,ENHOGAR,2026-08-10,15,1559,U,40,F,6,2348.00
VIDEO-007386,ENHOGAR,2026-08-11,16,1660,R,47,M,1,2485.00
VIDEO-007387,ENHOGAR,2026-08-12,17,1761,U,54,X,4,2622.00
VIDEO-007388,ENHOGAR,2026-08-13,18,1862,U,61,NR,7,2759.00
VIDEO-007389,ENHOGAR,2026-08-14,19,1963,R,68,F,2,2896.00
VIDEO-007390,ENHOGAR,2026-08-15,20,2064,U,75,M,5,3033.00
VIDEO-007391,ENHOGAR,2026-08-16,21,2165,U,82,X,8,3170.00
VIDEO-007392,ENHOGAR,2026-08-17,22,2266,R,89,NR,3,3307.00
VIDEO-007393,ENHOGAR,2026-08-18,01,0167,U,23,F,6,3444.00
VIDEO-007394,ENHOGAR,2026-08-19,02,0268,U,30,M,1,3581.00
VIDEO-007395,ENHOGAR,2026-08-20,03,0369,R,37,X,4,3718.00
VIDEO-007396,ENHOGAR,2026-08-01,04,0470,U,44,NR,7,3855.00
VIDEO-007397,ENHOGAR,2026-08-02,05,0571,U,51,F,2,3992.00
VIDEO-007398,ENHOGAR,2026-08-03,06,0672,R,58,M,5,4129.00
VIDEO-007399,ENHOGAR,2026-08-04,07,0773,U,65,X,8,4266.00
VIDEO-007400,ENHOGAR,2026-08-05,08,0874,U,72,NR,3,4403.00
VIDEO-007401,ENHOGAR,2026-08-06,09,0975,R,79,F,6,4540.00
VIDEO-007402,ENHOGAR,2026-08-07,10,1076,U,86,M,1,4677.00
VIDEO-007403,ENHOGAR,2026-08-08,11,1177,U,20,X,4,4814.00
VIDEO-007404,ENHOGAR,2026-08-09,12,1278,R,27,NR,7,4951.00
VIDEO-007405,ENHOGAR,2026-08-10,13,1379,U,34,F,2,5088.00
VIDEO-007406,ENHOGAR,2026-08-11,14,1480,U,41,M,5,5225.00
VIDEO-007407,ENHOGAR,2026-08-12,15,1581,R,48,X,8,5362.00
VIDEO-007408,ENHOGAR,2026-08-13,16,1682,U,55,NR,3,5499.00
VIDEO-007409,ENHOGAR,2026-08-14,17,1783,U,62,F,6,5636.00
VIDEO-007410,ENHOGAR,2026-08-15,18,1884,R,69,M,1,5773.00
VIDEO-007411,ENHOGAR,2026-08-16,19,1985,U,76,X,4,5910.00
VIDEO-007412,ENHOGAR,2026-08-17,20,2086,U,83,NR,7,6047.00
VIDEO-007413,ENHOGAR,2026-08-18,21,2187,R,90,F,2,6184.00
VIDEO-007414,ENHOGAR,2026-08-19,22,2288,U,24,M,5,6321.00
VIDEO-007415,ENHOGAR,2026-08-20,01,0189,U,31,X,8,6458.00
VIDEO-007416,ENHOGAR,2026-08-01,02,0290,R,38,NR,3,6595.00
VIDEO-007417,ENHOGAR,2026-08-02,03,0391,U,45,F,6,6732.00
VIDEO-007418,ENHOGAR,2026-08-03,04,0492,U,52,M,1,6869.00
VIDEO-007419,ENHOGAR,2026-08-04,05,0593,R,59,X,4,7006.00
VIDEO-007420,ENHOGAR,2026-08-05,06,0694,U,66,NR,7,7143.00
VIDEO-007421,ENHOGAR,2026-08-06,07,0795,U,73,F,2,7280.00
VIDEO-007422,ENHOGAR,2026-08-07,08,0896,R,80,M,5,7417.00
VIDEO-007423,ENHOGAR,2026-08-08,09,0997,U,87,X,8,7554.00
VIDEO-007424,ENHOGAR,2026-08-09,10,1098,U,21,NR,3,7691.00
VIDEO-007425,ENHOGAR,2026-08-10,11,1199,R,28,F,6,7828.00
VIDEO-007426,ENHOGAR,2026-08-11,12,1201,U,35,M,1,7965.00
VIDEO-007427,ENHOGAR,2026-08-12,13,1302,U,42,X,4,8102.00
VIDEO-007428,ENHOGAR,2026-08-13,14,1403,R,49,NR,7,8239.00
VIDEO-007429,ENHOGAR,2026-08-14,15,1504,U,56,F,2,8376.00
VIDEO-007430,ENHOGAR,2026-08-15,16,1605,U,63,M,5,913.00
VIDEO-007431,ENHOGAR,2026-08-16,17,1706,R,70,X,8,1050.00
VIDEO-007432,ENHOGAR,2026-08-17,18,1807,U,77,NR,3,1187.00
VIDEO-007433,ENHOGAR,2026-08-18,19,1908,U,84,F,6,1324.00
VIDEO-007434,ENHOGAR,2026-08-19,20,2009,R,18,M,1,1461.00
VIDEO-007435,ENHOGAR,2026-08-20,21,2110,U,25,X,4,1598.00
VIDEO-007436,ENHOGAR,2026-08-01,22,2211,U,32,NR,7,1735.00
VIDEO-007437,ENHOGAR,2026-08-02,01,0112,R,39,F,2,1872.00
VIDEO-007438,ENHOGAR,2026-08-03,02,0213,U,46,M,5,2009.00
VIDEO-007439,ENHOGAR,2026-08-04,03,0314,U,53,X,8,2146.00
VIDEO-007440,ENHOGAR,2026-08-05,04,0415,R,60,NR,3,2283.00
VIDEO-007441,ENHOGAR,2026-08-06,05,0516,U,67,F,6,2420.00
VIDEO-007442,ENHOGAR,2026-08-07,06,0617,U,74,M,1,2557.00
VIDEO-007443,ENHOGAR,2026-08-08,07,0718,R,81,X,4,2694.00
VIDEO-007444,ENHOGAR,2026-08-09,08,0819,U,88,NR,7,2831.00
VIDEO-007445,ENHOGAR,2026-08-10,09,0920,U,22,F,2,2968.00
VIDEO-007446,ENHOGAR,2026-08-11,10,1021,R,29,M,5,3105.00
VIDEO-007447,ENHOGAR,2026-08-12,11,1122,U,36,X,8,3242.00
VIDEO-007448,ENHOGAR,2026-08-13,12,1223,U,43,NR,3,3379.00
VIDEO-007449,ENHOGAR,2026-08-14,13,1324,R,50,F,6,3516.00
VIDEO-007450,ENHOGAR,2026-08-15,14,1425,U,57,M,1,3653.00
VIDEO-007451,ENHOGAR,2026-08-16,15,1526,U,64,X,4,3790.00
VIDEO-007452,ENHOGAR,2026-08-17,16,1627,R,71,NR,7,3927.00
VIDEO-007453,ENHOGAR,2026-08-18,17,1728,U,78,F,2,4064.00
VIDEO-007454,ENHOGAR,2026-08-19,18,1829,U,85,M,5,4201.00
VIDEO-007455,ENHOGAR,2026-08-20,19,1930,R,19,X,8,4338.00
VIDEO-007456,ENHOGAR,2026-08-01,20,2031,U,26,NR,3,4475.00
VIDEO-007457,ENHOGAR,2026-08-02,21,2132,U,33,F,6,4612.00
VIDEO-007458,ENHOGAR,2026-08-03,22,2233,R,40,M,1,4749.00
VIDEO-007459,ENHOGAR,2026-08-04,01,0134,U,47,X,4,4886.00
VIDEO-007460,ENHOGAR,2026-08-05,02,0235,U,54,NR,7,5023.00
VIDEO-007461,ENHOGAR,2026-08-06,03,0336,R,61,F,2,5160.00
VIDEO-007462,ENHOGAR,2026-08-07,04,0437,U,68,M,5,5297.00
VIDEO-007463,ENHOGAR,2026-08-08,05,0538,U,75,X,8,5434.00
VIDEO-007464,ENHOGAR,2026-08-09,06,0639,R,82,NR,3,5571.00
VIDEO-007465,ENHOGAR,2026-08-10,07,0740,U,89,F,6,5708.00
VIDEO-007466,ENHOGAR,2026-08-11,08,0841,U,23,M,1,5845.00
VIDEO-007467,ENHOGAR,2026-08-12,09,0942,R,30,X,4,5982.00
VIDEO-007468,ENHOGAR,2026-08-13,10,1043,U,37,NR,7,6119.00
VIDEO-007469,ENHOGAR,2026-08-14,11,1144,U,44,F,2,6256.00
VIDEO-007470,ENHOGAR,2026-08-15,12,1245,R,51,M,5,6393.00
VIDEO-007471,ENHOGAR,2026-08-16,13,1346,U,58,X,8,6530.00
VIDEO-007472,ENHOGAR,2026-08-17,14,1447,U,65,NR,3,6667.00
VIDEO-007473,ENHOGAR,2026-08-18,15,1548,R,72,F,6,6804.00
VIDEO-007474,ENHOGAR,2026-08-19,16,1649,U,79,M,1,6941.00
VIDEO-007475,ENHOGAR,2026-08-20,17,1750,U,86,X,4,7078.00
VIDEO-007476,ENHOGAR,2026-08-01,18,1851,R,20,NR,7,7215.00
VIDEO-007477,ENHOGAR,2026-08-02,19,1952,U,27,F,2,7352.00
VIDEO-007478,ENHOGAR,2026-08-03,20,2053,U,34,M,5,7489.00
VIDEO-007479,ENHOGAR,2026-08-04,21,2154,R,41,X,8,7626.00
VIDEO-007480,ENHOGAR,2026-08-05,22,2255,U,48,NR,3,7763.00
VIDEO-007481,ENHOGAR,2026-08-06,01,0156,U,55,F,6,7900.00
VIDEO-007482,ENHOGAR,2026-08-07,02,0257,R,62,M,1,8037.00
VIDEO-007483,ENHOGAR,2026-08-08,03,0358,U,69,X,4,8174.00
VIDEO-007484,ENHOGAR,2026-08-09,04,0459,U,76,NR,7,8311.00
VIDEO-007485,ENHOGAR,2026-08-10,05,0560,R,83,F,2,8448.00
VIDEO-007486,ENHOGAR,2026-08-11,06,0661,U,90,M,5,985.00
VIDEO-007487,ENHOGAR,2026-08-12,07,0762,U,24,X,8,1122.00
VIDEO-007488,ENHOGAR,2026-08-13,08,0863,R,31,NR,3,1259.00
VIDEO-007489,ENHOGAR,2026-08-14,09,0964,U,38,F,6,1396.00
VIDEO-007490,ENHOGAR,2026-08-15,10,1065,U,45,M,1,1533.00
VIDEO-007491,ENHOGAR,2026-08-16,11,1166,R,52,X,4,1670.00
VIDEO-007492,ENHOGAR,2026-08-17,12,1267,U,59,NR,7,1807.00
VIDEO-007493,ENHOGAR,2026-08-18,13,1368,U,66,F,2,1944.00
VIDEO-007494,ENHOGAR,2026-08-19,14,1469,R,73,M,5,2081.00
VIDEO-007495,ENHOGAR,2026-08-20,15,1570,U,80,X,8,2218.00
VIDEO-007496,ENHOGAR,2026-08-01,16,1671,U,87,NR,3,2355.00
VIDEO-007497,ENHOGAR,2026-08-02,17,1772,R,21,F,6,2492.00
VIDEO-007498,ENHOGAR,2026-08-03,18,1873,U,28,M,1,2629.00
VIDEO-007499,ENHOGAR,2026-08-04,19,1974,U,35,X,4,2766.00
VIDEO-007500,ENHOGAR,2026-08-05,20,2075,R,42,NR,7,2903.00
VIDEO-007501,ENHOGAR,2026-08-06,21,2176,U,49,F,2,3040.00
VIDEO-007502,ENHOGAR,2026-08-07,22,2277,U,56,M,5,3177.00
VIDEO-007503,ENHOGAR,2026-08-08,01,0178,R,63,X,8,3314.00
VIDEO-007504,ENHOGAR,2026-08-09,02,0279,U,70,NR,3,3451.00
VIDEO-007505,ENHOGAR,2026-08-10,03,0380,U,77,F,6,3588.00
VIDEO-007506,ENHOGAR,2026-08-11,04,0481,R,84,M,1,3725.00
VIDEO-007507,ENHOGAR,2026-08-12,05,0582,U,18,X,4,3862.00
VIDEO-007508,ENHOGAR,2026-08-13,06,0683,U,25,NR,7,3999.00
VIDEO-007509,ENHOGAR,2026-08-14,07,0784,R,32,F,2,4136.00
VIDEO-007510,ENHOGAR,2026-08-15,08,0885,U,39,M,5,4273.00
VIDEO-007511,ENHOGAR,2026-08-16,09,0986,U,46,X,8,4410.00
VIDEO-007512,ENHOGAR,2026-08-17,10,1087,R,53,NR,3,4547.00
VIDEO-007513,ENHOGAR,2026-08-18,11,1188,U,60,F,6,4684.00
VIDEO-007514,ENHOGAR,2026-08-19,12,1289,U,67,M,1,4821.00
VIDEO-007515,ENHOGAR,2026-08-20,13,1390,R,74,X,4,4958.00
VIDEO-007516,ENHOGAR,2026-08-01,14,1491,U,81,NR,7,5095.00
VIDEO-007517,ENHOGAR,2026-08-02,15,1592,U,88,F,2,5232.00
VIDEO-007518,ENHOGAR,2026-08-03,16,1693,R,22,M,5,5369.00
VIDEO-007519,ENHOGAR,2026-08-04,17,1794,U,29,X,8,5506.00
VIDEO-007520,ENHOGAR,2026-08-05,18,1895,U,36,NR,3,5643.00
VIDEO-007521,ENHOGAR,2026-08-06,19,1996,R,43,F,6,5780.00
VIDEO-007522,ENHOGAR,2026-08-07,20,2097,U,50,M,1,5917.00
VIDEO-007523,ENHOGAR,2026-08-08,21,2198,U,57,X,4,6054.00
VIDEO-007524,ENHOGAR,2026-08-09,22,2299,R,64,NR,7,6191.00
VIDEO-007525,ENHOGAR,2026-08-10,01,0101,U,71,F,2,6328.00
VIDEO-007526,ENHOGAR,2026-08-11,02,0202,U,78,M,5,6465.00
VIDEO-007527,ENHOGAR,2026-08-12,03,0303,R,85,X,8,6602.00
VIDEO-007528,ENHOGAR,2026-08-13,04,0404,U,19,NR,3,6739.00
VIDEO-007529,ENHOGAR,2026-08-14,05,0505,U,26,F,6,6876.00
VIDEO-007530,ENHOGAR,2026-08-15,06,0606,R,33,M,1,7013.00
VIDEO-007531,ENHOGAR,2026-08-16,07,0707,U,40,X,4,7150.00
VIDEO-007532,ENHOGAR,2026-08-17,08,0808,U,47,NR,7,7287.00
VIDEO-007533,ENHOGAR,2026-08-18,09,0909,R,54,F,2,7424.00
VIDEO-007534,ENHOGAR,2026-08-19,10,1010,U,61,M,5,7561.00
VIDEO-007535,ENHOGAR,2026-08-20,11,1111,U,68,X,8,7698.00
VIDEO-007536,ENHOGAR,2026-08-01,12,1212,R,75,NR,3,7835.00
VIDEO-007537,ENHOGAR,2026-08-02,13,1313,U,82,F,6,7972.00
VIDEO-007538,ENHOGAR,2026-08-03,14,1414,U,89,M,1,8109.00
VIDEO-007539,ENHOGAR,2026-08-04,15,1515,R,23,X,4,8246.00
VIDEO-007540,ENHOGAR,2026-08-05,16,1616,U,30,NR,7,8383.00
VIDEO-007541,ENHOGAR,2026-08-06,17,1717,U,37,F,2,920.00
VIDEO-007542,ENHOGAR,2026-08-07,18,1818,R,44,M,5,1057.00
VIDEO-007543,ENHOGAR,2026-08-08,19,1919,U,51,X,8,1194.00
VIDEO-007544,ENHOGAR,2026-08-09,20,2020,U,58,NR,3,1331.00
VIDEO-007545,ENHOGAR,2026-08-10,21,2121,R,65,F,6,1468.00
VIDEO-007546,ENHOGAR,2026-08-11,22,2222,U,72,M,1,1605.00
VIDEO-007547,ENHOGAR,2026-08-12,01,0123,U,79,X,4,1742.00
VIDEO-007548,ENHOGAR,2026-08-13,02,0224,R,86,NR,7,1879.00
VIDEO-007549,ENHOGAR,2026-08-14,03,0325,U,20,F,2,2016.00
VIDEO-007550,ENHOGAR,2026-08-15,04,0426,U,27,M,5,2153.00
VIDEO-007551,ENHOGAR,2026-08-16,05,0527,R,34,X,8,2290.00
VIDEO-007552,ENHOGAR,2026-08-17,06,0628,U,41,NR,3,2427.00
VIDEO-007553,ENHOGAR,2026-08-18,07,0729,U,48,F,6,2564.00
VIDEO-007554,ENHOGAR,2026-08-19,08,0830,R,55,M,1,2701.00
VIDEO-007555,ENHOGAR,2026-08-20,09,0931,U,62,X,4,2838.00
VIDEO-007556,ENHOGAR,2026-08-01,10,1032,U,69,NR,7,2975.00
VIDEO-007557,ENHOGAR,2026-08-02,11,1133,R,76,F,2,3112.00
VIDEO-007558,ENHOGAR,2026-08-03,12,1234,U,83,M,5,3249.00
VIDEO-007559,ENHOGAR,2026-08-04,13,1335,U,90,X,8,3386.00
VIDEO-007560,ENHOGAR,2026-08-05,14,1436,R,24,NR,3,3523.00
VIDEO-007561,ENHOGAR,2026-08-06,15,1537,U,31,F,6,3660.00
VIDEO-007562,ENHOGAR,2026-08-07,16,1638,U,38,M,1,3797.00
VIDEO-007563,ENHOGAR,2026-08-08,17,1739,R,45,X,4,3934.00
VIDEO-007564,ENHOGAR,2026-08-09,18,1840,U,52,NR,7,4071.00
VIDEO-007565,ENHOGAR,2026-08-10,19,1941,U,59,F,2,4208.00
VIDEO-007566,ENHOGAR,2026-08-11,20,2042,R,66,M,5,4345.00
VIDEO-007567,ENHOGAR,2026-08-12,21,2143,U,73,X,8,4482.00
VIDEO-007568,ENHOGAR,2026-08-13,22,2244,U,80,NR,3,4619.00
VIDEO-007569,ENHOGAR,2026-08-14,01,0145,R,87,F,6,4756.00
VIDEO-007570,ENHOGAR,2026-08-15,02,0246,U,21,M,1,4893.00
VIDEO-007571,ENHOGAR,2026-08-16,03,0347,U,28,X,4,5030.00
VIDEO-007572,ENHOGAR,2026-08-17,04,0448,R,35,NR,7,5167.00
VIDEO-007573,ENHOGAR,2026-08-18,05,0549,U,42,F,2,5304.00
VIDEO-007574,ENHOGAR,2026-08-19,06,0650,U,49,M,5,5441.00
VIDEO-007575,ENHOGAR,2026-08-20,07,0751,R,56,X,8,5578.00
VIDEO-007576,ENHOGAR,2026-08-01,08,0852,U,63,NR,3,5715.00
VIDEO-007577,ENHOGAR,2026-08-02,09,0953,U,70,F,6,5852.00
VIDEO-007578,ENHOGAR,2026-08-03,10,1054,R,77,M,1,5989.00
VIDEO-007579,ENHOGAR,2026-08-04,11,1155,U,84,X,4,6126.00
VIDEO-007580,ENHOGAR,2026-08-05,12,1256,U,18,NR,7,6263.00
VIDEO-007581,ENHOGAR,2026-08-06,13,1357,R,25,F,2,6400.00
VIDEO-007582,ENHOGAR,2026-08-07,14,1458,U,32,M,5,6537.00
VIDEO-007583,ENHOGAR,2026-08-08,15,1559,U,39,X,8,6674.00
VIDEO-007584,ENHOGAR,2026-08-09,16,1660,R,46,NR,3,6811.00
VIDEO-007585,ENHOGAR,2026-08-10,17,1761,U,53,F,6,6948.00
VIDEO-007586,ENHOGAR,2026-08-11,18,1862,U,60,M,1,7085.00
VIDEO-007587,ENHOGAR,2026-08-12,19,1963,R,67,X,4,7222.00
VIDEO-007588,ENHOGAR,2026-08-13,20,2064,U,74,NR,7,7359.00
VIDEO-007589,ENHOGAR,2026-08-14,21,2165,U,81,F,2,7496.00
VIDEO-007590,ENHOGAR,2026-08-15,22,2266,R,88,M,5,7633.00
VIDEO-007591,ENHOGAR,2026-08-16,01,0167,U,22,X,8,7770.00
VIDEO-007592,ENHOGAR,2026-08-17,02,0268,U,29,NR,3,7907.00
VIDEO-007593,ENHOGAR,2026-08-18,03,0369,R,36,F,6,8044.00
VIDEO-007594,ENHOGAR,2026-08-19,04,0470,U,43,M,1,8181.00
VIDEO-007595,ENHOGAR,2026-08-20,05,0571,U,50,X,4,8318.00
VIDEO-007596,ENHOGAR,2026-08-01,06,0672,R,57,NR,7,8455.00
VIDEO-007597,ENHOGAR,2026-08-02,07,0773,U,64,F,2,992.00
VIDEO-007598,ENHOGAR,2026-08-03,08,0874,U,71,M,5,1129.00
VIDEO-007599,ENHOGAR,2026-08-04,09,0975,R,78,X,8,1266.00
VIDEO-007600,ENHOGAR,2026-08-05,10,1076,U,85,NR,3,1403.00
VIDEO-007601,ENHOGAR,2026-08-06,11,1177,U,19,F,6,1540.00
VIDEO-007602,ENHOGAR,2026-08-07,12,1278,R,26,M,1,1677.00
VIDEO-007603,ENHOGAR,2026-08-08,13,1379,U,33,X,4,1814.00
VIDEO-007604,ENHOGAR,2026-08-09,14,1480,U,40,NR,7,1951.00
VIDEO-007605,ENHOGAR,2026-08-10,15,1581,R,47,F,2,2088.00
VIDEO-007606,ENHOGAR,2026-08-11,16,1682,U,54,M,5,2225.00
VIDEO-007607,ENHOGAR,2026-08-12,17,1783,U,61,X,8,2362.00
VIDEO-007608,ENHOGAR,2026-08-13,18,1884,R,68,NR,3,2499.00
VIDEO-007609,ENHOGAR,2026-08-14,19,1985,U,75,F,6,2636.00
VIDEO-007610,ENHOGAR,2026-08-15,20,2086,U,82,M,1,2773.00
VIDEO-007611,ENHOGAR,2026-08-16,21,2187,R,89,X,4,2910.00
VIDEO-007612,ENHOGAR,2026-08-17,22,2288,U,23,NR,7,3047.00
VIDEO-007613,ENHOGAR,2026-08-18,01,0189,U,30,F,2,3184.00
VIDEO-007614,ENHOGAR,2026-08-19,02,0290,R,37,M,5,3321.00
VIDEO-007615,ENHOGAR,2026-08-20,03,0391,U,44,X,8,3458.00
VIDEO-007616,ENHOGAR,2026-08-01,04,0492,U,51,NR,3,3595.00
VIDEO-007617,ENHOGAR,2026-08-02,05,0593,R,58,F,6,3732.00
VIDEO-007618,ENHOGAR,2026-08-03,06,0694,U,65,M,1,3869.00
VIDEO-007619,ENHOGAR,2026-08-04,07,0795,U,72,X,4,4006.00
VIDEO-007620,ENHOGAR,2026-08-05,08,0896,R,79,NR,7,4143.00
VIDEO-007621,ENHOGAR,2026-08-06,09,0997,U,86,F,2,4280.00
VIDEO-007622,ENHOGAR,2026-08-07,10,1098,U,20,M,5,4417.00
VIDEO-007623,ENHOGAR,2026-08-08,11,1199,R,27,X,8,4554.00
VIDEO-007624,ENHOGAR,2026-08-09,12,1201,U,34,NR,3,4691.00
VIDEO-007625,ENHOGAR,2026-08-10,13,1302,U,41,F,6,4828.00
VIDEO-007626,ENHOGAR,2026-08-11,14,1403,R,48,M,1,4965.00
VIDEO-007627,ENHOGAR,2026-08-12,15,1504,U,55,X,4,5102.00
VIDEO-007628,ENHOGAR,2026-08-13,16,1605,U,62,NR,7,5239.00
VIDEO-007629,ENHOGAR,2026-08-14,17,1706,R,69,F,2,5376.00
VIDEO-007630,ENHOGAR,2026-08-15,18,1807,U,76,M,5,5513.00
VIDEO-007631,ENHOGAR,2026-08-16,19,1908,U,83,X,8,5650.00
VIDEO-007632,ENHOGAR,2026-08-17,20,2009,R,90,NR,3,5787.00
VIDEO-007633,ENHOGAR,2026-08-18,21,2110,U,24,F,6,5924.00
VIDEO-007634,ENHOGAR,2026-08-19,22,2211,U,31,M,1,6061.00
VIDEO-007635,ENHOGAR,2026-08-20,01,0112,R,38,X,4,6198.00
VIDEO-007636,ENHOGAR,2026-08-01,02,0213,U,45,NR,7,6335.00
VIDEO-007637,ENHOGAR,2026-08-02,03,0314,U,52,F,2,6472.00
VIDEO-007638,ENHOGAR,2026-08-03,04,0415,R,59,M,5,6609.00
VIDEO-007639,ENHOGAR,2026-08-04,05,0516,U,66,X,8,6746.00
VIDEO-007640,ENHOGAR,2026-08-05,06,0617,U,73,NR,3,6883.00
VIDEO-007641,ENHOGAR,2026-08-06,07,0718,R,80,F,6,7020.00
VIDEO-007642,ENHOGAR,2026-08-07,08,0819,U,87,M,1,7157.00
VIDEO-007643,ENHOGAR,2026-08-08,09,0920,U,21,X,4,7294.00
VIDEO-007644,ENHOGAR,2026-08-09,10,1021,R,28,NR,7,7431.00
VIDEO-007645,ENHOGAR,2026-08-10,11,1122,U,35,F,2,7568.00
VIDEO-007646,ENHOGAR,2026-08-11,12,1223,U,42,M,5,7705.00
VIDEO-007647,ENHOGAR,2026-08-12,13,1324,R,49,X,8,7842.00
VIDEO-007648,ENHOGAR,2026-08-13,14,1425,U,56,NR,3,7979.00
VIDEO-007649,ENHOGAR,2026-08-14,15,1526,U,63,F,6,8116.00
VIDEO-007650,ENHOGAR,2026-08-15,16,1627,R,70,M,1,8253.00
VIDEO-007651,ENHOGAR,2026-08-16,17,1728,U,77,X,4,8390.00
VIDEO-007652,ENHOGAR,2026-08-17,18,1829,U,84,NR,7,927.00
VIDEO-007653,ENHOGAR,2026-08-18,19,1930,R,18,F,2,1064.00
VIDEO-007654,ENHOGAR,2026-08-19,20,2031,U,25,M,5,1201.00
VIDEO-007655,ENHOGAR,2026-08-20,21,2132,U,32,X,8,1338.00
VIDEO-007656,ENHOGAR,2026-08-01,22,2233,R,39,NR,3,1475.00
VIDEO-007657,ENHOGAR,2026-08-02,01,0134,U,46,F,6,1612.00
VIDEO-007658,ENHOGAR,2026-08-03,02,0235,U,53,M,1,1749.00
VIDEO-007659,ENHOGAR,2026-08-04,03,0336,R,60,X,4,1886.00
VIDEO-007660,ENHOGAR,2026-08-05,04,0437,U,67,NR,7,2023.00
VIDEO-007661,ENHOGAR,2026-08-06,05,0538,U,74,F,2,2160.00
VIDEO-007662,ENHOGAR,2026-08-07,06,0639,R,81,M,5,2297.00
VIDEO-007663,ENHOGAR,2026-08-08,07,0740,U,88,X,8,2434.00
VIDEO-007664,ENHOGAR,2026-08-09,08,0841,U,22,NR,3,2571.00
VIDEO-007665,ENHOGAR,2026-08-10,09,0942,R,29,F,6,2708.00
VIDEO-007666,ENHOGAR,2026-08-11,10,1043,U,36,M,1,2845.00
VIDEO-007667,ENHOGAR,2026-08-12,11,1144,U,43,X,4,2982.00
VIDEO-007668,ENHOGAR,2026-08-13,12,1245,R,50,NR,7,3119.00
VIDEO-007669,ENHOGAR,2026-08-14,13,1346,U,57,F,2,3256.00
VIDEO-007670,ENHOGAR,2026-08-15,14,1447,U,64,M,5,3393.00
VIDEO-007671,ENHOGAR,2026-08-16,15,1548,R,71,X,8,3530.00
VIDEO-007672,ENHOGAR,2026-08-17,16,1649,U,78,NR,3,3667.00
VIDEO-007673,ENHOGAR,2026-08-18,17,1750,U,85,F,6,3804.00
VIDEO-007674,ENHOGAR,2026-08-19,18,1851,R,19,M,1,3941.00
VIDEO-007675,ENHOGAR,2026-08-20,19,1952,U,26,X,4,4078.00
VIDEO-007676,ENHOGAR,2026-08-01,20,2053,U,33,NR,7,4215.00
VIDEO-007677,ENHOGAR,2026-08-02,21,2154,R,40,F,2,4352.00
VIDEO-007678,ENHOGAR,2026-08-03,22,2255,U,47,M,5,4489.00
VIDEO-007679,ENHOGAR,2026-08-04,01,0156,U,54,X,8,4626.00
VIDEO-007680,ENHOGAR,2026-08-05,02,0257,R,61,NR,3,4763.00
VIDEO-007681,ENHOGAR,2026-08-06,03,0358,U,68,F,6,4900.00
VIDEO-007682,ENHOGAR,2026-08-07,04,0459,U,75,M,1,5037.00
VIDEO-007683,ENHOGAR,2026-08-08,05,0560,R,82,X,4,5174.00
VIDEO-007684,ENHOGAR,2026-08-09,06,0661,U,89,NR,7,5311.00
VIDEO-007685,ENHOGAR,2026-08-10,07,0762,U,23,F,2,5448.00
VIDEO-007686,ENHOGAR,2026-08-11,08,0863,R,30,M,5,5585.00
VIDEO-007687,ENHOGAR,2026-08-12,09,0964,U,37,X,8,5722.00
VIDEO-007688,ENHOGAR,2026-08-13,10,1065,U,44,NR,3,5859.00
VIDEO-007689,ENHOGAR,2026-08-14,11,1166,R,51,F,6,5996.00
VIDEO-007690,ENHOGAR,2026-08-15,12,1267,U,58,M,1,6133.00
VIDEO-007691,ENHOGAR,2026-08-16,13,1368,U,65,X,4,6270.00
VIDEO-007692,ENHOGAR,2026-08-17,14,1469,R,72,NR,7,6407.00
VIDEO-007693,ENHOGAR,2026-08-18,15,1570,U,79,F,2,6544.00
VIDEO-007694,ENHOGAR,2026-08-19,16,1671,U,86,M,5,6681.00
VIDEO-007695,ENHOGAR,2026-08-20,17,1772,R,20,X,8,6818.00
VIDEO-007696,ENHOGAR,2026-08-01,18,1873,U,27,NR,3,6955.00
VIDEO-007697,ENHOGAR,2026-08-02,19,1974,U,34,F,6,7092.00
VIDEO-007698,ENHOGAR,2026-08-03,20,2075,R,41,M,1,7229.00
VIDEO-007699,ENHOGAR,2026-08-04,21,2176,U,48,X,4,7366.00
VIDEO-007700,ENHOGAR,2026-08-05,22,2277,U,55,NR,7,7503.00
VIDEO-007701,ENHOGAR,2026-08-06,01,0178,R,62,F,2,7640.00
VIDEO-007702,ENHOGAR,2026-08-07,02,0279,U,69,M,5,7777.00
VIDEO-007703,ENHOGAR,2026-08-08,03,0380,U,76,X,8,7914.00
VIDEO-007704,ENHOGAR,2026-08-09,04,0481,R,83,NR,3,8051.00
VIDEO-007705,ENHOGAR,2026-08-10,05,0582,U,90,F,6,8188.00
VIDEO-007706,ENHOGAR,2026-08-11,06,0683,U,24,M,1,8325.00
VIDEO-007707,ENHOGAR,2026-08-12,07,0784,R,31,X,4,8462.00
VIDEO-007708,ENHOGAR,2026-08-13,08,0885,U,38,NR,7,999.00
VIDEO-007709,ENHOGAR,2026-08-14,09,0986,U,45,F,2,1136.00
VIDEO-007710,ENHOGAR,2026-08-15,10,1087,R,52,M,5,1273.00
VIDEO-007711,ENHOGAR,2026-08-16,11,1188,U,59,X,8,1410.00
VIDEO-007712,ENHOGAR,2026-08-17,12,1289,U,66,NR,3,1547.00
VIDEO-007713,ENHOGAR,2026-08-18,13,1390,R,73,F,6,1684.00
VIDEO-007714,ENHOGAR,2026-08-19,14,1491,U,80,M,1,1821.00
VIDEO-007715,ENHOGAR,2026-08-20,15,1592,U,87,X,4,1958.00
VIDEO-007716,ENHOGAR,2026-08-01,16,1693,R,21,NR,7,2095.00
VIDEO-007717,ENHOGAR,2026-08-02,17,1794,U,28,F,2,2232.00
VIDEO-007718,ENHOGAR,2026-08-03,18,1895,U,35,M,5,2369.00
VIDEO-007719,ENHOGAR,2026-08-04,19,1996,R,42,X,8,2506.00
VIDEO-007720,ENHOGAR,2026-08-05,20,2097,U,49,NR,3,2643.00
VIDEO-007721,ENHOGAR,2026-08-06,21,2198,U,56,F,6,2780.00
VIDEO-007722,ENHOGAR,2026-08-07,22,2299,R,63,M,1,2917.00
VIDEO-007723,ENHOGAR,2026-08-08,01,0101,U,70,X,4,3054.00
VIDEO-007724,ENHOGAR,2026-08-09,02,0202,U,77,NR,7,3191.00
VIDEO-007725,ENHOGAR,2026-08-10,03,0303,R,84,F,2,3328.00
VIDEO-007726,ENHOGAR,2026-08-11,04,0404,U,18,M,5,3465.00
VIDEO-007727,ENHOGAR,2026-08-12,05,0505,U,25,X,8,3602.00
VIDEO-007728,ENHOGAR,2026-08-13,06,0606,R,32,NR,3,3739.00
VIDEO-007729,ENHOGAR,2026-08-14,07,0707,U,39,F,6,3876.00
VIDEO-007730,ENHOGAR,2026-08-15,08,0808,U,46,M,1,4013.00
VIDEO-007731,ENHOGAR,2026-08-16,09,0909,R,53,X,4,4150.00
VIDEO-007732,ENHOGAR,2026-08-17,10,1010,U,60,NR,7,4287.00
VIDEO-007733,ENHOGAR,2026-08-18,11,1111,U,67,F,2,4424.00
VIDEO-007734,ENHOGAR,2026-08-19,12,1212,R,74,M,5,4561.00
VIDEO-007735,ENHOGAR,2026-08-20,13,1313,U,81,X,8,4698.00
VIDEO-007736,ENHOGAR,2026-08-01,14,1414,U,88,NR,3,4835.00
VIDEO-007737,ENHOGAR,2026-08-02,15,1515,R,22,F,6,4972.00
VIDEO-007738,ENHOGAR,2026-08-03,16,1616,U,29,M,1,5109.00
VIDEO-007739,ENHOGAR,2026-08-04,17,1717,U,36,X,4,5246.00
VIDEO-007740,ENHOGAR,2026-08-05,18,1818,R,43,NR,7,5383.00
VIDEO-007741,ENHOGAR,2026-08-06,19,1919,U,50,F,2,5520.00
VIDEO-007742,ENHOGAR,2026-08-07,20,2020,U,57,M,5,5657.00
VIDEO-007743,ENHOGAR,2026-08-08,21,2121,R,64,X,8,5794.00
VIDEO-007744,ENHOGAR,2026-08-09,22,2222,U,71,NR,3,5931.00
VIDEO-007745,ENHOGAR,2026-08-10,01,0123,U,78,F,6,6068.00
VIDEO-007746,ENHOGAR,2026-08-11,02,0224,R,85,M,1,6205.00
VIDEO-007747,ENHOGAR,2026-08-12,03,0325,U,19,X,4,6342.00
VIDEO-007748,ENHOGAR,2026-08-13,04,0426,U,26,NR,7,6479.00
VIDEO-007749,ENHOGAR,2026-08-14,05,0527,R,33,F,2,6616.00
VIDEO-007750,ENHOGAR,2026-08-15,06,0628,U,40,M,5,6753.00
VIDEO-007751,ENHOGAR,2026-08-16,07,0729,U,47,X,8,6890.00
VIDEO-007752,ENHOGAR,2026-08-17,08,0830,R,54,NR,3,7027.00
VIDEO-007753,ENHOGAR,2026-08-18,09,0931,U,61,F,6,7164.00
VIDEO-007754,ENHOGAR,2026-08-19,10,1032,U,68,M,1,7301.00
VIDEO-007755,ENHOGAR,2026-08-20,11,1133,R,75,X,4,7438.00
VIDEO-007756,ENHOGAR,2026-08-01,12,1234,U,82,NR,7,7575.00
VIDEO-007757,ENHOGAR,2026-08-02,13,1335,U,89,F,2,7712.00
VIDEO-007758,ENHOGAR,2026-08-03,14,1436,R,23,M,5,7849.00
VIDEO-007759,ENHOGAR,2026-08-04,15,1537,U,30,X,8,7986.00
VIDEO-007760,ENHOGAR,2026-08-05,16,1638,U,37,NR,3,8123.00
VIDEO-007761,ENHOGAR,2026-08-06,17,1739,R,44,F,6,8260.00
VIDEO-007762,ENHOGAR,2026-08-07,18,1840,U,51,M,1,8397.00
VIDEO-007763,ENHOGAR,2026-08-08,19,1941,U,58,X,4,934.00
VIDEO-007764,ENHOGAR,2026-08-09,20,2042,R,65,NR,7,1071.00
VIDEO-007765,ENHOGAR,2026-08-10,21,2143,U,72,F,2,1208.00
VIDEO-007766,ENHOGAR,2026-08-11,22,2244,U,79,M,5,1345.00
VIDEO-007767,ENHOGAR,2026-08-12,01,0145,R,86,X,8,1482.00
VIDEO-007768,ENHOGAR,2026-08-13,02,0246,U,20,NR,3,1619.00
VIDEO-007769,ENHOGAR,2026-08-14,03,0347,U,27,F,6,1756.00
VIDEO-007770,ENHOGAR,2026-08-15,04,0448,R,34,M,1,1893.00
VIDEO-007771,ENHOGAR,2026-08-16,05,0549,U,41,X,4,2030.00
VIDEO-007772,ENHOGAR,2026-08-17,06,0650,U,48,NR,7,2167.00
VIDEO-007773,ENHOGAR,2026-08-18,07,0751,R,55,F,2,2304.00
VIDEO-007774,ENHOGAR,2026-08-19,08,0852,U,62,M,5,2441.00
VIDEO-007775,ENHOGAR,2026-08-20,09,0953,U,69,X,8,2578.00
VIDEO-007776,ENHOGAR,2026-08-01,10,1054,R,76,NR,3,2715.00
VIDEO-007777,ENHOGAR,2026-08-02,11,1155,U,83,F,6,2852.00
VIDEO-007778,ENHOGAR,2026-08-03,12,1256,U,90,M,1,2989.00
VIDEO-007779,ENHOGAR,2026-08-04,13,1357,R,24,X,4,3126.00
VIDEO-007780,ENHOGAR,2026-08-05,14,1458,U,31,NR,7,3263.00
VIDEO-007781,ENHOGAR,2026-08-06,15,1559,U,38,F,2,3400.00
VIDEO-007782,ENHOGAR,2026-08-07,16,1660,R,45,M,5,3537.00
VIDEO-007783,ENHOGAR,2026-08-08,17,1761,U,52,X,8,3674.00
VIDEO-007784,ENHOGAR,2026-08-09,18,1862,U,59,NR,3,3811.00
VIDEO-007785,ENHOGAR,2026-08-10,19,1963,R,66,F,6,3948.00
VIDEO-007786,ENHOGAR,2026-08-11,20,2064,U,73,M,1,4085.00
VIDEO-007787,ENHOGAR,2026-08-12,21,2165,U,80,X,4,4222.00
VIDEO-007788,ENHOGAR,2026-08-13,22,2266,R,87,NR,7,4359.00
VIDEO-007789,ENHOGAR,2026-08-14,01,0167,U,21,F,2,4496.00
VIDEO-007790,ENHOGAR,2026-08-15,02,0268,U,28,M,5,4633.00
VIDEO-007791,ENHOGAR,2026-08-16,03,0369,R,35,X,8,4770.00
VIDEO-007792,ENHOGAR,2026-08-17,04,0470,U,42,NR,3,4907.00
VIDEO-007793,ENHOGAR,2026-08-18,05,0571,U,49,F,6,5044.00
VIDEO-007794,ENHOGAR,2026-08-19,06,0672,R,56,M,1,5181.00
VIDEO-007795,ENHOGAR,2026-08-20,07,0773,U,63,X,4,5318.00
VIDEO-007796,ENHOGAR,2026-08-01,08,0874,U,70,NR,7,5455.00
VIDEO-007797,ENHOGAR,2026-08-02,09,0975,R,77,F,2,5592.00
VIDEO-007798,ENHOGAR,2026-08-03,10,1076,U,84,M,5,5729.00
VIDEO-007799,ENHOGAR,2026-08-04,11,1177,U,18,X,8,5866.00
VIDEO-007800,ENHOGAR,2026-08-05,12,1278,R,25,NR,3,6003.00
VIDEO-007801,ENHOGAR,2026-08-06,13,1379,U,32,F,6,6140.00
VIDEO-007802,ENHOGAR,2026-08-07,14,1480,U,39,M,1,6277.00
VIDEO-007803,ENHOGAR,2026-08-08,15,1581,R,46,X,4,6414.00
VIDEO-007804,ENHOGAR,2026-08-09,16,1682,U,53,NR,7,6551.00
VIDEO-007805,ENHOGAR,2026-08-10,17,1783,U,60,F,2,6688.00
VIDEO-007806,ENHOGAR,2026-08-11,18,1884,R,67,M,5,6825.00
VIDEO-007807,ENHOGAR,2026-08-12,19,1985,U,74,X,8,6962.00
VIDEO-007808,ENHOGAR,2026-08-13,20,2086,U,81,NR,3,7099.00
VIDEO-007809,ENHOGAR,2026-08-14,21,2187,R,88,F,6,7236.00
VIDEO-007810,ENHOGAR,2026-08-15,22,2288,U,22,M,1,7373.00
VIDEO-007811,ENHOGAR,2026-08-16,01,0189,U,29,X,4,7510.00
VIDEO-007812,ENHOGAR,2026-08-17,02,0290,R,36,NR,7,7647.00
VIDEO-007813,ENHOGAR,2026-08-18,03,0391,U,43,F,2,7784.00
VIDEO-007814,ENHOGAR,2026-08-19,04,0492,U,50,M,5,7921.00
VIDEO-007815,ENHOGAR,2026-08-20,05,0593,R,57,X,8,8058.00
VIDEO-007816,ENHOGAR,2026-08-01,06,0694,U,64,NR,3,8195.00
VIDEO-007817,ENHOGAR,2026-08-02,07,0795,U,71,F,6,8332.00
VIDEO-007818,ENHOGAR,2026-08-03,08,0896,R,78,M,1,8469.00
VIDEO-007819,ENHOGAR,2026-08-04,09,0997,U,85,X,4,1006.00
VIDEO-007820,ENHOGAR,2026-08-05,10,1098,U,19,NR,7,1143.00
VIDEO-007821,ENHOGAR,2026-08-06,11,1199,R,26,F,2,1280.00
VIDEO-007822,ENHOGAR,2026-08-07,12,1201,U,33,M,5,1417.00
VIDEO-007823,ENHOGAR,2026-08-08,13,1302,U,40,X,8,1554.00
VIDEO-007824,ENHOGAR,2026-08-09,14,1403,R,47,NR,3,1691.00
VIDEO-007825,ENHOGAR,2026-08-10,15,1504,U,54,F,6,1828.00
VIDEO-007826,ENHOGAR,2026-08-11,16,1605,U,61,M,1,1965.00
VIDEO-007827,ENHOGAR,2026-08-12,17,1706,R,68,X,4,2102.00
VIDEO-007828,ENHOGAR,2026-08-13,18,1807,U,75,NR,7,2239.00
VIDEO-007829,ENHOGAR,2026-08-14,19,1908,U,82,F,2,2376.00
VIDEO-007830,ENHOGAR,2026-08-15,20,2009,R,89,M,5,2513.00
VIDEO-007831,ENHOGAR,2026-08-16,21,2110,U,23,X,8,2650.00
VIDEO-007832,ENHOGAR,2026-08-17,22,2211,U,30,NR,3,2787.00
VIDEO-007833,ENHOGAR,2026-08-18,01,0112,R,37,F,6,2924.00
VIDEO-007834,ENHOGAR,2026-08-19,02,0213,U,44,M,1,3061.00
VIDEO-007835,ENHOGAR,2026-08-20,03,0314,U,51,X,4,3198.00
VIDEO-007836,ENHOGAR,2026-08-01,04,0415,R,58,NR,7,3335.00
VIDEO-007837,ENHOGAR,2026-08-02,05,0516,U,65,F,2,3472.00
VIDEO-007838,ENHOGAR,2026-08-03,06,0617,U,72,M,5,3609.00
VIDEO-007839,ENHOGAR,2026-08-04,07,0718,R,79,X,8,3746.00
VIDEO-007840,ENHOGAR,2026-08-05,08,0819,U,86,NR,3,3883.00
VIDEO-007841,ENHOGAR,2026-08-06,09,0920,U,20,F,6,4020.00
VIDEO-007842,ENHOGAR,2026-08-07,10,1021,R,27,M,1,4157.00
VIDEO-007843,ENHOGAR,2026-08-08,11,1122,U,34,X,4,4294.00
VIDEO-007844,ENHOGAR,2026-08-09,12,1223,U,41,NR,7,4431.00
VIDEO-007845,ENHOGAR,2026-08-10,13,1324,R,48,F,2,4568.00
VIDEO-007846,ENHOGAR,2026-08-11,14,1425,U,55,M,5,4705.00
VIDEO-007847,ENHOGAR,2026-08-12,15,1526,U,62,X,8,4842.00
VIDEO-007848,ENHOGAR,2026-08-13,16,1627,R,69,NR,3,4979.00
VIDEO-007849,ENHOGAR,2026-08-14,17,1728,U,76,F,6,5116.00
VIDEO-007850,ENHOGAR,2026-08-15,18,1829,U,83,M,1,5253.00
VIDEO-007851,ENHOGAR,2026-08-16,19,1930,R,90,X,4,5390.00
VIDEO-007852,ENHOGAR,2026-08-17,20,2031,U,24,NR,7,5527.00
VIDEO-007853,ENHOGAR,2026-08-18,21,2132,U,31,F,2,5664.00
VIDEO-007854,ENHOGAR,2026-08-19,22,2233,R,38,M,5,5801.00
VIDEO-007855,ENHOGAR,2026-08-20,01,0134,U,45,X,8,5938.00
VIDEO-007856,ENHOGAR,2026-08-01,02,0235,U,52,NR,3,6075.00
VIDEO-007857,ENHOGAR,2026-08-02,03,0336,R,59,F,6,6212.00
VIDEO-007858,ENHOGAR,2026-08-03,04,0437,U,66,M,1,6349.00
VIDEO-007859,ENHOGAR,2026-08-04,05,0538,U,73,X,4,6486.00
VIDEO-007860,ENHOGAR,2026-08-05,06,0639,R,80,NR,7,6623.00
VIDEO-007861,ENHOGAR,2026-08-06,07,0740,U,87,F,2,6760.00
VIDEO-007862,ENHOGAR,2026-08-07,08,0841,U,21,M,5,6897.00
VIDEO-007863,ENHOGAR,2026-08-08,09,0942,R,28,X,8,7034.00
VIDEO-007864,ENHOGAR,2026-08-09,10,1043,U,35,NR,3,7171.00
VIDEO-007865,ENHOGAR,2026-08-10,11,1144,U,42,F,6,7308.00
VIDEO-007866,ENHOGAR,2026-08-11,12,1245,R,49,M,1,7445.00
VIDEO-007867,ENHOGAR,2026-08-12,13,1346,U,56,X,4,7582.00
VIDEO-007868,ENHOGAR,2026-08-13,14,1447,U,63,NR,7,7719.00
VIDEO-007869,ENHOGAR,2026-08-14,15,1548,R,70,F,2,7856.00
VIDEO-007870,ENHOGAR,2026-08-15,16,1649,U,77,M,5,7993.00
VIDEO-007871,ENHOGAR,2026-08-16,17,1750,U,84,X,8,8130.00
VIDEO-007872,ENHOGAR,2026-08-17,18,1851,R,18,NR,3,8267.00
VIDEO-007873,ENHOGAR,2026-08-18,19,1952,U,25,F,6,8404.00
VIDEO-007874,ENHOGAR,2026-08-19,20,2053,U,32,M,1,941.00
VIDEO-007875,ENHOGAR,2026-08-20,21,2154,R,39,X,4,1078.00
VIDEO-007876,ENHOGAR,2026-08-01,22,2255,U,46,NR,7,1215.00
VIDEO-007877,ENHOGAR,2026-08-02,01,0156,U,53,F,2,1352.00
VIDEO-007878,ENHOGAR,2026-08-03,02,0257,R,60,M,5,1489.00
VIDEO-007879,ENHOGAR,2026-08-04,03,0358,U,67,X,8,1626.00
VIDEO-007880,ENHOGAR,2026-08-05,04,0459,U,74,NR,3,1763.00
VIDEO-007881,ENHOGAR,2026-08-06,05,0560,R,81,F,6,1900.00
VIDEO-007882,ENHOGAR,2026-08-07,06,0661,U,88,M,1,2037.00
VIDEO-007883,ENHOGAR,2026-08-08,07,0762,U,22,X,4,2174.00
VIDEO-007884,ENHOGAR,2026-08-09,08,0863,R,29,NR,7,2311.00
VIDEO-007885,ENHOGAR,2026-08-10,09,0964,U,36,F,2,2448.00
VIDEO-007886,ENHOGAR,2026-08-11,10,1065,U,43,M,5,2585.00
VIDEO-007887,ENHOGAR,2026-08-12,11,1166,R,50,X,8,2722.00
VIDEO-007888,ENHOGAR,2026-08-13,12,1267,U,57,NR,3,2859.00
VIDEO-007889,ENHOGAR,2026-08-14,13,1368,U,64,F,6,2996.00
VIDEO-007890,ENHOGAR,2026-08-15,14,1469,R,71,M,1,3133.00
VIDEO-007891,ENHOGAR,2026-08-16,15,1570,U,78,X,4,3270.00
VIDEO-007892,ENHOGAR,2026-08-17,16,1671,U,85,NR,7,3407.00
VIDEO-007893,ENHOGAR,2026-08-18,17,1772,R,19,F,2,3544.00
VIDEO-007894,ENHOGAR,2026-08-19,18,1873,U,26,M,5,3681.00
VIDEO-007895,ENHOGAR,2026-08-20,19,1974,U,33,X,8,3818.00
VIDEO-007896,ENHOGAR,2026-08-01,20,2075,R,40,NR,3,3955.00
VIDEO-007897,ENHOGAR,2026-08-02,21,2176,U,47,F,6,4092.00
VIDEO-007898,ENHOGAR,2026-08-03,22,2277,U,54,M,1,4229.00
VIDEO-007899,ENHOGAR,2026-08-04,01,0178,R,61,X,4,4366.00
VIDEO-007900,ENHOGAR,2026-08-05,02,0279,U,68,NR,7,4503.00
VIDEO-007901,ENHOGAR,2026-08-06,03,0380,U,75,F,2,4640.00
VIDEO-007902,ENHOGAR,2026-08-07,04,0481,R,82,M,5,4777.00
VIDEO-007903,ENHOGAR,2026-08-08,05,0582,U,89,X,8,4914.00
VIDEO-007904,ENHOGAR,2026-08-09,06,0683,U,23,NR,3,5051.00
VIDEO-007905,ENHOGAR,2026-08-10,07,0784,R,30,F,6,5188.00
VIDEO-007906,ENHOGAR,2026-08-11,08,0885,U,37,M,1,5325.00
VIDEO-007907,ENHOGAR,2026-08-12,09,0986,U,44,X,4,5462.00
VIDEO-007908,ENHOGAR,2026-08-13,10,1087,R,51,NR,7,5599.00
VIDEO-007909,ENHOGAR,2026-08-14,11,1188,U,58,F,2,5736.00
VIDEO-007910,ENHOGAR,2026-08-15,12,1289,U,65,M,5,5873.00
VIDEO-007911,ENHOGAR,2026-08-16,13,1390,R,72,X,8,6010.00
VIDEO-007912,ENHOGAR,2026-08-17,14,1491,U,79,NR,3,6147.00
VIDEO-007913,ENHOGAR,2026-08-18,15,1592,U,86,F,6,6284.00
VIDEO-007914,ENHOGAR,2026-08-19,16,1693,R,20,M,1,6421.00
VIDEO-007915,ENHOGAR,2026-08-20,17,1794,U,27,X,4,6558.00
VIDEO-007916,ENHOGAR,2026-08-01,18,1895,U,34,NR,7,6695.00
VIDEO-007917,ENHOGAR,2026-08-02,19,1996,R,41,F,2,6832.00
VIDEO-007918,ENHOGAR,2026-08-03,20,2097,U,48,M,5,6969.00
VIDEO-007919,ENHOGAR,2026-08-04,21,2198,U,55,X,8,7106.00
VIDEO-007920,ENHOGAR,2026-08-05,22,2299,R,62,NR,3,7243.00
VIDEO-007921,ENHOGAR,2026-08-06,01,0101,U,69,F,6,7380.00
VIDEO-007922,ENHOGAR,2026-08-07,02,0202,U,76,M,1,7517.00
VIDEO-007923,ENHOGAR,2026-08-08,03,0303,R,83,X,4,7654.00
VIDEO-007924,ENHOGAR,2026-08-09,04,0404,U,90,NR,7,7791.00
VIDEO-007925,ENHOGAR,2026-08-10,05,0505,U,24,F,2,7928.00
VIDEO-007926,ENHOGAR,2026-08-11,06,0606,R,31,M,5,8065.00
VIDEO-007927,ENHOGAR,2026-08-12,07,0707,U,38,X,8,8202.00
VIDEO-007928,ENHOGAR,2026-08-13,08,0808,U,45,NR,3,8339.00
VIDEO-007929,ENHOGAR,2026-08-14,09,0909,R,52,F,6,8476.00
VIDEO-007930,ENHOGAR,2026-08-15,10,1010,U,59,M,1,1013.00
VIDEO-007931,ENHOGAR,2026-08-16,11,1111,U,66,X,4,1150.00
VIDEO-007932,ENHOGAR,2026-08-17,12,1212,R,73,NR,7,1287.00
VIDEO-007933,ENHOGAR,2026-08-18,13,1313,U,80,F,2,1424.00
VIDEO-007934,ENHOGAR,2026-08-19,14,1414,U,87,M,5,1561.00
VIDEO-007935,ENHOGAR,2026-08-20,15,1515,R,21,X,8,1698.00
VIDEO-007936,ENHOGAR,2026-08-01,16,1616,U,28,NR,3,1835.00
VIDEO-007937,ENHOGAR,2026-08-02,17,1717,U,35,F,6,1972.00
VIDEO-007938,ENHOGAR,2026-08-03,18,1818,R,42,M,1,2109.00
VIDEO-007939,ENHOGAR,2026-08-04,19,1919,U,49,X,4,2246.00
VIDEO-007940,ENHOGAR,2026-08-05,20,2020,U,56,NR,7,2383.00
VIDEO-007941,ENHOGAR,2026-08-06,21,2121,R,63,F,2,2520.00
VIDEO-007942,ENHOGAR,2026-08-07,22,2222,U,70,M,5,2657.00
VIDEO-007943,ENHOGAR,2026-08-08,01,0123,U,77,X,8,2794.00
VIDEO-007944,ENHOGAR,2026-08-09,02,0224,R,84,NR,3,2931.00
VIDEO-007945,ENHOGAR,2026-08-10,03,0325,U,18,F,6,3068.00
VIDEO-007946,ENHOGAR,2026-08-11,04,0426,U,25,M,1,3205.00
VIDEO-007947,ENHOGAR,2026-08-12,05,0527,R,32,X,4,3342.00
VIDEO-007948,ENHOGAR,2026-08-13,06,0628,U,39,NR,7,3479.00
VIDEO-007949,ENHOGAR,2026-08-14,07,0729,U,46,F,2,3616.00
VIDEO-007950,ENHOGAR,2026-08-15,08,0830,R,53,M,5,3753.00
VIDEO-007951,ENHOGAR,2026-08-16,09,0931,U,60,X,8,3890.00
VIDEO-007952,ENHOGAR,2026-08-17,10,1032,U,67,NR,3,4027.00
VIDEO-007953,ENHOGAR,2026-08-18,11,1133,R,74,F,6,4164.00
VIDEO-007954,ENHOGAR,2026-08-19,12,1234,U,81,M,1,4301.00
VIDEO-007955,ENHOGAR,2026-08-20,13,1335,U,88,X,4,4438.00
VIDEO-007956,ENHOGAR,2026-08-01,14,1436,R,22,NR,7,4575.00
VIDEO-007957,ENHOGAR,2026-08-02,15,1537,U,29,F,2,4712.00
VIDEO-007958,ENHOGAR,2026-08-03,16,1638,U,36,M,5,4849.00
VIDEO-007959,ENHOGAR,2026-08-04,17,1739,R,43,X,8,4986.00
VIDEO-007960,ENHOGAR,2026-08-05,18,1840,U,50,NR,3,5123.00
VIDEO-007961,ENHOGAR,2026-08-06,19,1941,U,57,F,6,5260.00
VIDEO-007962,ENHOGAR,2026-08-07,20,2042,R,64,M,1,5397.00
VIDEO-007963,ENHOGAR,2026-08-08,21,2143,U,71,X,4,5534.00
VIDEO-007964,ENHOGAR,2026-08-09,22,2244,U,78,NR,7,5671.00
VIDEO-007965,ENHOGAR,2026-08-10,01,0145,R,85,F,2,5808.00
VIDEO-007966,ENHOGAR,2026-08-11,02,0246,U,19,M,5,5945.00
VIDEO-007967,ENHOGAR,2026-08-12,03,0347,U,26,X,8,6082.00
VIDEO-007968,ENHOGAR,2026-08-13,04,0448,R,33,NR,3,6219.00
VIDEO-007969,ENHOGAR,2026-08-14,05,0549,U,40,F,6,6356.00
VIDEO-007970,ENHOGAR,2026-08-15,06,0650,U,47,M,1,6493.00
VIDEO-007971,ENHOGAR,2026-08-16,07,0751,R,54,X,4,6630.00
VIDEO-007972,ENHOGAR,2026-08-17,08,0852,U,61,NR,7,6767.00
VIDEO-007973,ENHOGAR,2026-08-18,09,0953,U,68,F,2,6904.00
VIDEO-007974,ENHOGAR,2026-08-19,10,1054,R,75,M,5,7041.00
VIDEO-007975,ENHOGAR,2026-08-20,11,1155,U,82,X,8,7178.00
VIDEO-007976,ENHOGAR,2026-08-01,12,1256,U,89,NR,3,7315.00
VIDEO-007977,ENHOGAR,2026-08-02,13,1357,R,23,F,6,7452.00
VIDEO-007978,ENHOGAR,2026-08-03,14,1458,U,30,M,1,7589.00
VIDEO-007979,ENHOGAR,2026-08-04,15,1559,U,37,X,4,7726.00
VIDEO-007980,ENHOGAR,2026-08-05,16,1660,R,44,NR,7,7863.00
VIDEO-007981,ENHOGAR,2026-08-06,17,1761,U,51,F,2,8000.00
VIDEO-007982,ENHOGAR,2026-08-07,18,1862,U,58,M,5,8137.00
VIDEO-007983,ENHOGAR,2026-08-08,19,1963,R,65,X,8,8274.00
VIDEO-007984,ENHOGAR,2026-08-09,20,2064,U,72,NR,3,8411.00
VIDEO-007985,ENHOGAR,2026-08-10,21,2165,U,79,F,6,948.00
VIDEO-007986,ENHOGAR,2026-08-11,22,2266,R,86,M,1,1085.00
VIDEO-007987,ENHOGAR,2026-08-12,01,0167,U,20,X,4,1222.00
VIDEO-007988,ENHOGAR,2026-08-13,02,0268,U,27,NR,7,1359.00
VIDEO-007989,ENHOGAR,2026-08-14,03,0369,R,34,F,2,1496.00
VIDEO-007990,ENHOGAR,2026-08-15,04,0470,U,41,M,5,1633.00
VIDEO-007991,ENHOGAR,2026-08-16,05,0571,U,48,X,8,1770.00
VIDEO-007992,ENHOGAR,2026-08-17,06,0672,R,55,NR,3,1907.00
VIDEO-007993,ENHOGAR,2026-08-18,07,0773,U,62,F,6,2044.00
VIDEO-007994,ENHOGAR,2026-08-19,08,0874,U,69,M,1,2181.00
VIDEO-007995,ENHOGAR,2026-08-20,09,0975,R,76,X,4,2318.00
VIDEO-007996,ENHOGAR,2026-08-01,10,1076,U,83,NR,7,2455.00
VIDEO-007997,ENHOGAR,2026-08-02,11,1177,U,90,F,2,2592.00
VIDEO-007998,ENHOGAR,2026-08-03,12,1278,R,24,M,5,2729.00
VIDEO-007999,ENHOGAR,2026-08-04,13,1379,U,31,X,8,2866.00
VIDEO-008000,ENHOGAR,2026-08-05,14,1480,U,38,NR,3,3003.00
VIDEO-008001,ENHOGAR,2026-08-06,15,1581,R,45,F,6,3140.00
VIDEO-008002,ENHOGAR,2026-08-07,16,1682,U,52,M,1,3277.00
VIDEO-008003,ENHOGAR,2026-08-08,17,1783,U,59,X,4,3414.00
VIDEO-008004,ENHOGAR,2026-08-09,18,1884,R,66,NR,7,3551.00
VIDEO-008005,ENHOGAR,2026-08-10,19,1985,U,73,F,2,3688.00
VIDEO-008006,ENHOGAR,2026-08-11,20,2086,U,80,M,5,3825.00
VIDEO-008007,ENHOGAR,2026-08-12,21,2187,R,87,X,8,3962.00
VIDEO-008008,ENHOGAR,2026-08-13,22,2288,U,21,NR,3,4099.00
VIDEO-008009,ENHOGAR,2026-08-14,01,0189,U,28,F,6,4236.00
VIDEO-008010,ENHOGAR,2026-08-15,02,0290,R,35,M,1,4373.00
VIDEO-008011,ENHOGAR,2026-08-16,03,0391,U,42,X,4,4510.00
VIDEO-008012,ENHOGAR,2026-08-17,04,0492,U,49,NR,7,4647.00
VIDEO-008013,ENHOGAR,2026-08-18,05,0593,R,56,F,2,4784.00
VIDEO-008014,ENHOGAR,2026-08-19,06,0694,U,63,M,5,4921.00
VIDEO-008015,ENHOGAR,2026-08-20,07,0795,U,70,X,8,5058.00
VIDEO-008016,ENHOGAR,2026-08-01,08,0896,R,77,NR,3,5195.00
VIDEO-008017,ENHOGAR,2026-08-02,09,0997,U,84,F,6,5332.00
VIDEO-008018,ENHOGAR,2026-08-03,10,1098,U,18,M,1,5469.00
VIDEO-008019,ENHOGAR,2026-08-04,11,1199,R,25,X,4,5606.00
VIDEO-008020,ENHOGAR,2026-08-05,12,1201,U,32,NR,7,5743.00
VIDEO-008021,ENHOGAR,2026-08-06,13,1302,U,39,F,2,5880.00
VIDEO-008022,ENHOGAR,2026-08-07,14,1403,R,46,M,5,6017.00
VIDEO-008023,ENHOGAR,2026-08-08,15,1504,U,53,X,8,6154.00
VIDEO-008024,ENHOGAR,2026-08-09,16,1605,U,60,NR,3,6291.00
VIDEO-008025,ENHOGAR,2026-08-10,17,1706,R,67,F,6,6428.00
VIDEO-008026,ENHOGAR,2026-08-11,18,1807,U,74,M,1,6565.00
VIDEO-008027,ENHOGAR,2026-08-12,19,1908,U,81,X,4,6702.00
VIDEO-008028,ENHOGAR,2026-08-13,20,2009,R,88,NR,7,6839.00
VIDEO-008029,ENHOGAR,2026-08-14,21,2110,U,22,F,2,6976.00
VIDEO-008030,ENHOGAR,2026-08-15,22,2211,U,29,M,5,7113.00
VIDEO-008031,ENHOGAR,2026-08-16,01,0112,R,36,X,8,7250.00
VIDEO-008032,ENHOGAR,2026-08-17,02,0213,U,43,NR,3,7387.00
VIDEO-008033,ENHOGAR,2026-08-18,03,0314,U,50,F,6,7524.00
VIDEO-008034,ENHOGAR,2026-08-19,04,0415,R,57,M,1,7661.00
VIDEO-008035,ENHOGAR,2026-08-20,05,0516,U,64,X,4,7798.00
VIDEO-008036,ENHOGAR,2026-08-01,06,0617,U,71,NR,7,7935.00
VIDEO-008037,ENHOGAR,2026-08-02,07,0718,R,78,F,2,8072.00
VIDEO-008038,ENHOGAR,2026-08-03,08,0819,U,85,M,5,8209.00
VIDEO-008039,ENHOGAR,2026-08-04,09,0920,U,19,X,8,8346.00
VIDEO-008040,ENHOGAR,2026-08-05,10,1021,R,26,NR,3,8483.00
VIDEO-008041,ENHOGAR,2026-08-06,11,1122,U,33,F,6,1020.00
VIDEO-008042,ENHOGAR,2026-08-07,12,1223,U,40,M,1,1157.00
VIDEO-008043,ENHOGAR,2026-08-08,13,1324,R,47,X,4,1294.00
VIDEO-008044,ENHOGAR,2026-08-09,14,1425,U,54,NR,7,1431.00
VIDEO-008045,ENHOGAR,2026-08-10,15,1526,U,61,F,2,1568.00
VIDEO-008046,ENHOGAR,2026-08-11,16,1627,R,68,M,5,1705.00
VIDEO-008047,ENHOGAR,2026-08-12,17,1728,U,75,X,8,1842.00
VIDEO-008048,ENHOGAR,2026-08-13,18,1829,U,82,NR,3,1979.00
VIDEO-008049,ENHOGAR,2026-08-14,19,1930,R,89,F,6,2116.00
VIDEO-008050,ENHOGAR,2026-08-15,20,2031,U,23,M,1,2253.00
VIDEO-008051,ENHOGAR,2026-08-16,21,2132,U,30,X,4,2390.00
VIDEO-008052,ENHOGAR,2026-08-17,22,2233,R,37,NR,7,2527.00
VIDEO-008053,ENHOGAR,2026-08-18,01,0134,U,44,F,2,2664.00
VIDEO-008054,ENHOGAR,2026-08-19,02,0235,U,51,M,5,2801.00
VIDEO-008055,ENHOGAR,2026-08-20,03,0336,R,58,X,8,2938.00
VIDEO-008056,ENHOGAR,2026-08-01,04,0437,U,65,NR,3,3075.00
VIDEO-008057,ENHOGAR,2026-08-02,05,0538,U,72,F,6,3212.00
VIDEO-008058,ENHOGAR,2026-08-03,06,0639,R,79,M,1,3349.00
VIDEO-008059,ENHOGAR,2026-08-04,07,0740,U,86,X,4,3486.00
VIDEO-008060,ENHOGAR,2026-08-05,08,0841,U,20,NR,7,3623.00
VIDEO-008061,ENHOGAR,2026-08-06,09,0942,R,27,F,2,3760.00
VIDEO-008062,ENHOGAR,2026-08-07,10,1043,U,34,M,5,3897.00
VIDEO-008063,ENHOGAR,2026-08-08,11,1144,U,41,X,8,4034.00
VIDEO-008064,ENHOGAR,2026-08-09,12,1245,R,48,NR,3,4171.00
VIDEO-008065,ENHOGAR,2026-08-10,13,1346,U,55,F,6,4308.00
VIDEO-008066,ENHOGAR,2026-08-11,14,1447,U,62,M,1,4445.00
VIDEO-008067,ENHOGAR,2026-08-12,15,1548,R,69,X,4,4582.00
VIDEO-008068,ENHOGAR,2026-08-13,16,1649,U,76,NR,7,4719.00
VIDEO-008069,ENHOGAR,2026-08-14,17,1750,U,83,F,2,4856.00
VIDEO-008070,ENHOGAR,2026-08-15,18,1851,R,90,M,5,4993.00
VIDEO-008071,ENHOGAR,2026-08-16,19,1952,U,24,X,8,5130.00
VIDEO-008072,ENHOGAR,2026-08-17,20,2053,U,31,NR,3,5267.00
VIDEO-008073,ENHOGAR,2026-08-18,21,2154,R,38,F,6,5404.00
VIDEO-008074,ENHOGAR,2026-08-19,22,2255,U,45,M,1,5541.00
VIDEO-008075,ENHOGAR,2026-08-20,01,0156,U,52,X,4,5678.00
VIDEO-008076,ENHOGAR,2026-08-01,02,0257,R,59,NR,7,5815.00
VIDEO-008077,ENHOGAR,2026-08-02,03,0358,U,66,F,2,5952.00
VIDEO-008078,ENHOGAR,2026-08-03,04,0459,U,73,M,5,6089.00
VIDEO-008079,ENHOGAR,2026-08-04,05,0560,R,80,X,8,6226.00
VIDEO-008080,ENHOGAR,2026-08-05,06,0661,U,87,NR,3,6363.00
VIDEO-008081,ENHOGAR,2026-08-06,07,0762,U,21,F,6,6500.00
VIDEO-008082,ENHOGAR,2026-08-07,08,0863,R,28,M,1,6637.00
VIDEO-008083,ENHOGAR,2026-08-08,09,0964,U,35,X,4,6774.00
VIDEO-008084,ENHOGAR,2026-08-09,10,1065,U,42,NR,7,6911.00
VIDEO-008085,ENHOGAR,2026-08-10,11,1166,R,49,F,2,7048.00
VIDEO-008086,ENHOGAR,2026-08-11,12,1267,U,56,M,5,7185.00
VIDEO-008087,ENHOGAR,2026-08-12,13,1368,U,63,X,8,7322.00
VIDEO-008088,ENHOGAR,2026-08-13,14,1469,R,70,NR,3,7459.00
VIDEO-008089,ENHOGAR,2026-08-14,15,1570,U,77,F,6,7596.00
VIDEO-008090,ENHOGAR,2026-08-15,16,1671,U,84,M,1,7733.00
VIDEO-008091,ENHOGAR,2026-08-16,17,1772,R,18,X,4,7870.00
VIDEO-008092,ENHOGAR,2026-08-17,18,1873,U,25,NR,7,8007.00
VIDEO-008093,ENHOGAR,2026-08-18,19,1974,U,32,F,2,8144.00
VIDEO-008094,ENHOGAR,2026-08-19,20,2075,R,39,M,5,8281.00
VIDEO-008095,ENHOGAR,2026-08-20,21,2176,U,46,X,8,8418.00
VIDEO-008096,ENHOGAR,2026-08-01,22,2277,U,53,NR,3,955.00
VIDEO-008097,ENHOGAR,2026-08-02,01,0178,R,60,F,6,1092.00
VIDEO-008098,ENHOGAR,2026-08-03,02,0279,U,67,M,1,1229.00
VIDEO-008099,ENHOGAR,2026-08-04,03,0380,U,74,X,4,1366.00
VIDEO-008100,ENHOGAR,2026-08-05,04,0481,R,81,NR,7,1503.00
VIDEO-008101,ENHOGAR,2026-08-06,05,0582,U,88,F,2,1640.00
VIDEO-008102,ENHOGAR,2026-08-07,06,0683,U,22,M,5,1777.00
VIDEO-008103,ENHOGAR,2026-08-08,07,0784,R,29,X,8,1914.00
VIDEO-008104,ENHOGAR,2026-08-09,08,0885,U,36,NR,3,2051.00
VIDEO-008105,ENHOGAR,2026-08-10,09,0986,U,43,F,6,2188.00
VIDEO-008106,ENHOGAR,2026-08-11,10,1087,R,50,M,1,2325.00
VIDEO-008107,ENHOGAR,2026-08-12,11,1188,U,57,X,4,2462.00
VIDEO-008108,ENHOGAR,2026-08-13,12,1289,U,64,NR,7,2599.00
VIDEO-008109,ENHOGAR,2026-08-14,13,1390,R,71,F,2,2736.00
VIDEO-008110,ENHOGAR,2026-08-15,14,1491,U,78,M,5,2873.00
VIDEO-008111,ENHOGAR,2026-08-16,15,1592,U,85,X,8,3010.00
VIDEO-008112,ENHOGAR,2026-08-17,16,1693,R,19,NR,3,3147.00
VIDEO-008113,ENHOGAR,2026-08-18,17,1794,U,26,F,6,3284.00
VIDEO-008114,ENHOGAR,2026-08-19,18,1895,U,33,M,1,3421.00
VIDEO-008115,ENHOGAR,2026-08-20,19,1996,R,40,X,4,3558.00
VIDEO-008116,ENHOGAR,2026-08-01,20,2097,U,47,NR,7,3695.00
VIDEO-008117,ENHOGAR,2026-08-02,21,2198,U,54,F,2,3832.00
VIDEO-008118,ENHOGAR,2026-08-03,22,2299,R,61,M,5,3969.00
VIDEO-008119,ENHOGAR,2026-08-04,01,0101,U,68,X,8,4106.00
VIDEO-008120,ENHOGAR,2026-08-05,02,0202,U,75,NR,3,4243.00
VIDEO-008121,ENHOGAR,2026-08-06,03,0303,R,82,F,6,4380.00
VIDEO-008122,ENHOGAR,2026-08-07,04,0404,U,89,M,1,4517.00
VIDEO-008123,ENHOGAR,2026-08-08,05,0505,U,23,X,4,4654.00
VIDEO-008124,ENHOGAR,2026-08-09,06,0606,R,30,NR,7,4791.00
VIDEO-008125,ENHOGAR,2026-08-10,07,0707,U,37,F,2,4928.00
VIDEO-008126,ENHOGAR,2026-08-11,08,0808,U,44,M,5,5065.00
VIDEO-008127,ENHOGAR,2026-08-12,09,0909,R,51,X,8,5202.00
VIDEO-008128,ENHOGAR,2026-08-13,10,1010,U,58,NR,3,5339.00
VIDEO-008129,ENHOGAR,2026-08-14,11,1111,U,65,F,6,5476.00
VIDEO-008130,ENHOGAR,2026-08-15,12,1212,R,72,M,1,5613.00
VIDEO-008131,ENHOGAR,2026-08-16,13,1313,U,79,X,4,5750.00
VIDEO-008132,ENHOGAR,2026-08-17,14,1414,U,86,NR,7,5887.00
VIDEO-008133,ENHOGAR,2026-08-18,15,1515,R,20,F,2,6024.00
VIDEO-008134,ENHOGAR,2026-08-19,16,1616,U,27,M,5,6161.00
VIDEO-008135,ENHOGAR,2026-08-20,17,1717,U,34,X,8,6298.00
VIDEO-008136,ENHOGAR,2026-08-01,18,1818,R,41,NR,3,6435.00
VIDEO-008137,ENHOGAR,2026-08-02,19,1919,U,48,F,6,6572.00
VIDEO-008138,ENHOGAR,2026-08-03,20,2020,U,55,M,1,6709.00
VIDEO-008139,ENHOGAR,2026-08-04,21,2121,R,62,X,4,6846.00
VIDEO-008140,ENHOGAR,2026-08-05,22,2222,U,69,NR,7,6983.00
VIDEO-008141,ENHOGAR,2026-08-06,01,0123,U,76,F,2,7120.00
VIDEO-008142,ENHOGAR,2026-08-07,02,0224,R,83,M,5,7257.00
VIDEO-008143,ENHOGAR,2026-08-08,03,0325,U,90,X,8,7394.00
VIDEO-008144,ENHOGAR,2026-08-09,04,0426,U,24,NR,3,7531.00
VIDEO-008145,ENHOGAR,2026-08-10,05,0527,R,31,F,6,7668.00
VIDEO-008146,ENHOGAR,2026-08-11,06,0628,U,38,M,1,7805.00
VIDEO-008147,ENHOGAR,2026-08-12,07,0729,U,45,X,4,7942.00
VIDEO-008148,ENHOGAR,2026-08-13,08,0830,R,52,NR,7,8079.00
VIDEO-008149,ENHOGAR,2026-08-14,09,0931,U,59,F,2,8216.00
VIDEO-008150,ENHOGAR,2026-08-15,10,1032,U,66,M,5,8353.00
VIDEO-008151,ENHOGAR,2026-08-16,11,1133,R,73,X,8,8490.00
VIDEO-008152,ENHOGAR,2026-08-17,12,1234,U,80,NR,3,1027.00
VIDEO-008153,ENHOGAR,2026-08-18,13,1335,U,87,F,6,1164.00
VIDEO-008154,ENHOGAR,2026-08-19,14,1436,R,21,M,1,1301.00
VIDEO-008155,ENHOGAR,2026-08-20,15,1537,U,28,X,4,1438.00
VIDEO-008156,ENHOGAR,2026-08-01,16,1638,U,35,NR,7,1575.00
VIDEO-008157,ENHOGAR,2026-08-02,17,1739,R,42,F,2,1712.00
VIDEO-008158,ENHOGAR,2026-08-03,18,1840,U,49,M,5,1849.00
VIDEO-008159,ENHOGAR,2026-08-04,19,1941,U,56,X,8,1986.00
VIDEO-008160,ENHOGAR,2026-08-05,20,2042,R,63,NR,3,2123.00
VIDEO-008161,ENHOGAR,2026-08-06,21,2143,U,70,F,6,2260.00
VIDEO-008162,ENHOGAR,2026-08-07,22,2244,U,77,M,1,2397.00
VIDEO-008163,ENHOGAR,2026-08-08,01,0145,R,84,X,4,2534.00
VIDEO-008164,ENHOGAR,2026-08-09,02,0246,U,18,NR,7,2671.00
VIDEO-008165,ENHOGAR,2026-08-10,03,0347,U,25,F,2,2808.00
VIDEO-008166,ENHOGAR,2026-08-11,04,0448,R,32,M,5,2945.00
VIDEO-008167,ENHOGAR,2026-08-12,05,0549,U,39,X,8,3082.00
VIDEO-008168,ENHOGAR,2026-08-13,06,0650,U,46,NR,3,3219.00
VIDEO-008169,ENHOGAR,2026-08-14,07,0751,R,53,F,6,3356.00
VIDEO-008170,ENHOGAR,2026-08-15,08,0852,U,60,M,1,3493.00
VIDEO-008171,ENHOGAR,2026-08-16,09,0953,U,67,X,4,3630.00
VIDEO-008172,ENHOGAR,2026-08-17,10,1054,R,74,NR,7,3767.00
VIDEO-008173,ENHOGAR,2026-08-18,11,1155,U,81,F,2,3904.00
VIDEO-008174,ENHOGAR,2026-08-19,12,1256,U,88,M,5,4041.00
VIDEO-008175,ENHOGAR,2026-08-20,13,1357,R,22,X,8,4178.00
VIDEO-008176,ENHOGAR,2026-08-01,14,1458,U,29,NR,3,4315.00
VIDEO-008177,ENHOGAR,2026-08-02,15,1559,U,36,F,6,4452.00
VIDEO-008178,ENHOGAR,2026-08-03,16,1660,R,43,M,1,4589.00
VIDEO-008179,ENHOGAR,2026-08-04,17,1761,U,50,X,4,4726.00
VIDEO-008180,ENHOGAR,2026-08-05,18,1862,U,57,NR,7,4863.00
VIDEO-008181,ENHOGAR,2026-08-06,19,1963,R,64,F,2,5000.00
VIDEO-008182,ENHOGAR,2026-08-07,20,2064,U,71,M,5,5137.00
VIDEO-008183,ENHOGAR,2026-08-08,21,2165,U,78,X,8,5274.00
VIDEO-008184,ENHOGAR,2026-08-09,22,2266,R,85,NR,3,5411.00
VIDEO-008185,ENHOGAR,2026-08-10,01,0167,U,19,F,6,5548.00
VIDEO-008186,ENHOGAR,2026-08-11,02,0268,U,26,M,1,5685.00
VIDEO-008187,ENHOGAR,2026-08-12,03,0369,R,33,X,4,5822.00
VIDEO-008188,ENHOGAR,2026-08-13,04,0470,U,40,NR,7,5959.00
VIDEO-008189,ENHOGAR,2026-08-14,05,0571,U,47,F,2,6096.00
VIDEO-008190,ENHOGAR,2026-08-15,06,0672,R,54,M,5,6233.00
VIDEO-008191,ENHOGAR,2026-08-16,07,0773,U,61,X,8,6370.00
VIDEO-008192,ENHOGAR,2026-08-17,08,0874,U,68,NR,3,6507.00
VIDEO-008193,ENHOGAR,2026-08-18,09,0975,R,75,F,6,6644.00
VIDEO-008194,ENHOGAR,2026-08-19,10,1076,U,82,M,1,6781.00
VIDEO-008195,ENHOGAR,2026-08-20,11,1177,U,89,X,4,6918.00
VIDEO-008196,ENHOGAR,2026-08-01,12,1278,R,23,NR,7,7055.00
VIDEO-008197,ENHOGAR,2026-08-02,13,1379,U,30,F,2,7192.00
VIDEO-008198,ENHOGAR,2026-08-03,14,1480,U,37,M,5,7329.00
VIDEO-008199,ENHOGAR,2026-08-04,15,1581,R,44,X,8,7466.00
VIDEO-008200,ENHOGAR,2026-08-05,16,1682,U,51,NR,3,7603.00
VIDEO-008201,ENHOGAR,2026-08-06,17,1783,U,58,F,6,7740.00
VIDEO-008202,ENHOGAR,2026-08-07,18,1884,R,65,M,1,7877.00
VIDEO-008203,ENHOGAR,2026-08-08,19,1985,U,72,X,4,8014.00
VIDEO-008204,ENHOGAR,2026-08-09,20,2086,U,79,NR,7,8151.00
VIDEO-008205,ENHOGAR,2026-08-10,21,2187,R,86,F,2,8288.00
VIDEO-008206,ENHOGAR,2026-08-11,22,2288,U,20,M,5,8425.00
VIDEO-008207,ENHOGAR,2026-08-12,01,0189,U,27,X,8,962.00
VIDEO-008208,ENHOGAR,2026-08-13,02,0290,R,34,NR,3,1099.00
VIDEO-008209,ENHOGAR,2026-08-14,03,0391,U,41,F,6,1236.00
VIDEO-008210,ENHOGAR,2026-08-15,04,0492,U,48,M,1,1373.00
VIDEO-008211,ENHOGAR,2026-08-16,05,0593,R,55,X,4,1510.00
VIDEO-008212,ENHOGAR,2026-08-17,06,0694,U,62,NR,7,1647.00
VIDEO-008213,ENHOGAR,2026-08-18,07,0795,U,69,F,2,1784.00
VIDEO-008214,ENHOGAR,2026-08-19,08,0896,R,76,M,5,1921.00
VIDEO-008215,ENHOGAR,2026-08-20,09,0997,U,83,X,8,2058.00
VIDEO-008216,ENHOGAR,2026-08-01,10,1098,U,90,NR,3,2195.00
VIDEO-008217,ENHOGAR,2026-08-02,11,1199,R,24,F,6,2332.00
VIDEO-008218,ENHOGAR,2026-08-03,12,1201,U,31,M,1,2469.00
VIDEO-008219,ENHOGAR,2026-08-04,13,1302,U,38,X,4,2606.00
VIDEO-008220,ENHOGAR,2026-08-05,14,1403,R,45,NR,7,2743.00
VIDEO-008221,ENHOGAR,2026-08-06,15,1504,U,52,F,2,2880.00
VIDEO-008222,ENHOGAR,2026-08-07,16,1605,U,59,M,5,3017.00
VIDEO-008223,ENHOGAR,2026-08-08,17,1706,R,66,X,8,3154.00
VIDEO-008224,ENHOGAR,2026-08-09,18,1807,U,73,NR,3,3291.00
VIDEO-008225,ENHOGAR,2026-08-10,19,1908,U,80,F,6,3428.00
VIDEO-008226,ENHOGAR,2026-08-11,20,2009,R,87,M,1,3565.00
VIDEO-008227,ENHOGAR,2026-08-12,21,2110,U,21,X,4,3702.00
VIDEO-008228,ENHOGAR,2026-08-13,22,2211,U,28,NR,7,3839.00
VIDEO-008229,ENHOGAR,2026-08-14,01,0112,R,35,F,2,3976.00
VIDEO-008230,ENHOGAR,2026-08-15,02,0213,U,42,M,5,4113.00
VIDEO-008231,ENHOGAR,2026-08-16,03,0314,U,49,X,8,4250.00
VIDEO-008232,ENHOGAR,2026-08-17,04,0415,R,56,NR,3,4387.00
VIDEO-008233,ENHOGAR,2026-08-18,05,0516,U,63,F,6,4524.00
VIDEO-008234,ENHOGAR,2026-08-19,06,0617,U,70,M,1,4661.00
VIDEO-008235,ENHOGAR,2026-08-20,07,0718,R,77,X,4,4798.00
VIDEO-008236,ENHOGAR,2026-08-01,08,0819,U,84,NR,7,4935.00
VIDEO-008237,ENHOGAR,2026-08-02,09,0920,U,18,F,2,5072.00
VIDEO-008238,ENHOGAR,2026-08-03,10,1021,R,25,M,5,5209.00
VIDEO-008239,ENHOGAR,2026-08-04,11,1122,U,32,X,8,5346.00
VIDEO-008240,ENHOGAR,2026-08-05,12,1223,U,39,NR,3,5483.00
VIDEO-008241,ENHOGAR,2026-08-06,13,1324,R,46,F,6,5620.00
VIDEO-008242,ENHOGAR,2026-08-07,14,1425,U,53,M,1,5757.00
VIDEO-008243,ENHOGAR,2026-08-08,15,1526,U,60,X,4,5894.00
VIDEO-008244,ENHOGAR,2026-08-09,16,1627,R,67,NR,7,6031.00
VIDEO-008245,ENHOGAR,2026-08-10,17,1728,U,74,F,2,6168.00
VIDEO-008246,ENHOGAR,2026-08-11,18,1829,U,81,M,5,6305.00
VIDEO-008247,ENHOGAR,2026-08-12,19,1930,R,88,X,8,6442.00
VIDEO-008248,ENHOGAR,2026-08-13,20,2031,U,22,NR,3,6579.00
VIDEO-008249,ENHOGAR,2026-08-14,21,2132,U,29,F,6,6716.00
VIDEO-008250,ENHOGAR,2026-08-15,22,2233,R,36,M,1,6853.00
VIDEO-008251,ENHOGAR,2026-08-16,01,0134,U,43,X,4,6990.00
VIDEO-008252,ENHOGAR,2026-08-17,02,0235,U,50,NR,7,7127.00
VIDEO-008253,ENHOGAR,2026-08-18,03,0336,R,57,F,2,7264.00
VIDEO-008254,ENHOGAR,2026-08-19,04,0437,U,64,M,5,7401.00
VIDEO-008255,ENHOGAR,2026-08-20,05,0538,U,71,X,8,7538.00
VIDEO-008256,ENHOGAR,2026-08-01,06,0639,R,78,NR,3,7675.00
VIDEO-008257,ENHOGAR,2026-08-02,07,0740,U,85,F,6,7812.00
VIDEO-008258,ENHOGAR,2026-08-03,08,0841,U,19,M,1,7949.00
VIDEO-008259,ENHOGAR,2026-08-04,09,0942,R,26,X,4,8086.00
VIDEO-008260,ENHOGAR,2026-08-05,10,1043,U,33,NR,7,8223.00
VIDEO-008261,ENHOGAR,2026-08-06,11,1144,U,40,F,2,8360.00
VIDEO-008262,ENHOGAR,2026-08-07,12,1245,R,47,M,5,8497.00
VIDEO-008263,ENHOGAR,2026-08-08,13,1346,U,54,X,8,1034.00
VIDEO-008264,ENHOGAR,2026-08-09,14,1447,U,61,NR,3,1171.00
VIDEO-008265,ENHOGAR,2026-08-10,15,1548,R,68,F,6,1308.00
VIDEO-008266,ENHOGAR,2026-08-11,16,1649,U,75,M,1,1445.00
VIDEO-008267,ENHOGAR,2026-08-12,17,1750,U,82,X,4,1582.00
VIDEO-008268,ENHOGAR,2026-08-13,18,1851,R,89,NR,7,1719.00
VIDEO-008269,ENHOGAR,2026-08-14,19,1952,U,23,F,2,1856.00
VIDEO-008270,ENHOGAR,2026-08-15,20,2053,U,30,M,5,1993.00
VIDEO-008271,ENHOGAR,2026-08-16,21,2154,R,37,X,8,2130.00
VIDEO-008272,ENHOGAR,2026-08-17,22,2255,U,44,NR,3,2267.00
VIDEO-008273,ENHOGAR,2026-08-18,01,0156,U,51,F,6,2404.00
VIDEO-008274,ENHOGAR,2026-08-19,02,0257,R,58,M,1,2541.00
VIDEO-008275,ENHOGAR,2026-08-20,03,0358,U,65,X,4,2678.00
VIDEO-008276,ENHOGAR,2026-08-01,04,0459,U,72,NR,7,2815.00
VIDEO-008277,ENHOGAR,2026-08-02,05,0560,R,79,F,2,2952.00
VIDEO-008278,ENHOGAR,2026-08-03,06,0661,U,86,M,5,3089.00
VIDEO-008279,ENHOGAR,2026-08-04,07,0762,U,20,X,8,3226.00
VIDEO-008280,ENHOGAR,2026-08-05,08,0863,R,27,NR,3,3363.00
VIDEO-008281,ENHOGAR,2026-08-06,09,0964,U,34,F,6,3500.00
VIDEO-008282,ENHOGAR,2026-08-07,10,1065,U,41,M,1,3637.00
VIDEO-008283,ENHOGAR,2026-08-08,11,1166,R,48,X,4,3774.00
VIDEO-008284,ENHOGAR,2026-08-09,12,1267,U,55,NR,7,3911.00
VIDEO-008285,ENHOGAR,2026-08-10,13,1368,U,62,F,2,4048.00
VIDEO-008286,ENHOGAR,2026-08-11,14,1469,R,69,M,5,4185.00
VIDEO-008287,ENHOGAR,2026-08-12,15,1570,U,76,X,8,4322.00
VIDEO-008288,ENHOGAR,2026-08-13,16,1671,U,83,NR,3,4459.00
VIDEO-008289,ENHOGAR,2026-08-14,17,1772,R,90,F,6,4596.00
VIDEO-008290,ENHOGAR,2026-08-15,18,1873,U,24,M,1,4733.00
VIDEO-008291,ENHOGAR,2026-08-16,19,1974,U,31,X,4,4870.00
VIDEO-008292,ENHOGAR,2026-08-17,20,2075,R,38,NR,7,5007.00
VIDEO-008293,ENHOGAR,2026-08-18,21,2176,U,45,F,2,5144.00
VIDEO-008294,ENHOGAR,2026-08-19,22,2277,U,52,M,5,5281.00
VIDEO-008295,ENHOGAR,2026-08-20,01,0178,R,59,X,8,5418.00
VIDEO-008296,ENHOGAR,2026-08-01,02,0279,U,66,NR,3,5555.00
VIDEO-008297,ENHOGAR,2026-08-02,03,0380,U,73,F,6,5692.00
VIDEO-008298,ENHOGAR,2026-08-03,04,0481,R,80,M,1,5829.00
VIDEO-008299,ENHOGAR,2026-08-04,05,0582,U,87,X,4,5966.00
VIDEO-008300,ENHOGAR,2026-08-05,06,0683,U,21,NR,7,6103.00
VIDEO-008301,ENHOGAR,2026-08-06,07,0784,R,28,F,2,6240.00
VIDEO-008302,ENHOGAR,2026-08-07,08,0885,U,35,M,5,6377.00
VIDEO-008303,ENHOGAR,2026-08-08,09,0986,U,42,X,8,6514.00
VIDEO-008304,ENHOGAR,2026-08-09,10,1087,R,49,NR,3,6651.00
VIDEO-008305,ENHOGAR,2026-08-10,11,1188,U,56,F,6,6788.00
VIDEO-008306,ENHOGAR,2026-08-11,12,1289,U,63,M,1,6925.00
VIDEO-008307,ENHOGAR,2026-08-12,13,1390,R,70,X,4,7062.00
VIDEO-008308,ENHOGAR,2026-08-13,14,1491,U,77,NR,7,7199.00
VIDEO-008309,ENHOGAR,2026-08-14,15,1592,U,84,F,2,7336.00
VIDEO-008310,ENHOGAR,2026-08-15,16,1693,R,18,M,5,7473.00
VIDEO-008311,ENHOGAR,2026-08-16,17,1794,U,25,X,8,7610.00
VIDEO-008312,ENHOGAR,2026-08-17,18,1895,U,32,NR,3,7747.00
VIDEO-008313,ENHOGAR,2026-08-18,19,1996,R,39,F,6,7884.00
VIDEO-008314,ENHOGAR,2026-08-19,20,2097,U,46,M,1,8021.00
VIDEO-008315,ENHOGAR,2026-08-20,21,2198,U,53,X,4,8158.00
VIDEO-008316,ENHOGAR,2026-08-01,22,2299,R,60,NR,7,8295.00
VIDEO-008317,ENHOGAR,2026-08-02,01,0101,U,67,F,2,8432.00
VIDEO-008318,ENHOGAR,2026-08-03,02,0202,U,74,M,5,969.00
VIDEO-008319,ENHOGAR,2026-08-04,03,0303,R,81,X,8,1106.00
VIDEO-008320,ENHOGAR,2026-08-05,04,0404,U,88,NR,3,1243.00
VIDEO-008321,ENHOGAR,2026-08-06,05,0505,U,22,F,6,1380.00
VIDEO-008322,ENHOGAR,2026-08-07,06,0606,R,29,M,1,1517.00
VIDEO-008323,ENHOGAR,2026-08-08,07,0707,U,36,X,4,1654.00
VIDEO-008324,ENHOGAR,2026-08-09,08,0808,U,43,NR,7,1791.00
VIDEO-008325,ENHOGAR,2026-08-10,09,0909,R,50,F,2,1928.00
VIDEO-008326,ENHOGAR,2026-08-11,10,1010,U,57,M,5,2065.00
VIDEO-008327,ENHOGAR,2026-08-12,11,1111,U,64,X,8,2202.00
VIDEO-008328,ENHOGAR,2026-08-13,12,1212,R,71,NR,3,2339.00
VIDEO-008329,ENHOGAR,2026-08-14,13,1313,U,78,F,6,2476.00
VIDEO-008330,ENHOGAR,2026-08-15,14,1414,U,85,M,1,2613.00
VIDEO-008331,ENHOGAR,2026-08-16,15,1515,R,19,X,4,2750.00
VIDEO-008332,ENHOGAR,2026-08-17,16,1616,U,26,NR,7,2887.00
VIDEO-008333,ENHOGAR,2026-08-18,17,1717,U,33,F,2,3024.00
VIDEO-008334,ENHOGAR,2026-08-19,18,1818,R,40,M,5,3161.00
VIDEO-008335,ENHOGAR,2026-08-20,19,1919,U,47,X,8,3298.00
VIDEO-008336,ENHOGAR,2026-08-01,20,2020,U,54,NR,3,3435.00
VIDEO-008337,ENHOGAR,2026-08-02,21,2121,R,61,F,6,3572.00
VIDEO-008338,ENHOGAR,2026-08-03,22,2222,U,68,M,1,3709.00
VIDEO-008339,ENHOGAR,2026-08-04,01,0123,U,75,X,4,3846.00
VIDEO-008340,ENHOGAR,2026-08-05,02,0224,R,82,NR,7,3983.00
VIDEO-008341,ENHOGAR,2026-08-06,03,0325,U,89,F,2,4120.00
VIDEO-008342,ENHOGAR,2026-08-07,04,0426,U,23,M,5,4257.00
VIDEO-008343,ENHOGAR,2026-08-08,05,0527,R,30,X,8,4394.00
VIDEO-008344,ENHOGAR,2026-08-09,06,0628,U,37,NR,3,4531.00
VIDEO-008345,ENHOGAR,2026-08-10,07,0729,U,44,F,6,4668.00
VIDEO-008346,ENHOGAR,2026-08-11,08,0830,R,51,M,1,4805.00
VIDEO-008347,ENHOGAR,2026-08-12,09,0931,U,58,X,4,4942.00
VIDEO-008348,ENHOGAR,2026-08-13,10,1032,U,65,NR,7,5079.00
VIDEO-008349,ENHOGAR,2026-08-14,11,1133,R,72,F,2,5216.00
VIDEO-008350,ENHOGAR,2026-08-15,12,1234,U,79,M,5,5353.00
VIDEO-008351,ENHOGAR,2026-08-16,13,1335,U,86,X,8,5490.00
VIDEO-008352,ENHOGAR,2026-08-17,14,1436,R,20,NR,3,5627.00
VIDEO-008353,ENHOGAR,2026-08-18,15,1537,U,27,F,6,5764.00
VIDEO-008354,ENHOGAR,2026-08-19,16,1638,U,34,M,1,5901.00
VIDEO-008355,ENHOGAR,2026-08-20,17,1739,R,41,X,4,6038.00
VIDEO-008356,ENHOGAR,2026-08-01,18,1840,U,48,NR,7,6175.00
VIDEO-008357,ENHOGAR,2026-08-02,19,1941,U,55,F,2,6312.00
VIDEO-008358,ENHOGAR,2026-08-03,20,2042,R,62,M,5,6449.00
VIDEO-008359,ENHOGAR,2026-08-04,21,2143,U,69,X,8,6586.00
VIDEO-008360,ENHOGAR,2026-08-05,22,2244,U,76,NR,3,6723.00
VIDEO-008361,ENHOGAR,2026-08-06,01,0145,R,83,F,6,6860.00
VIDEO-008362,ENHOGAR,2026-08-07,02,0246,U,90,M,1,6997.00
VIDEO-008363,ENHOGAR,2026-08-08,03,0347,U,24,X,4,7134.00
VIDEO-008364,ENHOGAR,2026-08-09,04,0448,R,31,NR,7,7271.00
VIDEO-008365,ENHOGAR,2026-08-10,05,0549,U,38,F,2,7408.00
VIDEO-008366,ENHOGAR,2026-08-11,06,0650,U,45,M,5,7545.00
VIDEO-008367,ENHOGAR,2026-08-12,07,0751,R,52,X,8,7682.00
VIDEO-008368,ENHOGAR,2026-08-13,08,0852,U,59,NR,3,7819.00
VIDEO-008369,ENHOGAR,2026-08-14,09,0953,U,66,F,6,7956.00
VIDEO-008370,ENHOGAR,2026-08-15,10,1054,R,73,M,1,8093.00
VIDEO-008371,ENHOGAR,2026-08-16,11,1155,U,80,X,4,8230.00
VIDEO-008372,ENHOGAR,2026-08-17,12,1256,U,87,NR,7,8367.00
VIDEO-008373,ENHOGAR,2026-08-18,13,1357,R,21,F,2,904.00
VIDEO-008374,ENHOGAR,2026-08-19,14,1458,U,28,M,5,1041.00
VIDEO-008375,ENHOGAR,2026-08-20,15,1559,U,35,X,8,1178.00
VIDEO-008376,ENHOGAR,2026-08-01,16,1660,R,42,NR,3,1315.00
VIDEO-008377,ENHOGAR,2026-08-02,17,1761,U,49,F,6,1452.00
VIDEO-008378,ENHOGAR,2026-08-03,18,1862,U,56,M,1,1589.00
VIDEO-008379,ENHOGAR,2026-08-04,19,1963,R,63,X,4,1726.00
VIDEO-008380,ENHOGAR,2026-08-05,20,2064,U,70,NR,7,1863.00
VIDEO-008381,ENHOGAR,2026-08-06,21,2165,U,77,F,2,2000.00
VIDEO-008382,ENHOGAR,2026-08-07,22,2266,R,84,M,5,2137.00
VIDEO-008383,ENHOGAR,2026-08-08,01,0167,U,18,X,8,2274.00
VIDEO-008384,ENHOGAR,2026-08-09,02,0268,U,25,NR,3,2411.00
VIDEO-008385,ENHOGAR,2026-08-10,03,0369,R,32,F,6,2548.00
VIDEO-008386,ENHOGAR,2026-08-11,04,0470,U,39,M,1,2685.00
VIDEO-008387,ENHOGAR,2026-08-12,05,0571,U,46,X,4,2822.00
VIDEO-008388,ENHOGAR,2026-08-13,06,0672,R,53,NR,7,2959.00
VIDEO-008389,ENHOGAR,2026-08-14,07,0773,U,60,F,2,3096.00
VIDEO-008390,ENHOGAR,2026-08-15,08,0874,U,67,M,5,3233.00
VIDEO-008391,ENHOGAR,2026-08-16,09,0975,R,74,X,8,3370.00
VIDEO-008392,ENHOGAR,2026-08-17,10,1076,U,81,NR,3,3507.00
VIDEO-008393,ENHOGAR,2026-08-18,11,1177,U,88,F,6,3644.00
VIDEO-008394,ENHOGAR,2026-08-19,12,1278,R,22,M,1,3781.00
VIDEO-008395,ENHOGAR,2026-08-20,13,1379,U,29,X,4,3918.00
VIDEO-008396,ENHOGAR,2026-08-01,14,1480,U,36,NR,7,4055.00
VIDEO-008397,ENHOGAR,2026-08-02,15,1581,R,43,F,2,4192.00
VIDEO-008398,ENHOGAR,2026-08-03,16,1682,U,50,M,5,4329.00
VIDEO-008399,ENHOGAR,2026-08-04,17,1783,U,57,X,8,4466.00
VIDEO-008400,ENHOGAR,2026-08-05,18,1884,R,64,NR,3,4603.00
VIDEO-008401,ENHOGAR,2026-08-06,19,1985,U,71,F,6,4740.00
VIDEO-008402,ENHOGAR,2026-08-07,20,2086,U,78,M,1,4877.00
VIDEO-008403,ENHOGAR,2026-08-08,21,2187,R,85,X,4,5014.00
VIDEO-008404,ENHOGAR,2026-08-09,22,2288,U,19,NR,7,5151.00
VIDEO-008405,ENHOGAR,2026-08-10,01,0189,U,26,F,2,5288.00
VIDEO-008406,ENHOGAR,2026-08-11,02,0290,R,33,M,5,5425.00
VIDEO-008407,ENHOGAR,2026-08-12,03,0391,U,40,X,8,5562.00
VIDEO-008408,ENHOGAR,2026-08-13,04,0492,U,47,NR,3,5699.00
VIDEO-008409,ENHOGAR,2026-08-14,05,0593,R,54,F,6,5836.00
VIDEO-008410,ENHOGAR,2026-08-15,06,0694,U,61,M,1,5973.00
VIDEO-008411,ENHOGAR,2026-08-16,07,0795,U,68,X,4,6110.00
VIDEO-008412,ENHOGAR,2026-08-17,08,0896,R,75,NR,7,6247.00
VIDEO-008413,ENHOGAR,2026-08-18,09,0997,U,82,F,2,6384.00
VIDEO-008414,ENHOGAR,2026-08-19,10,1098,U,89,M,5,6521.00
VIDEO-008415,ENHOGAR,2026-08-20,11,1199,R,23,X,8,6658.00
VIDEO-008416,ENHOGAR,2026-08-01,12,1201,U,30,NR,3,6795.00
VIDEO-008417,ENHOGAR,2026-08-02,13,1302,U,37,F,6,6932.00
VIDEO-008418,ENHOGAR,2026-08-03,14,1403,R,44,M,1,7069.00
VIDEO-008419,ENHOGAR,2026-08-04,15,1504,U,51,X,4,7206.00
VIDEO-008420,ENHOGAR,2026-08-05,16,1605,U,58,NR,7,7343.00
VIDEO-008421,ENHOGAR,2026-08-06,17,1706,R,65,F,2,7480.00
VIDEO-008422,ENHOGAR,2026-08-07,18,1807,U,72,M,5,7617.00
VIDEO-008423,ENHOGAR,2026-08-08,19,1908,U,79,X,8,7754.00
VIDEO-008424,ENHOGAR,2026-08-09,20,2009,R,86,NR,3,7891.00
VIDEO-008425,ENHOGAR,2026-08-10,21,2110,U,20,F,6,8028.00
VIDEO-008426,ENHOGAR,2026-08-11,22,2211,U,27,M,1,8165.00
VIDEO-008427,ENHOGAR,2026-08-12,01,0112,R,34,X,4,8302.00
VIDEO-008428,ENHOGAR,2026-08-13,02,0213,U,41,NR,7,8439.00
VIDEO-008429,ENHOGAR,2026-08-14,03,0314,U,48,F,2,976.00
VIDEO-008430,ENHOGAR,2026-08-15,04,0415,R,55,M,5,1113.00
VIDEO-008431,ENHOGAR,2026-08-16,05,0516,U,62,X,8,1250.00
VIDEO-008432,ENHOGAR,2026-08-17,06,0617,U,69,NR,3,1387.00
VIDEO-008433,ENHOGAR,2026-08-18,07,0718,R,76,F,6,1524.00
VIDEO-008434,ENHOGAR,2026-08-19,08,0819,U,83,M,1,1661.00
VIDEO-008435,ENHOGAR,2026-08-20,09,0920,U,90,X,4,1798.00
VIDEO-008436,ENHOGAR,2026-08-01,10,1021,R,24,NR,7,1935.00
VIDEO-008437,ENHOGAR,2026-08-02,11,1122,U,31,F,2,2072.00
VIDEO-008438,ENHOGAR,2026-08-03,12,1223,U,38,M,5,2209.00
VIDEO-008439,ENHOGAR,2026-08-04,13,1324,R,45,X,8,2346.00
VIDEO-008440,ENHOGAR,2026-08-05,14,1425,U,52,NR,3,2483.00
VIDEO-008441,ENHOGAR,2026-08-06,15,1526,U,59,F,6,2620.00
VIDEO-008442,ENHOGAR,2026-08-07,16,1627,R,66,M,1,2757.00
VIDEO-008443,ENHOGAR,2026-08-08,17,1728,U,73,X,4,2894.00
VIDEO-008444,ENHOGAR,2026-08-09,18,1829,U,80,NR,7,3031.00
VIDEO-008445,ENHOGAR,2026-08-10,19,1930,R,87,F,2,3168.00
VIDEO-008446,ENHOGAR,2026-08-11,20,2031,U,21,M,5,3305.00
VIDEO-008447,ENHOGAR,2026-08-12,21,2132,U,28,X,8,3442.00
VIDEO-008448,ENHOGAR,2026-08-13,22,2233,R,35,NR,3,3579.00
VIDEO-008449,ENHOGAR,2026-08-14,01,0134,U,42,F,6,3716.00
VIDEO-008450,ENHOGAR,2026-08-15,02,0235,U,49,M,1,3853.00
VIDEO-008451,ENHOGAR,2026-08-16,03,0336,R,56,X,4,3990.00
VIDEO-008452,ENHOGAR,2026-08-17,04,0437,U,63,NR,7,4127.00
VIDEO-008453,ENHOGAR,2026-08-18,05,0538,U,70,F,2,4264.00
VIDEO-008454,ENHOGAR,2026-08-19,06,0639,R,77,M,5,4401.00
VIDEO-008455,ENHOGAR,2026-08-20,07,0740,U,84,X,8,4538.00
VIDEO-008456,ENHOGAR,2026-08-01,08,0841,U,18,NR,3,4675.00
VIDEO-008457,ENHOGAR,2026-08-02,09,0942,R,25,F,6,4812.00
VIDEO-008458,ENHOGAR,2026-08-03,10,1043,U,32,M,1,4949.00
VIDEO-008459,ENHOGAR,2026-08-04,11,1144,U,39,X,4,5086.00
VIDEO-008460,ENHOGAR,2026-08-05,12,1245,R,46,NR,7,5223.00
VIDEO-008461,ENHOGAR,2026-08-06,13,1346,U,53,F,2,5360.00
VIDEO-008462,ENHOGAR,2026-08-07,14,1447,U,60,M,5,5497.00
VIDEO-008463,ENHOGAR,2026-08-08,15,1548,R,67,X,8,5634.00
VIDEO-008464,ENHOGAR,2026-08-09,16,1649,U,74,NR,3,5771.00
VIDEO-008465,ENHOGAR,2026-08-10,17,1750,U,81,F,6,5908.00
VIDEO-008466,ENHOGAR,2026-08-11,18,1851,R,88,M,1,6045.00
VIDEO-008467,ENHOGAR,2026-08-12,19,1952,U,22,X,4,6182.00
VIDEO-008468,ENHOGAR,2026-08-13,20,2053,U,29,NR,7,6319.00
VIDEO-008469,ENHOGAR,2026-08-14,21,2154,R,36,F,2,6456.00
VIDEO-008470,ENHOGAR,2026-08-15,22,2255,U,43,M,5,6593.00
VIDEO-008471,ENHOGAR,2026-08-16,01,0156,U,50,X,8,6730.00
VIDEO-008472,ENHOGAR,2026-08-17,02,0257,R,57,NR,3,6867.00
VIDEO-008473,ENHOGAR,2026-08-18,03,0358,U,64,F,6,7004.00
VIDEO-008474,ENHOGAR,2026-08-19,04,0459,U,71,M,1,7141.00
VIDEO-008475,ENHOGAR,2026-08-20,05,0560,R,78,X,4,7278.00
VIDEO-008476,ENHOGAR,2026-08-01,06,0661,U,85,NR,7,7415.00
VIDEO-008477,ENHOGAR,2026-08-02,07,0762,U,19,F,2,7552.00
VIDEO-008478,ENHOGAR,2026-08-03,08,0863,R,26,M,5,7689.00
VIDEO-008479,ENHOGAR,2026-08-04,09,0964,U,33,X,8,7826.00
VIDEO-008480,ENHOGAR,2026-08-05,10,1065,U,40,NR,3,7963.00
VIDEO-008481,ENHOGAR,2026-08-06,11,1166,R,47,F,6,8100.00
VIDEO-008482,ENHOGAR,2026-08-07,12,1267,U,54,M,1,8237.00
VIDEO-008483,ENHOGAR,2026-08-08,13,1368,U,61,X,4,8374.00
VIDEO-008484,ENHOGAR,2026-08-09,14,1469,R,68,NR,7,911.00
VIDEO-008485,ENHOGAR,2026-08-10,15,1570,U,75,F,2,1048.00
VIDEO-008486,ENHOGAR,2026-08-11,16,1671,U,82,M,5,1185.00
VIDEO-008487,ENHOGAR,2026-08-12,17,1772,R,89,X,8,1322.00
VIDEO-008488,ENHOGAR,2026-08-13,18,1873,U,23,NR,3,1459.00
VIDEO-008489,ENHOGAR,2026-08-14,19,1974,U,30,F,6,1596.00
VIDEO-008490,ENHOGAR,2026-08-15,20,2075,R,37,M,1,1733.00
VIDEO-008491,ENHOGAR,2026-08-16,21,2176,U,44,X,4,1870.00
VIDEO-008492,ENHOGAR,2026-08-17,22,2277,U,51,NR,7,2007.00
VIDEO-008493,ENHOGAR,2026-08-18,01,0178,R,58,F,2,2144.00
VIDEO-008494,ENHOGAR,2026-08-19,02,0279,U,65,M,5,2281.00
VIDEO-008495,ENHOGAR,2026-08-20,03,0380,U,72,X,8,2418.00
VIDEO-008496,ENHOGAR,2026-08-01,04,0481,R,79,NR,3,2555.00
VIDEO-008497,ENHOGAR,2026-08-02,05,0582,U,86,F,6,2692.00
VIDEO-008498,ENHOGAR,2026-08-03,06,0683,U,20,M,1,2829.00
VIDEO-008499,ENHOGAR,2026-08-04,07,0784,R,27,X,4,2966.00
VIDEO-008500,ENHOGAR,2026-08-05,08,0885,U,34,NR,7,3103.00
VIDEO-008501,ENHOGAR,2026-08-06,09,0986,U,41,F,2,3240.00
VIDEO-008502,ENHOGAR,2026-08-07,10,1087,R,48,M,5,3377.00
VIDEO-008503,ENHOGAR,2026-08-08,11,1188,U,55,X,8,3514.00
VIDEO-008504,ENHOGAR,2026-08-09,12,1289,U,62,NR,3,3651.00
VIDEO-008505,ENHOGAR,2026-08-10,13,1390,R,69,F,6,3788.00
VIDEO-008506,ENHOGAR,2026-08-11,14,1491,U,76,M,1,3925.00
VIDEO-008507,ENHOGAR,2026-08-12,15,1592,U,83,X,4,4062.00
VIDEO-008508,ENHOGAR,2026-08-13,16,1693,R,90,NR,7,4199.00
VIDEO-008509,ENHOGAR,2026-08-14,17,1794,U,24,F,2,4336.00
VIDEO-008510,ENHOGAR,2026-08-15,18,1895,U,31,M,5,4473.00
VIDEO-008511,ENHOGAR,2026-08-16,19,1996,R,38,X,8,4610.00
VIDEO-008512,ENHOGAR,2026-08-17,20,2097,U,45,NR,3,4747.00
VIDEO-008513,ENHOGAR,2026-08-18,21,2198,U,52,F,6,4884.00
VIDEO-008514,ENHOGAR,2026-08-19,22,2299,R,59,M,1,5021.00
VIDEO-008515,ENHOGAR,2026-08-20,01,0101,U,66,X,4,5158.00
VIDEO-008516,ENHOGAR,2026-08-01,02,0202,U,73,NR,7,5295.00
VIDEO-008517,ENHOGAR,2026-08-02,03,0303,R,80,F,2,5432.00
VIDEO-008518,ENHOGAR,2026-08-03,04,0404,U,87,M,5,5569.00
VIDEO-008519,ENHOGAR,2026-08-04,05,0505,U,21,X,8,5706.00
VIDEO-008520,ENHOGAR,2026-08-05,06,0606,R,28,NR,3,5843.00
VIDEO-008521,ENHOGAR,2026-08-06,07,0707,U,35,F,6,5980.00
VIDEO-008522,ENHOGAR,2026-08-07,08,0808,U,42,M,1,6117.00
VIDEO-008523,ENHOGAR,2026-08-08,09,0909,R,49,X,4,6254.00
VIDEO-008524,ENHOGAR,2026-08-09,10,1010,U,56,NR,7,6391.00
VIDEO-008525,ENHOGAR,2026-08-10,11,1111,U,63,F,2,6528.00
VIDEO-008526,ENHOGAR,2026-08-11,12,1212,R,70,M,5,6665.00
VIDEO-008527,ENHOGAR,2026-08-12,13,1313,U,77,X,8,6802.00
VIDEO-008528,ENHOGAR,2026-08-13,14,1414,U,84,NR,3,6939.00
VIDEO-008529,ENHOGAR,2026-08-14,15,1515,R,18,F,6,7076.00
VIDEO-008530,ENHOGAR,2026-08-15,16,1616,U,25,M,1,7213.00
VIDEO-008531,ENHOGAR,2026-08-16,17,1717,U,32,X,4,7350.00
VIDEO-008532,ENHOGAR,2026-08-17,18,1818,R,39,NR,7,7487.00
VIDEO-008533,ENHOGAR,2026-08-18,19,1919,U,46,F,2,7624.00
VIDEO-008534,ENHOGAR,2026-08-19,20,2020,U,53,M,5,7761.00
VIDEO-008535,ENHOGAR,2026-08-20,21,2121,R,60,X,8,7898.00
VIDEO-008536,ENHOGAR,2026-08-01,22,2222,U,67,NR,3,8035.00
VIDEO-008537,ENHOGAR,2026-08-02,01,0123,U,74,F,6,8172.00
VIDEO-008538,ENHOGAR,2026-08-03,02,0224,R,81,M,1,8309.00
VIDEO-008539,ENHOGAR,2026-08-04,03,0325,U,88,X,4,8446.00
VIDEO-008540,ENHOGAR,2026-08-05,04,0426,U,22,NR,7,983.00
VIDEO-008541,ENHOGAR,2026-08-06,05,0527,R,29,F,2,1120.00
VIDEO-008542,ENHOGAR,2026-08-07,06,0628,U,36,M,5,1257.00
VIDEO-008543,ENHOGAR,2026-08-08,07,0729,U,43,X,8,1394.00
VIDEO-008544,ENHOGAR,2026-08-09,08,0830,R,50,NR,3,1531.00
VIDEO-008545,ENHOGAR,2026-08-10,09,0931,U,57,F,6,1668.00
VIDEO-008546,ENHOGAR,2026-08-11,10,1032,U,64,M,1,1805.00
VIDEO-008547,ENHOGAR,2026-08-12,11,1133,R,71,X,4,1942.00
VIDEO-008548,ENHOGAR,2026-08-13,12,1234,U,78,NR,7,2079.00
VIDEO-008549,ENHOGAR,2026-08-14,13,1335,U,85,F,2,2216.00
VIDEO-008550,ENHOGAR,2026-08-15,14,1436,R,19,M,5,2353.00
VIDEO-008551,ENHOGAR,2026-08-16,15,1537,U,26,X,8,2490.00
VIDEO-008552,ENHOGAR,2026-08-17,16,1638,U,33,NR,3,2627.00
VIDEO-008553,ENHOGAR,2026-08-18,17,1739,R,40,F,6,2764.00
VIDEO-008554,ENHOGAR,2026-08-19,18,1840,U,47,M,1,2901.00
VIDEO-008555,ENHOGAR,2026-08-20,19,1941,U,54,X,4,3038.00
VIDEO-008556,ENHOGAR,2026-08-01,20,2042,R,61,NR,7,3175.00
VIDEO-008557,ENHOGAR,2026-08-02,21,2143,U,68,F,2,3312.00
VIDEO-008558,ENHOGAR,2026-08-03,22,2244,U,75,M,5,3449.00
VIDEO-008559,ENHOGAR,2026-08-04,01,0145,R,82,X,8,3586.00
VIDEO-008560,ENHOGAR,2026-08-05,02,0246,U,89,NR,3,3723.00
VIDEO-008561,ENHOGAR,2026-08-06,03,0347,U,23,F,6,3860.00
VIDEO-008562,ENHOGAR,2026-08-07,04,0448,R,30,M,1,3997.00
VIDEO-008563,ENHOGAR,2026-08-08,05,0549,U,37,X,4,4134.00
VIDEO-008564,ENHOGAR,2026-08-09,06,0650,U,44,NR,7,4271.00
VIDEO-008565,ENHOGAR,2026-08-10,07,0751,R,51,F,2,4408.00
VIDEO-008566,ENHOGAR,2026-08-11,08,0852,U,58,M,5,4545.00
VIDEO-008567,ENHOGAR,2026-08-12,09,0953,U,65,X,8,4682.00
VIDEO-008568,ENHOGAR,2026-08-13,10,1054,R,72,NR,3,4819.00
VIDEO-008569,ENHOGAR,2026-08-14,11,1155,U,79,F,6,4956.00
VIDEO-008570,ENHOGAR,2026-08-15,12,1256,U,86,M,1,5093.00
VIDEO-008571,ENHOGAR,2026-08-16,13,1357,R,20,X,4,5230.00
VIDEO-008572,ENHOGAR,2026-08-17,14,1458,U,27,NR,7,5367.00
VIDEO-008573,ENHOGAR,2026-08-18,15,1559,U,34,F,2,5504.00
VIDEO-008574,ENHOGAR,2026-08-19,16,1660,R,41,M,5,5641.00
VIDEO-008575,ENHOGAR,2026-08-20,17,1761,U,48,X,8,5778.00
VIDEO-008576,ENHOGAR,2026-08-01,18,1862,U,55,NR,3,5915.00
VIDEO-008577,ENHOGAR,2026-08-02,19,1963,R,62,F,6,6052.00
VIDEO-008578,ENHOGAR,2026-08-03,20,2064,U,69,M,1,6189.00
VIDEO-008579,ENHOGAR,2026-08-04,21,2165,U,76,X,4,6326.00
VIDEO-008580,ENHOGAR,2026-08-05,22,2266,R,83,NR,7,6463.00
VIDEO-008581,ENHOGAR,2026-08-06,01,0167,U,90,F,2,6600.00
VIDEO-008582,ENHOGAR,2026-08-07,02,0268,U,24,M,5,6737.00
VIDEO-008583,ENHOGAR,2026-08-08,03,0369,R,31,X,8,6874.00
VIDEO-008584,ENHOGAR,2026-08-09,04,0470,U,38,NR,3,7011.00
VIDEO-008585,ENHOGAR,2026-08-10,05,0571,U,45,F,6,7148.00
VIDEO-008586,ENHOGAR,2026-08-11,06,0672,R,52,M,1,7285.00
VIDEO-008587,ENHOGAR,2026-08-12,07,0773,U,59,X,4,7422.00
VIDEO-008588,ENHOGAR,2026-08-13,08,0874,U,66,NR,7,7559.00
VIDEO-008589,ENHOGAR,2026-08-14,09,0975,R,73,F,2,7696.00
VIDEO-008590,ENHOGAR,2026-08-15,10,1076,U,80,M,5,7833.00
VIDEO-008591,ENHOGAR,2026-08-16,11,1177,U,87,X,8,7970.00
VIDEO-008592,ENHOGAR,2026-08-17,12,1278,R,21,NR,3,8107.00
VIDEO-008593,ENHOGAR,2026-08-18,13,1379,U,28,F,6,8244.00
VIDEO-008594,ENHOGAR,2026-08-19,14,1480,U,35,M,1,8381.00
VIDEO-008595,ENHOGAR,2026-08-20,15,1581,R,42,X,4,918.00
VIDEO-008596,ENHOGAR,2026-08-01,16,1682,U,49,NR,7,1055.00
VIDEO-008597,ENHOGAR,2026-08-02,17,1783,U,56,F,2,1192.00
VIDEO-008598,ENHOGAR,2026-08-03,18,1884,R,63,M,5,1329.00
VIDEO-008599,ENHOGAR,2026-08-04,19,1985,U,70,X,8,1466.00
VIDEO-008600,ENHOGAR,2026-08-05,20,2086,U,77,NR,3,1603.00
VIDEO-008601,ENHOGAR,2026-08-06,21,2187,R,84,F,6,1740.00
VIDEO-008602,ENHOGAR,2026-08-07,22,2288,U,18,M,1,1877.00
VIDEO-008603,ENHOGAR,2026-08-08,01,0189,U,25,X,4,2014.00
VIDEO-008604,ENHOGAR,2026-08-09,02,0290,R,32,NR,7,2151.00
VIDEO-008605,ENHOGAR,2026-08-10,03,0391,U,39,F,2,2288.00
VIDEO-008606,ENHOGAR,2026-08-11,04,0492,U,46,M,5,2425.00
VIDEO-008607,ENHOGAR,2026-08-12,05,0593,R,53,X,8,2562.00
VIDEO-008608,ENHOGAR,2026-08-13,06,0694,U,60,NR,3,2699.00
VIDEO-008609,ENHOGAR,2026-08-14,07,0795,U,67,F,6,2836.00
VIDEO-008610,ENHOGAR,2026-08-15,08,0896,R,74,M,1,2973.00
VIDEO-008611,ENHOGAR,2026-08-16,09,0997,U,81,X,4,3110.00
VIDEO-008612,ENHOGAR,2026-08-17,10,1098,U,88,NR,7,3247.00
VIDEO-008613,ENHOGAR,2026-08-18,11,1199,R,22,F,2,3384.00
VIDEO-008614,ENHOGAR,2026-08-19,12,1201,U,29,M,5,3521.00
VIDEO-008615,ENHOGAR,2026-08-20,13,1302,U,36,X,8,3658.00
VIDEO-008616,ENHOGAR,2026-08-01,14,1403,R,43,NR,3,3795.00
VIDEO-008617,ENHOGAR,2026-08-02,15,1504,U,50,F,6,3932.00
VIDEO-008618,ENHOGAR,2026-08-03,16,1605,U,57,M,1,4069.00
VIDEO-008619,ENHOGAR,2026-08-04,17,1706,R,64,X,4,4206.00
VIDEO-008620,ENHOGAR,2026-08-05,18,1807,U,71,NR,7,4343.00
VIDEO-008621,ENHOGAR,2026-08-06,19,1908,U,78,F,2,4480.00
VIDEO-008622,ENHOGAR,2026-08-07,20,2009,R,85,M,5,4617.00
VIDEO-008623,ENHOGAR,2026-08-08,21,2110,U,19,X,8,4754.00
VIDEO-008624,ENHOGAR,2026-08-09,22,2211,U,26,NR,3,4891.00
VIDEO-008625,ENHOGAR,2026-08-10,01,0112,R,33,F,6,5028.00
VIDEO-008626,ENHOGAR,2026-08-11,02,0213,U,40,M,1,5165.00
VIDEO-008627,ENHOGAR,2026-08-12,03,0314,U,47,X,4,5302.00
VIDEO-008628,ENHOGAR,2026-08-13,04,0415,R,54,NR,7,5439.00
VIDEO-008629,ENHOGAR,2026-08-14,05,0516,U,61,F,2,5576.00
VIDEO-008630,ENHOGAR,2026-08-15,06,0617,U,68,M,5,5713.00
VIDEO-008631,ENHOGAR,2026-08-16,07,0718,R,75,X,8,5850.00
VIDEO-008632,ENHOGAR,2026-08-17,08,0819,U,82,NR,3,5987.00
VIDEO-008633,ENHOGAR,2026-08-18,09,0920,U,89,F,6,6124.00
VIDEO-008634,ENHOGAR,2026-08-19,10,1021,R,23,M,1,6261.00
VIDEO-008635,ENHOGAR,2026-08-20,11,1122,U,30,X,4,6398.00
VIDEO-008636,ENHOGAR,2026-08-01,12,1223,U,37,NR,7,6535.00
VIDEO-008637,ENHOGAR,2026-08-02,13,1324,R,44,F,2,6672.00
VIDEO-008638,ENHOGAR,2026-08-03,14,1425,U,51,M,5,6809.00
VIDEO-008639,ENHOGAR,2026-08-04,15,1526,U,58,X,8,6946.00
VIDEO-008640,ENHOGAR,2026-08-05,16,1627,R,65,NR,3,7083.00
VIDEO-008641,ENHOGAR,2026-08-06,17,1728,U,72,F,6,7220.00
VIDEO-008642,ENHOGAR,2026-08-07,18,1829,U,79,M,1,7357.00
VIDEO-008643,ENHOGAR,2026-08-08,19,1930,R,86,X,4,7494.00
VIDEO-008644,ENHOGAR,2026-08-09,20,2031,U,20,NR,7,7631.00
VIDEO-008645,ENHOGAR,2026-08-10,21,2132,U,27,F,2,7768.00
VIDEO-008646,ENHOGAR,2026-08-11,22,2233,R,34,M,5,7905.00
VIDEO-008647,ENHOGAR,2026-08-12,01,0134,U,41,X,8,8042.00
VIDEO-008648,ENHOGAR,2026-08-13,02,0235,U,48,NR,3,8179.00
VIDEO-008649,ENHOGAR,2026-08-14,03,0336,R,55,F,6,8316.00
VIDEO-008650,ENHOGAR,2026-08-15,04,0437,U,62,M,1,8453.00
VIDEO-008651,ENHOGAR,2026-08-16,05,0538,U,69,X,4,990.00
VIDEO-008652,ENHOGAR,2026-08-17,06,0639,R,76,NR,7,1127.00
VIDEO-008653,ENHOGAR,2026-08-18,07,0740,U,83,F,2,1264.00
VIDEO-008654,ENHOGAR,2026-08-19,08,0841,U,90,M,5,1401.00
VIDEO-008655,ENHOGAR,2026-08-20,09,0942,R,24,X,8,1538.00
VIDEO-008656,ENHOGAR,2026-08-01,10,1043,U,31,NR,3,1675.00
VIDEO-008657,ENHOGAR,2026-08-02,11,1144,U,38,F,6,1812.00
VIDEO-008658,ENHOGAR,2026-08-03,12,1245,R,45,M,1,1949.00
VIDEO-008659,ENHOGAR,2026-08-04,13,1346,U,52,X,4,2086.00
VIDEO-008660,ENHOGAR,2026-08-05,14,1447,U,59,NR,7,2223.00
VIDEO-008661,ENHOGAR,2026-08-06,15,1548,R,66,F,2,2360.00
VIDEO-008662,ENHOGAR,2026-08-07,16,1649,U,73,M,5,2497.00
VIDEO-008663,ENHOGAR,2026-08-08,17,1750,U,80,X,8,2634.00
VIDEO-008664,ENHOGAR,2026-08-09,18,1851,R,87,NR,3,2771.00
VIDEO-008665,ENHOGAR,2026-08-10,19,1952,U,21,F,6,2908.00
VIDEO-008666,ENHOGAR,2026-08-11,20,2053,U,28,M,1,3045.00
VIDEO-008667,ENHOGAR,2026-08-12,21,2154,R,35,X,4,3182.00
VIDEO-008668,ENHOGAR,2026-08-13,22,2255,U,42,NR,7,3319.00
VIDEO-008669,ENHOGAR,2026-08-14,01,0156,U,49,F,2,3456.00
VIDEO-008670,ENHOGAR,2026-08-15,02,0257,R,56,M,5,3593.00
VIDEO-008671,ENHOGAR,2026-08-16,03,0358,U,63,X,8,3730.00
VIDEO-008672,ENHOGAR,2026-08-17,04,0459,U,70,NR,3,3867.00
VIDEO-008673,ENHOGAR,2026-08-18,05,0560,R,77,F,6,4004.00
VIDEO-008674,ENHOGAR,2026-08-19,06,0661,U,84,M,1,4141.00
VIDEO-008675,ENHOGAR,2026-08-20,07,0762,U,18,X,4,4278.00
VIDEO-008676,ENHOGAR,2026-08-01,08,0863,R,25,NR,7,4415.00
VIDEO-008677,ENHOGAR,2026-08-02,09,0964,U,32,F,2,4552.00
VIDEO-008678,ENHOGAR,2026-08-03,10,1065,U,39,M,5,4689.00
VIDEO-008679,ENHOGAR,2026-08-04,11,1166,R,46,X,8,4826.00
VIDEO-008680,ENHOGAR,2026-08-05,12,1267,U,53,NR,3,4963.00
VIDEO-008681,ENHOGAR,2026-08-06,13,1368,U,60,F,6,5100.00
VIDEO-008682,ENHOGAR,2026-08-07,14,1469,R,67,M,1,5237.00
VIDEO-008683,ENHOGAR,2026-08-08,15,1570,U,74,X,4,5374.00
VIDEO-008684,ENHOGAR,2026-08-09,16,1671,U,81,NR,7,5511.00
VIDEO-008685,ENHOGAR,2026-08-10,17,1772,R,88,F,2,5648.00
VIDEO-008686,ENHOGAR,2026-08-11,18,1873,U,22,M,5,5785.00
VIDEO-008687,ENHOGAR,2026-08-12,19,1974,U,29,X,8,5922.00
VIDEO-008688,ENHOGAR,2026-08-13,20,2075,R,36,NR,3,6059.00
VIDEO-008689,ENHOGAR,2026-08-14,21,2176,U,43,F,6,6196.00
VIDEO-008690,ENHOGAR,2026-08-15,22,2277,U,50,M,1,6333.00
VIDEO-008691,ENHOGAR,2026-08-16,01,0178,R,57,X,4,6470.00
VIDEO-008692,ENHOGAR,2026-08-17,02,0279,U,64,NR,7,6607.00
VIDEO-008693,ENHOGAR,2026-08-18,03,0380,U,71,F,2,6744.00
VIDEO-008694,ENHOGAR,2026-08-19,04,0481,R,78,M,5,6881.00
VIDEO-008695,ENHOGAR,2026-08-20,05,0582,U,85,X,8,7018.00
VIDEO-008696,ENHOGAR,2026-08-01,06,0683,U,19,NR,3,7155.00
VIDEO-008697,ENHOGAR,2026-08-02,07,0784,R,26,F,6,7292.00
VIDEO-008698,ENHOGAR,2026-08-03,08,0885,U,33,M,1,7429.00
VIDEO-008699,ENHOGAR,2026-08-04,09,0986,U,40,X,4,7566.00
VIDEO-008700,ENHOGAR,2026-08-05,10,1087,R,47,NR,7,7703.00
VIDEO-008701,ENHOGAR,2026-08-06,11,1188,U,54,F,2,7840.00
VIDEO-008702,ENHOGAR,2026-08-07,12,1289,U,61,M,5,7977.00
VIDEO-008703,ENHOGAR,2026-08-08,13,1390,R,68,X,8,8114.00
VIDEO-008704,ENHOGAR,2026-08-09,14,1491,U,75,NR,3,8251.00
VIDEO-008705,ENHOGAR,2026-08-10,15,1592,U,82,F,6,8388.00
VIDEO-008706,ENHOGAR,2026-08-11,16,1693,R,89,M,1,925.00
VIDEO-008707,ENHOGAR,2026-08-12,17,1794,U,23,X,4,1062.00
VIDEO-008708,ENHOGAR,2026-08-13,18,1895,U,30,NR,7,1199.00
VIDEO-008709,ENHOGAR,2026-08-14,19,1996,R,37,F,2,1336.00
VIDEO-008710,ENHOGAR,2026-08-15,20,2097,U,44,M,5,1473.00
VIDEO-008711,ENHOGAR,2026-08-16,21,2198,U,51,X,8,1610.00
VIDEO-008712,ENHOGAR,2026-08-17,22,2299,R,58,NR,3,1747.00
VIDEO-008713,ENHOGAR,2026-08-18,01,0101,U,65,F,6,1884.00
VIDEO-008714,ENHOGAR,2026-08-19,02,0202,U,72,M,1,2021.00
VIDEO-008715,ENHOGAR,2026-08-20,03,0303,R,79,X,4,2158.00
VIDEO-008716,ENHOGAR,2026-08-01,04,0404,U,86,NR,7,2295.00
VIDEO-008717,ENHOGAR,2026-08-02,05,0505,U,20,F,2,2432.00
VIDEO-008718,ENHOGAR,2026-08-03,06,0606,R,27,M,5,2569.00
VIDEO-008719,ENHOGAR,2026-08-04,07,0707,U,34,X,8,2706.00
VIDEO-008720,ENHOGAR,2026-08-05,08,0808,U,41,NR,3,2843.00
VIDEO-008721,ENHOGAR,2026-08-06,09,0909,R,48,F,6,2980.00
VIDEO-008722,ENHOGAR,2026-08-07,10,1010,U,55,M,1,3117.00
VIDEO-008723,ENHOGAR,2026-08-08,11,1111,U,62,X,4,3254.00
VIDEO-008724,ENHOGAR,2026-08-09,12,1212,R,69,NR,7,3391.00
VIDEO-008725,ENHOGAR,2026-08-10,13,1313,U,76,F,2,3528.00
VIDEO-008726,ENHOGAR,2026-08-11,14,1414,U,83,M,5,3665.00
VIDEO-008727,ENHOGAR,2026-08-12,15,1515,R,90,X,8,3802.00
VIDEO-008728,ENHOGAR,2026-08-13,16,1616,U,24,NR,3,3939.00
VIDEO-008729,ENHOGAR,2026-08-14,17,1717,U,31,F,6,4076.00
VIDEO-008730,ENHOGAR,2026-08-15,18,1818,R,38,M,1,4213.00
VIDEO-008731,ENHOGAR,2026-08-16,19,1919,U,45,X,4,4350.00
VIDEO-008732,ENHOGAR,2026-08-17,20,2020,U,52,NR,7,4487.00
VIDEO-008733,ENHOGAR,2026-08-18,21,2121,R,59,F,2,4624.00
VIDEO-008734,ENHOGAR,2026-08-19,22,2222,U,66,M,5,4761.00
VIDEO-008735,ENHOGAR,2026-08-20,01,0123,U,73,X,8,4898.00
VIDEO-008736,ENHOGAR,2026-08-01,02,0224,R,80,NR,3,5035.00
VIDEO-008737,ENHOGAR,2026-08-02,03,0325,U,87,F,6,5172.00
VIDEO-008738,ENHOGAR,2026-08-03,04,0426,U,21,M,1,5309.00
VIDEO-008739,ENHOGAR,2026-08-04,05,0527,R,28,X,4,5446.00
VIDEO-008740,ENHOGAR,2026-08-05,06,0628,U,35,NR,7,5583.00
VIDEO-008741,ENHOGAR,2026-08-06,07,0729,U,42,F,2,5720.00
VIDEO-008742,ENHOGAR,2026-08-07,08,0830,R,49,M,5,5857.00
VIDEO-008743,ENHOGAR,2026-08-08,09,0931,U,56,X,8,5994.00
VIDEO-008744,ENHOGAR,2026-08-09,10,1032,U,63,NR,3,6131.00
VIDEO-008745,ENHOGAR,2026-08-10,11,1133,R,70,F,6,6268.00
VIDEO-008746,ENHOGAR,2026-08-11,12,1234,U,77,M,1,6405.00
VIDEO-008747,ENHOGAR,2026-08-12,13,1335,U,84,X,4,6542.00
VIDEO-008748,ENHOGAR,2026-08-13,14,1436,R,18,NR,7,6679.00
VIDEO-008749,ENHOGAR,2026-08-14,15,1537,U,25,F,2,6816.00
VIDEO-008750,ENHOGAR,2026-08-15,16,1638,U,32,M,5,6953.00
VIDEO-008751,ENHOGAR,2026-08-16,17,1739,R,39,X,8,7090.00
VIDEO-008752,ENHOGAR,2026-08-17,18,1840,U,46,NR,3,7227.00
VIDEO-008753,ENHOGAR,2026-08-18,19,1941,U,53,F,6,7364.00
VIDEO-008754,ENHOGAR,2026-08-19,20,2042,R,60,M,1,7501.00
VIDEO-008755,ENHOGAR,2026-08-20,21,2143,U,67,X,4,7638.00
VIDEO-008756,ENHOGAR,2026-08-01,22,2244,U,74,NR,7,7775.00
VIDEO-008757,ENHOGAR,2026-08-02,01,0145,R,81,F,2,7912.00
VIDEO-008758,ENHOGAR,2026-08-03,02,0246,U,88,M,5,8049.00
VIDEO-008759,ENHOGAR,2026-08-04,03,0347,U,22,X,8,8186.00
VIDEO-008760,ENHOGAR,2026-08-05,04,0448,R,29,NR,3,8323.00
VIDEO-008761,ENHOGAR,2026-08-06,05,0549,U,36,F,6,8460.00
VIDEO-008762,ENHOGAR,2026-08-07,06,0650,U,43,M,1,997.00
VIDEO-008763,ENHOGAR,2026-08-08,07,0751,R,50,X,4,1134.00
VIDEO-008764,ENHOGAR,2026-08-09,08,0852,U,57,NR,7,1271.00
VIDEO-008765,ENHOGAR,2026-08-10,09,0953,U,64,F,2,1408.00
VIDEO-008766,ENHOGAR,2026-08-11,10,1054,R,71,M,5,1545.00
VIDEO-008767,ENHOGAR,2026-08-12,11,1155,U,78,X,8,1682.00
VIDEO-008768,ENHOGAR,2026-08-13,12,1256,U,85,NR,3,1819.00
VIDEO-008769,ENHOGAR,2026-08-14,13,1357,R,19,F,6,1956.00
VIDEO-008770,ENHOGAR,2026-08-15,14,1458,U,26,M,1,2093.00
VIDEO-008771,ENHOGAR,2026-08-16,15,1559,U,33,X,4,2230.00
VIDEO-008772,ENHOGAR,2026-08-17,16,1660,R,40,NR,7,2367.00
VIDEO-008773,ENHOGAR,2026-08-18,17,1761,U,47,F,2,2504.00
VIDEO-008774,ENHOGAR,2026-08-19,18,1862,U,54,M,5,2641.00
VIDEO-008775,ENHOGAR,2026-08-20,19,1963,R,61,X,8,2778.00
VIDEO-008776,ENHOGAR,2026-08-01,20,2064,U,68,NR,3,2915.00
VIDEO-008777,ENHOGAR,2026-08-02,21,2165,U,75,F,6,3052.00
VIDEO-008778,ENHOGAR,2026-08-03,22,2266,R,82,M,1,3189.00
VIDEO-008779,ENHOGAR,2026-08-04,01,0167,U,89,X,4,3326.00
VIDEO-008780,ENHOGAR,2026-08-05,02,0268,U,23,NR,7,3463.00
VIDEO-008781,ENHOGAR,2026-08-06,03,0369,R,30,F,2,3600.00
VIDEO-008782,ENHOGAR,2026-08-07,04,0470,U,37,M,5,3737.00
VIDEO-008783,ENHOGAR,2026-08-08,05,0571,U,44,X,8,3874.00
VIDEO-008784,ENHOGAR,2026-08-09,06,0672,R,51,NR,3,4011.00
VIDEO-008785,ENHOGAR,2026-08-10,07,0773,U,58,F,6,4148.00
VIDEO-008786,ENHOGAR,2026-08-11,08,0874,U,65,M,1,4285.00
VIDEO-008787,ENHOGAR,2026-08-12,09,0975,R,72,X,4,4422.00
VIDEO-008788,ENHOGAR,2026-08-13,10,1076,U,79,NR,7,4559.00
VIDEO-008789,ENHOGAR,2026-08-14,11,1177,U,86,F,2,4696.00
VIDEO-008790,ENHOGAR,2026-08-15,12,1278,R,20,M,5,4833.00
VIDEO-008791,ENHOGAR,2026-08-16,13,1379,U,27,X,8,4970.00
VIDEO-008792,ENHOGAR,2026-08-17,14,1480,U,34,NR,3,5107.00
VIDEO-008793,ENHOGAR,2026-08-18,15,1581,R,41,F,6,5244.00
VIDEO-008794,ENHOGAR,2026-08-19,16,1682,U,48,M,1,5381.00
VIDEO-008795,ENHOGAR,2026-08-20,17,1783,U,55,X,4,5518.00
VIDEO-008796,ENHOGAR,2026-08-01,18,1884,R,62,NR,7,5655.00
VIDEO-008797,ENHOGAR,2026-08-02,19,1985,U,69,F,2,5792.00
VIDEO-008798,ENHOGAR,2026-08-03,20,2086,U,76,M,5,5929.00
VIDEO-008799,ENHOGAR,2026-08-04,21,2187,R,83,X,8,6066.00
VIDEO-008800,ENHOGAR,2026-08-05,22,2288,U,90,NR,3,6203.00
VIDEO-008801,ENHOGAR,2026-08-06,01,0189,U,24,F,6,6340.00
VIDEO-008802,ENHOGAR,2026-08-07,02,0290,R,31,M,1,6477.00
VIDEO-008803,ENHOGAR,2026-08-08,03,0391,U,38,X,4,6614.00
VIDEO-008804,ENHOGAR,2026-08-09,04,0492,U,45,NR,7,6751.00
VIDEO-008805,ENHOGAR,2026-08-10,05,0593,R,52,F,2,6888.00
VIDEO-008806,ENHOGAR,2026-08-11,06,0694,U,59,M,5,7025.00
VIDEO-008807,ENHOGAR,2026-08-12,07,0795,U,66,X,8,7162.00
VIDEO-008808,ENHOGAR,2026-08-13,08,0896,R,73,NR,3,7299.00
VIDEO-008809,ENHOGAR,2026-08-14,09,0997,U,80,F,6,7436.00
VIDEO-008810,ENHOGAR,2026-08-15,10,1098,U,87,M,1,7573.00
VIDEO-008811,ENHOGAR,2026-08-16,11,1199,R,21,X,4,7710.00
VIDEO-008812,ENHOGAR,2026-08-17,12,1201,U,28,NR,7,7847.00
VIDEO-008813,ENHOGAR,2026-08-18,13,1302,U,35,F,2,7984.00
VIDEO-008814,ENHOGAR,2026-08-19,14,1403,R,42,M,5,8121.00
VIDEO-008815,ENHOGAR,2026-08-20,15,1504,U,49,X,8,8258.00
VIDEO-008816,ENHOGAR,2026-08-01,16,1605,U,56,NR,3,8395.00
VIDEO-008817,ENHOGAR,2026-08-02,17,1706,R,63,F,6,932.00
VIDEO-008818,ENHOGAR,2026-08-03,18,1807,U,70,M,1,1069.00
VIDEO-008819,ENHOGAR,2026-08-04,19,1908,U,77,X,4,1206.00
VIDEO-008820,ENHOGAR,2026-08-05,20,2009,R,84,NR,7,1343.00
VIDEO-008821,ENHOGAR,2026-08-06,21,2110,U,18,F,2,1480.00
VIDEO-008822,ENHOGAR,2026-08-07,22,2211,U,25,M,5,1617.00
VIDEO-008823,ENHOGAR,2026-08-08,01,0112,R,32,X,8,1754.00
VIDEO-008824,ENHOGAR,2026-08-09,02,0213,U,39,NR,3,1891.00
VIDEO-008825,ENHOGAR,2026-08-10,03,0314,U,46,F,6,2028.00
VIDEO-008826,ENHOGAR,2026-08-11,04,0415,R,53,M,1,2165.00
VIDEO-008827,ENHOGAR,2026-08-12,05,0516,U,60,X,4,2302.00
VIDEO-008828,ENHOGAR,2026-08-13,06,0617,U,67,NR,7,2439.00
VIDEO-008829,ENHOGAR,2026-08-14,07,0718,R,74,F,2,2576.00
VIDEO-008830,ENHOGAR,2026-08-15,08,0819,U,81,M,5,2713.00
VIDEO-008831,ENHOGAR,2026-08-16,09,0920,U,88,X,8,2850.00
VIDEO-008832,ENHOGAR,2026-08-17,10,1021,R,22,NR,3,2987.00
VIDEO-008833,ENHOGAR,2026-08-18,11,1122,U,29,F,6,3124.00
VIDEO-008834,ENHOGAR,2026-08-19,12,1223,U,36,M,1,3261.00
VIDEO-008835,ENHOGAR,2026-08-20,13,1324,R,43,X,4,3398.00
VIDEO-008836,ENHOGAR,2026-08-01,14,1425,U,50,NR,7,3535.00
VIDEO-008837,ENHOGAR,2026-08-02,15,1526,U,57,F,2,3672.00
VIDEO-008838,ENHOGAR,2026-08-03,16,1627,R,64,M,5,3809.00
VIDEO-008839,ENHOGAR,2026-08-04,17,1728,U,71,X,8,3946.00
VIDEO-008840,ENHOGAR,2026-08-05,18,1829,U,78,NR,3,4083.00
VIDEO-008841,ENHOGAR,2026-08-06,19,1930,R,85,F,6,4220.00
VIDEO-008842,ENHOGAR,2026-08-07,20,2031,U,19,M,1,4357.00
VIDEO-008843,ENHOGAR,2026-08-08,21,2132,U,26,X,4,4494.00
VIDEO-008844,ENHOGAR,2026-08-09,22,2233,R,33,NR,7,4631.00
VIDEO-008845,ENHOGAR,2026-08-10,01,0134,U,40,F,2,4768.00
VIDEO-008846,ENHOGAR,2026-08-11,02,0235,U,47,M,5,4905.00
VIDEO-008847,ENHOGAR,2026-08-12,03,0336,R,54,X,8,5042.00
VIDEO-008848,ENHOGAR,2026-08-13,04,0437,U,61,NR,3,5179.00
VIDEO-008849,ENHOGAR,2026-08-14,05,0538,U,68,F,6,5316.00
VIDEO-008850,ENHOGAR,2026-08-15,06,0639,R,75,M,1,5453.00
VIDEO-008851,ENHOGAR,2026-08-16,07,0740,U,82,X,4,5590.00
VIDEO-008852,ENHOGAR,2026-08-17,08,0841,U,89,NR,7,5727.00
VIDEO-008853,ENHOGAR,2026-08-18,09,0942,R,23,F,2,5864.00
VIDEO-008854,ENHOGAR,2026-08-19,10,1043,U,30,M,5,6001.00
VIDEO-008855,ENHOGAR,2026-08-20,11,1144,U,37,X,8,6138.00
VIDEO-008856,ENHOGAR,2026-08-01,12,1245,R,44,NR,3,6275.00
VIDEO-008857,ENHOGAR,2026-08-02,13,1346,U,51,F,6,6412.00
VIDEO-008858,ENHOGAR,2026-08-03,14,1447,U,58,M,1,6549.00
VIDEO-008859,ENHOGAR,2026-08-04,15,1548,R,65,X,4,6686.00
VIDEO-008860,ENHOGAR,2026-08-05,16,1649,U,72,NR,7,6823.00
VIDEO-008861,ENHOGAR,2026-08-06,17,1750,U,79,F,2,6960.00
VIDEO-008862,ENHOGAR,2026-08-07,18,1851,R,86,M,5,7097.00
VIDEO-008863,ENHOGAR,2026-08-08,19,1952,U,20,X,8,7234.00
VIDEO-008864,ENHOGAR,2026-08-09,20,2053,U,27,NR,3,7371.00
VIDEO-008865,ENHOGAR,2026-08-10,21,2154,R,34,F,6,7508.00
VIDEO-008866,ENHOGAR,2026-08-11,22,2255,U,41,M,1,7645.00
VIDEO-008867,ENHOGAR,2026-08-12,01,0156,U,48,X,4,7782.00
VIDEO-008868,ENHOGAR,2026-08-13,02,0257,R,55,NR,7,7919.00
VIDEO-008869,ENHOGAR,2026-08-14,03,0358,U,62,F,2,8056.00
VIDEO-008870,ENHOGAR,2026-08-15,04,0459,U,69,M,5,8193.00
VIDEO-008871,ENHOGAR,2026-08-16,05,0560,R,76,X,8,8330.00
VIDEO-008872,ENHOGAR,2026-08-17,06,0661,U,83,NR,3,8467.00
VIDEO-008873,ENHOGAR,2026-08-18,07,0762,U,90,F,6,1004.00
VIDEO-008874,ENHOGAR,2026-08-19,08,0863,R,24,M,1,1141.00
VIDEO-008875,ENHOGAR,2026-08-20,09,0964,U,31,X,4,1278.00
VIDEO-008876,ENHOGAR,2026-08-01,10,1065,U,38,NR,7,1415.00
VIDEO-008877,ENHOGAR,2026-08-02,11,1166,R,45,F,2,1552.00
VIDEO-008878,ENHOGAR,2026-08-03,12,1267,U,52,M,5,1689.00
VIDEO-008879,ENHOGAR,2026-08-04,13,1368,U,59,X,8,1826.00
VIDEO-008880,ENHOGAR,2026-08-05,14,1469,R,66,NR,3,1963.00
VIDEO-008881,ENHOGAR,2026-08-06,15,1570,U,73,F,6,2100.00
VIDEO-008882,ENHOGAR,2026-08-07,16,1671,U,80,M,1,2237.00
VIDEO-008883,ENHOGAR,2026-08-08,17,1772,R,87,X,4,2374.00
VIDEO-008884,ENHOGAR,2026-08-09,18,1873,U,21,NR,7,2511.00
VIDEO-008885,ENHOGAR,2026-08-10,19,1974,U,28,F,2,2648.00
VIDEO-008886,ENHOGAR,2026-08-11,20,2075,R,35,M,5,2785.00
VIDEO-008887,ENHOGAR,2026-08-12,21,2176,U,42,X,8,2922.00
VIDEO-008888,ENHOGAR,2026-08-13,22,2277,U,49,NR,3,3059.00
VIDEO-008889,ENHOGAR,2026-08-14,01,0178,R,56,F,6,3196.00
VIDEO-008890,ENHOGAR,2026-08-15,02,0279,U,63,M,1,3333.00
VIDEO-008891,ENHOGAR,2026-08-16,03,0380,U,70,X,4,3470.00
VIDEO-008892,ENHOGAR,2026-08-17,04,0481,R,77,NR,7,3607.00
VIDEO-008893,ENHOGAR,2026-08-18,05,0582,U,84,F,2,3744.00
VIDEO-008894,ENHOGAR,2026-08-19,06,0683,U,18,M,5,3881.00
VIDEO-008895,ENHOGAR,2026-08-20,07,0784,R,25,X,8,4018.00
VIDEO-008896,ENHOGAR,2026-08-01,08,0885,U,32,NR,3,4155.00
VIDEO-008897,ENHOGAR,2026-08-02,09,0986,U,39,F,6,4292.00
VIDEO-008898,ENHOGAR,2026-08-03,10,1087,R,46,M,1,4429.00
VIDEO-008899,ENHOGAR,2026-08-04,11,1188,U,53,X,4,4566.00
VIDEO-008900,ENHOGAR,2026-08-05,12,1289,U,60,NR,7,4703.00
VIDEO-008901,ENHOGAR,2026-08-06,13,1390,R,67,F,2,4840.00
VIDEO-008902,ENHOGAR,2026-08-07,14,1491,U,74,M,5,4977.00
VIDEO-008903,ENHOGAR,2026-08-08,15,1592,U,81,X,8,5114.00
VIDEO-008904,ENHOGAR,2026-08-09,16,1693,R,88,NR,3,5251.00
VIDEO-008905,ENHOGAR,2026-08-10,17,1794,U,22,F,6,5388.00
VIDEO-008906,ENHOGAR,2026-08-11,18,1895,U,29,M,1,5525.00
VIDEO-008907,ENHOGAR,2026-08-12,19,1996,R,36,X,4,5662.00
VIDEO-008908,ENHOGAR,2026-08-13,20,2097,U,43,NR,7,5799.00
VIDEO-008909,ENHOGAR,2026-08-14,21,2198,U,50,F,2,5936.00
VIDEO-008910,ENHOGAR,2026-08-15,22,2299,R,57,M,5,6073.00
VIDEO-008911,ENHOGAR,2026-08-16,01,0101,U,64,X,8,6210.00
VIDEO-008912,ENHOGAR,2026-08-17,02,0202,U,71,NR,3,6347.00
VIDEO-008913,ENHOGAR,2026-08-18,03,0303,R,78,F,6,6484.00
VIDEO-008914,ENHOGAR,2026-08-19,04,0404,U,85,M,1,6621.00
VIDEO-008915,ENHOGAR,2026-08-20,05,0505,U,19,X,4,6758.00
VIDEO-008916,ENHOGAR,2026-08-01,06,0606,R,26,NR,7,6895.00
VIDEO-008917,ENHOGAR,2026-08-02,07,0707,U,33,F,2,7032.00
VIDEO-008918,ENHOGAR,2026-08-03,08,0808,U,40,M,5,7169.00
VIDEO-008919,ENHOGAR,2026-08-04,09,0909,R,47,X,8,7306.00
VIDEO-008920,ENHOGAR,2026-08-05,10,1010,U,54,NR,3,7443.00
VIDEO-008921,ENHOGAR,2026-08-06,11,1111,U,61,F,6,7580.00
VIDEO-008922,ENHOGAR,2026-08-07,12,1212,R,68,M,1,7717.00
VIDEO-008923,ENHOGAR,2026-08-08,13,1313,U,75,X,4,7854.00
VIDEO-008924,ENHOGAR,2026-08-09,14,1414,U,82,NR,7,7991.00
VIDEO-008925,ENHOGAR,2026-08-10,15,1515,R,89,F,2,8128.00
VIDEO-008926,ENHOGAR,2026-08-11,16,1616,U,23,M,5,8265.00
VIDEO-008927,ENHOGAR,2026-08-12,17,1717,U,30,X,8,8402.00
VIDEO-008928,ENHOGAR,2026-08-13,18,1818,R,37,NR,3,939.00
VIDEO-008929,ENHOGAR,2026-08-14,19,1919,U,44,F,6,1076.00
VIDEO-008930,ENHOGAR,2026-08-15,20,2020,U,51,M,1,1213.00
VIDEO-008931,ENHOGAR,2026-08-16,21,2121,R,58,X,4,1350.00
VIDEO-008932,ENHOGAR,2026-08-17,22,2222,U,65,NR,7,1487.00
VIDEO-008933,ENHOGAR,2026-08-18,01,0123,U,72,F,2,1624.00
VIDEO-008934,ENHOGAR,2026-08-19,02,0224,R,79,M,5,1761.00
VIDEO-008935,ENHOGAR,2026-08-20,03,0325,U,86,X,8,1898.00
VIDEO-008936,ENHOGAR,2026-08-01,04,0426,U,20,NR,3,2035.00
VIDEO-008937,ENHOGAR,2026-08-02,05,0527,R,27,F,6,2172.00
VIDEO-008938,ENHOGAR,2026-08-03,06,0628,U,34,M,1,2309.00
VIDEO-008939,ENHOGAR,2026-08-04,07,0729,U,41,X,4,2446.00
VIDEO-008940,ENHOGAR,2026-08-05,08,0830,R,48,NR,7,2583.00
VIDEO-008941,ENHOGAR,2026-08-06,09,0931,U,55,F,2,2720.00
VIDEO-008942,ENHOGAR,2026-08-07,10,1032,U,62,M,5,2857.00
VIDEO-008943,ENHOGAR,2026-08-08,11,1133,R,69,X,8,2994.00
VIDEO-008944,ENHOGAR,2026-08-09,12,1234,U,76,NR,3,3131.00
VIDEO-008945,ENHOGAR,2026-08-10,13,1335,U,83,F,6,3268.00
VIDEO-008946,ENHOGAR,2026-08-11,14,1436,R,90,M,1,3405.00
VIDEO-008947,ENHOGAR,2026-08-12,15,1537,U,24,X,4,3542.00
VIDEO-008948,ENHOGAR,2026-08-13,16,1638,U,31,NR,7,3679.00
VIDEO-008949,ENHOGAR,2026-08-14,17,1739,R,38,F,2,3816.00
VIDEO-008950,ENHOGAR,2026-08-15,18,1840,U,45,M,5,3953.00
VIDEO-008951,ENHOGAR,2026-08-16,19,1941,U,52,X,8,4090.00
VIDEO-008952,ENHOGAR,2026-08-17,20,2042,R,59,NR,3,4227.00
VIDEO-008953,ENHOGAR,2026-08-18,21,2143,U,66,F,6,4364.00
VIDEO-008954,ENHOGAR,2026-08-19,22,2244,U,73,M,1,4501.00
VIDEO-008955,ENHOGAR,2026-08-20,01,0145,R,80,X,4,4638.00
VIDEO-008956,ENHOGAR,2026-08-01,02,0246,U,87,NR,7,4775.00
VIDEO-008957,ENHOGAR,2026-08-02,03,0347,U,21,F,2,4912.00
VIDEO-008958,ENHOGAR,2026-08-03,04,0448,R,28,M,5,5049.00
VIDEO-008959,ENHOGAR,2026-08-04,05,0549,U,35,X,8,5186.00
VIDEO-008960,ENHOGAR,2026-08-05,06,0650,U,42,NR,3,5323.00
VIDEO-008961,ENHOGAR,2026-08-06,07,0751,R,49,F,6,5460.00
VIDEO-008962,ENHOGAR,2026-08-07,08,0852,U,56,M,1,5597.00
VIDEO-008963,ENHOGAR,2026-08-08,09,0953,U,63,X,4,5734.00
VIDEO-008964,ENHOGAR,2026-08-09,10,1054,R,70,NR,7,5871.00
VIDEO-008965,ENHOGAR,2026-08-10,11,1155,U,77,F,2,6008.00
VIDEO-008966,ENHOGAR,2026-08-11,12,1256,U,84,M,5,6145.00
VIDEO-008967,ENHOGAR,2026-08-12,13,1357,R,18,X,8,6282.00
VIDEO-008968,ENHOGAR,2026-08-13,14,1458,U,25,NR,3,6419.00
VIDEO-008969,ENHOGAR,2026-08-14,15,1559,U,32,F,6,6556.00
VIDEO-008970,ENHOGAR,2026-08-15,16,1660,R,39,M,1,6693.00
VIDEO-008971,ENHOGAR,2026-08-16,17,1761,U,46,X,4,6830.00
VIDEO-008972,ENHOGAR,2026-08-17,18,1862,U,53,NR,7,6967.00
VIDEO-008973,ENHOGAR,2026-08-18,19,1963,R,60,F,2,7104.00
VIDEO-008974,ENHOGAR,2026-08-19,20,2064,U,67,M,5,7241.00
VIDEO-008975,ENHOGAR,2026-08-20,21,2165,U,74,X,8,7378.00
VIDEO-008976,ENHOGAR,2026-08-01,22,2266,R,81,NR,3,7515.00
VIDEO-008977,ENHOGAR,2026-08-02,01,0167,U,88,F,6,7652.00
VIDEO-008978,ENHOGAR,2026-08-03,02,0268,U,22,M,1,7789.00
VIDEO-008979,ENHOGAR,2026-08-04,03,0369,R,29,X,4,7926.00
VIDEO-008980,ENHOGAR,2026-08-05,04,0470,U,36,NR,7,8063.00
VIDEO-008981,ENHOGAR,2026-08-06,05,0571,U,43,F,2,8200.00
VIDEO-008982,ENHOGAR,2026-08-07,06,0672,R,50,M,5,8337.00
VIDEO-008983,ENHOGAR,2026-08-08,07,0773,U,57,X,8,8474.00
VIDEO-008984,ENHOGAR,2026-08-09,08,0874,U,64,NR,3,1011.00
VIDEO-008985,ENHOGAR,2026-08-10,09,0975,R,71,F,6,1148.00
VIDEO-008986,ENHOGAR,2026-08-11,10,1076,U,78,M,1,1285.00
VIDEO-008987,ENHOGAR,2026-08-12,11,1177,U,85,X,4,1422.00
VIDEO-008988,ENHOGAR,2026-08-13,12,1278,R,19,NR,7,1559.00
VIDEO-008989,ENHOGAR,2026-08-14,13,1379,U,26,F,2,1696.00
VIDEO-008990,ENHOGAR,2026-08-15,14,1480,U,33,M,5,1833.00
VIDEO-008991,ENHOGAR,2026-08-16,15,1581,R,40,X,8,1970.00
VIDEO-008992,ENHOGAR,2026-08-17,16,1682,U,47,NR,3,2107.00
VIDEO-008993,ENHOGAR,2026-08-18,17,1783,U,54,F,6,2244.00
VIDEO-008994,ENHOGAR,2026-08-19,18,1884,R,61,M,1,2381.00
VIDEO-008995,ENHOGAR,2026-08-20,19,1985,U,68,X,4,2518.00
VIDEO-008996,ENHOGAR,2026-08-01,20,2086,U,75,NR,7,2655.00
VIDEO-008997,ENHOGAR,2026-08-02,21,2187,R,82,F,2,2792.00
VIDEO-008998,ENHOGAR,2026-08-03,22,2288,U,89,M,5,2929.00
VIDEO-008999,ENHOGAR,2026-08-04,01,0189,U,23,X,8,3066.00
VIDEO-009000,ENHOGAR,2026-08-05,02,0290,R,30,NR,3,3203.00
VIDEO-009001,ENHOGAR,2026-08-06,03,0391,U,37,F,6,3340.00
VIDEO-009002,ENHOGAR,2026-08-07,04,0492,U,44,M,1,3477.00
VIDEO-009003,ENHOGAR,2026-08-08,05,0593,R,51,X,4,3614.00
VIDEO-009004,ENHOGAR,2026-08-09,06,0694,U,58,NR,7,3751.00
VIDEO-009005,ENHOGAR,2026-08-10,07,0795,U,65,F,2,3888.00
VIDEO-009006,ENHOGAR,2026-08-11,08,0896,R,72,M,5,4025.00
VIDEO-009007,ENHOGAR,2026-08-12,09,0997,U,79,X,8,4162.00
VIDEO-009008,ENHOGAR,2026-08-13,10,1098,U,86,NR,3,4299.00
VIDEO-009009,ENHOGAR,2026-08-14,11,1199,R,20,F,6,4436.00
VIDEO-009010,ENHOGAR,2026-08-15,12,1201,U,27,M,1,4573.00
VIDEO-009011,ENHOGAR,2026-08-16,13,1302,U,34,X,4,4710.00
VIDEO-009012,ENHOGAR,2026-08-17,14,1403,R,41,NR,7,4847.00
VIDEO-009013,ENHOGAR,2026-08-18,15,1504,U,48,F,2,4984.00
VIDEO-009014,ENHOGAR,2026-08-19,16,1605,U,55,M,5,5121.00
VIDEO-009015,ENHOGAR,2026-08-20,17,1706,R,62,X,8,5258.00
VIDEO-009016,ENHOGAR,2026-08-01,18,1807,U,69,NR,3,5395.00
VIDEO-009017,ENHOGAR,2026-08-02,19,1908,U,76,F,6,5532.00
VIDEO-009018,ENHOGAR,2026-08-03,20,2009,R,83,M,1,5669.00
VIDEO-009019,ENHOGAR,2026-08-04,21,2110,U,90,X,4,5806.00
VIDEO-009020,ENHOGAR,2026-08-05,22,2211,U,24,NR,7,5943.00
VIDEO-009021,ENHOGAR,2026-08-06,01,0112,R,31,F,2,6080.00
VIDEO-009022,ENHOGAR,2026-08-07,02,0213,U,38,M,5,6217.00
VIDEO-009023,ENHOGAR,2026-08-08,03,0314,U,45,X,8,6354.00
VIDEO-009024,ENHOGAR,2026-08-09,04,0415,R,52,NR,3,6491.00
VIDEO-009025,ENHOGAR,2026-08-10,05,0516,U,59,F,6,6628.00
VIDEO-009026,ENHOGAR,2026-08-11,06,0617,U,66,M,1,6765.00
VIDEO-009027,ENHOGAR,2026-08-12,07,0718,R,73,X,4,6902.00
VIDEO-009028,ENHOGAR,2026-08-13,08,0819,U,80,NR,7,7039.00
VIDEO-009029,ENHOGAR,2026-08-14,09,0920,U,87,F,2,7176.00
VIDEO-009030,ENHOGAR,2026-08-15,10,1021,R,21,M,5,7313.00
VIDEO-009031,ENHOGAR,2026-08-16,11,1122,U,28,X,8,7450.00
VIDEO-009032,ENHOGAR,2026-08-17,12,1223,U,35,NR,3,7587.00
VIDEO-009033,ENHOGAR,2026-08-18,13,1324,R,42,F,6,7724.00
VIDEO-009034,ENHOGAR,2026-08-19,14,1425,U,49,M,1,7861.00
VIDEO-009035,ENHOGAR,2026-08-20,15,1526,U,56,X,4,7998.00
VIDEO-009036,ENHOGAR,2026-08-01,16,1627,R,63,NR,7,8135.00
VIDEO-009037,ENHOGAR,2026-08-02,17,1728,U,70,F,2,8272.00
VIDEO-009038,ENHOGAR,2026-08-03,18,1829,U,77,M,5,8409.00
VIDEO-009039,ENHOGAR,2026-08-04,19,1930,R,84,X,8,946.00
VIDEO-009040,ENHOGAR,2026-08-05,20,2031,U,18,NR,3,1083.00
VIDEO-009041,ENHOGAR,2026-08-06,21,2132,U,25,F,6,1220.00
VIDEO-009042,ENHOGAR,2026-08-07,22,2233,R,32,M,1,1357.00
VIDEO-009043,ENHOGAR,2026-08-08,01,0134,U,39,X,4,1494.00
VIDEO-009044,ENHOGAR,2026-08-09,02,0235,U,46,NR,7,1631.00
VIDEO-009045,ENHOGAR,2026-08-10,03,0336,R,53,F,2,1768.00
VIDEO-009046,ENHOGAR,2026-08-11,04,0437,U,60,M,5,1905.00
VIDEO-009047,ENHOGAR,2026-08-12,05,0538,U,67,X,8,2042.00
VIDEO-009048,ENHOGAR,2026-08-13,06,0639,R,74,NR,3,2179.00
VIDEO-009049,ENHOGAR,2026-08-14,07,0740,U,81,F,6,2316.00
VIDEO-009050,ENHOGAR,2026-08-15,08,0841,U,88,M,1,2453.00
VIDEO-009051,ENHOGAR,2026-08-16,09,0942,R,22,X,4,2590.00
VIDEO-009052,ENHOGAR,2026-08-17,10,1043,U,29,NR,7,2727.00
VIDEO-009053,ENHOGAR,2026-08-18,11,1144,U,36,F,2,2864.00
VIDEO-009054,ENHOGAR,2026-08-19,12,1245,R,43,M,5,3001.00
VIDEO-009055,ENHOGAR,2026-08-20,13,1346,U,50,X,8,3138.00
VIDEO-009056,ENHOGAR,2026-08-01,14,1447,U,57,NR,3,3275.00
VIDEO-009057,ENHOGAR,2026-08-02,15,1548,R,64,F,6,3412.00
VIDEO-009058,ENHOGAR,2026-08-03,16,1649,U,71,M,1,3549.00
VIDEO-009059,ENHOGAR,2026-08-04,17,1750,U,78,X,4,3686.00
VIDEO-009060,ENHOGAR,2026-08-05,18,1851,R,85,NR,7,3823.00
VIDEO-009061,ENHOGAR,2026-08-06,19,1952,U,19,F,2,3960.00
VIDEO-009062,ENHOGAR,2026-08-07,20,2053,U,26,M,5,4097.00
VIDEO-009063,ENHOGAR,2026-08-08,21,2154,R,33,X,8,4234.00
VIDEO-009064,ENHOGAR,2026-08-09,22,2255,U,40,NR,3,4371.00
VIDEO-009065,ENHOGAR,2026-08-10,01,0156,U,47,F,6,4508.00
VIDEO-009066,ENHOGAR,2026-08-11,02,0257,R,54,M,1,4645.00
VIDEO-009067,ENHOGAR,2026-08-12,03,0358,U,61,X,4,4782.00
VIDEO-009068,ENHOGAR,2026-08-13,04,0459,U,68,NR,7,4919.00
VIDEO-009069,ENHOGAR,2026-08-14,05,0560,R,75,F,2,5056.00
VIDEO-009070,ENHOGAR,2026-08-15,06,0661,U,82,M,5,5193.00
VIDEO-009071,ENHOGAR,2026-08-16,07,0762,U,89,X,8,5330.00
VIDEO-009072,ENHOGAR,2026-08-17,08,0863,R,23,NR,3,5467.00
VIDEO-009073,ENHOGAR,2026-08-18,09,0964,U,30,F,6,5604.00
VIDEO-009074,ENHOGAR,2026-08-19,10,1065,U,37,M,1,5741.00
VIDEO-009075,ENHOGAR,2026-08-20,11,1166,R,44,X,4,5878.00
VIDEO-009076,ENHOGAR,2026-08-01,12,1267,U,51,NR,7,6015.00
VIDEO-009077,ENHOGAR,2026-08-02,13,1368,U,58,F,2,6152.00
VIDEO-009078,ENHOGAR,2026-08-03,14,1469,R,65,M,5,6289.00
VIDEO-009079,ENHOGAR,2026-08-04,15,1570,U,72,X,8,6426.00
VIDEO-009080,ENHOGAR,2026-08-05,16,1671,U,79,NR,3,6563.00
VIDEO-009081,ENHOGAR,2026-08-06,17,1772,R,86,F,6,6700.00
VIDEO-009082,ENHOGAR,2026-08-07,18,1873,U,20,M,1,6837.00
VIDEO-009083,ENHOGAR,2026-08-08,19,1974,U,27,X,4,6974.00
VIDEO-009084,ENHOGAR,2026-08-09,20,2075,R,34,NR,7,7111.00
VIDEO-009085,ENHOGAR,2026-08-10,21,2176,U,41,F,2,7248.00
VIDEO-009086,ENHOGAR,2026-08-11,22,2277,U,48,M,5,7385.00
VIDEO-009087,ENHOGAR,2026-08-12,01,0178,R,55,X,8,7522.00
VIDEO-009088,ENHOGAR,2026-08-13,02,0279,U,62,NR,3,7659.00
VIDEO-009089,ENHOGAR,2026-08-14,03,0380,U,69,F,6,7796.00
VIDEO-009090,ENHOGAR,2026-08-15,04,0481,R,76,M,1,7933.00
VIDEO-009091,ENHOGAR,2026-08-16,05,0582,U,83,X,4,8070.00
VIDEO-009092,ENHOGAR,2026-08-17,06,0683,U,90,NR,7,8207.00
VIDEO-009093,ENHOGAR,2026-08-18,07,0784,R,24,F,2,8344.00
VIDEO-009094,ENHOGAR,2026-08-19,08,0885,U,31,M,5,8481.00
VIDEO-009095,ENHOGAR,2026-08-20,09,0986,U,38,X,8,1018.00
VIDEO-009096,ENHOGAR,2026-08-01,10,1087,R,45,NR,3,1155.00
VIDEO-009097,ENHOGAR,2026-08-02,11,1188,U,52,F,6,1292.00
VIDEO-009098,ENHOGAR,2026-08-03,12,1289,U,59,M,1,1429.00
VIDEO-009099,ENHOGAR,2026-08-04,13,1390,R,66,X,4,1566.00
VIDEO-009100,ENHOGAR,2026-08-05,14,1491,U,73,NR,7,1703.00
VIDEO-009101,ENHOGAR,2026-08-06,15,1592,U,80,F,2,1840.00
VIDEO-009102,ENHOGAR,2026-08-07,16,1693,R,87,M,5,1977.00
VIDEO-009103,ENHOGAR,2026-08-08,17,1794,U,21,X,8,2114.00
VIDEO-009104,ENHOGAR,2026-08-09,18,1895,U,28,NR,3,2251.00
VIDEO-009105,ENHOGAR,2026-08-10,19,1996,R,35,F,6,2388.00
VIDEO-009106,ENHOGAR,2026-08-11,20,2097,U,42,M,1,2525.00
VIDEO-009107,ENHOGAR,2026-08-12,21,2198,U,49,X,4,2662.00
VIDEO-009108,ENHOGAR,2026-08-13,22,2299,R,56,NR,7,2799.00
VIDEO-009109,ENHOGAR,2026-08-14,01,0101,U,63,F,2,2936.00
VIDEO-009110,ENHOGAR,2026-08-15,02,0202,U,70,M,5,3073.00
VIDEO-009111,ENHOGAR,2026-08-16,03,0303,R,77,X,8,3210.00
VIDEO-009112,ENHOGAR,2026-08-17,04,0404,U,84,NR,3,3347.00
VIDEO-009113,ENHOGAR,2026-08-18,05,0505,U,18,F,6,3484.00
VIDEO-009114,ENHOGAR,2026-08-19,06,0606,R,25,M,1,3621.00
VIDEO-009115,ENHOGAR,2026-08-20,07,0707,U,32,X,4,3758.00
VIDEO-009116,ENHOGAR,2026-08-01,08,0808,U,39,NR,7,3895.00
VIDEO-009117,ENHOGAR,2026-08-02,09,0909,R,46,F,2,4032.00
VIDEO-009118,ENHOGAR,2026-08-03,10,1010,U,53,M,5,4169.00
VIDEO-009119,ENHOGAR,2026-08-04,11,1111,U,60,X,8,4306.00
VIDEO-009120,ENHOGAR,2026-08-05,12,1212,R,67,NR,3,4443.00
VIDEO-009121,ENHOGAR,2026-08-06,13,1313,U,74,F,6,4580.00
VIDEO-009122,ENHOGAR,2026-08-07,14,1414,U,81,M,1,4717.00
VIDEO-009123,ENHOGAR,2026-08-08,15,1515,R,88,X,4,4854.00
VIDEO-009124,ENHOGAR,2026-08-09,16,1616,U,22,NR,7,4991.00
VIDEO-009125,ENHOGAR,2026-08-10,17,1717,U,29,F,2,5128.00
VIDEO-009126,ENHOGAR,2026-08-11,18,1818,R,36,M,5,5265.00
VIDEO-009127,ENHOGAR,2026-08-12,19,1919,U,43,X,8,5402.00
VIDEO-009128,ENHOGAR,2026-08-13,20,2020,U,50,NR,3,5539.00
VIDEO-009129,ENHOGAR,2026-08-14,21,2121,R,57,F,6,5676.00
VIDEO-009130,ENHOGAR,2026-08-15,22,2222,U,64,M,1,5813.00
VIDEO-009131,ENHOGAR,2026-08-16,01,0123,U,71,X,4,5950.00
VIDEO-009132,ENHOGAR,2026-08-17,02,0224,R,78,NR,7,6087.00
VIDEO-009133,ENHOGAR,2026-08-18,03,0325,U,85,F,2,6224.00
VIDEO-009134,ENHOGAR,2026-08-19,04,0426,U,19,M,5,6361.00
VIDEO-009135,ENHOGAR,2026-08-20,05,0527,R,26,X,8,6498.00
VIDEO-009136,ENHOGAR,2026-08-01,06,0628,U,33,NR,3,6635.00
VIDEO-009137,ENHOGAR,2026-08-02,07,0729,U,40,F,6,6772.00
VIDEO-009138,ENHOGAR,2026-08-03,08,0830,R,47,M,1,6909.00
VIDEO-009139,ENHOGAR,2026-08-04,09,0931,U,54,X,4,7046.00
VIDEO-009140,ENHOGAR,2026-08-05,10,1032,U,61,NR,7,7183.00
VIDEO-009141,ENHOGAR,2026-08-06,11,1133,R,68,F,2,7320.00
VIDEO-009142,ENHOGAR,2026-08-07,12,1234,U,75,M,5,7457.00
VIDEO-009143,ENHOGAR,2026-08-08,13,1335,U,82,X,8,7594.00
VIDEO-009144,ENHOGAR,2026-08-09,14,1436,R,89,NR,3,7731.00
VIDEO-009145,ENHOGAR,2026-08-10,15,1537,U,23,F,6,7868.00
VIDEO-009146,ENHOGAR,2026-08-11,16,1638,U,30,M,1,8005.00
VIDEO-009147,ENHOGAR,2026-08-12,17,1739,R,37,X,4,8142.00
VIDEO-009148,ENHOGAR,2026-08-13,18,1840,U,44,NR,7,8279.00
VIDEO-009149,ENHOGAR,2026-08-14,19,1941,U,51,F,2,8416.00
VIDEO-009150,ENHOGAR,2026-08-15,20,2042,R,58,M,5,953.00
VIDEO-009151,ENHOGAR,2026-08-16,21,2143,U,65,X,8,1090.00
VIDEO-009152,ENHOGAR,2026-08-17,22,2244,U,72,NR,3,1227.00
VIDEO-009153,ENHOGAR,2026-08-18,01,0145,R,79,F,6,1364.00
VIDEO-009154,ENHOGAR,2026-08-19,02,0246,U,86,M,1,1501.00
VIDEO-009155,ENHOGAR,2026-08-20,03,0347,U,20,X,4,1638.00
VIDEO-009156,ENHOGAR,2026-08-01,04,0448,R,27,NR,7,1775.00
VIDEO-009157,ENHOGAR,2026-08-02,05,0549,U,34,F,2,1912.00
VIDEO-009158,ENHOGAR,2026-08-03,06,0650,U,41,M,5,2049.00
VIDEO-009159,ENHOGAR,2026-08-04,07,0751,R,48,X,8,2186.00
VIDEO-009160,ENHOGAR,2026-08-05,08,0852,U,55,NR,3,2323.00
VIDEO-009161,ENHOGAR,2026-08-06,09,0953,U,62,F,6,2460.00
VIDEO-009162,ENHOGAR,2026-08-07,10,1054,R,69,M,1,2597.00
VIDEO-009163,ENHOGAR,2026-08-08,11,1155,U,76,X,4,2734.00
VIDEO-009164,ENHOGAR,2026-08-09,12,1256,U,83,NR,7,2871.00
VIDEO-009165,ENHOGAR,2026-08-10,13,1357,R,90,F,2,3008.00
VIDEO-009166,ENHOGAR,2026-08-11,14,1458,U,24,M,5,3145.00
VIDEO-009167,ENHOGAR,2026-08-12,15,1559,U,31,X,8,3282.00
VIDEO-009168,ENHOGAR,2026-08-13,16,1660,R,38,NR,3,3419.00
VIDEO-009169,ENHOGAR,2026-08-14,17,1761,U,45,F,6,3556.00
VIDEO-009170,ENHOGAR,2026-08-15,18,1862,U,52,M,1,3693.00
VIDEO-009171,ENHOGAR,2026-08-16,19,1963,R,59,X,4,3830.00
VIDEO-009172,ENHOGAR,2026-08-17,20,2064,U,66,NR,7,3967.00
VIDEO-009173,ENHOGAR,2026-08-18,21,2165,U,73,F,2,4104.00
VIDEO-009174,ENHOGAR,2026-08-19,22,2266,R,80,M,5,4241.00
VIDEO-009175,ENHOGAR,2026-08-20,01,0167,U,87,X,8,4378.00
VIDEO-009176,ENHOGAR,2026-08-01,02,0268,U,21,NR,3,4515.00
VIDEO-009177,ENHOGAR,2026-08-02,03,0369,R,28,F,6,4652.00
VIDEO-009178,ENHOGAR,2026-08-03,04,0470,U,35,M,1,4789.00
VIDEO-009179,ENHOGAR,2026-08-04,05,0571,U,42,X,4,4926.00
VIDEO-009180,ENHOGAR,2026-08-05,06,0672,R,49,NR,7,5063.00
VIDEO-009181,ENHOGAR,2026-08-06,07,0773,U,56,F,2,5200.00
VIDEO-009182,ENHOGAR,2026-08-07,08,0874,U,63,M,5,5337.00
VIDEO-009183,ENHOGAR,2026-08-08,09,0975,R,70,X,8,5474.00
VIDEO-009184,ENHOGAR,2026-08-09,10,1076,U,77,NR,3,5611.00
VIDEO-009185,ENHOGAR,2026-08-10,11,1177,U,84,F,6,5748.00
VIDEO-009186,ENHOGAR,2026-08-11,12,1278,R,18,M,1,5885.00
VIDEO-009187,ENHOGAR,2026-08-12,13,1379,U,25,X,4,6022.00
VIDEO-009188,ENHOGAR,2026-08-13,14,1480,U,32,NR,7,6159.00
VIDEO-009189,ENHOGAR,2026-08-14,15,1581,R,39,F,2,6296.00
VIDEO-009190,ENHOGAR,2026-08-15,16,1682,U,46,M,5,6433.00
VIDEO-009191,ENHOGAR,2026-08-16,17,1783,U,53,X,8,6570.00
VIDEO-009192,ENHOGAR,2026-08-17,18,1884,R,60,NR,3,6707.00
VIDEO-009193,ENHOGAR,2026-08-18,19,1985,U,67,F,6,6844.00
VIDEO-009194,ENHOGAR,2026-08-19,20,2086,U,74,M,1,6981.00
VIDEO-009195,ENHOGAR,2026-08-20,21,2187,R,81,X,4,7118.00
VIDEO-009196,ENHOGAR,2026-08-01,22,2288,U,88,NR,7,7255.00
VIDEO-009197,ENHOGAR,2026-08-02,01,0189,U,22,F,2,7392.00
VIDEO-009198,ENHOGAR,2026-08-03,02,0290,R,29,M,5,7529.00
VIDEO-009199,ENHOGAR,2026-08-04,03,0391,U,36,X,8,7666.00
VIDEO-009200,ENHOGAR,2026-08-05,04,0492,U,43,NR,3,7803.00
VIDEO-009201,ENHOGAR,2026-08-06,05,0593,R,50,F,6,7940.00
VIDEO-009202,ENHOGAR,2026-08-07,06,0694,U,57,M,1,8077.00
VIDEO-009203,ENHOGAR,2026-08-08,07,0795,U,64,X,4,8214.00
VIDEO-009204,ENHOGAR,2026-08-09,08,0896,R,71,NR,7,8351.00
VIDEO-009205,ENHOGAR,2026-08-10,09,0997,U,78,F,2,8488.00
VIDEO-009206,ENHOGAR,2026-08-11,10,1098,U,85,M,5,1025.00
VIDEO-009207,ENHOGAR,2026-08-12,11,1199,R,19,X,8,1162.00
VIDEO-009208,ENHOGAR,2026-08-13,12,1201,U,26,NR,3,1299.00
VIDEO-009209,ENHOGAR,2026-08-14,13,1302,U,33,F,6,1436.00
VIDEO-009210,ENHOGAR,2026-08-15,14,1403,R,40,M,1,1573.00
VIDEO-009211,ENHOGAR,2026-08-16,15,1504,U,47,X,4,1710.00
VIDEO-009212,ENHOGAR,2026-08-17,16,1605,U,54,NR,7,1847.00
VIDEO-009213,ENHOGAR,2026-08-18,17,1706,R,61,F,2,1984.00
VIDEO-009214,ENHOGAR,2026-08-19,18,1807,U,68,M,5,2121.00
VIDEO-009215,ENHOGAR,2026-08-20,19,1908,U,75,X,8,2258.00
VIDEO-009216,ENHOGAR,2026-08-01,20,2009,R,82,NR,3,2395.00
VIDEO-009217,ENHOGAR,2026-08-02,21,2110,U,89,F,6,2532.00
VIDEO-009218,ENHOGAR,2026-08-03,22,2211,U,23,M,1,2669.00
VIDEO-009219,ENHOGAR,2026-08-04,01,0112,R,30,X,4,2806.00
VIDEO-009220,ENHOGAR,2026-08-05,02,0213,U,37,NR,7,2943.00
VIDEO-009221,ENHOGAR,2026-08-06,03,0314,U,44,F,2,3080.00
VIDEO-009222,ENHOGAR,2026-08-07,04,0415,R,51,M,5,3217.00
VIDEO-009223,ENHOGAR,2026-08-08,05,0516,U,58,X,8,3354.00
VIDEO-009224,ENHOGAR,2026-08-09,06,0617,U,65,NR,3,3491.00
VIDEO-009225,ENHOGAR,2026-08-10,07,0718,R,72,F,6,3628.00
VIDEO-009226,ENHOGAR,2026-08-11,08,0819,U,79,M,1,3765.00
VIDEO-009227,ENHOGAR,2026-08-12,09,0920,U,86,X,4,3902.00
VIDEO-009228,ENHOGAR,2026-08-13,10,1021,R,20,NR,7,4039.00
VIDEO-009229,ENHOGAR,2026-08-14,11,1122,U,27,F,2,4176.00
VIDEO-009230,ENHOGAR,2026-08-15,12,1223,U,34,M,5,4313.00
VIDEO-009231,ENHOGAR,2026-08-16,13,1324,R,41,X,8,4450.00
VIDEO-009232,ENHOGAR,2026-08-17,14,1425,U,48,NR,3,4587.00
VIDEO-009233,ENHOGAR,2026-08-18,15,1526,U,55,F,6,4724.00
VIDEO-009234,ENHOGAR,2026-08-19,16,1627,R,62,M,1,4861.00
VIDEO-009235,ENHOGAR,2026-08-20,17,1728,U,69,X,4,4998.00
VIDEO-009236,ENHOGAR,2026-08-01,18,1829,U,76,NR,7,5135.00
VIDEO-009237,ENHOGAR,2026-08-02,19,1930,R,83,F,2,5272.00
VIDEO-009238,ENHOGAR,2026-08-03,20,2031,U,90,M,5,5409.00
VIDEO-009239,ENHOGAR,2026-08-04,21,2132,U,24,X,8,5546.00
VIDEO-009240,ENHOGAR,2026-08-05,22,2233,R,31,NR,3,5683.00
VIDEO-009241,ENHOGAR,2026-08-06,01,0134,U,38,F,6,5820.00
VIDEO-009242,ENHOGAR,2026-08-07,02,0235,U,45,M,1,5957.00
VIDEO-009243,ENHOGAR,2026-08-08,03,0336,R,52,X,4,6094.00
VIDEO-009244,ENHOGAR,2026-08-09,04,0437,U,59,NR,7,6231.00
VIDEO-009245,ENHOGAR,2026-08-10,05,0538,U,66,F,2,6368.00
VIDEO-009246,ENHOGAR,2026-08-11,06,0639,R,73,M,5,6505.00
VIDEO-009247,ENHOGAR,2026-08-12,07,0740,U,80,X,8,6642.00
VIDEO-009248,ENHOGAR,2026-08-13,08,0841,U,87,NR,3,6779.00
VIDEO-009249,ENHOGAR,2026-08-14,09,0942,R,21,F,6,6916.00
VIDEO-009250,ENHOGAR,2026-08-15,10,1043,U,28,M,1,7053.00
VIDEO-009251,ENHOGAR,2026-08-16,11,1144,U,35,X,4,7190.00
VIDEO-009252,ENHOGAR,2026-08-17,12,1245,R,42,NR,7,7327.00
VIDEO-009253,ENHOGAR,2026-08-18,13,1346,U,49,F,2,7464.00
VIDEO-009254,ENHOGAR,2026-08-19,14,1447,U,56,M,5,7601.00
VIDEO-009255,ENHOGAR,2026-08-20,15,1548,R,63,X,8,7738.00
VIDEO-009256,ENHOGAR,2026-08-01,16,1649,U,70,NR,3,7875.00
VIDEO-009257,ENHOGAR,2026-08-02,17,1750,U,77,F,6,8012.00
VIDEO-009258,ENHOGAR,2026-08-03,18,1851,R,84,M,1,8149.00
VIDEO-009259,ENHOGAR,2026-08-04,19,1952,U,18,X,4,8286.00
VIDEO-009260,ENHOGAR,2026-08-05,20,2053,U,25,NR,7,8423.00
VIDEO-009261,ENHOGAR,2026-08-06,21,2154,R,32,F,2,960.00
VIDEO-009262,ENHOGAR,2026-08-07,22,2255,U,39,M,5,1097.00
VIDEO-009263,ENHOGAR,2026-08-08,01,0156,U,46,X,8,1234.00
VIDEO-009264,ENHOGAR,2026-08-09,02,0257,R,53,NR,3,1371.00
VIDEO-009265,ENHOGAR,2026-08-10,03,0358,U,60,F,6,1508.00
VIDEO-009266,ENHOGAR,2026-08-11,04,0459,U,67,M,1,1645.00
VIDEO-009267,ENHOGAR,2026-08-12,05,0560,R,74,X,4,1782.00
VIDEO-009268,ENHOGAR,2026-08-13,06,0661,U,81,NR,7,1919.00
VIDEO-009269,ENHOGAR,2026-08-14,07,0762,U,88,F,2,2056.00
VIDEO-009270,ENHOGAR,2026-08-15,08,0863,R,22,M,5,2193.00
VIDEO-009271,ENHOGAR,2026-08-16,09,0964,U,29,X,8,2330.00
VIDEO-009272,ENHOGAR,2026-08-17,10,1065,U,36,NR,3,2467.00
VIDEO-009273,ENHOGAR,2026-08-18,11,1166,R,43,F,6,2604.00
VIDEO-009274,ENHOGAR,2026-08-19,12,1267,U,50,M,1,2741.00
VIDEO-009275,ENHOGAR,2026-08-20,13,1368,U,57,X,4,2878.00
VIDEO-009276,ENHOGAR,2026-08-01,14,1469,R,64,NR,7,3015.00
VIDEO-009277,ENHOGAR,2026-08-02,15,1570,U,71,F,2,3152.00
VIDEO-009278,ENHOGAR,2026-08-03,16,1671,U,78,M,5,3289.00
VIDEO-009279,ENHOGAR,2026-08-04,17,1772,R,85,X,8,3426.00
VIDEO-009280,ENHOGAR,2026-08-05,18,1873,U,19,NR,3,3563.00
VIDEO-009281,ENHOGAR,2026-08-06,19,1974,U,26,F,6,3700.00
VIDEO-009282,ENHOGAR,2026-08-07,20,2075,R,33,M,1,3837.00
VIDEO-009283,ENHOGAR,2026-08-08,21,2176,U,40,X,4,3974.00
VIDEO-009284,ENHOGAR,2026-08-09,22,2277,U,47,NR,7,4111.00
VIDEO-009285,ENHOGAR,2026-08-10,01,0178,R,54,F,2,4248.00
VIDEO-009286,ENHOGAR,2026-08-11,02,0279,U,61,M,5,4385.00
VIDEO-009287,ENHOGAR,2026-08-12,03,0380,U,68,X,8,4522.00
VIDEO-009288,ENHOGAR,2026-08-13,04,0481,R,75,NR,3,4659.00
VIDEO-009289,ENHOGAR,2026-08-14,05,0582,U,82,F,6,4796.00
VIDEO-009290,ENHOGAR,2026-08-15,06,0683,U,89,M,1,4933.00
VIDEO-009291,ENHOGAR,2026-08-16,07,0784,R,23,X,4,5070.00
VIDEO-009292,ENHOGAR,2026-08-17,08,0885,U,30,NR,7,5207.00
VIDEO-009293,ENHOGAR,2026-08-18,09,0986,U,37,F,2,5344.00
VIDEO-009294,ENHOGAR,2026-08-19,10,1087,R,44,M,5,5481.00
VIDEO-009295,ENHOGAR,2026-08-20,11,1188,U,51,X,8,5618.00
VIDEO-009296,ENHOGAR,2026-08-01,12,1289,U,58,NR,3,5755.00
VIDEO-009297,ENHOGAR,2026-08-02,13,1390,R,65,F,6,5892.00
VIDEO-009298,ENHOGAR,2026-08-03,14,1491,U,72,M,1,6029.00
VIDEO-009299,ENHOGAR,2026-08-04,15,1592,U,79,X,4,6166.00
VIDEO-009300,ENHOGAR,2026-08-05,16,1693,R,86,NR,7,6303.00
VIDEO-009301,ENHOGAR,2026-08-06,17,1794,U,20,F,2,6440.00
VIDEO-009302,ENHOGAR,2026-08-07,18,1895,U,27,M,5,6577.00
VIDEO-009303,ENHOGAR,2026-08-08,19,1996,R,34,X,8,6714.00
VIDEO-009304,ENHOGAR,2026-08-09,20,2097,U,41,NR,3,6851.00
VIDEO-009305,ENHOGAR,2026-08-10,21,2198,U,48,F,6,6988.00
VIDEO-009306,ENHOGAR,2026-08-11,22,2299,R,55,M,1,7125.00
VIDEO-009307,ENHOGAR,2026-08-12,01,0101,U,62,X,4,7262.00
VIDEO-009308,ENHOGAR,2026-08-13,02,0202,U,69,NR,7,7399.00
VIDEO-009309,ENHOGAR,2026-08-14,03,0303,R,76,F,2,7536.00
VIDEO-009310,ENHOGAR,2026-08-15,04,0404,U,83,M,5,7673.00
VIDEO-009311,ENHOGAR,2026-08-16,05,0505,U,90,X,8,7810.00
VIDEO-009312,ENHOGAR,2026-08-17,06,0606,R,24,NR,3,7947.00
VIDEO-009313,ENHOGAR,2026-08-18,07,0707,U,31,F,6,8084.00
VIDEO-009314,ENHOGAR,2026-08-19,08,0808,U,38,M,1,8221.00
VIDEO-009315,ENHOGAR,2026-08-20,09,0909,R,45,X,4,8358.00
VIDEO-009316,ENHOGAR,2026-08-01,10,1010,U,52,NR,7,8495.00
VIDEO-009317,ENHOGAR,2026-08-02,11,1111,U,59,F,2,1032.00
VIDEO-009318,ENHOGAR,2026-08-03,12,1212,R,66,M,5,1169.00
VIDEO-009319,ENHOGAR,2026-08-04,13,1313,U,73,X,8,1306.00
VIDEO-009320,ENHOGAR,2026-08-05,14,1414,U,80,NR,3,1443.00
VIDEO-009321,ENHOGAR,2026-08-06,15,1515,R,87,F,6,1580.00
VIDEO-009322,ENHOGAR,2026-08-07,16,1616,U,21,M,1,1717.00
VIDEO-009323,ENHOGAR,2026-08-08,17,1717,U,28,X,4,1854.00
VIDEO-009324,ENHOGAR,2026-08-09,18,1818,R,35,NR,7,1991.00
VIDEO-009325,ENHOGAR,2026-08-10,19,1919,U,42,F,2,2128.00
VIDEO-009326,ENHOGAR,2026-08-11,20,2020,U,49,M,5,2265.00
VIDEO-009327,ENHOGAR,2026-08-12,21,2121,R,56,X,8,2402.00
VIDEO-009328,ENHOGAR,2026-08-13,22,2222,U,63,NR,3,2539.00
VIDEO-009329,ENHOGAR,2026-08-14,01,0123,U,70,F,6,2676.00
VIDEO-009330,ENHOGAR,2026-08-15,02,0224,R,77,M,1,2813.00
VIDEO-009331,ENHOGAR,2026-08-16,03,0325,U,84,X,4,2950.00
VIDEO-009332,ENHOGAR,2026-08-17,04,0426,U,18,NR,7,3087.00
VIDEO-009333,ENHOGAR,2026-08-18,05,0527,R,25,F,2,3224.00
VIDEO-009334,ENHOGAR,2026-08-19,06,0628,U,32,M,5,3361.00
VIDEO-009335,ENHOGAR,2026-08-20,07,0729,U,39,X,8,3498.00
VIDEO-009336,ENHOGAR,2026-08-01,08,0830,R,46,NR,3,3635.00
VIDEO-009337,ENHOGAR,2026-08-02,09,0931,U,53,F,6,3772.00
VIDEO-009338,ENHOGAR,2026-08-03,10,1032,U,60,M,1,3909.00
VIDEO-009339,ENHOGAR,2026-08-04,11,1133,R,67,X,4,4046.00
VIDEO-009340,ENHOGAR,2026-08-05,12,1234,U,74,NR,7,4183.00
VIDEO-009341,ENHOGAR,2026-08-06,13,1335,U,81,F,2,4320.00
VIDEO-009342,ENHOGAR,2026-08-07,14,1436,R,88,M,5,4457.00
VIDEO-009343,ENHOGAR,2026-08-08,15,1537,U,22,X,8,4594.00
VIDEO-009344,ENHOGAR,2026-08-09,16,1638,U,29,NR,3,4731.00
VIDEO-009345,ENHOGAR,2026-08-10,17,1739,R,36,F,6,4868.00
VIDEO-009346,ENHOGAR,2026-08-11,18,1840,U,43,M,1,5005.00
VIDEO-009347,ENHOGAR,2026-08-12,19,1941,U,50,X,4,5142.00
VIDEO-009348,ENHOGAR,2026-08-13,20,2042,R,57,NR,7,5279.00
VIDEO-009349,ENHOGAR,2026-08-14,21,2143,U,64,F,2,5416.00
VIDEO-009350,ENHOGAR,2026-08-15,22,2244,U,71,M,5,5553.00
VIDEO-009351,ENHOGAR,2026-08-16,01,0145,R,78,X,8,5690.00
VIDEO-009352,ENHOGAR,2026-08-17,02,0246,U,85,NR,3,5827.00
VIDEO-009353,ENHOGAR,2026-08-18,03,0347,U,19,F,6,5964.00
VIDEO-009354,ENHOGAR,2026-08-19,04,0448,R,26,M,1,6101.00
VIDEO-009355,ENHOGAR,2026-08-20,05,0549,U,33,X,4,6238.00
VIDEO-009356,ENHOGAR,2026-08-01,06,0650,U,40,NR,7,6375.00
VIDEO-009357,ENHOGAR,2026-08-02,07,0751,R,47,F,2,6512.00
VIDEO-009358,ENHOGAR,2026-08-03,08,0852,U,54,M,5,6649.00
VIDEO-009359,ENHOGAR,2026-08-04,09,0953,U,61,X,8,6786.00
VIDEO-009360,ENHOGAR,2026-08-05,10,1054,R,68,NR,3,6923.00
VIDEO-009361,ENHOGAR,2026-08-06,11,1155,U,75,F,6,7060.00
VIDEO-009362,ENHOGAR,2026-08-07,12,1256,U,82,M,1,7197.00
VIDEO-009363,ENHOGAR,2026-08-08,13,1357,R,89,X,4,7334.00
VIDEO-009364,ENHOGAR,2026-08-09,14,1458,U,23,NR,7,7471.00
VIDEO-009365,ENHOGAR,2026-08-10,15,1559,U,30,F,2,7608.00
VIDEO-009366,ENHOGAR,2026-08-11,16,1660,R,37,M,5,7745.00
VIDEO-009367,ENHOGAR,2026-08-12,17,1761,U,44,X,8,7882.00
VIDEO-009368,ENHOGAR,2026-08-13,18,1862,U,51,NR,3,8019.00
VIDEO-009369,ENHOGAR,2026-08-14,19,1963,R,58,F,6,8156.00
VIDEO-009370,ENHOGAR,2026-08-15,20,2064,U,65,M,1,8293.00
VIDEO-009371,ENHOGAR,2026-08-16,21,2165,U,72,X,4,8430.00
VIDEO-009372,ENHOGAR,2026-08-17,22,2266,R,79,NR,7,967.00
VIDEO-009373,ENHOGAR,2026-08-18,01,0167,U,86,F,2,1104.00
VIDEO-009374,ENHOGAR,2026-08-19,02,0268,U,20,M,5,1241.00
VIDEO-009375,ENHOGAR,2026-08-20,03,0369,R,27,X,8,1378.00
VIDEO-009376,ENHOGAR,2026-08-01,04,0470,U,34,NR,3,1515.00
VIDEO-009377,ENHOGAR,2026-08-02,05,0571,U,41,F,6,1652.00
VIDEO-009378,ENHOGAR,2026-08-03,06,0672,R,48,M,1,1789.00
VIDEO-009379,ENHOGAR,2026-08-04,07,0773,U,55,X,4,1926.00
VIDEO-009380,ENHOGAR,2026-08-05,08,0874,U,62,NR,7,2063.00
VIDEO-009381,ENHOGAR,2026-08-06,09,0975,R,69,F,2,2200.00
VIDEO-009382,ENHOGAR,2026-08-07,10,1076,U,76,M,5,2337.00
VIDEO-009383,ENHOGAR,2026-08-08,11,1177,U,83,X,8,2474.00
VIDEO-009384,ENHOGAR,2026-08-09,12,1278,R,90,NR,3,2611.00
VIDEO-009385,ENHOGAR,2026-08-10,13,1379,U,24,F,6,2748.00
VIDEO-009386,ENHOGAR,2026-08-11,14,1480,U,31,M,1,2885.00
VIDEO-009387,ENHOGAR,2026-08-12,15,1581,R,38,X,4,3022.00
VIDEO-009388,ENHOGAR,2026-08-13,16,1682,U,45,NR,7,3159.00
VIDEO-009389,ENHOGAR,2026-08-14,17,1783,U,52,F,2,3296.00
VIDEO-009390,ENHOGAR,2026-08-15,18,1884,R,59,M,5,3433.00
VIDEO-009391,ENHOGAR,2026-08-16,19,1985,U,66,X,8,3570.00
VIDEO-009392,ENHOGAR,2026-08-17,20,2086,U,73,NR,3,3707.00
VIDEO-009393,ENHOGAR,2026-08-18,21,2187,R,80,F,6,3844.00
VIDEO-009394,ENHOGAR,2026-08-19,22,2288,U,87,M,1,3981.00
VIDEO-009395,ENHOGAR,2026-08-20,01,0189,U,21,X,4,4118.00
VIDEO-009396,ENHOGAR,2026-08-01,02,0290,R,28,NR,7,4255.00
VIDEO-009397,ENHOGAR,2026-08-02,03,0391,U,35,F,2,4392.00
VIDEO-009398,ENHOGAR,2026-08-03,04,0492,U,42,M,5,4529.00
VIDEO-009399,ENHOGAR,2026-08-04,05,0593,R,49,X,8,4666.00
VIDEO-009400,ENHOGAR,2026-08-05,06,0694,U,56,NR,3,4803.00
VIDEO-009401,ENHOGAR,2026-08-06,07,0795,U,63,F,6,4940.00
VIDEO-009402,ENHOGAR,2026-08-07,08,0896,R,70,M,1,5077.00
VIDEO-009403,ENHOGAR,2026-08-08,09,0997,U,77,X,4,5214.00
VIDEO-009404,ENHOGAR,2026-08-09,10,1098,U,84,NR,7,5351.00
VIDEO-009405,ENHOGAR,2026-08-10,11,1199,R,18,F,2,5488.00
VIDEO-009406,ENHOGAR,2026-08-11,12,1201,U,25,M,5,5625.00
VIDEO-009407,ENHOGAR,2026-08-12,13,1302,U,32,X,8,5762.00
VIDEO-009408,ENHOGAR,2026-08-13,14,1403,R,39,NR,3,5899.00
VIDEO-009409,ENHOGAR,2026-08-14,15,1504,U,46,F,6,6036.00
VIDEO-009410,ENHOGAR,2026-08-15,16,1605,U,53,M,1,6173.00
VIDEO-009411,ENHOGAR,2026-08-16,17,1706,R,60,X,4,6310.00
VIDEO-009412,ENHOGAR,2026-08-17,18,1807,U,67,NR,7,6447.00
VIDEO-009413,ENHOGAR,2026-08-18,19,1908,U,74,F,2,6584.00
VIDEO-009414,ENHOGAR,2026-08-19,20,2009,R,81,M,5,6721.00
VIDEO-009415,ENHOGAR,2026-08-20,21,2110,U,88,X,8,6858.00
VIDEO-009416,ENHOGAR,2026-08-01,22,2211,U,22,NR,3,6995.00
VIDEO-009417,ENHOGAR,2026-08-02,01,0112,R,29,F,6,7132.00
VIDEO-009418,ENHOGAR,2026-08-03,02,0213,U,36,M,1,7269.00
VIDEO-009419,ENHOGAR,2026-08-04,03,0314,U,43,X,4,7406.00
VIDEO-009420,ENHOGAR,2026-08-05,04,0415,R,50,NR,7,7543.00
VIDEO-009421,ENHOGAR,2026-08-06,05,0516,U,57,F,2,7680.00
VIDEO-009422,ENHOGAR,2026-08-07,06,0617,U,64,M,5,7817.00
VIDEO-009423,ENHOGAR,2026-08-08,07,0718,R,71,X,8,7954.00
VIDEO-009424,ENHOGAR,2026-08-09,08,0819,U,78,NR,3,8091.00
VIDEO-009425,ENHOGAR,2026-08-10,09,0920,U,85,F,6,8228.00
VIDEO-009426,ENHOGAR,2026-08-11,10,1021,R,19,M,1,8365.00
VIDEO-009427,ENHOGAR,2026-08-12,11,1122,U,26,X,4,902.00
VIDEO-009428,ENHOGAR,2026-08-13,12,1223,U,33,NR,7,1039.00
VIDEO-009429,ENHOGAR,2026-08-14,13,1324,R,40,F,2,1176.00
VIDEO-009430,ENHOGAR,2026-08-15,14,1425,U,47,M,5,1313.00
VIDEO-009431,ENHOGAR,2026-08-16,15,1526,U,54,X,8,1450.00
VIDEO-009432,ENHOGAR,2026-08-17,16,1627,R,61,NR,3,1587.00
VIDEO-009433,ENHOGAR,2026-08-18,17,1728,U,68,F,6,1724.00
VIDEO-009434,ENHOGAR,2026-08-19,18,1829,U,75,M,1,1861.00
VIDEO-009435,ENHOGAR,2026-08-20,19,1930,R,82,X,4,1998.00
VIDEO-009436,ENHOGAR,2026-08-01,20,2031,U,89,NR,7,2135.00
VIDEO-009437,ENHOGAR,2026-08-02,21,2132,U,23,F,2,2272.00
VIDEO-009438,ENHOGAR,2026-08-03,22,2233,R,30,M,5,2409.00
VIDEO-009439,ENHOGAR,2026-08-04,01,0134,U,37,X,8,2546.00
VIDEO-009440,ENHOGAR,2026-08-05,02,0235,U,44,NR,3,2683.00
VIDEO-009441,ENHOGAR,2026-08-06,03,0336,R,51,F,6,2820.00
VIDEO-009442,ENHOGAR,2026-08-07,04,0437,U,58,M,1,2957.00
VIDEO-009443,ENHOGAR,2026-08-08,05,0538,U,65,X,4,3094.00
VIDEO-009444,ENHOGAR,2026-08-09,06,0639,R,72,NR,7,3231.00
VIDEO-009445,ENHOGAR,2026-08-10,07,0740,U,79,F,2,3368.00
VIDEO-009446,ENHOGAR,2026-08-11,08,0841,U,86,M,5,3505.00
VIDEO-009447,ENHOGAR,2026-08-12,09,0942,R,20,X,8,3642.00
VIDEO-009448,ENHOGAR,2026-08-13,10,1043,U,27,NR,3,3779.00
VIDEO-009449,ENHOGAR,2026-08-14,11,1144,U,34,F,6,3916.00
VIDEO-009450,ENHOGAR,2026-08-15,12,1245,R,41,M,1,4053.00
VIDEO-009451,ENHOGAR,2026-08-16,13,1346,U,48,X,4,4190.00
VIDEO-009452,ENHOGAR,2026-08-17,14,1447,U,55,NR,7,4327.00
VIDEO-009453,ENHOGAR,2026-08-18,15,1548,R,62,F,2,4464.00
VIDEO-009454,ENHOGAR,2026-08-19,16,1649,U,69,M,5,4601.00
VIDEO-009455,ENHOGAR,2026-08-20,17,1750,U,76,X,8,4738.00
VIDEO-009456,ENHOGAR,2026-08-01,18,1851,R,83,NR,3,4875.00
VIDEO-009457,ENHOGAR,2026-08-02,19,1952,U,90,F,6,5012.00
VIDEO-009458,ENHOGAR,2026-08-03,20,2053,U,24,M,1,5149.00
VIDEO-009459,ENHOGAR,2026-08-04,21,2154,R,31,X,4,5286.00
VIDEO-009460,ENHOGAR,2026-08-05,22,2255,U,38,NR,7,5423.00
VIDEO-009461,ENHOGAR,2026-08-06,01,0156,U,45,F,2,5560.00
VIDEO-009462,ENHOGAR,2026-08-07,02,0257,R,52,M,5,5697.00
VIDEO-009463,ENHOGAR,2026-08-08,03,0358,U,59,X,8,5834.00
VIDEO-009464,ENHOGAR,2026-08-09,04,0459,U,66,NR,3,5971.00
VIDEO-009465,ENHOGAR,2026-08-10,05,0560,R,73,F,6,6108.00
VIDEO-009466,ENHOGAR,2026-08-11,06,0661,U,80,M,1,6245.00
VIDEO-009467,ENHOGAR,2026-08-12,07,0762,U,87,X,4,6382.00
VIDEO-009468,ENHOGAR,2026-08-13,08,0863,R,21,NR,7,6519.00
VIDEO-009469,ENHOGAR,2026-08-14,09,0964,U,28,F,2,6656.00
VIDEO-009470,ENHOGAR,2026-08-15,10,1065,U,35,M,5,6793.00
VIDEO-009471,ENHOGAR,2026-08-16,11,1166,R,42,X,8,6930.00
VIDEO-009472,ENHOGAR,2026-08-17,12,1267,U,49,NR,3,7067.00
VIDEO-009473,ENHOGAR,2026-08-18,13,1368,U,56,F,6,7204.00
VIDEO-009474,ENHOGAR,2026-08-19,14,1469,R,63,M,1,7341.00
VIDEO-009475,ENHOGAR,2026-08-20,15,1570,U,70,X,4,7478.00
VIDEO-009476,ENHOGAR,2026-08-01,16,1671,U,77,NR,7,7615.00
VIDEO-009477,ENHOGAR,2026-08-02,17,1772,R,84,F,2,7752.00
VIDEO-009478,ENHOGAR,2026-08-03,18,1873,U,18,M,5,7889.00
VIDEO-009479,ENHOGAR,2026-08-04,19,1974,U,25,X,8,8026.00
VIDEO-009480,ENHOGAR,2026-08-05,20,2075,R,32,NR,3,8163.00
VIDEO-009481,ENHOGAR,2026-08-06,21,2176,U,39,F,6,8300.00
VIDEO-009482,ENHOGAR,2026-08-07,22,2277,U,46,M,1,8437.00
VIDEO-009483,ENHOGAR,2026-08-08,01,0178,R,53,X,4,974.00
VIDEO-009484,ENHOGAR,2026-08-09,02,0279,U,60,NR,7,1111.00
VIDEO-009485,ENHOGAR,2026-08-10,03,0380,U,67,F,2,1248.00
VIDEO-009486,ENHOGAR,2026-08-11,04,0481,R,74,M,5,1385.00
VIDEO-009487,ENHOGAR,2026-08-12,05,0582,U,81,X,8,1522.00
VIDEO-009488,ENHOGAR,2026-08-13,06,0683,U,88,NR,3,1659.00
VIDEO-009489,ENHOGAR,2026-08-14,07,0784,R,22,F,6,1796.00
VIDEO-009490,ENHOGAR,2026-08-15,08,0885,U,29,M,1,1933.00
VIDEO-009491,ENHOGAR,2026-08-16,09,0986,U,36,X,4,2070.00
VIDEO-009492,ENHOGAR,2026-08-17,10,1087,R,43,NR,7,2207.00
VIDEO-009493,ENHOGAR,2026-08-18,11,1188,U,50,F,2,2344.00
VIDEO-009494,ENHOGAR,2026-08-19,12,1289,U,57,M,5,2481.00
VIDEO-009495,ENHOGAR,2026-08-20,13,1390,R,64,X,8,2618.00
VIDEO-009496,ENHOGAR,2026-08-01,14,1491,U,71,NR,3,2755.00
VIDEO-009497,ENHOGAR,2026-08-02,15,1592,U,78,F,6,2892.00
VIDEO-009498,ENHOGAR,2026-08-03,16,1693,R,85,M,1,3029.00
VIDEO-009499,ENHOGAR,2026-08-04,17,1794,U,19,X,4,3166.00
VIDEO-009500,ENHOGAR,2026-08-05,18,1895,U,26,NR,7,3303.00
VIDEO-009501,ENHOGAR,2026-08-06,19,1996,R,33,F,2,3440.00
VIDEO-009502,ENHOGAR,2026-08-07,20,2097,U,40,M,5,3577.00
VIDEO-009503,ENHOGAR,2026-08-08,21,2198,U,47,X,8,3714.00
VIDEO-009504,ENHOGAR,2026-08-09,22,2299,R,54,NR,3,3851.00
VIDEO-009505,ENHOGAR,2026-08-10,01,0101,U,61,F,6,3988.00
VIDEO-009506,ENHOGAR,2026-08-11,02,0202,U,68,M,1,4125.00
VIDEO-009507,ENHOGAR,2026-08-12,03,0303,R,75,X,4,4262.00
VIDEO-009508,ENHOGAR,2026-08-13,04,0404,U,82,NR,7,4399.00
VIDEO-009509,ENHOGAR,2026-08-14,05,0505,U,89,F,2,4536.00
VIDEO-009510,ENHOGAR,2026-08-15,06,0606,R,23,M,5,4673.00
VIDEO-009511,ENHOGAR,2026-08-16,07,0707,U,30,X,8,4810.00
VIDEO-009512,ENHOGAR,2026-08-17,08,0808,U,37,NR,3,4947.00
VIDEO-009513,ENHOGAR,2026-08-18,09,0909,R,44,F,6,5084.00
VIDEO-009514,ENHOGAR,2026-08-19,10,1010,U,51,M,1,5221.00
VIDEO-009515,ENHOGAR,2026-08-20,11,1111,U,58,X,4,5358.00
VIDEO-009516,ENHOGAR,2026-08-01,12,1212,R,65,NR,7,5495.00
VIDEO-009517,ENHOGAR,2026-08-02,13,1313,U,72,F,2,5632.00
VIDEO-009518,ENHOGAR,2026-08-03,14,1414,U,79,M,5,5769.00
VIDEO-009519,ENHOGAR,2026-08-04,15,1515,R,86,X,8,5906.00
VIDEO-009520,ENHOGAR,2026-08-05,16,1616,U,20,NR,3,6043.00
VIDEO-009521,ENHOGAR,2026-08-06,17,1717,U,27,F,6,6180.00
VIDEO-009522,ENHOGAR,2026-08-07,18,1818,R,34,M,1,6317.00
VIDEO-009523,ENHOGAR,2026-08-08,19,1919,U,41,X,4,6454.00
VIDEO-009524,ENHOGAR,2026-08-09,20,2020,U,48,NR,7,6591.00
VIDEO-009525,ENHOGAR,2026-08-10,21,2121,R,55,F,2,6728.00
VIDEO-009526,ENHOGAR,2026-08-11,22,2222,U,62,M,5,6865.00
VIDEO-009527,ENHOGAR,2026-08-12,01,0123,U,69,X,8,7002.00
VIDEO-009528,ENHOGAR,2026-08-13,02,0224,R,76,NR,3,7139.00
VIDEO-009529,ENHOGAR,2026-08-14,03,0325,U,83,F,6,7276.00
VIDEO-009530,ENHOGAR,2026-08-15,04,0426,U,90,M,1,7413.00
VIDEO-009531,ENHOGAR,2026-08-16,05,0527,R,24,X,4,7550.00
VIDEO-009532,ENHOGAR,2026-08-17,06,0628,U,31,NR,7,7687.00
VIDEO-009533,ENHOGAR,2026-08-18,07,0729,U,38,F,2,7824.00
VIDEO-009534,ENHOGAR,2026-08-19,08,0830,R,45,M,5,7961.00
VIDEO-009535,ENHOGAR,2026-08-20,09,0931,U,52,X,8,8098.00
VIDEO-009536,ENHOGAR,2026-08-01,10,1032,U,59,NR,3,8235.00
VIDEO-009537,ENHOGAR,2026-08-02,11,1133,R,66,F,6,8372.00
VIDEO-009538,ENHOGAR,2026-08-03,12,1234,U,73,M,1,909.00
VIDEO-009539,ENHOGAR,2026-08-04,13,1335,U,80,X,4,1046.00
VIDEO-009540,ENHOGAR,2026-08-05,14,1436,R,87,NR,7,1183.00
VIDEO-009541,ENHOGAR,2026-08-06,15,1537,U,21,F,2,1320.00
VIDEO-009542,ENHOGAR,2026-08-07,16,1638,U,28,M,5,1457.00
VIDEO-009543,ENHOGAR,2026-08-08,17,1739,R,35,X,8,1594.00
VIDEO-009544,ENHOGAR,2026-08-09,18,1840,U,42,NR,3,1731.00
VIDEO-009545,ENHOGAR,2026-08-10,19,1941,U,49,F,6,1868.00
VIDEO-009546,ENHOGAR,2026-08-11,20,2042,R,56,M,1,2005.00
VIDEO-009547,ENHOGAR,2026-08-12,21,2143,U,63,X,4,2142.00
VIDEO-009548,ENHOGAR,2026-08-13,22,2244,U,70,NR,7,2279.00
VIDEO-009549,ENHOGAR,2026-08-14,01,0145,R,77,F,2,2416.00
VIDEO-009550,ENHOGAR,2026-08-15,02,0246,U,84,M,5,2553.00
VIDEO-009551,ENHOGAR,2026-08-16,03,0347,U,18,X,8,2690.00
VIDEO-009552,ENHOGAR,2026-08-17,04,0448,R,25,NR,3,2827.00
VIDEO-009553,ENHOGAR,2026-08-18,05,0549,U,32,F,6,2964.00
VIDEO-009554,ENHOGAR,2026-08-19,06,0650,U,39,M,1,3101.00
VIDEO-009555,ENHOGAR,2026-08-20,07,0751,R,46,X,4,3238.00
VIDEO-009556,ENHOGAR,2026-08-01,08,0852,U,53,NR,7,3375.00
VIDEO-009557,ENHOGAR,2026-08-02,09,0953,U,60,F,2,3512.00
VIDEO-009558,ENHOGAR,2026-08-03,10,1054,R,67,M,5,3649.00
VIDEO-009559,ENHOGAR,2026-08-04,11,1155,U,74,X,8,3786.00
VIDEO-009560,ENHOGAR,2026-08-05,12,1256,U,81,NR,3,3923.00
VIDEO-009561,ENHOGAR,2026-08-06,13,1357,R,88,F,6,4060.00
VIDEO-009562,ENHOGAR,2026-08-07,14,1458,U,22,M,1,4197.00
VIDEO-009563,ENHOGAR,2026-08-08,15,1559,U,29,X,4,4334.00
VIDEO-009564,ENHOGAR,2026-08-09,16,1660,R,36,NR,7,4471.00
VIDEO-009565,ENHOGAR,2026-08-10,17,1761,U,43,F,2,4608.00
VIDEO-009566,ENHOGAR,2026-08-11,18,1862,U,50,M,5,4745.00
VIDEO-009567,ENHOGAR,2026-08-12,19,1963,R,57,X,8,4882.00
VIDEO-009568,ENHOGAR,2026-08-13,20,2064,U,64,NR,3,5019.00
VIDEO-009569,ENHOGAR,2026-08-14,21,2165,U,71,F,6,5156.00
VIDEO-009570,ENHOGAR,2026-08-15,22,2266,R,78,M,1,5293.00
VIDEO-009571,ENHOGAR,2026-08-16,01,0167,U,85,X,4,5430.00
VIDEO-009572,ENHOGAR,2026-08-17,02,0268,U,19,NR,7,5567.00
VIDEO-009573,ENHOGAR,2026-08-18,03,0369,R,26,F,2,5704.00
VIDEO-009574,ENHOGAR,2026-08-19,04,0470,U,33,M,5,5841.00
VIDEO-009575,ENHOGAR,2026-08-20,05,0571,U,40,X,8,5978.00
VIDEO-009576,ENHOGAR,2026-08-01,06,0672,R,47,NR,3,6115.00
VIDEO-009577,ENHOGAR,2026-08-02,07,0773,U,54,F,6,6252.00
VIDEO-009578,ENHOGAR,2026-08-03,08,0874,U,61,M,1,6389.00
VIDEO-009579,ENHOGAR,2026-08-04,09,0975,R,68,X,4,6526.00
VIDEO-009580,ENHOGAR,2026-08-05,10,1076,U,75,NR,7,6663.00
VIDEO-009581,ENHOGAR,2026-08-06,11,1177,U,82,F,2,6800.00
VIDEO-009582,ENHOGAR,2026-08-07,12,1278,R,89,M,5,6937.00
VIDEO-009583,ENHOGAR,2026-08-08,13,1379,U,23,X,8,7074.00
VIDEO-009584,ENHOGAR,2026-08-09,14,1480,U,30,NR,3,7211.00
VIDEO-009585,ENHOGAR,2026-08-10,15,1581,R,37,F,6,7348.00
VIDEO-009586,ENHOGAR,2026-08-11,16,1682,U,44,M,1,7485.00
VIDEO-009587,ENHOGAR,2026-08-12,17,1783,U,51,X,4,7622.00
VIDEO-009588,ENHOGAR,2026-08-13,18,1884,R,58,NR,7,7759.00
VIDEO-009589,ENHOGAR,2026-08-14,19,1985,U,65,F,2,7896.00
VIDEO-009590,ENHOGAR,2026-08-15,20,2086,U,72,M,5,8033.00
VIDEO-009591,ENHOGAR,2026-08-16,21,2187,R,79,X,8,8170.00
VIDEO-009592,ENHOGAR,2026-08-17,22,2288,U,86,NR,3,8307.00
VIDEO-009593,ENHOGAR,2026-08-18,01,0189,U,20,F,6,8444.00
VIDEO-009594,ENHOGAR,2026-08-19,02,0290,R,27,M,1,981.00
VIDEO-009595,ENHOGAR,2026-08-20,03,0391,U,34,X,4,1118.00
VIDEO-009596,ENHOGAR,2026-08-01,04,0492,U,41,NR,7,1255.00
VIDEO-009597,ENHOGAR,2026-08-02,05,0593,R,48,F,2,1392.00
VIDEO-009598,ENHOGAR,2026-08-03,06,0694,U,55,M,5,1529.00
VIDEO-009599,ENHOGAR,2026-08-04,07,0795,U,62,X,8,1666.00
VIDEO-009600,ENHOGAR,2026-08-05,08,0896,R,69,NR,3,1803.00
VIDEO-009601,ENHOGAR,2026-08-06,09,0997,U,76,F,6,1940.00
VIDEO-009602,ENHOGAR,2026-08-07,10,1098,U,83,M,1,2077.00
VIDEO-009603,ENHOGAR,2026-08-08,11,1199,R,90,X,4,2214.00
VIDEO-009604,ENHOGAR,2026-08-09,12,1201,U,24,NR,7,2351.00
VIDEO-009605,ENHOGAR,2026-08-10,13,1302,U,31,F,2,2488.00
VIDEO-009606,ENHOGAR,2026-08-11,14,1403,R,38,M,5,2625.00
VIDEO-009607,ENHOGAR,2026-08-12,15,1504,U,45,X,8,2762.00
VIDEO-009608,ENHOGAR,2026-08-13,16,1605,U,52,NR,3,2899.00
VIDEO-009609,ENHOGAR,2026-08-14,17,1706,R,59,F,6,3036.00
VIDEO-009610,ENHOGAR,2026-08-15,18,1807,U,66,M,1,3173.00
VIDEO-009611,ENHOGAR,2026-08-16,19,1908,U,73,X,4,3310.00
VIDEO-009612,ENHOGAR,2026-08-17,20,2009,R,80,NR,7,3447.00
VIDEO-009613,ENHOGAR,2026-08-18,21,2110,U,87,F,2,3584.00
VIDEO-009614,ENHOGAR,2026-08-19,22,2211,U,21,M,5,3721.00
VIDEO-009615,ENHOGAR,2026-08-20,01,0112,R,28,X,8,3858.00
VIDEO-009616,ENHOGAR,2026-08-01,02,0213,U,35,NR,3,3995.00
VIDEO-009617,ENHOGAR,2026-08-02,03,0314,U,42,F,6,4132.00
VIDEO-009618,ENHOGAR,2026-08-03,04,0415,R,49,M,1,4269.00
VIDEO-009619,ENHOGAR,2026-08-04,05,0516,U,56,X,4,4406.00
VIDEO-009620,ENHOGAR,2026-08-05,06,0617,U,63,NR,7,4543.00
VIDEO-009621,ENHOGAR,2026-08-06,07,0718,R,70,F,2,4680.00
VIDEO-009622,ENHOGAR,2026-08-07,08,0819,U,77,M,5,4817.00
VIDEO-009623,ENHOGAR,2026-08-08,09,0920,U,84,X,8,4954.00
VIDEO-009624,ENHOGAR,2026-08-09,10,1021,R,18,NR,3,5091.00
VIDEO-009625,ENHOGAR,2026-08-10,11,1122,U,25,F,6,5228.00
VIDEO-009626,ENHOGAR,2026-08-11,12,1223,U,32,M,1,5365.00
VIDEO-009627,ENHOGAR,2026-08-12,13,1324,R,39,X,4,5502.00
VIDEO-009628,ENHOGAR,2026-08-13,14,1425,U,46,NR,7,5639.00
VIDEO-009629,ENHOGAR,2026-08-14,15,1526,U,53,F,2,5776.00
VIDEO-009630,ENHOGAR,2026-08-15,16,1627,R,60,M,5,5913.00
VIDEO-009631,ENHOGAR,2026-08-16,17,1728,U,67,X,8,6050.00
VIDEO-009632,ENHOGAR,2026-08-17,18,1829,U,74,NR,3,6187.00
VIDEO-009633,ENHOGAR,2026-08-18,19,1930,R,81,F,6,6324.00
VIDEO-009634,ENHOGAR,2026-08-19,20,2031,U,88,M,1,6461.00
VIDEO-009635,ENHOGAR,2026-08-20,21,2132,U,22,X,4,6598.00
VIDEO-009636,ENHOGAR,2026-08-01,22,2233,R,29,NR,7,6735.00
VIDEO-009637,ENHOGAR,2026-08-02,01,0134,U,36,F,2,6872.00
VIDEO-009638,ENHOGAR,2026-08-03,02,0235,U,43,M,5,7009.00
VIDEO-009639,ENHOGAR,2026-08-04,03,0336,R,50,X,8,7146.00
VIDEO-009640,ENHOGAR,2026-08-05,04,0437,U,57,NR,3,7283.00
VIDEO-009641,ENHOGAR,2026-08-06,05,0538,U,64,F,6,7420.00
VIDEO-009642,ENHOGAR,2026-08-07,06,0639,R,71,M,1,7557.00
VIDEO-009643,ENHOGAR,2026-08-08,07,0740,U,78,X,4,7694.00
VIDEO-009644,ENHOGAR,2026-08-09,08,0841,U,85,NR,7,7831.00
VIDEO-009645,ENHOGAR,2026-08-10,09,0942,R,19,F,2,7968.00
VIDEO-009646,ENHOGAR,2026-08-11,10,1043,U,26,M,5,8105.00
VIDEO-009647,ENHOGAR,2026-08-12,11,1144,U,33,X,8,8242.00
VIDEO-009648,ENHOGAR,2026-08-13,12,1245,R,40,NR,3,8379.00
VIDEO-009649,ENHOGAR,2026-08-14,13,1346,U,47,F,6,916.00
VIDEO-009650,ENHOGAR,2026-08-15,14,1447,U,54,M,1,1053.00
VIDEO-009651,ENHOGAR,2026-08-16,15,1548,R,61,X,4,1190.00
VIDEO-009652,ENHOGAR,2026-08-17,16,1649,U,68,NR,7,1327.00
VIDEO-009653,ENHOGAR,2026-08-18,17,1750,U,75,F,2,1464.00
VIDEO-009654,ENHOGAR,2026-08-19,18,1851,R,82,M,5,1601.00
VIDEO-009655,ENHOGAR,2026-08-20,19,1952,U,89,X,8,1738.00
VIDEO-009656,ENHOGAR,2026-08-01,20,2053,U,23,NR,3,1875.00
VIDEO-009657,ENHOGAR,2026-08-02,21,2154,R,30,F,6,2012.00
VIDEO-009658,ENHOGAR,2026-08-03,22,2255,U,37,M,1,2149.00
VIDEO-009659,ENHOGAR,2026-08-04,01,0156,U,44,X,4,2286.00
VIDEO-009660,ENHOGAR,2026-08-05,02,0257,R,51,NR,7,2423.00
VIDEO-009661,ENHOGAR,2026-08-06,03,0358,U,58,F,2,2560.00
VIDEO-009662,ENHOGAR,2026-08-07,04,0459,U,65,M,5,2697.00
VIDEO-009663,ENHOGAR,2026-08-08,05,0560,R,72,X,8,2834.00
VIDEO-009664,ENHOGAR,2026-08-09,06,0661,U,79,NR,3,2971.00
VIDEO-009665,ENHOGAR,2026-08-10,07,0762,U,86,F,6,3108.00
VIDEO-009666,ENHOGAR,2026-08-11,08,0863,R,20,M,1,3245.00
VIDEO-009667,ENHOGAR,2026-08-12,09,0964,U,27,X,4,3382.00
VIDEO-009668,ENHOGAR,2026-08-13,10,1065,U,34,NR,7,3519.00
VIDEO-009669,ENHOGAR,2026-08-14,11,1166,R,41,F,2,3656.00
VIDEO-009670,ENHOGAR,2026-08-15,12,1267,U,48,M,5,3793.00
VIDEO-009671,ENHOGAR,2026-08-16,13,1368,U,55,X,8,3930.00
VIDEO-009672,ENHOGAR,2026-08-17,14,1469,R,62,NR,3,4067.00
VIDEO-009673,ENHOGAR,2026-08-18,15,1570,U,69,F,6,4204.00
VIDEO-009674,ENHOGAR,2026-08-19,16,1671,U,76,M,1,4341.00
VIDEO-009675,ENHOGAR,2026-08-20,17,1772,R,83,X,4,4478.00
VIDEO-009676,ENHOGAR,2026-08-01,18,1873,U,90,NR,7,4615.00
VIDEO-009677,ENHOGAR,2026-08-02,19,1974,U,24,F,2,4752.00
VIDEO-009678,ENHOGAR,2026-08-03,20,2075,R,31,M,5,4889.00
VIDEO-009679,ENHOGAR,2026-08-04,21,2176,U,38,X,8,5026.00
VIDEO-009680,ENHOGAR,2026-08-05,22,2277,U,45,NR,3,5163.00
VIDEO-009681,ENHOGAR,2026-08-06,01,0178,R,52,F,6,5300.00
VIDEO-009682,ENHOGAR,2026-08-07,02,0279,U,59,M,1,5437.00
VIDEO-009683,ENHOGAR,2026-08-08,03,0380,U,66,X,4,5574.00
VIDEO-009684,ENHOGAR,2026-08-09,04,0481,R,73,NR,7,5711.00
VIDEO-009685,ENHOGAR,2026-08-10,05,0582,U,80,F,2,5848.00
VIDEO-009686,ENHOGAR,2026-08-11,06,0683,U,87,M,5,5985.00
VIDEO-009687,ENHOGAR,2026-08-12,07,0784,R,21,X,8,6122.00
VIDEO-009688,ENHOGAR,2026-08-13,08,0885,U,28,NR,3,6259.00
VIDEO-009689,ENHOGAR,2026-08-14,09,0986,U,35,F,6,6396.00
VIDEO-009690,ENHOGAR,2026-08-15,10,1087,R,42,M,1,6533.00
VIDEO-009691,ENHOGAR,2026-08-16,11,1188,U,49,X,4,6670.00
VIDEO-009692,ENHOGAR,2026-08-17,12,1289,U,56,NR,7,6807.00
VIDEO-009693,ENHOGAR,2026-08-18,13,1390,R,63,F,2,6944.00
VIDEO-009694,ENHOGAR,2026-08-19,14,1491,U,70,M,5,7081.00
VIDEO-009695,ENHOGAR,2026-08-20,15,1592,U,77,X,8,7218.00
VIDEO-009696,ENHOGAR,2026-08-01,16,1693,R,84,NR,3,7355.00
VIDEO-009697,ENHOGAR,2026-08-02,17,1794,U,18,F,6,7492.00
VIDEO-009698,ENHOGAR,2026-08-03,18,1895,U,25,M,1,7629.00
VIDEO-009699,ENHOGAR,2026-08-04,19,1996,R,32,X,4,7766.00
VIDEO-009700,ENHOGAR,2026-08-05,20,2097,U,39,NR,7,7903.00
VIDEO-009701,ENHOGAR,2026-08-06,21,2198,U,46,F,2,8040.00
VIDEO-009702,ENHOGAR,2026-08-07,22,2299,R,53,M,5,8177.00
VIDEO-009703,ENHOGAR,2026-08-08,01,0101,U,60,X,8,8314.00
VIDEO-009704,ENHOGAR,2026-08-09,02,0202,U,67,NR,3,8451.00
VIDEO-009705,ENHOGAR,2026-08-10,03,0303,R,74,F,6,988.00
VIDEO-009706,ENHOGAR,2026-08-11,04,0404,U,81,M,1,1125.00
VIDEO-009707,ENHOGAR,2026-08-12,05,0505,U,88,X,4,1262.00
VIDEO-009708,ENHOGAR,2026-08-13,06,0606,R,22,NR,7,1399.00
VIDEO-009709,ENHOGAR,2026-08-14,07,0707,U,29,F,2,1536.00
VIDEO-009710,ENHOGAR,2026-08-15,08,0808,U,36,M,5,1673.00
VIDEO-009711,ENHOGAR,2026-08-16,09,0909,R,43,X,8,1810.00
VIDEO-009712,ENHOGAR,2026-08-17,10,1010,U,50,NR,3,1947.00
VIDEO-009713,ENHOGAR,2026-08-18,11,1111,U,57,F,6,2084.00
VIDEO-009714,ENHOGAR,2026-08-19,12,1212,R,64,M,1,2221.00
VIDEO-009715,ENHOGAR,2026-08-20,13,1313,U,71,X,4,2358.00
VIDEO-009716,ENHOGAR,2026-08-01,14,1414,U,78,NR,7,2495.00
VIDEO-009717,ENHOGAR,2026-08-02,15,1515,R,85,F,2,2632.00
VIDEO-009718,ENHOGAR,2026-08-03,16,1616,U,19,M,5,2769.00
VIDEO-009719,ENHOGAR,2026-08-04,17,1717,U,26,X,8,2906.00
VIDEO-009720,ENHOGAR,2026-08-05,18,1818,R,33,NR,3,3043.00
VIDEO-009721,ENHOGAR,2026-08-06,19,1919,U,40,F,6,3180.00
VIDEO-009722,ENHOGAR,2026-08-07,20,2020,U,47,M,1,3317.00
VIDEO-009723,ENHOGAR,2026-08-08,21,2121,R,54,X,4,3454.00
VIDEO-009724,ENHOGAR,2026-08-09,22,2222,U,61,NR,7,3591.00
VIDEO-009725,ENHOGAR,2026-08-10,01,0123,U,68,F,2,3728.00
VIDEO-009726,ENHOGAR,2026-08-11,02,0224,R,75,M,5,3865.00
VIDEO-009727,ENHOGAR,2026-08-12,03,0325,U,82,X,8,4002.00
VIDEO-009728,ENHOGAR,2026-08-13,04,0426,U,89,NR,3,4139.00
VIDEO-009729,ENHOGAR,2026-08-14,05,0527,R,23,F,6,4276.00
VIDEO-009730,ENHOGAR,2026-08-15,06,0628,U,30,M,1,4413.00
VIDEO-009731,ENHOGAR,2026-08-16,07,0729,U,37,X,4,4550.00
VIDEO-009732,ENHOGAR,2026-08-17,08,0830,R,44,NR,7,4687.00
VIDEO-009733,ENHOGAR,2026-08-18,09,0931,U,51,F,2,4824.00
VIDEO-009734,ENHOGAR,2026-08-19,10,1032,U,58,M,5,4961.00
VIDEO-009735,ENHOGAR,2026-08-20,11,1133,R,65,X,8,5098.00
VIDEO-009736,ENHOGAR,2026-08-01,12,1234,U,72,NR,3,5235.00
VIDEO-009737,ENHOGAR,2026-08-02,13,1335,U,79,F,6,5372.00
VIDEO-009738,ENHOGAR,2026-08-03,14,1436,R,86,M,1,5509.00
VIDEO-009739,ENHOGAR,2026-08-04,15,1537,U,20,X,4,5646.00
VIDEO-009740,ENHOGAR,2026-08-05,16,1638,U,27,NR,7,5783.00
VIDEO-009741,ENHOGAR,2026-08-06,17,1739,R,34,F,2,5920.00
VIDEO-009742,ENHOGAR,2026-08-07,18,1840,U,41,M,5,6057.00
VIDEO-009743,ENHOGAR,2026-08-08,19,1941,U,48,X,8,6194.00
VIDEO-009744,ENHOGAR,2026-08-09,20,2042,R,55,NR,3,6331.00
VIDEO-009745,ENHOGAR,2026-08-10,21,2143,U,62,F,6,6468.00
VIDEO-009746,ENHOGAR,2026-08-11,22,2244,U,69,M,1,6605.00
VIDEO-009747,ENHOGAR,2026-08-12,01,0145,R,76,X,4,6742.00
VIDEO-009748,ENHOGAR,2026-08-13,02,0246,U,83,NR,7,6879.00
VIDEO-009749,ENHOGAR,2026-08-14,03,0347,U,90,F,2,7016.00
VIDEO-009750,ENHOGAR,2026-08-15,04,0448,R,24,M,5,7153.00
VIDEO-009751,ENHOGAR,2026-08-16,05,0549,U,31,X,8,7290.00
VIDEO-009752,ENHOGAR,2026-08-17,06,0650,U,38,NR,3,7427.00
VIDEO-009753,ENHOGAR,2026-08-18,07,0751,R,45,F,6,7564.00
VIDEO-009754,ENHOGAR,2026-08-19,08,0852,U,52,M,1,7701.00
VIDEO-009755,ENHOGAR,2026-08-20,09,0953,U,59,X,4,7838.00
VIDEO-009756,ENHOGAR,2026-08-01,10,1054,R,66,NR,7,7975.00
VIDEO-009757,ENHOGAR,2026-08-02,11,1155,U,73,F,2,8112.00
VIDEO-009758,ENHOGAR,2026-08-03,12,1256,U,80,M,5,8249.00
VIDEO-009759,ENHOGAR,2026-08-04,13,1357,R,87,X,8,8386.00
VIDEO-009760,ENHOGAR,2026-08-05,14,1458,U,21,NR,3,923.00
VIDEO-009761,ENHOGAR,2026-08-06,15,1559,U,28,F,6,1060.00
VIDEO-009762,ENHOGAR,2026-08-07,16,1660,R,35,M,1,1197.00
VIDEO-009763,ENHOGAR,2026-08-08,17,1761,U,42,X,4,1334.00
VIDEO-009764,ENHOGAR,2026-08-09,18,1862,U,49,NR,7,1471.00
VIDEO-009765,ENHOGAR,2026-08-10,19,1963,R,56,F,2,1608.00
VIDEO-009766,ENHOGAR,2026-08-11,20,2064,U,63,M,5,1745.00
VIDEO-009767,ENHOGAR,2026-08-12,21,2165,U,70,X,8,1882.00
VIDEO-009768,ENHOGAR,2026-08-13,22,2266,R,77,NR,3,2019.00
VIDEO-009769,ENHOGAR,2026-08-14,01,0167,U,84,F,6,2156.00
VIDEO-009770,ENHOGAR,2026-08-15,02,0268,U,18,M,1,2293.00
VIDEO-009771,ENHOGAR,2026-08-16,03,0369,R,25,X,4,2430.00
VIDEO-009772,ENHOGAR,2026-08-17,04,0470,U,32,NR,7,2567.00
VIDEO-009773,ENHOGAR,2026-08-18,05,0571,U,39,F,2,2704.00
VIDEO-009774,ENHOGAR,2026-08-19,06,0672,R,46,M,5,2841.00
VIDEO-009775,ENHOGAR,2026-08-20,07,0773,U,53,X,8,2978.00
VIDEO-009776,ENHOGAR,2026-08-01,08,0874,U,60,NR,3,3115.00
VIDEO-009777,ENHOGAR,2026-08-02,09,0975,R,67,F,6,3252.00
VIDEO-009778,ENHOGAR,2026-08-03,10,1076,U,74,M,1,3389.00
VIDEO-009779,ENHOGAR,2026-08-04,11,1177,U,81,X,4,3526.00
VIDEO-009780,ENHOGAR,2026-08-05,12,1278,R,88,NR,7,3663.00
VIDEO-009781,ENHOGAR,2026-08-06,13,1379,U,22,F,2,3800.00
VIDEO-009782,ENHOGAR,2026-08-07,14,1480,U,29,M,5,3937.00
VIDEO-009783,ENHOGAR,2026-08-08,15,1581,R,36,X,8,4074.00
VIDEO-009784,ENHOGAR,2026-08-09,16,1682,U,43,NR,3,4211.00
VIDEO-009785,ENHOGAR,2026-08-10,17,1783,U,50,F,6,4348.00
VIDEO-009786,ENHOGAR,2026-08-11,18,1884,R,57,M,1,4485.00
VIDEO-009787,ENHOGAR,2026-08-12,19,1985,U,64,X,4,4622.00
VIDEO-009788,ENHOGAR,2026-08-13,20,2086,U,71,NR,7,4759.00
VIDEO-009789,ENHOGAR,2026-08-14,21,2187,R,78,F,2,4896.00
VIDEO-009790,ENHOGAR,2026-08-15,22,2288,U,85,M,5,5033.00
VIDEO-009791,ENHOGAR,2026-08-16,01,0189,U,19,X,8,5170.00
VIDEO-009792,ENHOGAR,2026-08-17,02,0290,R,26,NR,3,5307.00
VIDEO-009793,ENHOGAR,2026-08-18,03,0391,U,33,F,6,5444.00
VIDEO-009794,ENHOGAR,2026-08-19,04,0492,U,40,M,1,5581.00
VIDEO-009795,ENHOGAR,2026-08-20,05,0593,R,47,X,4,5718.00
VIDEO-009796,ENHOGAR,2026-08-01,06,0694,U,54,NR,7,5855.00
VIDEO-009797,ENHOGAR,2026-08-02,07,0795,U,61,F,2,5992.00
VIDEO-009798,ENHOGAR,2026-08-03,08,0896,R,68,M,5,6129.00
VIDEO-009799,ENHOGAR,2026-08-04,09,0997,U,75,X,8,6266.00
VIDEO-009800,ENHOGAR,2026-08-05,10,1098,U,82,NR,3,6403.00
VIDEO-009801,ENHOGAR,2026-08-06,11,1199,R,89,F,6,6540.00
VIDEO-009802,ENHOGAR,2026-08-07,12,1201,U,23,M,1,6677.00
VIDEO-009803,ENHOGAR,2026-08-08,13,1302,U,30,X,4,6814.00
VIDEO-009804,ENHOGAR,2026-08-09,14,1403,R,37,NR,7,6951.00
VIDEO-009805,ENHOGAR,2026-08-10,15,1504,U,44,F,2,7088.00
VIDEO-009806,ENHOGAR,2026-08-11,16,1605,U,51,M,5,7225.00
VIDEO-009807,ENHOGAR,2026-08-12,17,1706,R,58,X,8,7362.00
VIDEO-009808,ENHOGAR,2026-08-13,18,1807,U,65,NR,3,7499.00
VIDEO-009809,ENHOGAR,2026-08-14,19,1908,U,72,F,6,7636.00
VIDEO-009810,ENHOGAR,2026-08-15,20,2009,R,79,M,1,7773.00
VIDEO-009811,ENHOGAR,2026-08-16,21,2110,U,86,X,4,7910.00
VIDEO-009812,ENHOGAR,2026-08-17,22,2211,U,20,NR,7,8047.00
VIDEO-009813,ENHOGAR,2026-08-18,01,0112,R,27,F,2,8184.00
VIDEO-009814,ENHOGAR,2026-08-19,02,0213,U,34,M,5,8321.00
VIDEO-009815,ENHOGAR,2026-08-20,03,0314,U,41,X,8,8458.00
VIDEO-009816,ENHOGAR,2026-08-01,04,0415,R,48,NR,3,995.00
VIDEO-009817,ENHOGAR,2026-08-02,05,0516,U,55,F,6,1132.00
VIDEO-009818,ENHOGAR,2026-08-03,06,0617,U,62,M,1,1269.00
VIDEO-009819,ENHOGAR,2026-08-04,07,0718,R,69,X,4,1406.00
VIDEO-009820,ENHOGAR,2026-08-05,08,0819,U,76,NR,7,1543.00
VIDEO-009821,ENHOGAR,2026-08-06,09,0920,U,83,F,2,1680.00
VIDEO-009822,ENHOGAR,2026-08-07,10,1021,R,90,M,5,1817.00
VIDEO-009823,ENHOGAR,2026-08-08,11,1122,U,24,X,8,1954.00
VIDEO-009824,ENHOGAR,2026-08-09,12,1223,U,31,NR,3,2091.00
VIDEO-009825,ENHOGAR,2026-08-10,13,1324,R,38,F,6,2228.00
VIDEO-009826,ENHOGAR,2026-08-11,14,1425,U,45,M,1,2365.00
VIDEO-009827,ENHOGAR,2026-08-12,15,1526,U,52,X,4,2502.00
VIDEO-009828,ENHOGAR,2026-08-13,16,1627,R,59,NR,7,2639.00
VIDEO-009829,ENHOGAR,2026-08-14,17,1728,U,66,F,2,2776.00
VIDEO-009830,ENHOGAR,2026-08-15,18,1829,U,73,M,5,2913.00
VIDEO-009831,ENHOGAR,2026-08-16,19,1930,R,80,X,8,3050.00
VIDEO-009832,ENHOGAR,2026-08-17,20,2031,U,87,NR,3,3187.00
VIDEO-009833,ENHOGAR,2026-08-18,21,2132,U,21,F,6,3324.00
VIDEO-009834,ENHOGAR,2026-08-19,22,2233,R,28,M,1,3461.00
VIDEO-009835,ENHOGAR,2026-08-20,01,0134,U,35,X,4,3598.00
VIDEO-009836,ENHOGAR,2026-08-01,02,0235,U,42,NR,7,3735.00
VIDEO-009837,ENHOGAR,2026-08-02,03,0336,R,49,F,2,3872.00
VIDEO-009838,ENHOGAR,2026-08-03,04,0437,U,56,M,5,4009.00
VIDEO-009839,ENHOGAR,2026-08-04,05,0538,U,63,X,8,4146.00
VIDEO-009840,ENHOGAR,2026-08-05,06,0639,R,70,NR,3,4283.00
VIDEO-009841,ENHOGAR,2026-08-06,07,0740,U,77,F,6,4420.00
VIDEO-009842,ENHOGAR,2026-08-07,08,0841,U,84,M,1,4557.00
VIDEO-009843,ENHOGAR,2026-08-08,09,0942,R,18,X,4,4694.00
VIDEO-009844,ENHOGAR,2026-08-09,10,1043,U,25,NR,7,4831.00
VIDEO-009845,ENHOGAR,2026-08-10,11,1144,U,32,F,2,4968.00
VIDEO-009846,ENHOGAR,2026-08-11,12,1245,R,39,M,5,5105.00
VIDEO-009847,ENHOGAR,2026-08-12,13,1346,U,46,X,8,5242.00
VIDEO-009848,ENHOGAR,2026-08-13,14,1447,U,53,NR,3,5379.00
VIDEO-009849,ENHOGAR,2026-08-14,15,1548,R,60,F,6,5516.00
VIDEO-009850,ENHOGAR,2026-08-15,16,1649,U,67,M,1,5653.00
VIDEO-009851,ENHOGAR,2026-08-16,17,1750,U,74,X,4,5790.00
VIDEO-009852,ENHOGAR,2026-08-17,18,1851,R,81,NR,7,5927.00
VIDEO-009853,ENHOGAR,2026-08-18,19,1952,U,88,F,2,6064.00
VIDEO-009854,ENHOGAR,2026-08-19,20,2053,U,22,M,5,6201.00
VIDEO-009855,ENHOGAR,2026-08-20,21,2154,R,29,X,8,6338.00
VIDEO-009856,ENHOGAR,2026-08-01,22,2255,U,36,NR,3,6475.00
VIDEO-009857,ENHOGAR,2026-08-02,01,0156,U,43,F,6,6612.00
VIDEO-009858,ENHOGAR,2026-08-03,02,0257,R,50,M,1,6749.00
VIDEO-009859,ENHOGAR,2026-08-04,03,0358,U,57,X,4,6886.00
VIDEO-009860,ENHOGAR,2026-08-05,04,0459,U,64,NR,7,7023.00
VIDEO-009861,ENHOGAR,2026-08-06,05,0560,R,71,F,2,7160.00
VIDEO-009862,ENHOGAR,2026-08-07,06,0661,U,78,M,5,7297.00
VIDEO-009863,ENHOGAR,2026-08-08,07,0762,U,85,X,8,7434.00
VIDEO-009864,ENHOGAR,2026-08-09,08,0863,R,19,NR,3,7571.00
VIDEO-009865,ENHOGAR,2026-08-10,09,0964,U,26,F,6,7708.00
VIDEO-009866,ENHOGAR,2026-08-11,10,1065,U,33,M,1,7845.00
VIDEO-009867,ENHOGAR,2026-08-12,11,1166,R,40,X,4,7982.00
VIDEO-009868,ENHOGAR,2026-08-13,12,1267,U,47,NR,7,8119.00
VIDEO-009869,ENHOGAR,2026-08-14,13,1368,U,54,F,2,8256.00
VIDEO-009870,ENHOGAR,2026-08-15,14,1469,R,61,M,5,8393.00
VIDEO-009871,ENHOGAR,2026-08-16,15,1570,U,68,X,8,930.00
VIDEO-009872,ENHOGAR,2026-08-17,16,1671,U,75,NR,3,1067.00
VIDEO-009873,ENHOGAR,2026-08-18,17,1772,R,82,F,6,1204.00
VIDEO-009874,ENHOGAR,2026-08-19,18,1873,U,89,M,1,1341.00
VIDEO-009875,ENHOGAR,2026-08-20,19,1974,U,23,X,4,1478.00
VIDEO-009876,ENHOGAR,2026-08-01,20,2075,R,30,NR,7,1615.00
VIDEO-009877,ENHOGAR,2026-08-02,21,2176,U,37,F,2,1752.00
VIDEO-009878,ENHOGAR,2026-08-03,22,2277,U,44,M,5,1889.00
VIDEO-009879,ENHOGAR,2026-08-04,01,0178,R,51,X,8,2026.00
VIDEO-009880,ENHOGAR,2026-08-05,02,0279,U,58,NR,3,2163.00
VIDEO-009881,ENHOGAR,2026-08-06,03,0380,U,65,F,6,2300.00
VIDEO-009882,ENHOGAR,2026-08-07,04,0481,R,72,M,1,2437.00
VIDEO-009883,ENHOGAR,2026-08-08,05,0582,U,79,X,4,2574.00
VIDEO-009884,ENHOGAR,2026-08-09,06,0683,U,86,NR,7,2711.00
VIDEO-009885,ENHOGAR,2026-08-10,07,0784,R,20,F,2,2848.00
VIDEO-009886,ENHOGAR,2026-08-11,08,0885,U,27,M,5,2985.00
VIDEO-009887,ENHOGAR,2026-08-12,09,0986,U,34,X,8,3122.00
VIDEO-009888,ENHOGAR,2026-08-13,10,1087,R,41,NR,3,3259.00
VIDEO-009889,ENHOGAR,2026-08-14,11,1188,U,48,F,6,3396.00
VIDEO-009890,ENHOGAR,2026-08-15,12,1289,U,55,M,1,3533.00
VIDEO-009891,ENHOGAR,2026-08-16,13,1390,R,62,X,4,3670.00
VIDEO-009892,ENHOGAR,2026-08-17,14,1491,U,69,NR,7,3807.00
VIDEO-009893,ENHOGAR,2026-08-18,15,1592,U,76,F,2,3944.00
VIDEO-009894,ENHOGAR,2026-08-19,16,1693,R,83,M,5,4081.00
VIDEO-009895,ENHOGAR,2026-08-20,17,1794,U,90,X,8,4218.00
VIDEO-009896,ENHOGAR,2026-08-01,18,1895,U,24,NR,3,4355.00
VIDEO-009897,ENHOGAR,2026-08-02,19,1996,R,31,F,6,4492.00
VIDEO-009898,ENHOGAR,2026-08-03,20,2097,U,38,M,1,4629.00
VIDEO-009899,ENHOGAR,2026-08-04,21,2198,U,45,X,4,4766.00
VIDEO-009900,ENHOGAR,2026-08-05,22,2299,R,52,NR,7,4903.00
VIDEO-009901,ENHOGAR,2026-08-06,01,0101,U,59,F,2,5040.00
VIDEO-009902,ENHOGAR,2026-08-07,02,0202,U,66,M,5,5177.00
VIDEO-009903,ENHOGAR,2026-08-08,03,0303,R,73,X,8,5314.00
VIDEO-009904,ENHOGAR,2026-08-09,04,0404,U,80,NR,3,5451.00
VIDEO-009905,ENHOGAR,2026-08-10,05,0505,U,87,F,6,5588.00
VIDEO-009906,ENHOGAR,2026-08-11,06,0606,R,21,M,1,5725.00
VIDEO-009907,ENHOGAR,2026-08-12,07,0707,U,28,X,4,5862.00
VIDEO-009908,ENHOGAR,2026-08-13,08,0808,U,35,NR,7,5999.00
VIDEO-009909,ENHOGAR,2026-08-14,09,0909,R,42,F,2,6136.00
VIDEO-009910,ENHOGAR,2026-08-15,10,1010,U,49,M,5,6273.00
VIDEO-009911,ENHOGAR,2026-08-16,11,1111,U,56,X,8,6410.00
VIDEO-009912,ENHOGAR,2026-08-17,12,1212,R,63,NR,3,6547.00
VIDEO-009913,ENHOGAR,2026-08-18,13,1313,U,70,F,6,6684.00
VIDEO-009914,ENHOGAR,2026-08-19,14,1414,U,77,M,1,6821.00
VIDEO-009915,ENHOGAR,2026-08-20,15,1515,R,84,X,4,6958.00
VIDEO-009916,ENHOGAR,2026-08-01,16,1616,U,18,NR,7,7095.00
VIDEO-009917,ENHOGAR,2026-08-02,17,1717,U,25,F,2,7232.00
VIDEO-009918,ENHOGAR,2026-08-03,18,1818,R,32,M,5,7369.00
VIDEO-009919,ENHOGAR,2026-08-04,19,1919,U,39,X,8,7506.00
VIDEO-009920,ENHOGAR,2026-08-05,20,2020,U,46,NR,3,7643.00
VIDEO-009921,ENHOGAR,2026-08-06,21,2121,R,53,F,6,7780.00
VIDEO-009922,ENHOGAR,2026-08-07,22,2222,U,60,M,1,7917.00
VIDEO-009923,ENHOGAR,2026-08-08,01,0123,U,67,X,4,8054.00
VIDEO-009924,ENHOGAR,2026-08-09,02,0224,R,74,NR,7,8191.00
VIDEO-009925,ENHOGAR,2026-08-10,03,0325,U,81,F,2,8328.00
VIDEO-009926,ENHOGAR,2026-08-11,04,0426,U,88,M,5,8465.00
VIDEO-009927,ENHOGAR,2026-08-12,05,0527,R,22,X,8,1002.00
VIDEO-009928,ENHOGAR,2026-08-13,06,0628,U,29,NR,3,1139.00
VIDEO-009929,ENHOGAR,2026-08-14,07,0729,U,36,F,6,1276.00
VIDEO-009930,ENHOGAR,2026-08-15,08,0830,R,43,M,1,1413.00
VIDEO-009931,ENHOGAR,2026-08-16,09,0931,U,50,X,4,1550.00
VIDEO-009932,ENHOGAR,2026-08-17,10,1032,U,57,NR,7,1687.00
VIDEO-009933,ENHOGAR,2026-08-18,11,1133,R,64,F,2,1824.00
VIDEO-009934,ENHOGAR,2026-08-19,12,1234,U,71,M,5,1961.00
VIDEO-009935,ENHOGAR,2026-08-20,13,1335,U,78,X,8,2098.00
VIDEO-009936,ENHOGAR,2026-08-01,14,1436,R,85,NR,3,2235.00
VIDEO-009937,ENHOGAR,2026-08-02,15,1537,U,19,F,6,2372.00
VIDEO-009938,ENHOGAR,2026-08-03,16,1638,U,26,M,1,2509.00
VIDEO-009939,ENHOGAR,2026-08-04,17,1739,R,33,X,4,2646.00
VIDEO-009940,ENHOGAR,2026-08-05,18,1840,U,40,NR,7,2783.00
VIDEO-009941,ENHOGAR,2026-08-06,19,1941,U,47,F,2,2920.00
VIDEO-009942,ENHOGAR,2026-08-07,20,2042,R,54,M,5,3057.00
VIDEO-009943,ENHOGAR,2026-08-08,21,2143,U,61,X,8,3194.00
VIDEO-009944,ENHOGAR,2026-08-09,22,2244,U,68,NR,3,3331.00
VIDEO-009945,ENHOGAR,2026-08-10,01,0145,R,75,F,6,3468.00
VIDEO-009946,ENHOGAR,2026-08-11,02,0246,U,82,M,1,3605.00
VIDEO-009947,ENHOGAR,2026-08-12,03,0347,U,89,X,4,3742.00
VIDEO-009948,ENHOGAR,2026-08-13,04,0448,R,23,NR,7,3879.00
VIDEO-009949,ENHOGAR,2026-08-14,05,0549,U,30,F,2,4016.00
VIDEO-009950,ENHOGAR,2026-08-15,06,0650,U,37,M,5,4153.00
VIDEO-009951,ENHOGAR,2026-08-16,07,0751,R,44,X,8,4290.00
VIDEO-009952,ENHOGAR,2026-08-17,08,0852,U,51,NR,3,4427.00
VIDEO-009953,ENHOGAR,2026-08-18,09,0953,U,58,F,6,4564.00
VIDEO-009954,ENHOGAR,2026-08-19,10,1054,R,65,M,1,4701.00
VIDEO-009955,ENHOGAR,2026-08-20,11,1155,U,72,X,4,4838.00
VIDEO-009956,ENHOGAR,2026-08-01,12,1256,U,79,NR,7,4975.00
VIDEO-009957,ENHOGAR,2026-08-02,13,1357,R,86,F,2,5112.00
VIDEO-009958,ENHOGAR,2026-08-03,14,1458,U,20,M,5,5249.00
VIDEO-009959,ENHOGAR,2026-08-04,15,1559,U,27,X,8,5386.00
VIDEO-009960,ENHOGAR,2026-08-05,16,1660,R,34,NR,3,5523.00
VIDEO-009961,ENHOGAR,2026-08-06,17,1761,U,41,F,6,5660.00
VIDEO-009962,ENHOGAR,2026-08-07,18,1862,U,48,M,1,5797.00
VIDEO-009963,ENHOGAR,2026-08-08,19,1963,R,55,X,4,5934.00
VIDEO-009964,ENHOGAR,2026-08-09,20,2064,U,62,NR,7,6071.00
VIDEO-009965,ENHOGAR,2026-08-10,21,2165,U,69,F,2,6208.00
VIDEO-009966,ENHOGAR,2026-08-11,22,2266,R,76,M,5,6345.00
VIDEO-009967,ENHOGAR,2026-08-12,01,0167,U,83,X,8,6482.00
VIDEO-009968,ENHOGAR,2026-08-13,02,0268,U,90,NR,3,6619.00
VIDEO-009969,ENHOGAR,2026-08-14,03,0369,R,24,F,6,6756.00
VIDEO-009970,ENHOGAR,2026-08-15,04,0470,U,31,M,1,6893.00
VIDEO-009971,ENHOGAR,2026-08-16,05,0571,U,38,X,4,7030.00
VIDEO-009972,ENHOGAR,2026-08-17,06,0672,R,45,NR,7,7167.00
VIDEO-009973,ENHOGAR,2026-08-18,07,0773,U,52,F,2,7304.00
VIDEO-009974,ENHOGAR,2026-08-19,08,0874,U,59,M,5,7441.00
VIDEO-009975,ENHOGAR,2026-08-20,09,0975,R,66,X,8,7578.00
VIDEO-009976,ENHOGAR,2026-08-01,10,1076,U,73,NR,3,7715.00
VIDEO-009977,ENHOGAR,2026-08-02,11,1177,U,80,F,6,7852.00
VIDEO-009978,ENHOGAR,2026-08-03,12,1278,R,87,M,1,7989.00
VIDEO-009979,ENHOGAR,2026-08-04,13,1379,U,21,X,4,8126.00
VIDEO-009980,ENHOGAR,2026-08-05,14,1480,U,28,NR,7,8263.00
VIDEO-009981,ENHOGAR,2026-08-06,15,1581,R,35,F,2,8400.00
VIDEO-009982,ENHOGAR,2026-08-07,16,1682,U,42,M,5,937.00
VIDEO-009983,ENHOGAR,2026-08-08,17,1783,U,49,X,8,1074.00
VIDEO-009984,ENHOGAR,2026-08-09,18,1884,R,56,NR,3,1211.00
VIDEO-009985,ENHOGAR,2026-08-10,19,1985,U,63,F,6,1348.00
VIDEO-009986,ENHOGAR,2026-08-11,20,2086,U,70,M,1,1485.00
VIDEO-009987,ENHOGAR,2026-08-12,21,2187,R,77,X,4,1622.00
VIDEO-009988,ENHOGAR,2026-08-13,22,2288,U,84,NR,7,1759.00
VIDEO-009989,ENHOGAR,2026-08-14,01,0189,U,18,F,2,1896.00
VIDEO-009990,ENHOGAR,2026-08-15,02,0290,R,25,M,5,2033.00
VIDEO-009991,ENHOGAR,2026-08-16,03,0391,U,32,X,8,2170.00
VIDEO-009992,ENHOGAR,2026-08-17,04,0492,U,39,NR,3,2307.00
VIDEO-009993,ENHOGAR,2026-08-18,05,0593,R,46,F,6,2444.00
VIDEO-009994,ENHOGAR,2026-08-19,06,0694,U,53,M,1,2581.00
VIDEO-009995,ENHOGAR,2026-08-20,07,0795,U,60,X,4,2718.00
VIDEO-009996,ENHOGAR,2026-08-01,08,0896,R,67,NR,7,2855.00
VIDEO-009997,ENHOGAR,2026-08-02,09,0997,U,74,F,2,2992.00
VIDEO-009998,ENHOGAR,2026-08-03,10,1098,U,81,M,5,3129.00
VIDEO-009999,ENHOGAR,2026-08-04,11,1199,R,88,X,8,3266.00
VIDEO-010000,ENHOGAR,2026-08-05,12,1201,U,22,NR,3,3403.00
